{"type":"FeatureCollection","name":"Limite da Bacia do Rio Pindaré","features":[{"type":"Feature","properties":{"id":126,"cod_otto":"6722","niv_otto":4,"nome_bacia":"Bacia do Rio Pindaré","curso_prin":"Rio Pindaré","princ_aflu":"Rio Buriticupu, Lagoa Cajari, Rio Caru, Rio Zutiva","sub_bacias":"Bacia do Rio Caru, Bacia da Lagoa Cajari, Bacia do Rio Zutiva, Bacia do Rio Buriticupu","suprabacia":"Bacia do Rio Mearim","ordem_hstr":6,"ordem_grav":2,"area_total":40442.81162800001,"area_terri":40442.812,"compcursop":698.39735184,"numcursos":577.0,"compcursos":4281.28535783,"cmedcursos":7.41990529952,"dens_hidro":0.0142670595,"dens_drena":0.10586023042,"coef_manut":9446.41813097,"distfozlc":78.8072316898,"distnasclc":777.20458353,"popul_2010":604512.0,"dispohidri":10.863,"dem_total":3.83715,"dem_humurb":1.27098,"dem_humrur":0.342037,"dem_ind_tr":0.00722099,"dem_minera":0.000170903,"dem_termel":0.0,"dem_animal":1.10349,"dem_irriga":1.11325,"area_km2":40434.0,"area_ha":4043400.0,"AREA":40434.0},"geometry":{"type":"MultiPolygon","coordinates":[[[[-46.854443,-5.898225],[-46.855311,-5.898496],[-46.855732,-5.899009],[-46.85588,-5.899191],[-46.856402,-5.900008],[-46.85656,-5.900486],[-46.856609,-5.900635],[-46.856685,-5.900864],[-46.856435,-5.901558],[-46.856361,-5.901764],[-46.856472,-5.902331],[-46.856554,-5.902749],[-46.856833,-5.903701],[-46.85718,-5.904516],[-46.857225,-5.904621],[-46.857919,-5.904009],[-46.85886,-5.903847],[-46.859521,-5.903141],[-46.860347,-5.902429],[-46.860686,-5.902173],[-46.861148,-5.901824],[-46.861926,-5.901392],[-46.862075,-5.90131],[-46.862291,-5.901358],[-46.862865,-5.901484],[-46.863066,-5.901529],[-46.863272,-5.90225],[-46.863722,-5.902984],[-46.863945,-5.903275],[-46.864646,-5.904105],[-46.865336,-5.904663],[-46.865494,-5.904824],[-46.865567,-5.904882],[-46.86575,-5.905085],[-46.866004,-5.905345],[-46.866041,-5.90541],[-46.866193,-5.90558],[-46.866647,-5.906267],[-46.867509,-5.906525],[-46.867699,-5.90656],[-46.868545,-5.90701],[-46.869382,-5.90734],[-46.870289,-5.907433],[-46.870556,-5.907561],[-46.87062,-5.907573],[-46.871522,-5.907885],[-46.8716,-5.907911],[-46.872659,-5.907975],[-46.87266,-5.907975],[-46.872994,-5.90889],[-46.873111,-5.90991],[-46.873158,-5.910273],[-46.873221,-5.910753],[-46.873229,-5.910808],[-46.873449,-5.911018],[-46.873941,-5.911488],[-46.873978,-5.911507],[-46.874943,-5.912],[-46.875063,-5.912075],[-46.875746,-5.912503],[-46.8759,-5.912599],[-46.876673,-5.912667],[-46.87682,-5.91268],[-46.877162,-5.912828],[-46.877756,-5.913086],[-46.877783,-5.913104],[-46.878708,-5.913727],[-46.879724,-5.913545],[-46.8798,-5.91357],[-46.879889,-5.913555],[-46.880316,-5.913736],[-46.88074,-5.913917],[-46.880783,-5.913935],[-46.880951,-5.914055],[-46.8816,-5.914517],[-46.882094,-5.914837],[-46.882319,-5.914984],[-46.882447,-5.915066],[-46.882616,-5.915109],[-46.883302,-5.915282],[-46.883396,-5.915305],[-46.884088,-5.91516],[-46.884169,-5.915143],[-46.884443,-5.915086],[-46.884887,-5.914741],[-46.885195,-5.914502],[-46.885897,-5.914166],[-46.88605,-5.914094],[-46.88668,-5.913795],[-46.887092,-5.9136],[-46.887504,-5.913712],[-46.887962,-5.913837],[-46.888703,-5.913596],[-46.888873,-5.91354],[-46.88963,-5.913414],[-46.890321,-5.912841],[-46.890541,-5.91285],[-46.890641,-5.912772],[-46.891442,-5.912878],[-46.891772,-5.912881],[-46.892421,-5.91285],[-46.893132,-5.912732],[-46.893352,-5.912797],[-46.893628,-5.912781],[-46.894282,-5.913062],[-46.895047,-5.913246],[-46.895734,-5.913399],[-46.896327,-5.913462],[-46.896679,-5.913469],[-46.897239,-5.913439],[-46.898025,-5.91331],[-46.898755,-5.913136],[-46.899299,-5.912915],[-46.899787,-5.912682],[-46.900429,-5.912338],[-46.90092,-5.911288],[-46.901079,-5.910918],[-46.901343,-5.910307],[-46.901364,-5.910256],[-46.902035,-5.90958],[-46.90206,-5.909554],[-46.902122,-5.90941],[-46.902468,-5.908599],[-46.902523,-5.908471],[-46.902669,-5.907671],[-46.902692,-5.907541],[-46.903267,-5.90701],[-46.903405,-5.906883],[-46.90361,-5.906526],[-46.903864,-5.906083],[-46.904473,-5.905071],[-46.904603,-5.904856],[-46.904609,-5.904796],[-46.904681,-5.904116],[-46.904719,-5.903758],[-46.904641,-5.903673],[-46.904368,-5.903377],[-46.903986,-5.902964],[-46.903498,-5.902693],[-46.903089,-5.902467],[-46.90307,-5.902306],[-46.903016,-5.901839],[-46.902978,-5.901507],[-46.903043,-5.900851],[-46.903077,-5.900511],[-46.902915,-5.899425],[-46.902914,-5.899422],[-46.902711,-5.898737],[-46.902634,-5.898479],[-46.90261,-5.898449],[-46.90223,-5.897968],[-46.901882,-5.897561],[-46.901298,-5.896748],[-46.901207,-5.896501],[-46.900971,-5.896038],[-46.900929,-5.895754],[-46.900892,-5.895652],[-46.900894,-5.895508],[-46.900812,-5.894943],[-46.900907,-5.89467],[-46.900908,-5.894634],[-46.901004,-5.894392],[-46.901158,-5.89395],[-46.901236,-5.893807],[-46.901293,-5.893664],[-46.901686,-5.892871],[-46.901841,-5.892064],[-46.901884,-5.892036],[-46.901929,-5.891819],[-46.902382,-5.891711],[-46.902661,-5.891529],[-46.903408,-5.89146],[-46.904251,-5.891196],[-46.904285,-5.891183],[-46.904671,-5.891004],[-46.904966,-5.890916],[-46.90525,-5.890805],[-46.905816,-5.89065],[-46.906624,-5.890235],[-46.90746,-5.889626],[-46.90788,-5.889428],[-46.908863,-5.888859],[-46.909288,-5.888631],[-46.909849,-5.888273],[-46.910148,-5.888012],[-46.910511,-5.88737],[-46.91038,-5.886715],[-46.910294,-5.886479],[-46.910169,-5.886306],[-46.910147,-5.886075],[-46.909982,-5.885622],[-46.910063,-5.885208],[-46.910047,-5.885042],[-46.910126,-5.884888],[-46.910166,-5.88468],[-46.910548,-5.884001],[-46.910804,-5.883305],[-46.910988,-5.882884],[-46.911013,-5.882816],[-46.911367,-5.881922],[-46.911704,-5.881037],[-46.911742,-5.880946],[-46.911813,-5.880695],[-46.911905,-5.880559],[-46.912067,-5.880175],[-46.912691,-5.879218],[-46.91275,-5.87896],[-46.91274,-5.87834],[-46.91243,-5.877681],[-46.912369,-5.87743],[-46.912311,-5.877306],[-46.912311,-5.877193],[-46.912191,-5.876705],[-46.912304,-5.87634],[-46.912304,-5.876303],[-46.912341,-5.876221],[-46.912469,-5.875813],[-46.912667,-5.875207],[-46.912769,-5.874898],[-46.912872,-5.873946],[-46.913022,-5.873808],[-46.913513,-5.873356],[-46.913576,-5.873298],[-46.913692,-5.873125],[-46.914133,-5.872465],[-46.914812,-5.871475],[-46.915191,-5.870856],[-46.915342,-5.87061],[-46.915363,-5.870538],[-46.915495,-5.870093],[-46.915624,-5.86966],[-46.915606,-5.869564],[-46.915456,-5.868778],[-46.915368,-5.867999],[-46.915356,-5.867887],[-46.915308,-5.866898],[-46.915187,-5.866105],[-46.91517,-5.865999],[-46.914982,-5.865035],[-46.914957,-5.864909],[-46.914638,-5.863966],[-46.914601,-5.863856],[-46.914593,-5.86347],[-46.914583,-5.862947],[-46.91458,-5.862808],[-46.91457,-5.861209],[-46.914557,-5.860831],[-46.914374,-5.860291],[-46.914136,-5.859746],[-46.913995,-5.859331],[-46.913833,-5.858953],[-46.913828,-5.858835],[-46.913825,-5.858828],[-46.913742,-5.857831],[-46.913591,-5.857443],[-46.913289,-5.856878],[-46.912876,-5.856321],[-46.912838,-5.856182],[-46.912762,-5.856065],[-46.912402,-5.855296],[-46.912048,-5.855109],[-46.911589,-5.854868],[-46.910578,-5.854622],[-46.910471,-5.854618],[-46.910079,-5.854604],[-46.909573,-5.854587],[-46.909374,-5.854601],[-46.908319,-5.854675],[-46.908232,-5.854681],[-46.907687,-5.854395],[-46.907412,-5.854251],[-46.906983,-5.854046],[-46.906581,-5.853854],[-46.906148,-5.853663],[-46.905721,-5.853475],[-46.905716,-5.853202],[-46.905692,-5.853177],[-46.905708,-5.852825],[-46.905702,-5.852527],[-46.905728,-5.852408],[-46.905737,-5.852208],[-46.905921,-5.851397],[-46.905952,-5.850918],[-46.905945,-5.8505],[-46.905728,-5.850041],[-46.905365,-5.849679],[-46.904868,-5.849602],[-46.903756,-5.849558],[-46.903678,-5.849546],[-46.903417,-5.84954],[-46.902684,-5.8494],[-46.90176,-5.849295],[-46.901743,-5.849272],[-46.901456,-5.84924],[-46.900964,-5.848418],[-46.901091,-5.848369],[-46.901817,-5.848091],[-46.901869,-5.848045],[-46.902566,-5.847425],[-46.903057,-5.846662],[-46.903205,-5.846503],[-46.903726,-5.845944],[-46.903744,-5.845823],[-46.903882,-5.84489],[-46.903897,-5.844793],[-46.904183,-5.843896],[-46.904185,-5.843878],[-46.904262,-5.843271],[-46.9043,-5.842973],[-46.904289,-5.842905],[-46.904182,-5.842249],[-46.904138,-5.841977],[-46.904104,-5.841868],[-46.904093,-5.841831],[-46.903837,-5.840999],[-46.903549,-5.84033],[-46.903373,-5.839923],[-46.903417,-5.839895],[-46.903734,-5.839689],[-46.904131,-5.839433],[-46.904314,-5.839399],[-46.905037,-5.839052],[-46.905048,-5.838705],[-46.904944,-5.838137],[-46.904725,-5.837838],[-46.904003,-5.837727],[-46.9039,-5.837706],[-46.903563,-5.837811],[-46.903068,-5.837534],[-46.903038,-5.837528],[-46.90302,-5.837508],[-46.902691,-5.837323],[-46.902556,-5.836979],[-46.9024,-5.8368],[-46.902372,-5.836506],[-46.902362,-5.836482],[-46.902136,-5.835229],[-46.902124,-5.835188],[-46.901636,-5.834232],[-46.901567,-5.834114],[-46.90114,-5.833421],[-46.901139,-5.833403],[-46.901095,-5.833331],[-46.901098,-5.83294],[-46.901059,-5.832497],[-46.9011,-5.832338],[-46.901068,-5.831465],[-46.900949,-5.831298],[-46.900461,-5.830977],[-46.900457,-5.830604],[-46.900451,-5.830018],[-46.901044,-5.829574],[-46.901067,-5.829556],[-46.901235,-5.82943],[-46.901393,-5.829255],[-46.901816,-5.828782],[-46.901957,-5.828625],[-46.902347,-5.82802],[-46.902503,-5.82778],[-46.903036,-5.827448],[-46.903273,-5.827301],[-46.903545,-5.826731],[-46.903678,-5.826456],[-46.903891,-5.82614],[-46.904239,-5.825625],[-46.904794,-5.824921],[-46.905227,-5.823975],[-46.905287,-5.823042],[-46.904675,-5.822282],[-46.904071,-5.821346],[-46.904053,-5.821313],[-46.903613,-5.820518],[-46.903574,-5.820447],[-46.903009,-5.819608],[-46.902935,-5.819498],[-46.902918,-5.819352],[-46.902837,-5.81866],[-46.902819,-5.818504],[-46.902663,-5.817532],[-46.902668,-5.817435],[-46.902712,-5.816585],[-46.902725,-5.816342],[-46.902789,-5.81631],[-46.903014,-5.816197],[-46.903604,-5.815901],[-46.904061,-5.815898],[-46.904608,-5.815894],[-46.904683,-5.815863],[-46.905147,-5.815668],[-46.90551,-5.815516],[-46.905547,-5.815479],[-46.906242,-5.814789],[-46.906349,-5.814682],[-46.907015,-5.813814],[-46.907166,-5.813561],[-46.907585,-5.812862],[-46.907738,-5.812139],[-46.90778,-5.811942],[-46.907777,-5.811897],[-46.907722,-5.811026],[-46.907727,-5.811017],[-46.907981,-5.810595],[-46.908229,-5.810184],[-46.908406,-5.810091],[-46.908537,-5.809935],[-46.908935,-5.809813],[-46.90929,-5.809627],[-46.90997,-5.809337],[-46.910382,-5.808933],[-46.910505,-5.808171],[-46.910621,-5.807479],[-46.910692,-5.806481],[-46.910702,-5.806434],[-46.910713,-5.806144],[-46.910785,-5.806041],[-46.910881,-5.80559],[-46.911683,-5.805028],[-46.911784,-5.805018],[-46.912139,-5.8048],[-46.912689,-5.804672],[-46.9128,-5.804141],[-46.912613,-5.803855],[-46.91207,-5.803481],[-46.912031,-5.803331],[-46.911899,-5.803216],[-46.911898,-5.802824],[-46.911839,-5.802598],[-46.911897,-5.802426],[-46.911897,-5.802314],[-46.911964,-5.802228],[-46.912144,-5.801697],[-46.912416,-5.801652],[-46.91248,-5.801571],[-46.912971,-5.801561],[-46.913123,-5.801536],[-46.913277,-5.801555],[-46.913453,-5.801551],[-46.914162,-5.80162],[-46.91515,-5.801165],[-46.916106,-5.801046],[-46.916985,-5.800628],[-46.917247,-5.799692],[-46.917715,-5.798829],[-46.91826,-5.797979],[-46.919095,-5.797485],[-46.920136,-5.79738],[-46.921047,-5.797563],[-46.921963,-5.797628],[-46.922263,-5.796487],[-46.922368,-5.79527],[-46.922282,-5.794279],[-46.921921,-5.793355],[-46.921985,-5.792401],[-46.922328,-5.791518],[-46.922308,-5.790553],[-46.921938,-5.789726],[-46.921935,-5.789694],[-46.921895,-5.789602],[-46.921872,-5.789084],[-46.921834,-5.788721],[-46.921852,-5.788645],[-46.921849,-5.788574],[-46.922065,-5.787704],[-46.922064,-5.786666],[-46.922063,-5.786471],[-46.921542,-5.785643],[-46.921538,-5.785637],[-46.92161,-5.784697],[-46.922236,-5.784],[-46.922409,-5.783116],[-46.922325,-5.782188],[-46.921829,-5.781435],[-46.922396,-5.780692],[-46.923296,-5.780459],[-46.924168,-5.779891],[-46.924893,-5.779312],[-46.925778,-5.779072],[-46.926606,-5.778541],[-46.927548,-5.778701],[-46.928551,-5.77894],[-46.929555,-5.779333],[-46.930385,-5.77976],[-46.931113,-5.780291],[-46.932111,-5.780402],[-46.933104,-5.780267],[-46.93382,-5.779691],[-46.934693,-5.779469],[-46.935575,-5.779655],[-46.936401,-5.780162],[-46.936441,-5.780186],[-46.937324,-5.779921],[-46.937364,-5.779909],[-46.938185,-5.779926],[-46.938367,-5.77993],[-46.938944,-5.779525],[-46.938963,-5.779512],[-46.939115,-5.779406],[-46.939401,-5.779118],[-46.939826,-5.77869],[-46.939845,-5.778671],[-46.939908,-5.778588],[-46.940416,-5.777925],[-46.940936,-5.777688],[-46.941489,-5.777436],[-46.941839,-5.776788],[-46.941918,-5.776641],[-46.94223,-5.776086],[-46.942402,-5.775779],[-46.942458,-5.77568],[-46.943358,-5.775513],[-46.944357,-5.775679],[-46.945303,-5.775593],[-46.946105,-5.775022],[-46.947032,-5.774738],[-46.94805,-5.774877],[-46.949053,-5.774789],[-46.949812,-5.774118],[-46.949917,-5.774037],[-46.950617,-5.773496],[-46.950629,-5.773487],[-46.950884,-5.773423],[-46.951467,-5.773277],[-46.951637,-5.773235],[-46.952386,-5.773113],[-46.952533,-5.77309],[-46.952782,-5.772994],[-46.953207,-5.772832],[-46.954139,-5.772194],[-46.954965,-5.77163],[-46.955771,-5.771041],[-46.956705,-5.770315],[-46.956841,-5.770297],[-46.957269,-5.770036],[-46.958054,-5.769452],[-46.958072,-5.769436],[-46.958108,-5.769369],[-46.958365,-5.769169],[-46.958723,-5.768843],[-46.958933,-5.768706],[-46.95956,-5.768069],[-46.959591,-5.767891],[-46.959644,-5.767086],[-46.959647,-5.76708],[-46.959594,-5.76648],[-46.960164,-5.766205],[-46.960173,-5.766189],[-46.96067,-5.76596],[-46.961076,-5.765762],[-46.961525,-5.765378],[-46.961904,-5.764875],[-46.962368,-5.763751],[-46.961461,-5.763486],[-46.961355,-5.762829],[-46.961193,-5.762682],[-46.961388,-5.762389],[-46.961713,-5.761797],[-46.961544,-5.761431],[-46.961199,-5.760904],[-46.960858,-5.760454],[-46.960703,-5.760277],[-46.96069,-5.760232],[-46.960594,-5.760106],[-46.96054,-5.759712],[-46.960417,-5.759286],[-46.960367,-5.758542],[-46.960182,-5.757831],[-46.960023,-5.757497],[-46.959897,-5.757234],[-46.959271,-5.756576],[-46.958371,-5.756609],[-46.958207,-5.756407],[-46.957585,-5.755638],[-46.957769,-5.755072],[-46.957865,-5.754777],[-46.957976,-5.754421],[-46.958116,-5.75397],[-46.958137,-5.753904],[-46.958187,-5.752874],[-46.958329,-5.751941],[-46.959077,-5.751299],[-46.959923,-5.750723],[-46.960068,-5.750624],[-46.960189,-5.750444],[-46.960577,-5.749863],[-46.960652,-5.74975],[-46.960842,-5.748965],[-46.960882,-5.748798],[-46.961211,-5.747867],[-46.961237,-5.747793],[-46.96137,-5.747019],[-46.961404,-5.746821],[-46.96156,-5.746536],[-46.961677,-5.746239],[-46.961748,-5.746193],[-46.961982,-5.745765],[-46.962489,-5.74571],[-46.962515,-5.745693],[-46.963135,-5.745594],[-46.963867,-5.745365],[-46.964259,-5.745203],[-46.965084,-5.744883],[-46.965563,-5.744657],[-46.965991,-5.744438],[-46.966153,-5.744334],[-46.966869,-5.743792],[-46.967474,-5.743029],[-46.967727,-5.742703],[-46.968153,-5.742098],[-46.968474,-5.741262],[-46.96875,-5.741239],[-46.969634,-5.741164],[-46.970533,-5.741035],[-46.971516,-5.740799],[-46.97183,-5.740723],[-46.971916,-5.740613],[-46.972443,-5.739944],[-46.97259,-5.739785],[-46.97311,-5.739222],[-46.97332,-5.739015],[-46.973754,-5.738587],[-46.973966,-5.738551],[-46.974752,-5.738419],[-46.974838,-5.738382],[-46.975375,-5.738153],[-46.975667,-5.738028],[-46.975751,-5.737941],[-46.976421,-5.737254],[-46.976499,-5.737208],[-46.977208,-5.736791],[-46.977283,-5.736707],[-46.977506,-5.736458],[-46.977864,-5.736058],[-46.978046,-5.735714],[-46.978298,-5.735238],[-46.978845,-5.734391],[-46.978914,-5.73434],[-46.979224,-5.734117],[-46.979586,-5.733856],[-46.979987,-5.733915],[-46.980491,-5.73399],[-46.981316,-5.734165],[-46.981727,-5.734252],[-46.982508,-5.734288],[-46.982764,-5.734299],[-46.982893,-5.734219],[-46.983559,-5.733806],[-46.984581,-5.733305],[-46.985126,-5.733029],[-46.985465,-5.732857],[-46.98559,-5.732254],[-46.985649,-5.731967],[-46.986313,-5.731882],[-46.986409,-5.731832],[-46.986514,-5.731856],[-46.986554,-5.73185],[-46.987554,-5.732094],[-46.988366,-5.732611],[-46.988438,-5.733563],[-46.989249,-5.734],[-46.98993,-5.733188],[-46.990422,-5.732629],[-46.990817,-5.731922],[-46.990966,-5.731874],[-46.991525,-5.731692],[-46.9917,-5.731635],[-46.992533,-5.731634],[-46.99275,-5.731634],[-46.993046,-5.731559],[-46.99333,-5.731486],[-46.993626,-5.731412],[-46.993853,-5.731169],[-46.994201,-5.730796],[-46.994299,-5.730691],[-46.99439,-5.730428],[-46.994606,-5.729805],[-46.994711,-5.729676],[-46.99517,-5.729112],[-46.995219,-5.729052],[-46.995837,-5.728556],[-46.995958,-5.728458],[-46.996098,-5.728193],[-46.996373,-5.727675],[-46.996439,-5.72755],[-46.996748,-5.727083],[-46.997061,-5.726609],[-46.997761,-5.725964],[-46.998046,-5.725746],[-46.998538,-5.72537],[-46.998275,-5.724845],[-46.998096,-5.724489],[-46.99785,-5.723632],[-46.997545,-5.723153],[-46.997461,-5.72282],[-46.997378,-5.722654],[-46.997124,-5.721415],[-46.997132,-5.721352],[-46.997114,-5.721264],[-46.997168,-5.721055],[-46.997241,-5.720459],[-46.997486,-5.719381],[-46.997544,-5.719235],[-46.997549,-5.719202],[-46.997604,-5.719082],[-46.997881,-5.718383],[-46.997981,-5.718265],[-46.99802,-5.718182],[-46.998594,-5.717452],[-46.998716,-5.717155],[-46.998845,-5.71661],[-46.998776,-5.715827],[-46.998823,-5.715758],[-46.998784,-5.715396],[-46.99916,-5.715262],[-46.999324,-5.71502],[-47.000299,-5.715228],[-47.000818,-5.714532],[-47.000858,-5.714417],[-47.001118,-5.713893],[-47.001245,-5.713616],[-47.001352,-5.713069],[-47.001368,-5.712542],[-47.00141,-5.711887],[-47.001409,-5.711706],[-47.001468,-5.710698],[-47.001509,-5.710642],[-47.00151,-5.710627],[-47.002125,-5.709773],[-47.00269,-5.708942],[-47.003053,-5.708234],[-47.003216,-5.707494],[-47.003251,-5.707432],[-47.003313,-5.707091],[-47.003622,-5.706769],[-47.003655,-5.706711],[-47.004313,-5.705881],[-47.004434,-5.705701],[-47.004649,-5.705282],[-47.004885,-5.704779],[-47.005246,-5.703849],[-47.00533,-5.703739],[-47.005439,-5.703481],[-47.005712,-5.703239],[-47.005916,-5.702971],[-47.006163,-5.702703],[-47.00604,-5.701903],[-47.005969,-5.701798],[-47.005825,-5.701696],[-47.005717,-5.701431],[-47.005527,-5.701152],[-47.00552,-5.700947],[-47.005451,-5.700777],[-47.005505,-5.700494],[-47.00562,-5.699897],[-47.006078,-5.698754],[-47.00698,-5.698617],[-47.007824,-5.69792],[-47.007855,-5.697871],[-47.008276,-5.697214],[-47.008308,-5.697164],[-47.008826,-5.697304],[-47.009217,-5.69741],[-47.010116,-5.697684],[-47.011018,-5.697871],[-47.011526,-5.698671],[-47.01167,-5.699777],[-47.011671,-5.699784],[-47.011641,-5.700553],[-47.011635,-5.70072],[-47.011948,-5.700987],[-47.012384,-5.701359],[-47.012595,-5.701732],[-47.012819,-5.702127],[-47.012858,-5.702197],[-47.012991,-5.702984],[-47.013028,-5.703201],[-47.013412,-5.703565],[-47.013632,-5.703774],[-47.013983,-5.703959],[-47.01455,-5.704128],[-47.015069,-5.704049],[-47.015444,-5.703966],[-47.016057,-5.703733],[-47.016486,-5.70355],[-47.017162,-5.703189],[-47.017678,-5.702441],[-47.017687,-5.702428],[-47.017803,-5.702109],[-47.017957,-5.701992],[-47.018187,-5.701624],[-47.018543,-5.701547],[-47.018593,-5.70151],[-47.019604,-5.701309],[-47.019818,-5.701304],[-47.020243,-5.701296],[-47.020532,-5.70129],[-47.02077,-5.701526],[-47.021112,-5.701863],[-47.021186,-5.701937],[-47.021366,-5.702654],[-47.021424,-5.702882],[-47.021752,-5.703245],[-47.021989,-5.703506],[-47.022149,-5.703684],[-47.022681,-5.704012],[-47.023065,-5.704249],[-47.023094,-5.704267],[-47.023968,-5.704782],[-47.024221,-5.704942],[-47.024733,-5.705266],[-47.025471,-5.705912],[-47.025474,-5.705915],[-47.026166,-5.70642],[-47.026262,-5.706491],[-47.026368,-5.706826],[-47.026538,-5.707359],[-47.02723,-5.707518],[-47.027549,-5.707591],[-47.027747,-5.707636],[-47.027925,-5.707593],[-47.028558,-5.707437],[-47.02877,-5.707385],[-47.029186,-5.706934],[-47.029441,-5.706657],[-47.030317,-5.706276],[-47.030408,-5.706258],[-47.031053,-5.706128],[-47.031307,-5.706077],[-47.031772,-5.706183],[-47.032243,-5.70629],[-47.032515,-5.705898],[-47.032761,-5.705544],[-47.032984,-5.705436],[-47.033544,-5.705164],[-47.033596,-5.705139],[-47.03485,-5.704765],[-47.035012,-5.704893],[-47.035063,-5.704884],[-47.035723,-5.705293],[-47.036089,-5.705204],[-47.036715,-5.704806],[-47.036958,-5.704687],[-47.037197,-5.704476],[-47.038111,-5.704143],[-47.038358,-5.704208],[-47.038484,-5.704178],[-47.038666,-5.704288],[-47.039061,-5.704391],[-47.03963,-5.704932],[-47.04023,-5.705461],[-47.040536,-5.705918],[-47.040974,-5.706303],[-47.041711,-5.706582],[-47.041951,-5.70668],[-47.042156,-5.706733],[-47.042473,-5.706892],[-47.042727,-5.706995],[-47.042864,-5.707088],[-47.043173,-5.707244],[-47.04357,-5.707573],[-47.044314,-5.708146],[-47.045229,-5.708168],[-47.045257,-5.708158],[-47.045629,-5.70799],[-47.046366,-5.707683],[-47.046609,-5.707582],[-47.046949,-5.707327],[-47.047404,-5.706986],[-47.048062,-5.706693],[-47.048271,-5.706599],[-47.048576,-5.706387],[-47.049176,-5.70597],[-47.049442,-5.705852],[-47.049984,-5.705612],[-47.050093,-5.705564],[-47.050877,-5.705691],[-47.050885,-5.705692],[-47.051019,-5.705714],[-47.051389,-5.705891],[-47.051915,-5.706142],[-47.052188,-5.706211],[-47.052784,-5.70636],[-47.053517,-5.706161],[-47.053689,-5.706398],[-47.05389,-5.706403],[-47.054199,-5.70702],[-47.054897,-5.707438],[-47.055771,-5.707724],[-47.056344,-5.707839],[-47.05685,-5.707853],[-47.057316,-5.70771],[-47.057741,-5.707386],[-47.058117,-5.706729],[-47.058285,-5.706336],[-47.058344,-5.706266],[-47.058531,-5.705884],[-47.058774,-5.705754],[-47.058986,-5.705501],[-47.059251,-5.705499],[-47.059355,-5.705443],[-47.060141,-5.705362],[-47.060298,-5.705224],[-47.060687,-5.702856],[-47.060693,-5.702796],[-47.060692,-5.702509],[-47.06074,-5.702305],[-47.060899,-5.701622],[-47.061064,-5.700887],[-47.0611,-5.70073],[-47.061313,-5.7006],[-47.061925,-5.700227],[-47.062072,-5.700137],[-47.062639,-5.699306],[-47.062714,-5.698763],[-47.062771,-5.698348],[-47.062735,-5.698243],[-47.062449,-5.697412],[-47.062461,-5.697358],[-47.062599,-5.696744],[-47.062671,-5.696424],[-47.062741,-5.695819],[-47.062672,-5.695241],[-47.062722,-5.694902],[-47.062684,-5.694459],[-47.063238,-5.693721],[-47.063376,-5.693525],[-47.063887,-5.693137],[-47.06393,-5.693099],[-47.064291,-5.692815],[-47.064821,-5.692218],[-47.064948,-5.691902],[-47.065075,-5.691424],[-47.065052,-5.690955],[-47.064911,-5.690247],[-47.064869,-5.689946],[-47.064714,-5.689384],[-47.064805,-5.688709],[-47.064837,-5.688354],[-47.064814,-5.688087],[-47.064759,-5.687458],[-47.06513,-5.686571],[-47.065888,-5.686343],[-47.066115,-5.686274],[-47.066282,-5.686306],[-47.067143,-5.686472],[-47.068062,-5.686608],[-47.068481,-5.686624],[-47.068999,-5.686645],[-47.069016,-5.686645],[-47.069877,-5.686655],[-47.070008,-5.686656],[-47.07046,-5.687028],[-47.070744,-5.687261],[-47.070767,-5.687281],[-47.071432,-5.688015],[-47.072135,-5.688715],[-47.072933,-5.689285],[-47.073676,-5.689002],[-47.073891,-5.6889],[-47.074375,-5.688841],[-47.074727,-5.688772],[-47.074795,-5.688789],[-47.074877,-5.688779],[-47.075787,-5.689048],[-47.076891,-5.689098],[-47.077418,-5.689062],[-47.077792,-5.689026],[-47.077989,-5.688429],[-47.078119,-5.687359],[-47.078589,-5.686372],[-47.078625,-5.686328],[-47.079233,-5.685618],[-47.079255,-5.685586],[-47.07971,-5.684923],[-47.079838,-5.684737],[-47.079839,-5.684711],[-47.079893,-5.683756],[-47.079897,-5.683742],[-47.079987,-5.683351],[-47.080096,-5.68288],[-47.080187,-5.682806],[-47.080783,-5.682322],[-47.080866,-5.682254],[-47.081029,-5.682147],[-47.081799,-5.681641],[-47.081859,-5.681536],[-47.082125,-5.681072],[-47.082298,-5.680769],[-47.082203,-5.680545],[-47.082033,-5.680146],[-47.081786,-5.679762],[-47.08121,-5.679206],[-47.08119,-5.679123],[-47.08109,-5.679021],[-47.081052,-5.678551],[-47.080996,-5.678321],[-47.08101,-5.678036],[-47.08101,-5.678032],[-47.080947,-5.677186],[-47.080487,-5.676446],[-47.080483,-5.676432],[-47.080324,-5.676205],[-47.080353,-5.675906],[-47.080262,-5.675539],[-47.080615,-5.674681],[-47.081089,-5.674082],[-47.081232,-5.673863],[-47.081588,-5.673146],[-47.081747,-5.672847],[-47.08187,-5.672561],[-47.082098,-5.672162],[-47.082405,-5.671479],[-47.082463,-5.671228],[-47.082461,-5.670353],[-47.082383,-5.670058],[-47.082179,-5.669365],[-47.082286,-5.669164],[-47.08263,-5.668516],[-47.083565,-5.668099],[-47.083722,-5.667967],[-47.084316,-5.667465],[-47.084555,-5.667405],[-47.085301,-5.667219],[-47.085794,-5.667053],[-47.086325,-5.666875],[-47.08637,-5.666901],[-47.086948,-5.667242],[-47.087187,-5.667383],[-47.087298,-5.667509],[-47.087779,-5.668056],[-47.087865,-5.66807],[-47.088448,-5.668164],[-47.088704,-5.668206],[-47.088814,-5.668201],[-47.089208,-5.668184],[-47.089727,-5.668161],[-47.089823,-5.66814],[-47.090667,-5.667952],[-47.090918,-5.667918],[-47.091912,-5.667745],[-47.092296,-5.667716],[-47.09269,-5.667653],[-47.093576,-5.66761],[-47.094116,-5.667547],[-47.09497,-5.667163],[-47.095095,-5.667189],[-47.095217,-5.667137],[-47.095562,-5.667284],[-47.095858,-5.667344],[-47.096221,-5.66756],[-47.097209,-5.667835],[-47.098354,-5.667633],[-47.099612,-5.667637],[-47.1002,-5.667649],[-47.100665,-5.667658],[-47.100727,-5.667643],[-47.101323,-5.667501],[-47.101713,-5.667408],[-47.101884,-5.667169],[-47.102234,-5.666678],[-47.102991,-5.666047],[-47.103101,-5.665971],[-47.103727,-5.665533],[-47.104077,-5.665206],[-47.104313,-5.664985],[-47.104516,-5.664795],[-47.104816,-5.664312],[-47.105008,-5.664004],[-47.105102,-5.663853],[-47.105155,-5.663657],[-47.105378,-5.662829],[-47.1054,-5.662749],[-47.105495,-5.662089],[-47.105555,-5.661665],[-47.105734,-5.661444],[-47.105776,-5.66133],[-47.106214,-5.660831],[-47.106622,-5.660103],[-47.106735,-5.659823],[-47.106724,-5.659407],[-47.106643,-5.658654],[-47.106579,-5.658095],[-47.106541,-5.65787],[-47.106538,-5.657736],[-47.106534,-5.657699],[-47.106531,-5.657357],[-47.10652,-5.656826],[-47.10652,-5.656354],[-47.106512,-5.65559],[-47.106521,-5.655314],[-47.106521,-5.654898],[-47.106536,-5.654846],[-47.106545,-5.654571],[-47.106719,-5.654191],[-47.106804,-5.653888],[-47.106904,-5.65379],[-47.106929,-5.653735],[-47.107192,-5.653507],[-47.107504,-5.653199],[-47.10757,-5.653177],[-47.107672,-5.653089],[-47.108355,-5.65292],[-47.108472,-5.652882],[-47.1089,-5.652656],[-47.109459,-5.652261],[-47.110194,-5.651636],[-47.110446,-5.650656],[-47.110608,-5.650031],[-47.110599,-5.649915],[-47.110555,-5.649317],[-47.110395,-5.648791],[-47.110035,-5.648147],[-47.110032,-5.64803],[-47.109929,-5.647828],[-47.110025,-5.647599],[-47.110018,-5.647248],[-47.110267,-5.646847],[-47.110504,-5.646464],[-47.110243,-5.645353],[-47.110772,-5.644613],[-47.110803,-5.644595],[-47.111544,-5.644166],[-47.111621,-5.644122],[-47.111838,-5.643253],[-47.112074,-5.642364],[-47.111286,-5.641743],[-47.11099,-5.64151],[-47.110949,-5.641264],[-47.110843,-5.640619],[-47.110701,-5.640272],[-47.110499,-5.639781],[-47.110385,-5.639544],[-47.110186,-5.63922],[-47.109781,-5.638602],[-47.109497,-5.638279],[-47.10923,-5.637414],[-47.109439,-5.636456],[-47.109381,-5.635557],[-47.10959,-5.634582],[-47.108246,-5.634046],[-47.107997,-5.633947],[-47.107842,-5.633848],[-47.107323,-5.633517],[-47.107146,-5.633404],[-47.106404,-5.632743],[-47.106363,-5.632687],[-47.105978,-5.632153],[-47.105798,-5.631903],[-47.105972,-5.63143],[-47.106084,-5.631123],[-47.106128,-5.631005],[-47.106737,-5.630317],[-47.106793,-5.630254],[-47.106813,-5.630039],[-47.106884,-5.629298],[-47.106892,-5.629218],[-47.106453,-5.628507],[-47.106418,-5.628449],[-47.106543,-5.628157],[-47.106793,-5.627571],[-47.106815,-5.627519],[-47.107226,-5.626953],[-47.107342,-5.626792],[-47.107332,-5.626633],[-47.10727,-5.62566],[-47.107331,-5.62555],[-47.107622,-5.625024],[-47.107704,-5.624875],[-47.108034,-5.624784],[-47.108082,-5.624756],[-47.108183,-5.624742],[-47.108574,-5.624634],[-47.108866,-5.62465],[-47.109039,-5.624627],[-47.109489,-5.624681],[-47.110274,-5.624493],[-47.110511,-5.624311],[-47.110806,-5.623769],[-47.110934,-5.623304],[-47.110904,-5.622822],[-47.110823,-5.622274],[-47.110883,-5.621638],[-47.110883,-5.621419],[-47.111067,-5.620527],[-47.110943,-5.61969],[-47.110866,-5.619412],[-47.110844,-5.619362],[-47.110492,-5.618668],[-47.110502,-5.618593],[-47.110478,-5.61854],[-47.110617,-5.617691],[-47.110618,-5.617677],[-47.110664,-5.617125],[-47.110694,-5.616513],[-47.110686,-5.616152],[-47.110643,-5.615614],[-47.110289,-5.614808],[-47.110194,-5.614646],[-47.110001,-5.614364],[-47.109332,-5.61381],[-47.108417,-5.613973],[-47.108385,-5.613927],[-47.108273,-5.613943],[-47.10784,-5.613156],[-47.107247,-5.612399],[-47.10722,-5.612365],[-47.106779,-5.612098],[-47.1064,-5.611868],[-47.106354,-5.61184],[-47.105475,-5.611548],[-47.104352,-5.611314],[-47.103356,-5.611088],[-47.102671,-5.610959],[-47.102421,-5.610912],[-47.102156,-5.610674],[-47.101855,-5.610506],[-47.101342,-5.609863],[-47.100967,-5.609444],[-47.100592,-5.609065],[-47.100456,-5.60893],[-47.100084,-5.60859],[-47.09943,-5.608094],[-47.099408,-5.608064],[-47.098888,-5.607354],[-47.098852,-5.607305],[-47.099414,-5.606065],[-47.09983,-5.605087],[-47.099926,-5.604294],[-47.099956,-5.604055],[-47.099899,-5.603938],[-47.099649,-5.603432],[-47.099459,-5.603046],[-47.099246,-5.603013],[-47.098769,-5.60294],[-47.098526,-5.602903],[-47.098194,-5.602921],[-47.097849,-5.602939],[-47.097494,-5.602959],[-47.096775,-5.603084],[-47.096459,-5.603139],[-47.096257,-5.60308],[-47.096082,-5.603079],[-47.095687,-5.602914],[-47.095593,-5.602887],[-47.09468,-5.602546],[-47.094466,-5.60247],[-47.093951,-5.6023],[-47.093015,-5.601985],[-47.092081,-5.601658],[-47.09189,-5.601595],[-47.091702,-5.601538],[-47.090779,-5.601289],[-47.090077,-5.601173],[-47.089734,-5.600995],[-47.089491,-5.600926],[-47.089307,-5.600771],[-47.089164,-5.600697],[-47.089013,-5.600524],[-47.088774,-5.600323],[-47.088734,-5.600206],[-47.088365,-5.59911],[-47.088602,-5.598328],[-47.088668,-5.598112],[-47.088745,-5.598005],[-47.089199,-5.597367],[-47.089247,-5.597299],[-47.089666,-5.596767],[-47.089861,-5.59652],[-47.089893,-5.596392],[-47.089998,-5.595972],[-47.090084,-5.595629],[-47.090027,-5.595302],[-47.089911,-5.594643],[-47.089955,-5.594453],[-47.090078,-5.593918],[-47.09013,-5.593689],[-47.090203,-5.593631],[-47.090872,-5.593092],[-47.090887,-5.593081],[-47.091268,-5.592799],[-47.091604,-5.592551],[-47.091563,-5.591946],[-47.091541,-5.591626],[-47.091558,-5.591401],[-47.091593,-5.590912],[-47.09161,-5.590667],[-47.091947,-5.590458],[-47.092157,-5.590188],[-47.092332,-5.590219],[-47.092412,-5.590169],[-47.092871,-5.590314],[-47.093083,-5.590352],[-47.093362,-5.590469],[-47.093385,-5.590477],[-47.093454,-5.590508],[-47.093986,-5.590733],[-47.094075,-5.590793],[-47.094264,-5.590879],[-47.095007,-5.591235],[-47.095793,-5.591235],[-47.096202,-5.591096],[-47.096982,-5.590948],[-47.097479,-5.590431],[-47.097722,-5.590219],[-47.097741,-5.590195],[-47.098266,-5.589603],[-47.098539,-5.588985],[-47.098853,-5.588019],[-47.099109,-5.586734],[-47.099831,-5.586174],[-47.10042,-5.585453],[-47.100784,-5.584618],[-47.101245,-5.583812],[-47.101242,-5.582917],[-47.100624,-5.582164],[-47.100243,-5.581702],[-47.100061,-5.581351],[-47.099816,-5.580878],[-47.099686,-5.580642],[-47.099527,-5.580353],[-47.099168,-5.579722],[-47.09896,-5.579169],[-47.098499,-5.578656],[-47.09798,-5.578409],[-47.097397,-5.577964],[-47.097255,-5.577884],[-47.097195,-5.57781],[-47.097192,-5.577808],[-47.096544,-5.577085],[-47.095622,-5.576754],[-47.095619,-5.576749],[-47.095503,-5.576715],[-47.095385,-5.576395],[-47.095116,-5.575989],[-47.094999,-5.575138],[-47.094959,-5.574846],[-47.095324,-5.573892],[-47.09545,-5.573621],[-47.095787,-5.572898],[-47.095893,-5.572784],[-47.096466,-5.572161],[-47.096785,-5.571609],[-47.097026,-5.571193],[-47.097539,-5.570178],[-47.097919,-5.569545],[-47.098008,-5.569397],[-47.098027,-5.569353],[-47.098228,-5.568888],[-47.098396,-5.568498],[-47.098417,-5.568276],[-47.098487,-5.567528],[-47.098496,-5.567487],[-47.098517,-5.567204],[-47.098685,-5.56662],[-47.098693,-5.566582],[-47.098699,-5.566569],[-47.098769,-5.566325],[-47.098943,-5.566069],[-47.099093,-5.56576],[-47.099475,-5.565186],[-47.099638,-5.564941],[-47.099974,-5.56397],[-47.100758,-5.56342],[-47.101596,-5.562933],[-47.10262,-5.562862],[-47.103086,-5.562889],[-47.103461,-5.562912],[-47.103559,-5.562917],[-47.103721,-5.562894],[-47.104454,-5.56279],[-47.104572,-5.562773],[-47.105014,-5.562475],[-47.105301,-5.562283],[-47.105887,-5.561551],[-47.106427,-5.560725],[-47.107086,-5.560079],[-47.107163,-5.560081],[-47.107231,-5.560021],[-47.108138,-5.560106],[-47.10918,-5.560132],[-47.110706,-5.560137],[-47.110273,-5.55882],[-47.110165,-5.558492],[-47.110181,-5.558207],[-47.110213,-5.557647],[-47.110223,-5.557476],[-47.110222,-5.556573],[-47.11025,-5.556409],[-47.110385,-5.555607],[-47.110582,-5.55464],[-47.110542,-5.554575],[-47.110247,-5.554099],[-47.110088,-5.553843],[-47.109489,-5.553905],[-47.109131,-5.553942],[-47.108764,-5.553767],[-47.108274,-5.553534],[-47.108141,-5.553502],[-47.107414,-5.553331],[-47.107154,-5.55327],[-47.106509,-5.553056],[-47.106263,-5.552974],[-47.105827,-5.551957],[-47.105787,-5.551769],[-47.105612,-5.550952],[-47.105546,-5.550881],[-47.105222,-5.550529],[-47.104926,-5.550209],[-47.104386,-5.549933],[-47.104094,-5.549784],[-47.103218,-5.549128],[-47.103216,-5.548938],[-47.103208,-5.548377],[-47.103206,-5.54823],[-47.103629,-5.547525],[-47.103719,-5.547376],[-47.103953,-5.546285],[-47.103951,-5.546134],[-47.103948,-5.545722],[-47.103944,-5.545374],[-47.103919,-5.544843],[-47.1039,-5.544428],[-47.1041,-5.544271],[-47.104595,-5.543884],[-47.104669,-5.543827],[-47.105086,-5.543522],[-47.105444,-5.543261],[-47.105405,-5.543141],[-47.105166,-5.542404],[-47.105156,-5.542377],[-47.104987,-5.541923],[-47.104852,-5.541562],[-47.104673,-5.541108],[-47.104521,-5.54072],[-47.103657,-5.54052],[-47.103628,-5.540513],[-47.103598,-5.540414],[-47.103382,-5.539704],[-47.103341,-5.53957],[-47.103768,-5.538778],[-47.104534,-5.538287],[-47.105299,-5.537659],[-47.106162,-5.537241],[-47.106557,-5.536854],[-47.106912,-5.536463],[-47.107027,-5.53556],[-47.107276,-5.535671],[-47.107355,-5.535462],[-47.108118,-5.536048],[-47.108858,-5.536698],[-47.109649,-5.537295],[-47.110335,-5.537999],[-47.111019,-5.538846],[-47.111893,-5.539229],[-47.112856,-5.539505],[-47.113863,-5.539365],[-47.114747,-5.539201],[-47.115653,-5.538821],[-47.116625,-5.538423],[-47.117325,-5.537849],[-47.117795,-5.537004],[-47.117589,-5.536643],[-47.117182,-5.536338],[-47.116748,-5.536445],[-47.116187,-5.536717],[-47.115713,-5.537023],[-47.115507,-5.537167],[-47.11547,-5.53718],[-47.115335,-5.537268],[-47.115073,-5.537319],[-47.114628,-5.537475],[-47.114025,-5.537452],[-47.113536,-5.537464],[-47.11272,-5.537869],[-47.112704,-5.537869],[-47.11263,-5.537909],[-47.112455,-5.537877],[-47.111819,-5.537896],[-47.111671,-5.537734],[-47.111599,-5.537721],[-47.110959,-5.536968],[-47.110474,-5.53647],[-47.110404,-5.536375],[-47.110144,-5.536102],[-47.110119,-5.535991],[-47.109937,-5.535744],[-47.109965,-5.535303],[-47.109922,-5.535113],[-47.109998,-5.53479],[-47.109998,-5.534786],[-47.110122,-5.53394],[-47.110093,-5.533537],[-47.11001,-5.532831],[-47.110082,-5.532082],[-47.109876,-5.531629],[-47.109441,-5.531185],[-47.108827,-5.530997],[-47.10853,-5.530918],[-47.108015,-5.530635],[-47.1078,-5.530531],[-47.10778,-5.530506],[-47.10754,-5.530374],[-47.107264,-5.529839],[-47.107094,-5.52962],[-47.107076,-5.529478],[-47.107074,-5.529473],[-47.106917,-5.528402],[-47.107007,-5.527608],[-47.107009,-5.527555],[-47.107023,-5.527344],[-47.106272,-5.526718],[-47.10603,-5.526669],[-47.105978,-5.526676],[-47.105589,-5.526581],[-47.105283,-5.526507],[-47.105075,-5.526456],[-47.104695,-5.52611],[-47.104351,-5.525796],[-47.104347,-5.525793],[-47.103694,-5.524967],[-47.103263,-5.524515],[-47.103161,-5.524343],[-47.102967,-5.524116],[-47.102877,-5.523862],[-47.102747,-5.523642],[-47.102692,-5.523337],[-47.10265,-5.523218],[-47.102411,-5.522418],[-47.102265,-5.521926],[-47.101987,-5.520987],[-47.102008,-5.520872],[-47.102136,-5.520172],[-47.102159,-5.520049],[-47.101909,-5.519551],[-47.101858,-5.519448],[-47.101744,-5.519221],[-47.101324,-5.518579],[-47.101249,-5.518465],[-47.101259,-5.518303],[-47.101127,-5.517747],[-47.101371,-5.517296],[-47.101635,-5.516741],[-47.101496,-5.515604],[-47.101083,-5.514758],[-47.100764,-5.513802],[-47.100523,-5.512811],[-47.100308,-5.511914],[-47.099812,-5.511021],[-47.099251,-5.510193],[-47.098544,-5.509442],[-47.098532,-5.509404],[-47.098265,-5.508576],[-47.098244,-5.508509],[-47.09856,-5.50842],[-47.099075,-5.508276],[-47.099343,-5.5082],[-47.100069,-5.508118],[-47.100597,-5.507954],[-47.101257,-5.507537],[-47.101268,-5.507536],[-47.102096,-5.507408],[-47.102207,-5.507391],[-47.102326,-5.507432],[-47.102879,-5.507621],[-47.103061,-5.507683],[-47.103832,-5.507829],[-47.104162,-5.507891],[-47.104223,-5.507769],[-47.10452,-5.50718],[-47.104598,-5.507025],[-47.104928,-5.506663],[-47.105219,-5.506344],[-47.105386,-5.50632],[-47.106226,-5.5062],[-47.106915,-5.505635],[-47.106978,-5.505583],[-47.106992,-5.505577],[-47.10753,-5.505336],[-47.107904,-5.505168],[-47.107982,-5.505187],[-47.108378,-5.505283],[-47.108892,-5.505407],[-47.109835,-5.505894],[-47.110539,-5.505626],[-47.11074,-5.50555],[-47.110928,-5.505133],[-47.111153,-5.504631],[-47.111246,-5.504574],[-47.111295,-5.50449],[-47.111746,-5.504269],[-47.112045,-5.504085],[-47.112381,-5.503846],[-47.112688,-5.503311],[-47.112451,-5.502686],[-47.112112,-5.501739],[-47.11209,-5.50159],[-47.11202,-5.501371],[-47.11189,-5.500577],[-47.111466,-5.499856],[-47.111473,-5.499729],[-47.111412,-5.49962],[-47.111512,-5.498948],[-47.111515,-5.498893],[-47.111524,-5.498869],[-47.111564,-5.498599],[-47.111784,-5.498171],[-47.111856,-5.49798],[-47.112132,-5.497395],[-47.112409,-5.496617],[-47.112636,-5.496192],[-47.112699,-5.496033],[-47.112991,-5.495417],[-47.113222,-5.494789],[-47.113464,-5.494305],[-47.11358,-5.494015],[-47.11362,-5.493992],[-47.114382,-5.493558],[-47.11442,-5.493544],[-47.115409,-5.493183],[-47.115452,-5.493195],[-47.116369,-5.493446],[-47.11641,-5.493457],[-47.117272,-5.493593],[-47.117444,-5.49362],[-47.117506,-5.493604],[-47.11767,-5.49356],[-47.118384,-5.493371],[-47.118435,-5.493301],[-47.11848,-5.49324],[-47.11892,-5.492643],[-47.118949,-5.492528],[-47.11917,-5.491663],[-47.119205,-5.491649],[-47.11959,-5.491491],[-47.120069,-5.491296],[-47.120168,-5.491353],[-47.120224,-5.491339],[-47.12035,-5.491456],[-47.120965,-5.491806],[-47.120993,-5.492295],[-47.12106,-5.492982],[-47.121394,-5.493787],[-47.121443,-5.493896],[-47.121595,-5.49415],[-47.121937,-5.494672],[-47.12219,-5.494661],[-47.122798,-5.494436],[-47.122774,-5.494003],[-47.122584,-5.493262],[-47.122585,-5.493236],[-47.122432,-5.492817],[-47.122616,-5.492406],[-47.122848,-5.49189],[-47.123626,-5.492101],[-47.123779,-5.492142],[-47.1244,-5.492891],[-47.12444,-5.4938],[-47.124748,-5.494695],[-47.12545,-5.495377],[-47.12641,-5.495839],[-47.126492,-5.495878],[-47.127179,-5.496472],[-47.127243,-5.496528],[-47.127606,-5.496574],[-47.128146,-5.496643],[-47.128162,-5.496645],[-47.128925,-5.496165],[-47.129519,-5.495493],[-47.129923,-5.494669],[-47.129972,-5.494569],[-47.130841,-5.494309],[-47.131735,-5.494495],[-47.13274,-5.49491],[-47.133538,-5.495324],[-47.13439,-5.494959],[-47.135157,-5.494352],[-47.136049,-5.494157],[-47.136847,-5.493658],[-47.137796,-5.493561],[-47.138704,-5.493549],[-47.139681,-5.493644],[-47.140655,-5.493554],[-47.141621,-5.493116],[-47.142151,-5.492289],[-47.142823,-5.491567],[-47.14345,-5.490823],[-47.144422,-5.490918],[-47.145409,-5.490944],[-47.146363,-5.490675],[-47.147269,-5.490367],[-47.147878,-5.489657],[-47.148266,-5.488846],[-47.149027,-5.488183],[-47.149049,-5.48673],[-47.14905,-5.486635],[-47.148836,-5.485927],[-47.148774,-5.485723],[-47.148789,-5.485329],[-47.148803,-5.48496],[-47.148808,-5.484822],[-47.148987,-5.483883],[-47.148993,-5.48385],[-47.14915,-5.482979],[-47.149204,-5.482678],[-47.149385,-5.482495],[-47.149448,-5.482365],[-47.15017,-5.481608],[-47.150323,-5.481521],[-47.150524,-5.481306],[-47.151226,-5.480966],[-47.151742,-5.480576],[-47.152197,-5.480765],[-47.1523,-5.480748],[-47.153029,-5.481065],[-47.153842,-5.481095],[-47.154457,-5.481195],[-47.15495,-5.481241],[-47.155257,-5.481244],[-47.156094,-5.481212],[-47.156655,-5.481084],[-47.156958,-5.480922],[-47.157208,-5.480296],[-47.156829,-5.479283],[-47.156283,-5.478479],[-47.155868,-5.477563],[-47.155195,-5.477166],[-47.155139,-5.477091],[-47.155047,-5.477037],[-47.154849,-5.476699],[-47.15466,-5.476444],[-47.1546,-5.476273],[-47.154559,-5.476204],[-47.154526,-5.476064],[-47.154341,-5.475538],[-47.153365,-5.474944],[-47.153185,-5.474888],[-47.152949,-5.474837],[-47.152006,-5.47455],[-47.151373,-5.474225],[-47.151134,-5.474102],[-47.150361,-5.473946],[-47.150242,-5.473922],[-47.150003,-5.473829],[-47.14944,-5.47361],[-47.149339,-5.47357],[-47.148663,-5.473008],[-47.148605,-5.47296],[-47.147701,-5.472553],[-47.147672,-5.472532],[-47.146904,-5.471987],[-47.146609,-5.471725],[-47.146232,-5.471391],[-47.14616,-5.471327],[-47.145968,-5.471091],[-47.145623,-5.470665],[-47.145587,-5.47062],[-47.145693,-5.47006],[-47.14576,-5.469711],[-47.145766,-5.46968],[-47.145842,-5.469502],[-47.146122,-5.468846],[-47.146144,-5.468795],[-47.146889,-5.468138],[-47.147354,-5.467372],[-47.147593,-5.466273],[-47.147583,-5.465905],[-47.147572,-5.465471],[-47.147569,-5.465372],[-47.147338,-5.465142],[-47.146961,-5.464765],[-47.146866,-5.46467],[-47.14648,-5.464846],[-47.146037,-5.465049],[-47.145888,-5.465168],[-47.145381,-5.465571],[-47.145332,-5.46561],[-47.144769,-5.465439],[-47.144504,-5.465381],[-47.144451,-5.465342],[-47.144416,-5.465331],[-47.1437,-5.464782],[-47.142905,-5.464318],[-47.14255,-5.463438],[-47.142018,-5.462691],[-47.141257,-5.462096],[-47.140297,-5.462212],[-47.13942,-5.461973],[-47.138559,-5.461588],[-47.137767,-5.461104],[-47.137751,-5.461072],[-47.137587,-5.460967],[-47.137446,-5.460427],[-47.137368,-5.460263],[-47.137368,-5.460127],[-47.13736,-5.460097],[-47.137362,-5.459042],[-47.13741,-5.458038],[-47.137137,-5.457496],[-47.136885,-5.457142],[-47.136853,-5.457121],[-47.136142,-5.456781],[-47.136026,-5.456587],[-47.135875,-5.45649],[-47.135591,-5.455861],[-47.134956,-5.454757],[-47.134947,-5.454738],[-47.134905,-5.454669],[-47.134709,-5.45424],[-47.134488,-5.453777],[-47.134485,-5.45375],[-47.134461,-5.453697],[-47.134387,-5.452805],[-47.134474,-5.451844],[-47.134873,-5.450678],[-47.135042,-5.450343],[-47.135155,-5.450018],[-47.135256,-5.449918],[-47.135282,-5.449867],[-47.135783,-5.449395],[-47.135924,-5.449255],[-47.136245,-5.448831],[-47.136542,-5.448331],[-47.136721,-5.447502],[-47.136685,-5.446986],[-47.136517,-5.446373],[-47.136389,-5.446204],[-47.135834,-5.445698],[-47.135729,-5.445602],[-47.134771,-5.445015],[-47.133949,-5.444384],[-47.133883,-5.444349],[-47.133135,-5.443948],[-47.133047,-5.443856],[-47.132458,-5.443235],[-47.132316,-5.443102],[-47.132025,-5.44283],[-47.131739,-5.442563],[-47.131314,-5.442184],[-47.131003,-5.441905],[-47.130657,-5.441516],[-47.130293,-5.441107],[-47.129629,-5.441179],[-47.129312,-5.441213],[-47.129116,-5.441193],[-47.128269,-5.441109],[-47.127317,-5.441054],[-47.12649,-5.440823],[-47.126419,-5.440803],[-47.1263,-5.440731],[-47.126154,-5.44066],[-47.125062,-5.440109],[-47.125028,-5.440061],[-47.124776,-5.439949],[-47.124447,-5.439229],[-47.123903,-5.438454],[-47.123881,-5.438402],[-47.123794,-5.438284],[-47.123658,-5.437885],[-47.123503,-5.437524],[-47.123498,-5.437413],[-47.123482,-5.437368],[-47.123448,-5.436353],[-47.123537,-5.435388],[-47.123575,-5.435343],[-47.123585,-5.43526],[-47.123901,-5.434945],[-47.124228,-5.434619],[-47.12465,-5.433734],[-47.125035,-5.432882],[-47.125022,-5.431972],[-47.125064,-5.430992],[-47.125065,-5.430965],[-47.125264,-5.43069],[-47.125616,-5.430203],[-47.126413,-5.429477],[-47.127328,-5.42923],[-47.128297,-5.429297],[-47.129352,-5.429248],[-47.129458,-5.429243],[-47.130225,-5.428956],[-47.130429,-5.42888],[-47.13122,-5.429095],[-47.131308,-5.429119],[-47.13222,-5.42906],[-47.13313,-5.429222],[-47.134073,-5.429377],[-47.135017,-5.429713],[-47.135954,-5.430112],[-47.13698,-5.430054],[-47.137955,-5.429789],[-47.13869,-5.429245],[-47.139474,-5.428632],[-47.140284,-5.428071],[-47.1404,-5.42799],[-47.14076,-5.428014],[-47.141225,-5.428045],[-47.141375,-5.428055],[-47.141962,-5.428529],[-47.142093,-5.428636],[-47.142518,-5.428663],[-47.142901,-5.428687],[-47.143075,-5.428698],[-47.143444,-5.428486],[-47.143908,-5.42822],[-47.144153,-5.428167],[-47.144807,-5.428025],[-47.144916,-5.428001],[-47.145646,-5.428083],[-47.145885,-5.42811],[-47.146179,-5.427945],[-47.146748,-5.427626],[-47.147077,-5.427604],[-47.147713,-5.427562],[-47.14829,-5.4277],[-47.148624,-5.427781],[-47.14886,-5.428486],[-47.148935,-5.428709],[-47.149331,-5.429538],[-47.149456,-5.429657],[-47.149801,-5.429988],[-47.15,-5.430177],[-47.150205,-5.429298],[-47.150478,-5.428437],[-47.151087,-5.427754],[-47.151921,-5.427329],[-47.152728,-5.426827],[-47.153653,-5.426692],[-47.154051,-5.426484],[-47.154463,-5.42617],[-47.154391,-5.425361],[-47.154418,-5.425278],[-47.154416,-5.425234],[-47.15453,-5.424938],[-47.154697,-5.424429],[-47.154735,-5.424407],[-47.154757,-5.42435],[-47.155579,-5.423917],[-47.156573,-5.423752],[-47.157798,-5.423749],[-47.158891,-5.423577],[-47.159632,-5.423105],[-47.159721,-5.423091],[-47.15985,-5.423008],[-47.160814,-5.422919],[-47.161939,-5.422906],[-47.162353,-5.422848],[-47.163034,-5.422605],[-47.163586,-5.422197],[-47.164375,-5.421596],[-47.164508,-5.421502],[-47.164766,-5.42129],[-47.16509,-5.421092],[-47.165193,-5.421019],[-47.165227,-5.421008],[-47.165545,-5.420814],[-47.165965,-5.420761],[-47.166135,-5.420704],[-47.166336,-5.420714],[-47.166466,-5.420698],[-47.166688,-5.420732],[-47.167108,-5.420754],[-47.167801,-5.420858],[-47.168369,-5.420868],[-47.168414,-5.420868],[-47.169088,-5.420782],[-47.169648,-5.420823],[-47.170116,-5.420745],[-47.170265,-5.419897],[-47.170157,-5.419326],[-47.169943,-5.418378],[-47.169818,-5.417909],[-47.169806,-5.417864],[-47.169697,-5.417459],[-47.169762,-5.416974],[-47.169819,-5.416547],[-47.169809,-5.416222],[-47.169789,-5.415545],[-47.169841,-5.415258],[-47.169847,-5.414939],[-47.16966,-5.414011],[-47.16947,-5.413713],[-47.169535,-5.413012],[-47.169512,-5.412533],[-47.169411,-5.411897],[-47.16907,-5.411161],[-47.168815,-5.41019],[-47.168832,-5.410018],[-47.168786,-5.409791],[-47.168898,-5.409348],[-47.168912,-5.409207],[-47.168962,-5.409093],[-47.16903,-5.408826],[-47.169187,-5.408586],[-47.169298,-5.408337],[-47.17004,-5.407433],[-47.1698,-5.406712],[-47.169614,-5.406349],[-47.16949,-5.405513],[-47.169031,-5.404572],[-47.169554,-5.403788],[-47.169947,-5.402788],[-47.169968,-5.402736],[-47.170299,-5.401709],[-47.170356,-5.400817],[-47.170363,-5.400699],[-47.170653,-5.399773],[-47.170672,-5.399713],[-47.170722,-5.398878],[-47.17073,-5.398741],[-47.17088,-5.397921],[-47.170893,-5.397848],[-47.170886,-5.396944],[-47.170992,-5.395948],[-47.171432,-5.395156],[-47.172034,-5.394358],[-47.171808,-5.393595],[-47.171787,-5.39354],[-47.171575,-5.392999],[-47.171559,-5.39206],[-47.171557,-5.391986],[-47.171559,-5.39132],[-47.17156,-5.39102],[-47.171511,-5.390434],[-47.171467,-5.389911],[-47.171645,-5.389773],[-47.172243,-5.38931],[-47.172316,-5.389117],[-47.172402,-5.388891],[-47.1726,-5.388368],[-47.172865,-5.387234],[-47.172877,-5.387184],[-47.173021,-5.386667],[-47.173144,-5.386226],[-47.173382,-5.385359],[-47.173486,-5.384979],[-47.173591,-5.384964],[-47.174024,-5.384903],[-47.174398,-5.38485],[-47.175109,-5.384826],[-47.175574,-5.384811],[-47.175705,-5.384766],[-47.176155,-5.38461],[-47.176576,-5.38441],[-47.177084,-5.384012],[-47.177525,-5.383438],[-47.177749,-5.383025],[-47.178251,-5.382272],[-47.178574,-5.381972],[-47.178796,-5.381712],[-47.179088,-5.381368],[-47.179432,-5.380659],[-47.179706,-5.379973],[-47.179762,-5.379439],[-47.179686,-5.378826],[-47.179496,-5.378249],[-47.179743,-5.377841],[-47.179745,-5.377804],[-47.179789,-5.377765],[-47.179963,-5.377477],[-47.1803,-5.377313],[-47.1805,-5.377137],[-47.181099,-5.376775],[-47.181594,-5.376204],[-47.181682,-5.376074],[-47.181845,-5.375731],[-47.182345,-5.375102],[-47.18248,-5.374908],[-47.182741,-5.374207],[-47.182762,-5.373578],[-47.182901,-5.373291],[-47.182926,-5.373054],[-47.183154,-5.372767],[-47.183251,-5.372567],[-47.183902,-5.371824],[-47.183981,-5.371753],[-47.184135,-5.371568],[-47.184219,-5.371538],[-47.185153,-5.37121],[-47.185254,-5.371175],[-47.185431,-5.371432],[-47.185669,-5.371779],[-47.185878,-5.372084],[-47.185997,-5.372708],[-47.186046,-5.372963],[-47.186252,-5.373141],[-47.186644,-5.373482],[-47.186759,-5.37358],[-47.187372,-5.373432],[-47.187696,-5.373353],[-47.188174,-5.373862],[-47.188316,-5.374014],[-47.189132,-5.374473],[-47.190074,-5.374787],[-47.190756,-5.375499],[-47.191687,-5.375818],[-47.192567,-5.376125],[-47.193518,-5.376231],[-47.194583,-5.37625],[-47.195447,-5.375144],[-47.195556,-5.375004],[-47.196132,-5.374844],[-47.196508,-5.374739],[-47.196854,-5.374014],[-47.196924,-5.373868],[-47.197057,-5.373682],[-47.197455,-5.373125],[-47.197503,-5.373057],[-47.198207,-5.372679],[-47.198319,-5.372619],[-47.198508,-5.372254],[-47.198715,-5.371852],[-47.198733,-5.371819],[-47.19874,-5.371323],[-47.198745,-5.370949],[-47.198747,-5.370846],[-47.198604,-5.370028],[-47.198577,-5.369868],[-47.198412,-5.368911],[-47.198427,-5.368805],[-47.198544,-5.367976],[-47.198549,-5.367944],[-47.199306,-5.367225],[-47.199493,-5.367093],[-47.199983,-5.366748],[-47.200047,-5.366703],[-47.200152,-5.36667],[-47.20086,-5.366446],[-47.20107,-5.366379],[-47.201638,-5.366559],[-47.201974,-5.366666],[-47.202484,-5.366255],[-47.202688,-5.36609],[-47.202719,-5.366065],[-47.203253,-5.365342],[-47.203868,-5.36456],[-47.204271,-5.36367],[-47.204461,-5.362736],[-47.204548,-5.361788],[-47.204552,-5.361751],[-47.205316,-5.361154],[-47.206165,-5.360602],[-47.206914,-5.360018],[-47.206961,-5.360021],[-47.207002,-5.359991],[-47.207905,-5.36007],[-47.208823,-5.360014],[-47.208873,-5.360016],[-47.208981,-5.360009],[-47.209816,-5.36006],[-47.210395,-5.359876],[-47.210784,-5.359712],[-47.211362,-5.359076],[-47.211459,-5.359048],[-47.211481,-5.359027],[-47.211744,-5.358969],[-47.2123,-5.358813],[-47.212365,-5.358832],[-47.212432,-5.358818],[-47.213237,-5.358963],[-47.213491,-5.358446],[-47.213544,-5.35807],[-47.213547,-5.35783],[-47.213504,-5.357346],[-47.213553,-5.357287],[-47.213556,-5.357067],[-47.213986,-5.356767],[-47.214144,-5.356577],[-47.214278,-5.356564],[-47.214296,-5.356551],[-47.215136,-5.356472],[-47.216104,-5.356103],[-47.216982,-5.355865],[-47.217881,-5.355498],[-47.218619,-5.354979],[-47.218658,-5.354987],[-47.218729,-5.354941],[-47.219115,-5.355082],[-47.219542,-5.35517],[-47.219567,-5.355247],[-47.219595,-5.355257],[-47.219896,-5.356243],[-47.220788,-5.356428],[-47.22173,-5.356388],[-47.222707,-5.356317],[-47.223556,-5.356695],[-47.223546,-5.356747],[-47.223569,-5.356759],[-47.223406,-5.357657],[-47.223485,-5.35794],[-47.223677,-5.358555],[-47.224366,-5.358785],[-47.22552,-5.358862],[-47.226483,-5.358882],[-47.227402,-5.35868],[-47.228139,-5.358143],[-47.228878,-5.357341],[-47.22931,-5.356456],[-47.229424,-5.355444],[-47.229427,-5.355416],[-47.229274,-5.355191],[-47.22882,-5.354517],[-47.22872,-5.354413],[-47.228248,-5.353921],[-47.228194,-5.353865],[-47.227963,-5.353303],[-47.22781,-5.352932],[-47.227784,-5.352868],[-47.228072,-5.352531],[-47.228388,-5.352162],[-47.228404,-5.352143],[-47.228854,-5.351997],[-47.229368,-5.351831],[-47.229654,-5.351747],[-47.230311,-5.351553],[-47.231182,-5.351323],[-47.232156,-5.351449],[-47.233095,-5.351399],[-47.23314,-5.35144],[-47.233176,-5.351439],[-47.233874,-5.352089],[-47.234389,-5.35283],[-47.234831,-5.353723],[-47.235,-5.354722],[-47.235397,-5.355635],[-47.235655,-5.356607],[-47.235936,-5.357618],[-47.236226,-5.358243],[-47.236467,-5.358671],[-47.236575,-5.358935],[-47.236743,-5.359257],[-47.237039,-5.359966],[-47.237418,-5.360598],[-47.237725,-5.361025],[-47.237816,-5.361383],[-47.237887,-5.361524],[-47.238165,-5.362289],[-47.238467,-5.362772],[-47.238857,-5.36316],[-47.239215,-5.363473],[-47.239947,-5.363421],[-47.240237,-5.363348],[-47.240844,-5.362674],[-47.240899,-5.362666],[-47.240994,-5.362565],[-47.241623,-5.36257],[-47.241757,-5.362552],[-47.241993,-5.36256],[-47.243743,-5.362349],[-47.24537,-5.362354],[-47.246401,-5.362592],[-47.246485,-5.362611],[-47.247322,-5.362801],[-47.247329,-5.362802],[-47.248252,-5.362383],[-47.249166,-5.362706],[-47.250122,-5.36312],[-47.250186,-5.363147],[-47.250682,-5.363609],[-47.250906,-5.363816],[-47.250993,-5.363892],[-47.251668,-5.364477],[-47.251724,-5.364526],[-47.252458,-5.36493],[-47.25253,-5.364969],[-47.253263,-5.365626],[-47.253956,-5.366321],[-47.254709,-5.366958],[-47.255573,-5.367274],[-47.255977,-5.368076],[-47.256935,-5.36801],[-47.256972,-5.368018],[-47.257105,-5.367994],[-47.258009,-5.368242],[-47.259057,-5.368467],[-47.259097,-5.368475],[-47.259491,-5.368466],[-47.260005,-5.368454],[-47.260126,-5.368451],[-47.26063,-5.368298],[-47.261078,-5.368162],[-47.26132,-5.368099],[-47.261943,-5.367939],[-47.261963,-5.367934],[-47.262828,-5.367853],[-47.263637,-5.367567],[-47.263943,-5.367711],[-47.263988,-5.367705],[-47.264681,-5.368034],[-47.265442,-5.368284],[-47.266118,-5.368669],[-47.266446,-5.368749],[-47.267224,-5.368756],[-47.267406,-5.368692],[-47.267849,-5.368502],[-47.26887,-5.368245],[-47.268995,-5.368235],[-47.26903,-5.368227],[-47.269887,-5.368156],[-47.270646,-5.367931],[-47.2709,-5.367845],[-47.271485,-5.367677],[-47.27173,-5.367603],[-47.272112,-5.367442],[-47.272929,-5.367031],[-47.273058,-5.36701],[-47.273472,-5.366806],[-47.273887,-5.366874],[-47.274305,-5.366806],[-47.275068,-5.366324],[-47.274966,-5.36531],[-47.274677,-5.364342],[-47.274536,-5.364029],[-47.274233,-5.36336],[-47.2742,-5.363287],[-47.274168,-5.362955],[-47.274113,-5.362369],[-47.274108,-5.362317],[-47.27445,-5.361412],[-47.274469,-5.360518],[-47.274468,-5.359596],[-47.275106,-5.358723],[-47.27547,-5.357758],[-47.275673,-5.356827],[-47.275551,-5.355891],[-47.276073,-5.355112],[-47.276174,-5.354991],[-47.276659,-5.354413],[-47.2769,-5.353919],[-47.277099,-5.35351],[-47.276885,-5.35282],[-47.276828,-5.352635],[-47.27686,-5.352432],[-47.276953,-5.351843],[-47.276974,-5.351712],[-47.277024,-5.35162],[-47.277304,-5.351104],[-47.277418,-5.350896],[-47.278,-5.35055],[-47.278205,-5.350428],[-47.278311,-5.350061],[-47.278445,-5.349601],[-47.278468,-5.3483],[-47.278585,-5.347379],[-47.278635,-5.347368],[-47.278651,-5.347281],[-47.279531,-5.347155],[-47.279811,-5.34698],[-47.280365,-5.346565],[-47.280506,-5.346223],[-47.280673,-5.345746],[-47.280199,-5.345096],[-47.280042,-5.344908],[-47.280017,-5.344878],[-47.279952,-5.344824],[-47.279191,-5.344201],[-47.279082,-5.344112],[-47.278376,-5.343441],[-47.278226,-5.343299],[-47.278151,-5.343046],[-47.277959,-5.342396],[-47.277914,-5.342245],[-47.27775,-5.341162],[-47.277755,-5.341111],[-47.277718,-5.340902],[-47.277852,-5.340137],[-47.27788,-5.33959],[-47.277886,-5.339153],[-47.277713,-5.338637],[-47.277472,-5.338086],[-47.277319,-5.337725],[-47.277097,-5.337286],[-47.276844,-5.336422],[-47.27685,-5.336242],[-47.276823,-5.336117],[-47.276869,-5.3357],[-47.276877,-5.335482],[-47.276854,-5.3352],[-47.276181,-5.334925],[-47.275794,-5.335137],[-47.27546,-5.335057],[-47.274915,-5.334928],[-47.274404,-5.33443],[-47.27422,-5.334252],[-47.27397,-5.333529],[-47.273898,-5.333322],[-47.273511,-5.332852],[-47.273269,-5.332558],[-47.272572,-5.331854],[-47.272272,-5.331521],[-47.271997,-5.331215],[-47.271956,-5.33117],[-47.272293,-5.330313],[-47.272273,-5.329339],[-47.272222,-5.329255],[-47.27172,-5.328688],[-47.27177,-5.328506],[-47.271736,-5.328448],[-47.271884,-5.327555],[-47.27174,-5.32708],[-47.27113,-5.326665],[-47.270998,-5.326544],[-47.27089,-5.326484],[-47.269869,-5.325695],[-47.268515,-5.325599],[-47.268312,-5.324639],[-47.26785,-5.323824],[-47.267283,-5.322998],[-47.266784,-5.322245],[-47.266014,-5.321764],[-47.26543,-5.321038],[-47.26506,-5.320217],[-47.264488,-5.319289],[-47.263844,-5.318656],[-47.263422,-5.317853],[-47.262765,-5.317087],[-47.261684,-5.316822],[-47.260657,-5.316906],[-47.25971,-5.316668],[-47.258852,-5.316296],[-47.257929,-5.316],[-47.256556,-5.315771],[-47.255617,-5.315668],[-47.254667,-5.315333],[-47.253948,-5.314662],[-47.253344,-5.313873],[-47.252507,-5.313453],[-47.251516,-5.313222],[-47.250615,-5.313426],[-47.249512,-5.313736],[-47.248489,-5.31371],[-47.247641,-5.313245],[-47.246705,-5.313358],[-47.245819,-5.313593],[-47.244804,-5.313935],[-47.24396,-5.31436],[-47.243201,-5.314844],[-47.24224,-5.314865],[-47.241369,-5.314339],[-47.240416,-5.314028],[-47.240139,-5.312631],[-47.239871,-5.311631],[-47.239099,-5.311035],[-47.238148,-5.31144],[-47.237238,-5.311746],[-47.236426,-5.312265],[-47.235298,-5.312353],[-47.234521,-5.31175],[-47.23358,-5.311675],[-47.233025,-5.310886],[-47.232911,-5.30999],[-47.232324,-5.309222],[-47.231306,-5.309213],[-47.230287,-5.308821],[-47.229572,-5.308196],[-47.228597,-5.307519],[-47.227838,-5.30687],[-47.227089,-5.30625],[-47.226963,-5.305329],[-47.227126,-5.304403],[-47.227766,-5.303735],[-47.228113,-5.302863],[-47.227822,-5.301915],[-47.227426,-5.301017],[-47.227201,-5.300058],[-47.22738,-5.299108],[-47.227892,-5.298311],[-47.22814,-5.297451],[-47.228459,-5.296498],[-47.228755,-5.295641],[-47.228761,-5.294627],[-47.228325,-5.293764],[-47.227499,-5.29333],[-47.226721,-5.292851],[-47.226151,-5.292055],[-47.226447,-5.291014],[-47.226487,-5.29012],[-47.226124,-5.289184],[-47.226083,-5.288244],[-47.225905,-5.287308],[-47.22576,-5.286329],[-47.225786,-5.285431],[-47.225337,-5.284377],[-47.224647,-5.283639],[-47.225283,-5.282801],[-47.225327,-5.281839],[-47.225646,-5.280689],[-47.225763,-5.279638],[-47.225475,-5.27878],[-47.225849,-5.277801],[-47.22663,-5.277272],[-47.227339,-5.276647],[-47.227443,-5.275681],[-47.227715,-5.27482],[-47.228173,-5.273942],[-47.228267,-5.27293],[-47.228049,-5.271818],[-47.228917,-5.27129],[-47.229778,-5.270653],[-47.23038,-5.269905],[-47.231143,-5.269334],[-47.231142,-5.268427],[-47.231425,-5.267527],[-47.232125,-5.266717],[-47.233241,-5.267039],[-47.234215,-5.267256],[-47.23498,-5.266671],[-47.234898,-5.26571],[-47.234972,-5.264817],[-47.234894,-5.263885],[-47.2352,-5.262974],[-47.235654,-5.262172],[-47.235666,-5.26112],[-47.235497,-5.260207],[-47.236177,-5.259522],[-47.236808,-5.258746],[-47.237058,-5.257631],[-47.236853,-5.25673],[-47.236629,-5.255862],[-47.236463,-5.254839],[-47.23662,-5.253832],[-47.237084,-5.25305],[-47.237214,-5.252095],[-47.236789,-5.251141],[-47.236415,-5.250255],[-47.235673,-5.249606],[-47.234752,-5.249065],[-47.234023,-5.248483],[-47.234929,-5.247284],[-47.235026,-5.246352],[-47.235274,-5.245414],[-47.236136,-5.244753],[-47.236973,-5.244197],[-47.23801,-5.243526],[-47.238955,-5.242955],[-47.239392,-5.24217],[-47.240125,-5.241373],[-47.240779,-5.240492],[-47.241647,-5.239633],[-47.240972,-5.239039],[-47.240377,-5.23721],[-47.240389,-5.23623],[-47.24119,-5.235786],[-47.241968,-5.235025],[-47.242717,-5.234382],[-47.243295,-5.233566],[-47.243914,-5.232909],[-47.243919,-5.231908],[-47.243927,-5.230866],[-47.244749,-5.230367],[-47.245365,-5.229645],[-47.245942,-5.228858],[-47.246472,-5.228133],[-47.246995,-5.227274],[-47.247413,-5.226399],[-47.247331,-5.225267],[-47.247129,-5.224324],[-47.246955,-5.223324],[-47.246266,-5.222729],[-47.245688,-5.221804],[-47.244077,-5.221649],[-47.243037,-5.221794],[-47.242953,-5.220823],[-47.242611,-5.219872],[-47.241791,-5.219476],[-47.240636,-5.220024],[-47.240148,-5.219265],[-47.240316,-5.218244],[-47.239861,-5.217392],[-47.238897,-5.217082],[-47.239016,-5.216176],[-47.239219,-5.215166],[-47.239799,-5.214392],[-47.240367,-5.213565],[-47.24107,-5.212736],[-47.241507,-5.211907],[-47.241842,-5.210581],[-47.242469,-5.209822],[-47.242412,-5.208797],[-47.242141,-5.207803],[-47.241931,-5.206822],[-47.241365,-5.20599],[-47.240568,-5.205288],[-47.240619,-5.204338],[-47.240673,-5.203364],[-47.240412,-5.202504],[-47.239924,-5.201747],[-47.239748,-5.200864],[-47.239805,-5.1999],[-47.239572,-5.199028],[-47.238633,-5.198023],[-47.238041,-5.197348],[-47.237186,-5.19691],[-47.236341,-5.197293],[-47.235633,-5.197849],[-47.234646,-5.198462],[-47.233546,-5.198668],[-47.232635,-5.198646],[-47.231747,-5.199387],[-47.231072,-5.19998],[-47.230166,-5.200512],[-47.22937,-5.200095],[-47.228618,-5.199448],[-47.227934,-5.198853],[-47.227,-5.198557],[-47.226442,-5.197724],[-47.225614,-5.196885],[-47.224691,-5.196143],[-47.224193,-5.195391],[-47.22384,-5.194493],[-47.223522,-5.193533],[-47.223225,-5.192386],[-47.222995,-5.191171],[-47.22256,-5.190215],[-47.222176,-5.189342],[-47.221683,-5.188458],[-47.221701,-5.187528],[-47.22193,-5.186628],[-47.222024,-5.185713],[-47.221168,-5.185434],[-47.219854,-5.18514],[-47.219717,-5.183758],[-47.218981,-5.1828],[-47.218344,-5.182138],[-47.218867,-5.181404],[-47.219268,-5.180504],[-47.219317,-5.17958],[-47.219171,-5.178576],[-47.218555,-5.177814],[-47.217798,-5.177322],[-47.217729,-5.176427],[-47.217334,-5.175602],[-47.216604,-5.174793],[-47.21613,-5.17401],[-47.215937,-5.173021],[-47.215705,-5.172151],[-47.215043,-5.17154],[-47.214101,-5.171308],[-47.213334,-5.170774],[-47.213408,-5.169797],[-47.212862,-5.168791],[-47.212127,-5.168274],[-47.211199,-5.168532],[-47.210642,-5.169242],[-47.209995,-5.169994],[-47.20902,-5.170187],[-47.208171,-5.170675],[-47.207313,-5.170967],[-47.206298,-5.170966],[-47.205333,-5.170824],[-47.204374,-5.170979],[-47.203372,-5.17143],[-47.202075,-5.171806],[-47.201827,-5.170533],[-47.201397,-5.169714],[-47.200466,-5.169395],[-47.199658,-5.168953],[-47.198774,-5.168587],[-47.197976,-5.168136],[-47.197547,-5.167333],[-47.197033,-5.166439],[-47.19597,-5.165683],[-47.196238,-5.164721],[-47.196373,-5.16381],[-47.196034,-5.162969],[-47.195621,-5.162143],[-47.195225,-5.161305],[-47.195554,-5.160295],[-47.195924,-5.159403],[-47.19632,-5.158538],[-47.19673,-5.157691],[-47.19768,-5.157408],[-47.197988,-5.156519],[-47.197073,-5.155691],[-47.197671,-5.154963],[-47.198424,-5.154369],[-47.199237,-5.15382],[-47.200048,-5.153242],[-47.201015,-5.152543],[-47.201912,-5.152051],[-47.202477,-5.151255],[-47.203576,-5.15095],[-47.204409,-5.15052],[-47.205042,-5.149765],[-47.205452,-5.148838],[-47.206245,-5.147905],[-47.207181,-5.147451],[-47.207824,-5.1467],[-47.208049,-5.145725],[-47.208716,-5.145052],[-47.208976,-5.144188],[-47.209082,-5.143294],[-47.209952,-5.142979],[-47.210916,-5.143059],[-47.211049,-5.142085],[-47.210831,-5.141104],[-47.210439,-5.140282],[-47.210582,-5.139352],[-47.211173,-5.138514],[-47.211899,-5.137733],[-47.212627,-5.136871],[-47.212884,-5.135861],[-47.213122,-5.134902],[-47.213615,-5.13393],[-47.212997,-5.133273],[-47.212497,-5.132495],[-47.212806,-5.131585],[-47.2127,-5.130617],[-47.212783,-5.129663],[-47.213149,-5.128828],[-47.213284,-5.127685],[-47.212773,-5.126795],[-47.212891,-5.125851],[-47.212752,-5.124899],[-47.212264,-5.12406],[-47.211806,-5.123202],[-47.210945,-5.12239],[-47.210292,-5.12164],[-47.209524,-5.121139],[-47.20856,-5.120996],[-47.207515,-5.120575],[-47.20661,-5.120332],[-47.20652,-5.119306],[-47.207153,-5.118594],[-47.207635,-5.117647],[-47.207497,-5.116681],[-47.207708,-5.115775],[-47.208262,-5.114937],[-47.208637,-5.113917],[-47.209026,-5.113027],[-47.209938,-5.112577],[-47.210651,-5.1119],[-47.211163,-5.111157],[-47.211639,-5.110377],[-47.211777,-5.109433],[-47.211667,-5.108508],[-47.211484,-5.107478],[-47.211162,-5.1066],[-47.210892,-5.105639],[-47.211431,-5.104715],[-47.212373,-5.104304],[-47.211928,-5.103254],[-47.211052,-5.102544],[-47.211051,-5.101626],[-47.211261,-5.100699],[-47.211995,-5.099945],[-47.212752,-5.099344],[-47.213644,-5.099191],[-47.21475,-5.099066],[-47.215756,-5.099141],[-47.216259,-5.098362],[-47.21632,-5.097394],[-47.216314,-5.096486],[-47.216594,-5.095524],[-47.217417,-5.095072],[-47.218275,-5.094597],[-47.218214,-5.093699],[-47.218372,-5.092678],[-47.21891,-5.091955],[-47.219751,-5.091408],[-47.220695,-5.091383],[-47.221442,-5.090759],[-47.222182,-5.090103],[-47.222664,-5.089332],[-47.223393,-5.088777],[-47.224298,-5.088195],[-47.224458,-5.087285],[-47.224328,-5.086254],[-47.224304,-5.08524],[-47.22435,-5.084283],[-47.22435,-5.083374],[-47.22467,-5.082449],[-47.225325,-5.081816],[-47.225607,-5.080903],[-47.225283,-5.080017],[-47.225832,-5.079181],[-47.226591,-5.078542],[-47.227287,-5.077845],[-47.227996,-5.077025],[-47.228581,-5.07622],[-47.229305,-5.075147],[-47.229545,-5.074273],[-47.229699,-5.073295],[-47.229919,-5.072326],[-47.229889,-5.071268],[-47.229758,-5.070239],[-47.229687,-5.069246],[-47.229896,-5.068313],[-47.229142,-5.067812],[-47.228072,-5.067328],[-47.226884,-5.067281],[-47.226261,-5.066633],[-47.225846,-5.065644],[-47.226415,-5.064907],[-47.22748,-5.064426],[-47.22843,-5.064306],[-47.229236,-5.063702],[-47.229242,-5.062807],[-47.229169,-5.061814],[-47.228566,-5.061023],[-47.22766,-5.060725],[-47.226735,-5.060641],[-47.226013,-5.060089],[-47.22599,-5.059185],[-47.226432,-5.058397],[-47.226085,-5.057541],[-47.225595,-5.056762],[-47.225329,-5.055824],[-47.225141,-5.054922],[-47.225365,-5.053964],[-47.226175,-5.054377],[-47.227085,-5.054102],[-47.228223,-5.053671],[-47.229158,-5.053394],[-47.230071,-5.053132],[-47.230865,-5.052538],[-47.231249,-5.051696],[-47.231591,-5.050687],[-47.232356,-5.05015],[-47.233233,-5.050614],[-47.234139,-5.050503],[-47.235097,-5.050411],[-47.236115,-5.050684],[-47.236746,-5.051347],[-47.237176,-5.052269],[-47.237946,-5.052754],[-47.23867,-5.053295],[-47.239542,-5.053689],[-47.240514,-5.053449],[-47.241054,-5.052722],[-47.241629,-5.051887],[-47.242392,-5.05117],[-47.243134,-5.051698],[-47.243981,-5.05226],[-47.244477,-5.053026],[-47.2452,-5.053744],[-47.246176,-5.053937],[-47.247144,-5.053675],[-47.248057,-5.053869],[-47.249232,-5.054163],[-47.250163,-5.054358],[-47.251162,-5.054432],[-47.252155,-5.05435],[-47.253272,-5.054095],[-47.254305,-5.054028],[-47.254193,-5.05312],[-47.254349,-5.052173],[-47.255123,-5.051498],[-47.255496,-5.050662],[-47.255054,-5.049838],[-47.256049,-5.049707],[-47.256983,-5.049761],[-47.257697,-5.049102],[-47.258561,-5.048694],[-47.259398,-5.048178],[-47.25999,-5.047426],[-47.260477,-5.046586],[-47.261232,-5.046044],[-47.262224,-5.045825],[-47.263108,-5.046182],[-47.264009,-5.046107],[-47.2645,-5.045357],[-47.264445,-5.04439],[-47.26465,-5.043418],[-47.265032,-5.042519],[-47.26542,-5.041648],[-47.265187,-5.040705],[-47.264545,-5.040055],[-47.264699,-5.039164],[-47.265057,-5.038233],[-47.265098,-5.037197],[-47.265188,-5.036281],[-47.266254,-5.034872],[-47.266101,-5.033735],[-47.266201,-5.032783],[-47.266213,-5.031804],[-47.266317,-5.030861],[-47.266763,-5.030035],[-47.267614,-5.029549],[-47.268124,-5.028798],[-47.269061,-5.028828],[-47.269973,-5.028597],[-47.270217,-5.027632],[-47.270273,-5.026723],[-47.270701,-5.02514],[-47.270515,-5.024177],[-47.269796,-5.023524],[-47.269355,-5.022703],[-47.269245,-5.021665],[-47.268889,-5.020784],[-47.269475,-5.020104],[-47.270056,-5.019361],[-47.270639,-5.018618],[-47.270776,-5.017619],[-47.270428,-5.016666],[-47.269667,-5.016037],[-47.269141,-5.015237],[-47.269027,-5.014028],[-47.269861,-5.013472],[-47.269951,-5.012577],[-47.269354,-5.011894],[-47.269045,-5.010985],[-47.268994,-5.010009],[-47.268925,-5.009083],[-47.269395,-5.00816],[-47.269264,-5.007183],[-47.268379,-5.006599],[-47.267995,-5.00578],[-47.268893,-5.005304],[-47.26957,-5.004715],[-47.269848,-5.003857],[-47.269887,-5.002821],[-47.270196,-5.001851],[-47.270627,-5.000882],[-47.270797,-4.999972],[-47.270121,-4.999321],[-47.270362,-4.998435],[-47.271249,-4.998235],[-47.272311,-4.997863],[-47.272667,-4.996665],[-47.27301,-4.995769],[-47.273399,-4.994918],[-47.273074,-4.993993],[-47.272491,-4.993272],[-47.272654,-4.992073],[-47.272714,-4.991113],[-47.272693,-4.990112],[-47.273021,-4.989264],[-47.272563,-4.988283],[-47.271716,-4.98773],[-47.271208,-4.986807],[-47.270833,-4.985947],[-47.270691,-4.984804],[-47.270016,-4.984147],[-47.269359,-4.983396],[-47.269123,-4.982457],[-47.269597,-4.981554],[-47.270573,-4.981197],[-47.271589,-4.981064],[-47.272486,-4.980955],[-47.272781,-4.98006],[-47.273085,-4.979217],[-47.273331,-4.978318],[-47.273807,-4.977544],[-47.274731,-4.9777],[-47.275477,-4.978281],[-47.276405,-4.978421],[-47.277291,-4.977865],[-47.278175,-4.977579],[-47.279138,-4.977469],[-47.280002,-4.977087],[-47.28092,-4.976955],[-47.282073,-4.977084],[-47.282993,-4.977286],[-47.283869,-4.977581],[-47.284964,-4.977477],[-47.285903,-4.97758],[-47.286847,-4.977838],[-47.28792,-4.977094],[-47.28791,-4.975781],[-47.288103,-4.974898],[-47.288774,-4.974067],[-47.288809,-4.973099],[-47.289195,-4.972257],[-47.290163,-4.972222],[-47.290014,-4.971303],[-47.289861,-4.970417],[-47.290784,-4.970392],[-47.292012,-4.970437],[-47.293054,-4.970419],[-47.29397,-4.970068],[-47.294417,-4.969276],[-47.294253,-4.968213],[-47.294325,-4.967093],[-47.294627,-4.96591],[-47.294995,-4.964925],[-47.295417,-4.96402],[-47.294778,-4.963177],[-47.294704,-4.962227],[-47.29425,-4.961166],[-47.293999,-4.960175],[-47.29387,-4.959171],[-47.29308,-4.958597],[-47.29216,-4.957841],[-47.291436,-4.957172],[-47.290625,-4.956728],[-47.290166,-4.955841],[-47.290307,-4.954928],[-47.290093,-4.953927],[-47.289924,-4.953],[-47.290292,-4.951963],[-47.290456,-4.95094],[-47.290685,-4.950067],[-47.290295,-4.949008],[-47.289887,-4.94806],[-47.290039,-4.947117],[-47.29015,-4.946216],[-47.290733,-4.945318],[-47.291707,-4.945038],[-47.29253,-4.944575],[-47.292649,-4.943685],[-47.292541,-4.942752],[-47.292367,-4.94177],[-47.2924,-4.940805],[-47.292718,-4.939941],[-47.293263,-4.938939],[-47.293857,-4.938145],[-47.293614,-4.937225],[-47.292738,-4.936843],[-47.292821,-4.935922],[-47.294021,-4.93514],[-47.292954,-4.934554],[-47.292242,-4.934007],[-47.291835,-4.933122],[-47.291331,-4.93227],[-47.290684,-4.931513],[-47.290519,-4.930521],[-47.291086,-4.929713],[-47.291809,-4.929175],[-47.29216,-4.928312],[-47.292857,-4.927719],[-47.293201,-4.926236],[-47.292033,-4.925954],[-47.290993,-4.925662],[-47.290077,-4.925314],[-47.289164,-4.924996],[-47.288389,-4.924529],[-47.287708,-4.923943],[-47.286948,-4.923317],[-47.286024,-4.923572],[-47.285313,-4.924182],[-47.284387,-4.92383],[-47.283596,-4.923355],[-47.282714,-4.92284],[-47.281933,-4.922226],[-47.281125,-4.921766],[-47.281161,-4.92079],[-47.280584,-4.919829],[-47.280248,-4.918957],[-47.28017,-4.918025],[-47.280925,-4.91753],[-47.280778,-4.916591],[-47.280042,-4.915965],[-47.279148,-4.915743],[-47.278412,-4.914995],[-47.277899,-4.914053],[-47.277077,-4.912918],[-47.278524,-4.913006],[-47.279278,-4.912376],[-47.279563,-4.911371],[-47.280323,-4.910872],[-47.281272,-4.910737],[-47.282198,-4.910615],[-47.282308,-4.909716],[-47.281825,-4.908875],[-47.282363,-4.908089],[-47.283026,-4.90746],[-47.283883,-4.907124],[-47.284745,-4.907581],[-47.285682,-4.907367],[-47.286356,-4.906643],[-47.286787,-4.905844],[-47.287051,-4.904963],[-47.287733,-4.904254],[-47.28805,-4.903335],[-47.288458,-4.902494],[-47.28954,-4.902701],[-47.290091,-4.901976],[-47.290372,-4.901067],[-47.291245,-4.900556],[-47.292188,-4.900565],[-47.293199,-4.900703],[-47.294047,-4.901118],[-47.294868,-4.901805],[-47.296246,-4.900524],[-47.297027,-4.899944],[-47.297708,-4.899096],[-47.298297,-4.898293],[-47.298783,-4.897526],[-47.299321,-4.896763],[-47.300251,-4.896614],[-47.301169,-4.896011],[-47.301398,-4.895068],[-47.301392,-4.894114],[-47.30197,-4.893368],[-47.302832,-4.892696],[-47.303654,-4.892266],[-47.304422,-4.891645],[-47.304593,-4.890744],[-47.30479,-4.889441],[-47.305421,-4.888739],[-47.304062,-4.888154],[-47.302855,-4.888391],[-47.302027,-4.887984],[-47.301186,-4.887429],[-47.300311,-4.886856],[-47.299333,-4.886499],[-47.298605,-4.885836],[-47.297904,-4.885196],[-47.297644,-4.884324],[-47.297597,-4.883249],[-47.297412,-4.882295],[-47.297061,-4.881459],[-47.297536,-4.88059],[-47.298464,-4.880115],[-47.29911,-4.87942],[-47.298575,-4.878669],[-47.297886,-4.877955],[-47.2969,-4.877687],[-47.296679,-4.876819],[-47.29725,-4.876021],[-47.297913,-4.875274],[-47.298318,-4.874414],[-47.298681,-4.873392],[-47.298431,-4.872458],[-47.297834,-4.871654],[-47.298078,-4.870746],[-47.29812,-4.869767],[-47.299049,-4.869785],[-47.300071,-4.869732],[-47.3009,-4.869382],[-47.301865,-4.869241],[-47.303137,-4.869503],[-47.303936,-4.870099],[-47.304795,-4.870492],[-47.305411,-4.869571],[-47.305496,-4.868552],[-47.304927,-4.867718],[-47.30486,-4.866795],[-47.304233,-4.86561],[-47.303798,-4.864792],[-47.303874,-4.863859],[-47.303748,-4.862931],[-47.302705,-4.862615],[-47.301953,-4.861983],[-47.301674,-4.861126],[-47.300776,-4.861331],[-47.299821,-4.861634],[-47.299465,-4.8608],[-47.298766,-4.860174],[-47.297842,-4.860248],[-47.296904,-4.860094],[-47.296557,-4.860949],[-47.296134,-4.862211],[-47.295302,-4.861819],[-47.294746,-4.861103],[-47.294398,-4.860189],[-47.29369,-4.859365],[-47.293018,-4.858509],[-47.292314,-4.857821],[-47.291554,-4.857185],[-47.291084,-4.856222],[-47.291528,-4.855424],[-47.29269,-4.855279],[-47.293665,-4.855328],[-47.294297,-4.854662],[-47.294547,-4.853679],[-47.294872,-4.852647],[-47.295494,-4.851869],[-47.296173,-4.851183],[-47.296144,-4.850244],[-47.295746,-4.849366],[-47.295971,-4.84849],[-47.296673,-4.84779],[-47.297116,-4.846799],[-47.29781,-4.846141],[-47.298696,-4.845852],[-47.299524,-4.845496],[-47.299904,-4.844552],[-47.300499,-4.843835],[-47.300726,-4.842893],[-47.301318,-4.842096],[-47.30215,-4.841524],[-47.30265,-4.840694],[-47.302647,-4.83958],[-47.302222,-4.838681],[-47.301391,-4.838192],[-47.300692,-4.837502],[-47.30038,-4.836231],[-47.300081,-4.835335],[-47.29965,-4.834461],[-47.299497,-4.833446],[-47.298966,-4.832696],[-47.297985,-4.831995],[-47.297132,-4.831525],[-47.297448,-4.830677],[-47.297892,-4.829795],[-47.298249,-4.828695],[-47.298505,-4.82771],[-47.298762,-4.826495],[-47.29918,-4.825701],[-47.300102,-4.825598],[-47.301051,-4.825917],[-47.301806,-4.825433],[-47.301921,-4.824479],[-47.301792,-4.823232],[-47.301478,-4.822299],[-47.301607,-4.821339],[-47.302008,-4.820462],[-47.302276,-4.819489],[-47.30248,-4.818615],[-47.302254,-4.817687],[-47.302171,-4.816711],[-47.301962,-4.815833],[-47.30194,-4.814777],[-47.301991,-4.813828],[-47.301405,-4.812882],[-47.301279,-4.811954],[-47.302096,-4.811437],[-47.302692,-4.810749],[-47.302684,-4.809685],[-47.302478,-4.808708],[-47.302743,-4.807715],[-47.302628,-4.806801],[-47.301715,-4.806408],[-47.300791,-4.806135],[-47.300433,-4.805292],[-47.300832,-4.804466],[-47.301507,-4.803866],[-47.301967,-4.803091],[-47.301704,-4.802034],[-47.302373,-4.800412],[-47.301628,-4.799899],[-47.301177,-4.7991],[-47.300139,-4.798743],[-47.298846,-4.798385],[-47.297946,-4.798026],[-47.297276,-4.797305],[-47.296591,-4.796592],[-47.296063,-4.795864],[-47.295867,-4.794925],[-47.296302,-4.794077],[-47.295901,-4.793221],[-47.295881,-4.792307],[-47.295823,-4.791342],[-47.295879,-4.79038],[-47.295365,-4.789642],[-47.29476,-4.788853],[-47.294085,-4.787999],[-47.293566,-4.787267],[-47.292838,-4.786741],[-47.292054,-4.78627],[-47.291426,-4.785622],[-47.290549,-4.785383],[-47.290277,-4.784455],[-47.291043,-4.78384],[-47.291481,-4.783006],[-47.292081,-4.782097],[-47.292132,-4.781133],[-47.29188,-4.779895],[-47.291713,-4.779007],[-47.291383,-4.778088],[-47.291663,-4.77719],[-47.291429,-4.776295],[-47.291518,-4.775365],[-47.291537,-4.773952],[-47.291487,-4.772759],[-47.291074,-4.771912],[-47.290688,-4.770972],[-47.289846,-4.770633],[-47.288694,-4.770427],[-47.288027,-4.771056],[-47.28838,-4.771889],[-47.288625,-4.772841],[-47.288082,-4.773646],[-47.287142,-4.773983],[-47.286222,-4.773672],[-47.285895,-4.772834],[-47.285405,-4.772082],[-47.285495,-4.771169],[-47.28571,-4.770136],[-47.285223,-4.769374],[-47.284375,-4.768683],[-47.283938,-4.767887],[-47.283134,-4.767282],[-47.282287,-4.766601],[-47.281668,-4.765832],[-47.281395,-4.764888],[-47.280527,-4.76447],[-47.279763,-4.763978],[-47.279413,-4.763103],[-47.279372,-4.762152],[-47.278925,-4.761245],[-47.279778,-4.760846],[-47.280198,-4.759967],[-47.280703,-4.759212],[-47.28081,-4.758302],[-47.280673,-4.757069],[-47.280427,-4.75618],[-47.280404,-4.755057],[-47.281125,-4.754264],[-47.281343,-4.753279],[-47.28192,-4.75248],[-47.282833,-4.751747],[-47.283384,-4.750964],[-47.283203,-4.75007],[-47.282563,-4.749399],[-47.281657,-4.749246],[-47.281441,-4.748322],[-47.28055,-4.747964],[-47.279769,-4.748518],[-47.278924,-4.748919],[-47.27807,-4.748548],[-47.27737,-4.747958],[-47.276395,-4.747908],[-47.275492,-4.747705],[-47.27471,-4.747234],[-47.273932,-4.746784],[-47.273478,-4.745942],[-47.273505,-4.744989],[-47.273387,-4.744089],[-47.272822,-4.743296],[-47.272324,-4.74216],[-47.271919,-4.74127],[-47.271191,-4.740457],[-47.27056,-4.739788],[-47.269649,-4.740133],[-47.268776,-4.739701],[-47.268389,-4.738846],[-47.268355,-4.737817],[-47.268239,-4.736881],[-47.267995,-4.73592],[-47.268364,-4.735045],[-47.268825,-4.734246],[-47.269516,-4.733543],[-47.270019,-4.73279],[-47.270772,-4.7323],[-47.271099,-4.73144],[-47.271357,-4.73052],[-47.271886,-4.729783],[-47.2726,-4.7291],[-47.273641,-4.728978],[-47.274653,-4.728733],[-47.275517,-4.728143],[-47.276407,-4.727895],[-47.277409,-4.728198],[-47.278346,-4.72813],[-47.278632,-4.727232],[-47.278102,-4.726459],[-47.277835,-4.725456],[-47.278505,-4.724773],[-47.279261,-4.724102],[-47.280078,-4.723553],[-47.280793,-4.722878],[-47.282368,-4.722638],[-47.283278,-4.722237],[-47.284194,-4.722081],[-47.284906,-4.721252],[-47.285492,-4.720472],[-47.286068,-4.719784],[-47.285658,-4.718921],[-47.285294,-4.718056],[-47.286102,-4.717508],[-47.286588,-4.716372],[-47.286776,-4.715436],[-47.286562,-4.714403],[-47.286269,-4.71348],[-47.286371,-4.712489],[-47.287128,-4.71197],[-47.288102,-4.712006],[-47.288869,-4.711516],[-47.289668,-4.710781],[-47.290356,-4.710078],[-47.290889,-4.709356],[-47.291691,-4.708896],[-47.292257,-4.708093],[-47.291995,-4.707192],[-47.29143,-4.706486],[-47.291119,-4.705565],[-47.290129,-4.705521],[-47.289359,-4.704944],[-47.289537,-4.70391],[-47.289564,-4.702916],[-47.289158,-4.702098],[-47.288265,-4.701737],[-47.287423,-4.701189],[-47.286242,-4.700138],[-47.28537,-4.6997],[-47.284477,-4.699356],[-47.283654,-4.698984],[-47.283114,-4.698128],[-47.282274,-4.697601],[-47.281903,-4.696773],[-47.28222,-4.69588],[-47.281771,-4.695046],[-47.281044,-4.694366],[-47.280197,-4.69396],[-47.280173,-4.692825],[-47.280623,-4.692037],[-47.280213,-4.691172],[-47.279748,-4.690365],[-47.280324,-4.689614],[-47.280605,-4.688645],[-47.280507,-4.687689],[-47.279793,-4.687136],[-47.278994,-4.686683],[-47.279481,-4.6859],[-47.279934,-4.685102],[-47.280549,-4.684012],[-47.280382,-4.682967],[-47.279855,-4.682228],[-47.278943,-4.68175],[-47.278047,-4.681629],[-47.278404,-4.680768],[-47.279162,-4.680225],[-47.279097,-4.679254],[-47.279414,-4.678162],[-47.279296,-4.67708],[-47.278475,-4.676563],[-47.277505,-4.676552],[-47.276618,-4.67717],[-47.275721,-4.677558],[-47.274722,-4.677566],[-47.27386,-4.67803],[-47.272971,-4.678432],[-47.271799,-4.678873],[-47.27102,-4.678392],[-47.270577,-4.677541],[-47.26948,-4.677309],[-47.268647,-4.676903],[-47.267895,-4.676323],[-47.268065,-4.67531],[-47.267963,-4.674416],[-47.266812,-4.673751],[-47.265704,-4.673631],[-47.264718,-4.673712],[-47.263677,-4.673614],[-47.263029,-4.674299],[-47.262131,-4.674411],[-47.261483,-4.673653],[-47.260566,-4.673433],[-47.259717,-4.673769],[-47.259183,-4.674589],[-47.258999,-4.675719],[-47.258701,-4.676618],[-47.258046,-4.677352],[-47.257253,-4.677809],[-47.256503,-4.678588],[-47.254861,-4.67875],[-47.255566,-4.678045],[-47.255528,-4.677095],[-47.255146,-4.676256],[-47.25519,-4.67533],[-47.255494,-4.674459],[-47.255739,-4.673296],[-47.256171,-4.672503],[-47.256142,-4.671481],[-47.256384,-4.670534],[-47.25673,-4.66965],[-47.256375,-4.66878],[-47.255713,-4.668037],[-47.255281,-4.667208],[-47.254942,-4.666319],[-47.255177,-4.665371],[-47.255026,-4.664414],[-47.25491,-4.663442],[-47.255007,-4.66255],[-47.254278,-4.661687],[-47.253522,-4.661112],[-47.253545,-4.660145],[-47.253037,-4.6593],[-47.253074,-4.658367],[-47.252834,-4.657453],[-47.252011,-4.656604],[-47.251211,-4.655864],[-47.250473,-4.655183],[-47.250364,-4.654238],[-47.250726,-4.652957],[-47.250965,-4.652082],[-47.249899,-4.651498],[-47.249508,-4.65065],[-47.248839,-4.64991],[-47.24799,-4.649371],[-47.247176,-4.648796],[-47.246289,-4.648433],[-47.245496,-4.647976],[-47.24475,-4.647472],[-47.244252,-4.646715],[-47.243375,-4.646301],[-47.242517,-4.64593],[-47.242326,-4.644995],[-47.241616,-4.644444],[-47.241438,-4.643447],[-47.241037,-4.642577],[-47.240862,-4.641521],[-47.240339,-4.640779],[-47.239305,-4.640694],[-47.239459,-4.639713],[-47.240233,-4.638984],[-47.241162,-4.638441],[-47.241708,-4.637542],[-47.241845,-4.636512],[-47.242035,-4.635567],[-47.242087,-4.634369],[-47.242349,-4.633321],[-47.242772,-4.632493],[-47.243634,-4.632004],[-47.244099,-4.631193],[-47.244363,-4.630274],[-47.24503,-4.629596],[-47.244595,-4.628748],[-47.243727,-4.62846],[-47.243356,-4.627591],[-47.243434,-4.626664],[-47.243121,-4.625746],[-47.242708,-4.624898],[-47.243378,-4.624212],[-47.24412,-4.623457],[-47.244496,-4.622589],[-47.24475,-4.621681],[-47.245394,-4.621054],[-47.246387,-4.621102],[-47.247263,-4.621412],[-47.248062,-4.62085],[-47.249053,-4.620614],[-47.249971,-4.620273],[-47.25092,-4.620248],[-47.251734,-4.61979],[-47.252392,-4.618887],[-47.253349,-4.618598],[-47.253913,-4.617814],[-47.253925,-4.616913],[-47.254017,-4.61595],[-47.254675,-4.615252],[-47.254937,-4.614237],[-47.255338,-4.613397],[-47.255146,-4.611249],[-47.254621,-4.61044],[-47.253877,-4.609822],[-47.253565,-4.608935],[-47.252592,-4.60886],[-47.251715,-4.609168],[-47.251434,-4.608264],[-47.251224,-4.607167],[-47.25062,-4.606351],[-47.250162,-4.605496],[-47.24955,-4.604679],[-47.248979,-4.603686],[-47.248633,-4.602743],[-47.248102,-4.601873],[-47.247914,-4.600956],[-47.248628,-4.600388],[-47.248733,-4.599486],[-47.248243,-4.598705],[-47.247767,-4.597925],[-47.248121,-4.596997],[-47.247917,-4.595996],[-47.246809,-4.595129],[-47.246129,-4.594496],[-47.245319,-4.593728],[-47.244771,-4.59286],[-47.244473,-4.591818],[-47.245132,-4.59112],[-47.244451,-4.590435],[-47.243491,-4.590612],[-47.242889,-4.589917],[-47.242032,-4.590344],[-47.241164,-4.590789],[-47.240243,-4.590833],[-47.2396,-4.590078],[-47.239257,-4.588837],[-47.238936,-4.587997],[-47.238536,-4.587153],[-47.238537,-4.586168],[-47.238487,-4.585267],[-47.23772,-4.584619],[-47.237386,-4.583681],[-47.237173,-4.582701],[-47.237316,-4.581696],[-47.237319,-4.580794],[-47.23699,-4.57996],[-47.236178,-4.579101],[-47.235386,-4.578503],[-47.234685,-4.577536],[-47.234239,-4.576729],[-47.233485,-4.575941],[-47.233201,-4.574986],[-47.233482,-4.574046],[-47.234132,-4.573304],[-47.234128,-4.572384],[-47.233841,-4.571451],[-47.232872,-4.571192],[-47.232015,-4.570754],[-47.231311,-4.570073],[-47.231301,-4.569082],[-47.231531,-4.567629],[-47.232422,-4.567215],[-47.233278,-4.566889],[-47.234141,-4.566364],[-47.234934,-4.565906],[-47.235445,-4.565088],[-47.236287,-4.564597],[-47.237726,-4.564242],[-47.238271,-4.563508],[-47.239229,-4.563131],[-47.240235,-4.563516],[-47.241397,-4.563692],[-47.242197,-4.563277],[-47.243021,-4.562739],[-47.243389,-4.561756],[-47.243505,-4.560844],[-47.244091,-4.560098],[-47.244343,-4.559169],[-47.245087,-4.55855],[-47.244654,-4.557728],[-47.244042,-4.556997],[-47.243786,-4.556042],[-47.244206,-4.555191],[-47.244925,-4.554497],[-47.245565,-4.553767],[-47.24522,-4.552845],[-47.245205,-4.551881],[-47.245882,-4.551032],[-47.246328,-4.55022],[-47.246703,-4.549204],[-47.247583,-4.548798],[-47.248492,-4.548666],[-47.24941,-4.548489],[-47.250416,-4.548472],[-47.250422,-4.547348],[-47.250135,-4.546453],[-47.249473,-4.545757],[-47.248586,-4.54531],[-47.248665,-4.544394],[-47.248308,-4.54347],[-47.248298,-4.542464],[-47.248112,-4.541477],[-47.247072,-4.541248],[-47.246466,-4.539625],[-47.245592,-4.538751],[-47.245945,-4.53752],[-47.245805,-4.536567],[-47.245462,-4.535705],[-47.24501,-4.534648],[-47.244423,-4.533892],[-47.2445,-4.532974],[-47.244735,-4.532085],[-47.245424,-4.531251],[-47.244793,-4.530328],[-47.244512,-4.529429],[-47.245283,-4.528909],[-47.245759,-4.528141],[-47.246303,-4.527248],[-47.245146,-4.52625],[-47.245735,-4.525331],[-47.246371,-4.52458],[-47.246221,-4.523551],[-47.245816,-4.522708],[-47.246134,-4.521855],[-47.247029,-4.521715],[-47.247839,-4.521186],[-47.247948,-4.520276],[-47.248196,-4.518743],[-47.248832,-4.517443],[-47.249396,-4.516618],[-47.249789,-4.515727],[-47.250024,-4.514745],[-47.250384,-4.513882],[-47.250567,-4.51292],[-47.251214,-4.512154],[-47.252178,-4.511998],[-47.253116,-4.511841],[-47.253828,-4.511002],[-47.254765,-4.510811],[-47.255823,-4.510747],[-47.256799,-4.510547],[-47.257316,-4.509803],[-47.257159,-4.508832],[-47.257241,-4.507822],[-47.257096,-4.506908],[-47.257102,-4.505702],[-47.257295,-4.504744],[-47.257521,-4.503633],[-47.258252,-4.502975],[-47.259141,-4.502475],[-47.260097,-4.502181],[-47.260804,-4.501499],[-47.26128,-4.500725],[-47.262013,-4.499999],[-47.262628,-4.499309],[-47.263274,-4.498655],[-47.263129,-4.497717],[-47.262891,-4.496797],[-47.262386,-4.495947],[-47.26227,-4.495042],[-47.262488,-4.494161],[-47.262283,-4.493163],[-47.261651,-4.49252],[-47.260874,-4.491619],[-47.260244,-4.490877],[-47.260369,-4.489882],[-47.260086,-4.488811],[-47.259654,-4.48796],[-47.259274,-4.486758],[-47.258531,-4.486189],[-47.257818,-4.485503],[-47.257301,-4.484758],[-47.256945,-4.483873],[-47.257611,-4.483165],[-47.258032,-4.48232],[-47.257589,-4.481445],[-47.256958,-4.480755],[-47.256931,-4.479778],[-47.257043,-4.478644],[-47.256694,-4.477746],[-47.256239,-4.476934],[-47.256252,-4.475984],[-47.257121,-4.47535],[-47.257748,-4.474402],[-47.257872,-4.473462],[-47.257553,-4.472611],[-47.257943,-4.471705],[-47.258723,-4.471225],[-47.259348,-4.470465],[-47.25943,-4.469492],[-47.259672,-4.468428],[-47.259751,-4.467319],[-47.260324,-4.466575],[-47.261159,-4.466024],[-47.261805,-4.465139],[-47.261759,-4.464184],[-47.261434,-4.463333],[-47.260598,-4.463792],[-47.259706,-4.46417],[-47.258984,-4.463255],[-47.258135,-4.462843],[-47.25715,-4.462295],[-47.256526,-4.461635],[-47.256258,-4.460417],[-47.256921,-4.45977],[-47.257846,-4.459272],[-47.258701,-4.458691],[-47.259255,-4.457967],[-47.259409,-4.457055],[-47.259038,-4.456121],[-47.259055,-4.45504],[-47.259276,-4.454138],[-47.259366,-4.453158],[-47.259647,-4.452188],[-47.260348,-4.451597],[-47.260979,-4.450808],[-47.261807,-4.450405],[-47.262333,-4.449601],[-47.26201,-4.448441],[-47.261945,-4.44748],[-47.261587,-4.446529],[-47.261625,-4.445577],[-47.261305,-4.44459],[-47.261352,-4.443632],[-47.260871,-4.442874],[-47.260364,-4.442009],[-47.260464,-4.440982],[-47.259961,-4.440197],[-47.259516,-4.439245],[-47.259018,-4.438198],[-47.258079,-4.437423],[-47.257153,-4.437347],[-47.256254,-4.437079],[-47.255492,-4.436588],[-47.25467,-4.436017],[-47.253924,-4.435252],[-47.252983,-4.435359],[-47.25214,-4.434951],[-47.251692,-4.434145],[-47.251062,-4.433104],[-47.250373,-4.432122],[-47.249623,-4.431539],[-47.248663,-4.431355],[-47.247708,-4.431307],[-47.246847,-4.431049],[-47.245876,-4.430514],[-47.244998,-4.429725],[-47.244185,-4.429315],[-47.243217,-4.429212],[-47.242356,-4.428761],[-47.241535,-4.428255],[-47.240874,-4.427449],[-47.240177,-4.426789],[-47.240058,-4.425899],[-47.239651,-4.425078],[-47.239107,-4.424341],[-47.238732,-4.423127],[-47.238188,-4.42235],[-47.237198,-4.422113],[-47.236333,-4.422379],[-47.235582,-4.42294],[-47.23467,-4.422909],[-47.233976,-4.423952],[-47.233205,-4.424425],[-47.232444,-4.423687],[-47.231777,-4.42308],[-47.230857,-4.422733],[-47.230319,-4.421988],[-47.23087,-4.421198],[-47.229873,-4.420131],[-47.229238,-4.419267],[-47.228609,-4.418611],[-47.228196,-4.41777],[-47.227457,-4.417093],[-47.227432,-4.416111],[-47.227144,-4.415075],[-47.226748,-4.414117],[-47.226413,-4.413227],[-47.226616,-4.412323],[-47.227139,-4.411523],[-47.226611,-4.410769],[-47.225986,-4.409995],[-47.225664,-4.408921],[-47.225344,-4.408029],[-47.224505,-4.407597],[-47.223771,-4.407005],[-47.22311,-4.406048],[-47.22252,-4.405313],[-47.222577,-4.404378],[-47.222353,-4.403268],[-47.222023,-4.402315],[-47.221527,-4.400972],[-47.220626,-4.40067],[-47.220196,-4.399804],[-47.219027,-4.398479],[-47.217909,-4.399611],[-47.217287,-4.4004],[-47.216461,-4.400912],[-47.21563,-4.401605],[-47.214708,-4.401875],[-47.213765,-4.401924],[-47.213677,-4.402844],[-47.213938,-4.403819],[-47.213934,-4.404766],[-47.214229,-4.40563],[-47.213502,-4.406222],[-47.212521,-4.406275],[-47.211585,-4.406473],[-47.210614,-4.407006],[-47.209888,-4.407536],[-47.209158,-4.408182],[-47.208107,-4.408256],[-47.207008,-4.408002],[-47.206075,-4.40775],[-47.205037,-4.407627],[-47.204047,-4.407342],[-47.203216,-4.406915],[-47.20276,-4.406134],[-47.202712,-4.405207],[-47.202962,-4.40426],[-47.202643,-4.403346],[-47.201841,-4.402918],[-47.200983,-4.402638],[-47.200349,-4.401939],[-47.200018,-4.401081],[-47.199567,-4.400254],[-47.198632,-4.399942],[-47.197761,-4.399618],[-47.197792,-4.398668],[-47.197682,-4.397664],[-47.197745,-4.396757],[-47.197094,-4.395973],[-47.196193,-4.395368],[-47.195611,-4.394525],[-47.195027,-4.393716],[-47.194754,-4.39275],[-47.193942,-4.392303],[-47.193003,-4.392004],[-47.192421,-4.391305],[-47.191608,-4.390615],[-47.19069,-4.390283],[-47.190376,-4.389291],[-47.190099,-4.388373],[-47.189739,-4.387482],[-47.189147,-4.386684],[-47.188716,-4.385858],[-47.188071,-4.385197],[-47.187071,-4.385221],[-47.186159,-4.385621],[-47.185217,-4.385353],[-47.18439,-4.384781],[-47.183509,-4.384381],[-47.182633,-4.38416],[-47.18187,-4.383625],[-47.181001,-4.383872],[-47.180694,-4.382639],[-47.180687,-4.381725],[-47.180642,-4.380681],[-47.18053,-4.379764],[-47.181118,-4.379042],[-47.1819,-4.378568],[-47.182459,-4.377728],[-47.183065,-4.37689],[-47.182945,-4.375994],[-47.182827,-4.374664],[-47.183514,-4.374078],[-47.184529,-4.373417],[-47.185249,-4.372741],[-47.185624,-4.371882],[-47.185534,-4.370913],[-47.185661,-4.370005],[-47.18524,-4.369209],[-47.18459,-4.368466],[-47.184501,-4.36739],[-47.184872,-4.366254],[-47.183546,-4.365651],[-47.18352,-4.364651],[-47.183563,-4.36372],[-47.183202,-4.362779],[-47.183045,-4.361891],[-47.183151,-4.360955],[-47.182592,-4.360179],[-47.181811,-4.359431],[-47.182037,-4.358478],[-47.181876,-4.357568],[-47.181812,-4.356527],[-47.180901,-4.356458],[-47.180377,-4.355457],[-47.179514,-4.35506],[-47.17875,-4.354474],[-47.178646,-4.353584],[-47.177732,-4.353326],[-47.1769,-4.352957],[-47.175959,-4.352245],[-47.175055,-4.352619],[-47.174091,-4.352443],[-47.173115,-4.352157],[-47.172054,-4.352443],[-47.171219,-4.351774],[-47.170283,-4.351609],[-47.169473,-4.351096],[-47.168744,-4.350459],[-47.167782,-4.350269],[-47.166873,-4.34995],[-47.165834,-4.350101],[-47.164751,-4.349839],[-47.163812,-4.349563],[-47.163135,-4.348846],[-47.16239,-4.348261],[-47.161332,-4.348149],[-47.160393,-4.348109],[-47.159674,-4.348716],[-47.158806,-4.349014],[-47.158194,-4.348194],[-47.158447,-4.347311],[-47.159134,-4.346574],[-47.159853,-4.345952],[-47.160098,-4.344988],[-47.160371,-4.34411],[-47.161291,-4.344226],[-47.162196,-4.343573],[-47.163024,-4.343],[-47.162615,-4.342173],[-47.161754,-4.341345],[-47.160917,-4.340811],[-47.160295,-4.340049],[-47.159992,-4.339121],[-47.160093,-4.338224],[-47.160056,-4.337328],[-47.160002,-4.336371],[-47.160368,-4.335401],[-47.160467,-4.334434],[-47.161019,-4.33351],[-47.161587,-4.332811],[-47.162236,-4.332164],[-47.161607,-4.331485],[-47.16125,-4.330128],[-47.160117,-4.32946],[-47.159197,-4.32912],[-47.15827,-4.329029],[-47.15734,-4.32912],[-47.156444,-4.32932],[-47.155632,-4.328815],[-47.154683,-4.328609],[-47.153789,-4.328862],[-47.153051,-4.328341],[-47.153016,-4.327382],[-47.152625,-4.32655],[-47.152123,-4.325797],[-47.151752,-4.324816],[-47.151654,-4.323882],[-47.15151,-4.322765],[-47.151162,-4.321764],[-47.151055,-4.320852],[-47.150608,-4.320069],[-47.150971,-4.319193],[-47.151939,-4.319164],[-47.15264,-4.318584],[-47.152576,-4.31764],[-47.151929,-4.316969],[-47.151161,-4.316466],[-47.150359,-4.315922],[-47.149452,-4.316103],[-47.148438,-4.316324],[-47.147296,-4.316663],[-47.146353,-4.316597],[-47.146125,-4.315612],[-47.145952,-4.314645],[-47.145366,-4.313948],[-47.144565,-4.314477],[-47.143562,-4.314513],[-47.143182,-4.313591],[-47.143176,-4.31257],[-47.143066,-4.311649],[-47.14236,-4.310705],[-47.141384,-4.310877],[-47.140325,-4.310615],[-47.139412,-4.310411],[-47.138833,-4.311187],[-47.138024,-4.311607],[-47.13703,-4.31163],[-47.136288,-4.312254],[-47.135129,-4.312661],[-47.134371,-4.313149],[-47.13369,-4.313968],[-47.132858,-4.314664],[-47.132311,-4.315589],[-47.131287,-4.316358],[-47.130416,-4.316806],[-47.130278,-4.315804],[-47.129907,-4.314915],[-47.129435,-4.314047],[-47.129304,-4.313135],[-47.128656,-4.31232],[-47.128566,-4.311356],[-47.12865,-4.310363],[-47.12862,-4.309434],[-47.129223,-4.308636],[-47.129641,-4.307838],[-47.130389,-4.307332],[-47.131065,-4.306468],[-47.131513,-4.305566],[-47.131341,-4.304653],[-47.130769,-4.303885],[-47.130687,-4.302919],[-47.130729,-4.301926],[-47.130785,-4.30085],[-47.130891,-4.299903],[-47.131408,-4.299072],[-47.131066,-4.298218],[-47.130851,-4.297307],[-47.131222,-4.296372],[-47.131303,-4.295263],[-47.131246,-4.294292],[-47.130786,-4.293388],[-47.130311,-4.292605],[-47.129956,-4.2917],[-47.129715,-4.290824],[-47.129504,-4.289883],[-47.129987,-4.289003],[-47.130108,-4.288022],[-47.129692,-4.287126],[-47.128581,-4.286769],[-47.127869,-4.285985],[-47.127149,-4.285281],[-47.126797,-4.284305],[-47.125869,-4.285742],[-47.12502,-4.286074],[-47.124445,-4.285291],[-47.123716,-4.284755],[-47.122747,-4.284686],[-47.12184,-4.284947],[-47.120968,-4.284626],[-47.120127,-4.284309],[-47.118972,-4.283027],[-47.118519,-4.282165],[-47.117761,-4.281411],[-47.11742,-4.280498],[-47.116617,-4.279632],[-47.115761,-4.2791],[-47.114907,-4.278565],[-47.114115,-4.277967],[-47.113101,-4.277452],[-47.112522,-4.276635],[-47.111766,-4.276143],[-47.110805,-4.276094],[-47.109877,-4.276175],[-47.109302,-4.275286],[-47.108379,-4.275302],[-47.107449,-4.275187],[-47.106681,-4.274706],[-47.105758,-4.274545],[-47.104764,-4.274537],[-47.103894,-4.274166],[-47.103484,-4.273317],[-47.102623,-4.272926],[-47.101665,-4.272866],[-47.100962,-4.273477],[-47.099999,-4.272501],[-47.099682,-4.271567],[-47.098935,-4.270926],[-47.098237,-4.270318],[-47.097599,-4.269623],[-47.096725,-4.269106],[-47.09588,-4.268722],[-47.095134,-4.268052],[-47.095041,-4.267123],[-47.094867,-4.26611],[-47.094078,-4.265647],[-47.093285,-4.265201],[-47.092357,-4.265029],[-47.091628,-4.264494],[-47.091074,-4.26376],[-47.090143,-4.263184],[-47.089954,-4.262214],[-47.090432,-4.261212],[-47.090053,-4.260384],[-47.090163,-4.259401],[-47.090945,-4.258831],[-47.091892,-4.258546],[-47.092162,-4.25763],[-47.092037,-4.25672],[-47.091712,-4.255863],[-47.091501,-4.254939],[-47.091037,-4.254081],[-47.090719,-4.253161],[-47.091066,-4.252296],[-47.092136,-4.252203],[-47.092364,-4.251131],[-47.091922,-4.250329],[-47.091831,-4.249372],[-47.092174,-4.248531],[-47.092239,-4.247636],[-47.091177,-4.24769],[-47.090343,-4.24803],[-47.089777,-4.247299],[-47.089979,-4.246405],[-47.090694,-4.244861],[-47.090005,-4.24422],[-47.088991,-4.2441],[-47.088052,-4.244257],[-47.08708,-4.243966],[-47.086162,-4.244222],[-47.085335,-4.244685],[-47.084367,-4.244535],[-47.083695,-4.243866],[-47.082605,-4.243574],[-47.082022,-4.242872],[-47.081507,-4.242108],[-47.080619,-4.241464],[-47.079998,-4.240692],[-47.079147,-4.240138],[-47.078115,-4.23991],[-47.077174,-4.239967],[-47.076639,-4.241082],[-47.076583,-4.241981],[-47.076498,-4.24289],[-47.075597,-4.242806],[-47.074285,-4.242923],[-47.073411,-4.243293],[-47.073015,-4.244142],[-47.072414,-4.244893],[-47.071431,-4.244833],[-47.070515,-4.244876],[-47.069709,-4.245377],[-47.068843,-4.244891],[-47.068247,-4.244124],[-47.067345,-4.24439],[-47.066457,-4.244787],[-47.065611,-4.244294],[-47.064624,-4.244347],[-47.063783,-4.243858],[-47.063046,-4.244417],[-47.062873,-4.24543],[-47.062096,-4.24597],[-47.061084,-4.245754],[-47.060171,-4.245451],[-47.058754,-4.245983],[-47.058054,-4.245349],[-47.057421,-4.244518],[-47.056894,-4.243648],[-47.056631,-4.242736],[-47.056732,-4.241736],[-47.056937,-4.240794],[-47.057741,-4.240228],[-47.057792,-4.239316],[-47.057,-4.238704],[-47.056346,-4.23809],[-47.056032,-4.237157],[-47.056151,-4.236207],[-47.056603,-4.235214],[-47.057326,-4.234677],[-47.057581,-4.233724],[-47.056796,-4.232378],[-47.056183,-4.231647],[-47.055411,-4.230944],[-47.055508,-4.229971],[-47.055909,-4.229066],[-47.055918,-4.22816],[-47.055589,-4.227199],[-47.054797,-4.226315],[-47.053831,-4.225613],[-47.052964,-4.225168],[-47.051985,-4.224952],[-47.051124,-4.224558],[-47.050446,-4.223931],[-47.049607,-4.223462],[-47.049692,-4.222516],[-47.050212,-4.221751],[-47.050871,-4.221054],[-47.050354,-4.220223],[-47.049821,-4.219487],[-47.048976,-4.219112],[-47.048072,-4.219261],[-47.047129,-4.219122],[-47.046235,-4.219037],[-47.045459,-4.219489],[-47.044641,-4.220055],[-47.043691,-4.2198],[-47.042815,-4.21934],[-47.041998,-4.218949],[-47.041098,-4.219152],[-47.040238,-4.219891],[-47.039531,-4.220499],[-47.038797,-4.221106],[-47.038188,-4.222084],[-47.038116,-4.2231],[-47.03744,-4.223786],[-47.036967,-4.224573],[-47.037003,-4.225497],[-47.036698,-4.226422],[-47.035943,-4.22698],[-47.035848,-4.227902],[-47.035383,-4.228857],[-47.03479,-4.229621],[-47.033756,-4.229507],[-47.032837,-4.229675],[-47.031838,-4.229271],[-47.030937,-4.229085],[-47.030205,-4.228561],[-47.029668,-4.227828],[-47.028971,-4.227126],[-47.027998,-4.227147],[-47.027236,-4.227784],[-47.026383,-4.228185],[-47.025368,-4.228357],[-47.024788,-4.229345],[-47.024565,-4.230565],[-47.024128,-4.231358],[-47.023404,-4.231998],[-47.022481,-4.232285],[-47.021784,-4.232959],[-47.022437,-4.233654],[-47.023245,-4.234145],[-47.023358,-4.235044],[-47.023609,-4.235958],[-47.022634,-4.236196],[-47.021745,-4.23563],[-47.020895,-4.23492],[-47.019965,-4.23469],[-47.019187,-4.235145],[-47.018628,-4.235862],[-47.017599,-4.236326],[-47.016686,-4.236223],[-47.016127,-4.235504],[-47.016402,-4.234582],[-47.01586,-4.233846],[-47.014989,-4.233585],[-47.014222,-4.234209],[-47.013402,-4.234916],[-47.012907,-4.235744],[-47.011929,-4.235885],[-47.010981,-4.235725],[-47.009594,-4.235977],[-47.008625,-4.235272],[-47.008138,-4.234401],[-47.00744,-4.233671],[-47.006723,-4.232858],[-47.006041,-4.232119],[-47.005504,-4.231185],[-47.005081,-4.230169],[-47.004283,-4.229595],[-47.003787,-4.228712],[-47.003917,-4.227817],[-47.004667,-4.227167],[-47.0054,-4.226533],[-47.005287,-4.225564],[-47.005234,-4.224554],[-47.005516,-4.223698],[-47.004963,-4.222966],[-47.00437,-4.222234],[-47.00414,-4.221279],[-47.003421,-4.220607],[-47.002752,-4.219886],[-47.001893,-4.219218],[-47.001147,-4.218713],[-47.000301,-4.217888],[-46.999574,-4.217192],[-46.99856,-4.217133],[-46.997585,-4.21726],[-46.997711,-4.216361],[-46.998154,-4.215441],[-46.998266,-4.214436],[-46.998483,-4.213554],[-46.999218,-4.212928],[-46.99982,-4.21221],[-47.000588,-4.212696],[-47.001352,-4.211873],[-47.000864,-4.210677],[-47.000727,-4.209709],[-47.000807,-4.208802],[-47.000332,-4.208002],[-46.999613,-4.207321],[-46.9986,-4.20714],[-46.997685,-4.207456],[-46.996726,-4.207037],[-46.995923,-4.20644],[-46.995059,-4.206182],[-46.994107,-4.205869],[-46.99356,-4.205099],[-46.994388,-4.204123],[-46.995002,-4.203359],[-46.995225,-4.202431],[-46.995335,-4.201477],[-46.995391,-4.200517],[-46.995377,-4.199609],[-46.995121,-4.198742],[-46.994276,-4.198086],[-46.993344,-4.197812],[-46.991524,-4.197907],[-46.990704,-4.196492],[-46.990572,-4.19525],[-46.990234,-4.194355],[-46.990043,-4.193371],[-46.989883,-4.192484],[-46.990219,-4.19161],[-46.99079,-4.190749],[-46.990502,-4.189898],[-46.990413,-4.18895],[-46.990421,-4.18794],[-46.990627,-4.187002],[-46.99107,-4.185927],[-46.99054,-4.184872],[-46.989988,-4.184043],[-46.989193,-4.183447],[-46.988397,-4.18288],[-46.987692,-4.182167],[-46.986941,-4.181662],[-46.986042,-4.18151],[-46.985154,-4.18111],[-46.985297,-4.180188],[-46.985967,-4.179359],[-46.986185,-4.17839],[-46.986265,-4.177489],[-46.987171,-4.177669],[-46.988064,-4.177505],[-46.988442,-4.176626],[-46.988886,-4.175813],[-46.988373,-4.175028],[-46.98843,-4.174059],[-46.988582,-4.173039],[-46.988963,-4.172134],[-46.989221,-4.171273],[-46.989297,-4.170322],[-46.98972,-4.169371],[-46.990635,-4.169101],[-46.991442,-4.168512],[-46.992373,-4.168148],[-46.993372,-4.168197],[-46.993951,-4.167427],[-46.994797,-4.166677],[-46.995703,-4.166531],[-46.996068,-4.165674],[-46.996606,-4.164933],[-46.997199,-4.164194],[-46.997273,-4.163219],[-46.997717,-4.16214],[-46.998511,-4.161711],[-46.999431,-4.161644],[-47.000047,-4.16091],[-47.000968,-4.160749],[-47.001768,-4.16022],[-47.002377,-4.159522],[-47.002606,-4.158651],[-47.002644,-4.157667],[-47.002598,-4.1565],[-47.002515,-4.155507],[-47.003295,-4.154978],[-47.004165,-4.154716],[-47.004126,-4.153795],[-47.004023,-4.15263],[-47.004868,-4.152214],[-47.005114,-4.15135],[-47.005652,-4.15058],[-47.005792,-4.149618],[-47.005422,-4.148748],[-47.003494,-4.148802],[-47.002558,-4.149115],[-47.001956,-4.149818],[-47.000967,-4.149617],[-47.000269,-4.148907],[-46.999372,-4.148686],[-46.998496,-4.148281],[-46.997665,-4.14789],[-46.99701,-4.147155],[-46.996316,-4.146456],[-46.995553,-4.145832],[-46.994745,-4.145392],[-46.994492,-4.144431],[-46.993867,-4.143732],[-46.993777,-4.142743],[-46.993937,-4.141782],[-46.994583,-4.141143],[-46.994524,-4.140215],[-46.994246,-4.13917],[-46.993677,-4.138408],[-46.993338,-4.13749],[-46.99271,-4.136726],[-46.992224,-4.135903],[-46.991398,-4.135496],[-46.990434,-4.135265],[-46.989668,-4.134507],[-46.989502,-4.13362],[-46.989373,-4.132709],[-46.988616,-4.132223],[-46.988214,-4.131398],[-46.988038,-4.130432],[-46.987445,-4.129627],[-46.986638,-4.129166],[-46.985497,-4.129125],[-46.984596,-4.12957],[-46.984041,-4.128695],[-46.983774,-4.127641],[-46.983804,-4.126645],[-46.983915,-4.125655],[-46.983132,-4.125097],[-46.982537,-4.12441],[-46.982123,-4.123393],[-46.98175,-4.122413],[-46.981182,-4.121585],[-46.980161,-4.120884],[-46.979235,-4.12103],[-46.978293,-4.12088],[-46.978065,-4.119973],[-46.97771,-4.118917],[-46.977888,-4.117938],[-46.978195,-4.117072],[-46.979162,-4.116948],[-46.980155,-4.117054],[-46.981098,-4.116659],[-46.981994,-4.116298],[-46.982858,-4.115962],[-46.983617,-4.115393],[-46.983819,-4.114487],[-46.984254,-4.11366],[-46.985194,-4.113907],[-46.986009,-4.113228],[-46.986864,-4.112916],[-46.987779,-4.113039],[-46.988536,-4.11371],[-46.989361,-4.11423],[-46.989888,-4.113489],[-46.990758,-4.113042],[-46.991673,-4.113181],[-46.992643,-4.113168],[-46.99359,-4.112761],[-46.994508,-4.11234],[-46.995194,-4.111463],[-46.995582,-4.110634],[-46.996491,-4.110468],[-46.997322,-4.109982],[-46.99822,-4.110223],[-46.99907,-4.109324],[-46.999911,-4.10887],[-47.000752,-4.108149],[-47.001133,-4.107249],[-47.001375,-4.10627],[-47.002052,-4.1056],[-47.00262,-4.10484],[-47.002729,-4.103928],[-47.002551,-4.102999],[-47.002875,-4.102104],[-47.00296,-4.101036],[-47.003207,-4.100141],[-47.002977,-4.099249],[-47.003404,-4.098441],[-47.003303,-4.097538],[-47.003286,-4.096599],[-47.003693,-4.09576],[-47.00311,-4.094963],[-47.002304,-4.094507],[-47.001448,-4.093966],[-47.000946,-4.092894],[-47.000487,-4.092073],[-46.99958,-4.092221],[-46.998623,-4.091789],[-46.997809,-4.091349],[-46.996879,-4.091554],[-46.996256,-4.092482],[-46.995286,-4.092845],[-46.994284,-4.092956],[-46.993125,-4.093269],[-46.992163,-4.093379],[-46.991639,-4.092533],[-46.99116,-4.091772],[-46.990346,-4.091026],[-46.989465,-4.091401],[-46.988784,-4.091995],[-46.987758,-4.091841],[-46.986892,-4.091137],[-46.986106,-4.090674],[-46.985717,-4.091654],[-46.984788,-4.091873],[-46.983914,-4.09211],[-46.983153,-4.092748],[-46.982243,-4.093036],[-46.981256,-4.092706],[-46.980361,-4.092593],[-46.979809,-4.09165],[-46.979537,-4.090796],[-46.978943,-4.090081],[-46.978438,-4.08933],[-46.977481,-4.089053],[-46.976564,-4.089228],[-46.975847,-4.088671],[-46.975695,-4.087721],[-46.975114,-4.086972],[-46.974427,-4.086261],[-46.973461,-4.08601],[-46.972526,-4.086143],[-46.971604,-4.085903],[-46.971212,-4.0846],[-46.970889,-4.083695],[-46.969295,-4.082915],[-46.968144,-4.08389],[-46.967214,-4.083978],[-46.966567,-4.083303],[-46.965866,-4.08246],[-46.96495,-4.082139],[-46.964046,-4.082132],[-46.963086,-4.082247],[-46.962152,-4.08242],[-46.961125,-4.08215],[-46.960193,-4.08203],[-46.959434,-4.08153],[-46.959083,-4.080622],[-46.959135,-4.079702],[-46.958262,-4.079487],[-46.957431,-4.079082],[-46.956932,-4.078283],[-46.956249,-4.07765],[-46.954942,-4.078443],[-46.954437,-4.079302],[-46.95364,-4.079763],[-46.952751,-4.079918],[-46.951754,-4.08002],[-46.950822,-4.079783],[-46.950302,-4.080524],[-46.950117,-4.081413],[-46.949178,-4.081278],[-46.948421,-4.080762],[-46.947983,-4.079917],[-46.947712,-4.07895],[-46.94725,-4.078016],[-46.946712,-4.077177],[-46.946316,-4.076332],[-46.945454,-4.076687],[-46.944658,-4.077215],[-46.944397,-4.078145],[-46.943951,-4.078952],[-46.943439,-4.079691],[-46.942564,-4.080127],[-46.941532,-4.080383],[-46.940614,-4.080951],[-46.941074,-4.081812],[-46.940698,-4.082644],[-46.939545,-4.082834],[-46.938706,-4.082436],[-46.93788,-4.082864],[-46.936856,-4.083396],[-46.936015,-4.083791],[-46.935313,-4.084536],[-46.934129,-4.084966],[-46.93328,-4.085515],[-46.932626,-4.086209],[-46.932769,-4.087106],[-46.932272,-4.087856],[-46.931562,-4.088619],[-46.930919,-4.089494],[-46.929996,-4.089591],[-46.928877,-4.08998],[-46.928242,-4.090629],[-46.92764,-4.091798],[-46.926029,-4.091707],[-46.92546,-4.092406],[-46.924649,-4.092922],[-46.923538,-4.09316],[-46.922663,-4.092761],[-46.922202,-4.091975],[-46.921269,-4.091744],[-46.92031,-4.091786],[-46.919399,-4.091579],[-46.918507,-4.091216],[-46.91783,-4.090498],[-46.917242,-4.089677],[-46.91641,-4.089328],[-46.915439,-4.089583],[-46.914892,-4.090665],[-46.914666,-4.091755],[-46.913998,-4.092471],[-46.913119,-4.092781],[-46.912231,-4.093075],[-46.911229,-4.093162],[-46.910316,-4.092885],[-46.909201,-4.092835],[-46.908286,-4.093085],[-46.907447,-4.0927],[-46.907057,-4.091885],[-46.906275,-4.091277],[-46.905262,-4.091362],[-46.904137,-4.091644],[-46.90333,-4.091127],[-46.902446,-4.090963],[-46.901528,-4.090557],[-46.901091,-4.089767],[-46.900964,-4.088749],[-46.902228,-4.08774],[-46.902587,-4.086864],[-46.902107,-4.086078],[-46.901179,-4.085771],[-46.900211,-4.085202],[-46.899712,-4.084448],[-46.899375,-4.083545],[-46.899441,-4.082626],[-46.898773,-4.081922],[-46.898309,-4.080973],[-46.898017,-4.080033],[-46.897421,-4.079251],[-46.896863,-4.078414],[-46.896338,-4.077399],[-46.895772,-4.076181],[-46.896122,-4.075293],[-46.896415,-4.074366],[-46.896082,-4.073471],[-46.896362,-4.072618],[-46.897407,-4.072435],[-46.898387,-4.072241],[-46.898618,-4.071366],[-46.897902,-4.07073],[-46.896879,-4.070199],[-46.896001,-4.069681],[-46.895848,-4.06877],[-46.896329,-4.067882],[-46.896066,-4.06697],[-46.895963,-4.066077],[-46.896842,-4.065607],[-46.897566,-4.06507],[-46.898432,-4.064683],[-46.899266,-4.064097],[-46.899995,-4.063454],[-46.900556,-4.062709],[-46.900838,-4.061827],[-46.899938,-4.061324],[-46.899084,-4.060584],[-46.899088,-4.059559],[-46.899007,-4.058618],[-46.898539,-4.057782],[-46.898246,-4.056889],[-46.897408,-4.056412],[-46.896338,-4.056425],[-46.895454,-4.056239],[-46.894903,-4.055502],[-46.895308,-4.054633],[-46.896048,-4.053972],[-46.895891,-4.053043],[-46.89566,-4.052105],[-46.89559,-4.051082],[-46.895599,-4.050174],[-46.895578,-4.049201],[-46.895269,-4.048316],[-46.894923,-4.047396],[-46.894919,-4.046493],[-46.895295,-4.045572],[-46.895932,-4.044936],[-46.896351,-4.043993],[-46.89561,-4.043256],[-46.894721,-4.043058],[-46.89405,-4.042456],[-46.893538,-4.041449],[-46.893972,-4.040661],[-46.894818,-4.040236],[-46.895379,-4.039498],[-46.895529,-4.038614],[-46.895349,-4.037723],[-46.896221,-4.037335],[-46.896727,-4.036542],[-46.897291,-4.035712],[-46.897483,-4.034818],[-46.896753,-4.034232],[-46.896098,-4.033485],[-46.894962,-4.033306],[-46.893968,-4.033461],[-46.893034,-4.033358],[-46.89226,-4.032735],[-46.891517,-4.032209],[-46.890554,-4.032324],[-46.889616,-4.032166],[-46.888573,-4.031701],[-46.888252,-4.030793],[-46.888251,-4.029878],[-46.888204,-4.02894],[-46.887897,-4.027939],[-46.887166,-4.027416],[-46.886444,-4.026883],[-46.885431,-4.02629],[-46.884482,-4.026417],[-46.883482,-4.02638],[-46.882495,-4.025705],[-46.881886,-4.024988],[-46.880972,-4.024583],[-46.88081,-4.025538],[-46.8812,-4.026437],[-46.881622,-4.027268],[-46.88226,-4.028022],[-46.882699,-4.029186],[-46.882841,-4.030198],[-46.882686,-4.031134],[-46.882605,-4.032086],[-46.881433,-4.032669],[-46.880577,-4.033216],[-46.880146,-4.034174],[-46.879259,-4.034657],[-46.878506,-4.035179],[-46.878176,-4.036049],[-46.877566,-4.036721],[-46.876679,-4.036408],[-46.875644,-4.036378],[-46.874698,-4.03629],[-46.874101,-4.035604],[-46.872955,-4.036058],[-46.871845,-4.03594],[-46.87089,-4.035773],[-46.86996,-4.035665],[-46.869802,-4.034718],[-46.869721,-4.033802],[-46.869786,-4.032844],[-46.869519,-4.03188],[-46.869195,-4.030969],[-46.86852,-4.03037],[-46.868175,-4.029198],[-46.867454,-4.028375],[-46.866534,-4.028034],[-46.865921,-4.02732],[-46.866062,-4.026365],[-46.866293,-4.025426],[-46.866275,-4.024479],[-46.866686,-4.023623],[-46.867248,-4.022894],[-46.867273,-4.021971],[-46.866776,-4.021147],[-46.865892,-4.0208],[-46.864899,-4.020886],[-46.863997,-4.020893],[-46.863003,-4.020818],[-46.861791,-4.021026],[-46.860906,-4.020631],[-46.859943,-4.020338],[-46.859303,-4.019318],[-46.857978,-4.019639],[-46.857155,-4.020166],[-46.856792,-4.02104],[-46.856821,-4.022071],[-46.857165,-4.022981],[-46.857358,-4.023894],[-46.856948,-4.024716],[-46.856772,-4.025714],[-46.855882,-4.026096],[-46.854907,-4.026165],[-46.85388,-4.026477],[-46.852969,-4.026337],[-46.852151,-4.026755],[-46.851649,-4.027616],[-46.850824,-4.028117],[-46.849853,-4.028473],[-46.849104,-4.027877],[-46.848197,-4.02778],[-46.847211,-4.028202],[-46.846359,-4.027823],[-46.845629,-4.027145],[-46.844992,-4.026449],[-46.844037,-4.026328],[-46.843255,-4.025868],[-46.842378,-4.026074],[-46.84174,-4.025414],[-46.840861,-4.025841],[-46.840575,-4.026841],[-46.840226,-4.027732],[-46.839476,-4.028366],[-46.839084,-4.029268],[-46.838552,-4.030016],[-46.837565,-4.029672],[-46.836869,-4.029104],[-46.835754,-4.029353],[-46.834963,-4.029904],[-46.834268,-4.030716],[-46.833367,-4.030829],[-46.832262,-4.030392],[-46.831619,-4.029662],[-46.832095,-4.028803],[-46.831421,-4.028196],[-46.830448,-4.028332],[-46.829689,-4.028854],[-46.829011,-4.029585],[-46.828054,-4.029751],[-46.827318,-4.029236],[-46.825979,-4.028473],[-46.82651,-4.027063],[-46.826872,-4.025814],[-46.827734,-4.025333],[-46.828616,-4.025649],[-46.829286,-4.025021],[-46.829626,-4.023787],[-46.829973,-4.022914],[-46.830895,-4.022829],[-46.831852,-4.023029],[-46.832801,-4.023019],[-46.833691,-4.02285],[-46.834572,-4.02233],[-46.834837,-4.021402],[-46.834226,-4.020633],[-46.834041,-4.019753],[-46.834566,-4.018946],[-46.835525,-4.018865],[-46.836401,-4.018548],[-46.836189,-4.017518],[-46.835923,-4.016587],[-46.835305,-4.015812],[-46.834635,-4.014807],[-46.834129,-4.013913],[-46.833882,-4.01305],[-46.833756,-4.012012],[-46.834328,-4.011271],[-46.834255,-4.010347],[-46.833585,-4.009642],[-46.833114,-4.008837],[-46.83262,-4.007931],[-46.831908,-4.007383],[-46.83071,-4.007231],[-46.829779,-4.007598],[-46.828721,-4.008016],[-46.82779,-4.007916],[-46.827128,-4.007186],[-46.826469,-4.006303],[-46.825604,-4.005911],[-46.824651,-4.005616],[-46.823712,-4.005712],[-46.823113,-4.004953],[-46.822672,-4.004049],[-46.822302,-4.002962],[-46.821426,-4.002174],[-46.821772,-4.001265],[-46.821671,-4.000285],[-46.820824,-3.99987],[-46.819711,-3.999445],[-46.819519,-3.998473],[-46.819213,-3.997588],[-46.81824,-3.997532],[-46.817368,-3.997895],[-46.816383,-3.998215],[-46.815506,-3.99794],[-46.815392,-3.996993],[-46.814961,-3.996153],[-46.814094,-3.995486],[-46.813131,-3.995054],[-46.812246,-3.994715],[-46.811301,-3.994396],[-46.810667,-3.993734],[-46.809877,-3.994247],[-46.808884,-3.994375],[-46.807868,-3.994408],[-46.807169,-3.995104],[-46.806661,-3.995884],[-46.805672,-3.995918],[-46.804727,-3.996116],[-46.8044,-3.997009],[-46.803678,-3.997599],[-46.802827,-3.998106],[-46.801942,-3.998672],[-46.800959,-3.998479],[-46.799941,-3.997542],[-46.799766,-3.996572],[-46.799051,-3.995957],[-46.798652,-3.994962],[-46.798128,-3.994094],[-46.79739,-3.9932],[-46.796971,-3.992194],[-46.796186,-3.991586],[-46.795468,-3.990863],[-46.795484,-3.989829],[-46.795681,-3.988854],[-46.795509,-3.987831],[-46.79478,-3.987307],[-46.794347,-3.986445],[-46.793982,-3.985455],[-46.793354,-3.98463],[-46.79242,-3.98442],[-46.791428,-3.984526],[-46.791164,-3.985435],[-46.790574,-3.986125],[-46.789673,-3.986051],[-46.788691,-3.985708],[-46.787697,-3.985631],[-46.7867,-3.985671],[-46.785983,-3.986255],[-46.785107,-3.985307],[-46.784848,-3.984421],[-46.784443,-3.983591],[-46.783661,-3.983043],[-46.78396,-3.982169],[-46.784528,-3.981404],[-46.78442,-3.980465],[-46.783907,-3.979716],[-46.783498,-3.978865],[-46.782623,-3.978488],[-46.78163,-3.978021],[-46.780964,-3.97736],[-46.78034,-3.978028],[-46.779483,-3.977749],[-46.778586,-3.97697],[-46.777695,-3.976683],[-46.77686,-3.976156],[-46.776395,-3.975268],[-46.775483,-3.974947],[-46.77447,-3.975084],[-46.77353,-3.974942],[-46.772754,-3.974334],[-46.771716,-3.974184],[-46.770793,-3.973931],[-46.769825,-3.973368],[-46.769245,-3.972574],[-46.768442,-3.972171],[-46.767658,-3.971458],[-46.767123,-3.970506],[-46.766651,-3.969718],[-46.766448,-3.968802],[-46.767056,-3.967913],[-46.767145,-3.966925],[-46.766464,-3.966317],[-46.765792,-3.965465],[-46.765902,-3.964462],[-46.766005,-3.96349],[-46.766457,-3.962696],[-46.766926,-3.961792],[-46.766727,-3.960907],[-46.766436,-3.959974],[-46.766958,-3.959225],[-46.766321,-3.958555],[-46.765798,-3.957806],[-46.765243,-3.957018],[-46.765609,-3.956121],[-46.765516,-3.955184],[-46.765187,-3.954012],[-46.765305,-3.953087],[-46.765101,-3.952165],[-46.764539,-3.951427],[-46.763808,-3.950858],[-46.763646,-3.949943],[-46.764119,-3.949107],[-46.764503,-3.948235],[-46.763955,-3.947438],[-46.762945,-3.947395],[-46.762409,-3.946626],[-46.761885,-3.945893],[-46.761562,-3.945024],[-46.761514,-3.944027],[-46.761577,-3.943042],[-46.761936,-3.942143],[-46.762059,-3.941121],[-46.761971,-3.940092],[-46.762205,-3.939175],[-46.762476,-3.938308],[-46.763059,-3.93751],[-46.763197,-3.936598],[-46.76324,-3.935414],[-46.763415,-3.934502],[-46.763244,-3.933568],[-46.762962,-3.932654],[-46.7626,-3.931428],[-46.761869,-3.930766],[-46.761256,-3.929874],[-46.761037,-3.928543],[-46.761345,-3.927623],[-46.76194,-3.926878],[-46.761769,-3.92592],[-46.761771,-3.924961],[-46.76175,-3.924022],[-46.761615,-3.923093],[-46.761145,-3.922198],[-46.76073,-3.921354],[-46.759926,-3.920901],[-46.759362,-3.920105],[-46.75919,-3.919199],[-46.758975,-3.918289],[-46.758487,-3.917482],[-46.758269,-3.916477],[-46.75831,-3.915538],[-46.758007,-3.914661],[-46.75837,-3.913783],[-46.758663,-3.912837],[-46.759133,-3.911912],[-46.759784,-3.911174],[-46.760361,-3.910194],[-46.7608,-3.909134],[-46.761325,-3.908053],[-46.761535,-3.907084],[-46.760602,-3.906337],[-46.760007,-3.905486],[-46.759836,-3.90447],[-46.75911,-3.903812],[-46.758489,-3.90304],[-46.75814,-3.902177],[-46.757657,-3.901371],[-46.757288,-3.90037],[-46.75689,-3.899496],[-46.756293,-3.89856],[-46.755822,-3.897731],[-46.755753,-3.896815],[-46.755402,-3.895567],[-46.754579,-3.895035],[-46.753627,-3.895034],[-46.75343,-3.894141],[-46.753067,-3.893054],[-46.752175,-3.8929],[-46.751336,-3.892549],[-46.751025,-3.891618],[-46.750657,-3.89072],[-46.749808,-3.890188],[-46.748984,-3.889779],[-46.748044,-3.889994],[-46.747368,-3.889313],[-46.746546,-3.888879],[-46.745988,-3.888094],[-46.745972,-3.887083],[-46.745214,-3.887731],[-46.744602,-3.888411],[-46.743595,-3.888426],[-46.742821,-3.887884],[-46.74192,-3.887732],[-46.740614,-3.887568],[-46.739709,-3.8875],[-46.7389,-3.888058],[-46.73802,-3.88844],[-46.737163,-3.888844],[-46.73628,-3.889131],[-46.735352,-3.888954],[-46.734446,-3.888752],[-46.733514,-3.888941],[-46.732524,-3.888794],[-46.731573,-3.888937],[-46.730909,-3.889673],[-46.730006,-3.889745],[-46.729216,-3.889282],[-46.727924,-3.888472],[-46.728193,-3.887074],[-46.726619,-3.886658],[-46.725712,-3.886373],[-46.725246,-3.88559],[-46.724485,-3.884952],[-46.723885,-3.884191],[-46.723593,-3.88328],[-46.723226,-3.882455],[-46.723402,-3.881296],[-46.723913,-3.880391],[-46.72311,-3.87991],[-46.722177,-3.87983],[-46.72133,-3.8795],[-46.720277,-3.878764],[-46.719338,-3.878601],[-46.718364,-3.8783],[-46.71774,-3.877559],[-46.71677,-3.877279],[-46.715863,-3.877258],[-46.714909,-3.877085],[-46.714039,-3.87666],[-46.713529,-3.875916],[-46.713076,-3.874974],[-46.712356,-3.874291],[-46.711406,-3.874027],[-46.710416,-3.874285],[-46.709835,-3.875003],[-46.708918,-3.875132],[-46.707489,-3.875267],[-46.706856,-3.875912],[-46.706315,-3.876918],[-46.705837,-3.877802],[-46.704966,-3.878094],[-46.704064,-3.877734],[-46.703209,-3.877398],[-46.702587,-3.878147],[-46.701671,-3.878715],[-46.7009,-3.878173],[-46.7001,-3.87772],[-46.699405,-3.877121],[-46.698773,-3.876364],[-46.697943,-3.875817],[-46.697818,-3.874918],[-46.697741,-3.873946],[-46.697492,-3.873068],[-46.696893,-3.872308],[-46.695984,-3.872082],[-46.696385,-3.87116],[-46.697234,-3.870674],[-46.697442,-3.869766],[-46.696897,-3.868948],[-46.69714,-3.868036],[-46.698093,-3.86779],[-46.698736,-3.867101],[-46.698656,-3.866088],[-46.697643,-3.865743],[-46.696791,-3.865376],[-46.696685,-3.864426],[-46.696901,-3.863431],[-46.697029,-3.862474],[-46.696942,-3.86147],[-46.697154,-3.86051],[-46.697323,-3.859619],[-46.696532,-3.859163],[-46.696573,-3.858106],[-46.69691,-3.857245],[-46.696419,-3.856398],[-46.696282,-3.85544],[-46.695705,-3.854714],[-46.694761,-3.854753],[-46.693788,-3.854681],[-46.693084,-3.853743],[-46.692722,-3.852852],[-46.692679,-3.851882],[-46.692998,-3.850914],[-46.693612,-3.850177],[-46.694518,-3.850416],[-46.695239,-3.849624],[-46.695042,-3.848741],[-46.694419,-3.847952],[-46.695053,-3.846729],[-46.695124,-3.845706],[-46.694702,-3.84485],[-46.694994,-3.843901],[-46.695454,-3.843129],[-46.695887,-3.842278],[-46.696614,-3.841475],[-46.697443,-3.841051],[-46.697969,-3.839895],[-46.698588,-3.839018],[-46.698175,-3.838087],[-46.697435,-3.837548],[-46.6971,-3.836675],[-46.6977,-3.83578],[-46.698384,-3.835179],[-46.69904,-3.834019],[-46.698903,-3.83306],[-46.69915,-3.83213],[-46.699116,-3.831205],[-46.69892,-3.830241],[-46.698465,-3.829018],[-46.697604,-3.828572],[-46.69679,-3.82926],[-46.69592,-3.828825],[-46.695138,-3.828236],[-46.694138,-3.828075],[-46.693272,-3.827834],[-46.692279,-3.827796],[-46.692111,-3.826911],[-46.692562,-3.826014],[-46.692777,-3.825138],[-46.692537,-3.824238],[-46.693358,-3.823864],[-46.694538,-3.824107],[-46.695286,-3.823465],[-46.695624,-3.822582],[-46.695078,-3.821748],[-46.69429,-3.821271],[-46.693774,-3.820527],[-46.693251,-3.819786],[-46.692947,-3.818889],[-46.693299,-3.818019],[-46.693538,-3.817133],[-46.692836,-3.816469],[-46.693012,-3.815539],[-46.693777,-3.815044],[-46.694261,-3.814258],[-46.694872,-3.8132],[-46.695833,-3.812967],[-46.69673,-3.813126],[-46.697747,-3.8135],[-46.698635,-3.813809],[-46.699328,-3.814423],[-46.700292,-3.814936],[-46.701031,-3.815515],[-46.701959,-3.815686],[-46.702906,-3.815412],[-46.70378,-3.814794],[-46.704739,-3.814963],[-46.705796,-3.814699],[-46.706617,-3.814263],[-46.707192,-3.81344],[-46.707688,-3.812562],[-46.708053,-3.811637],[-46.708993,-3.811539],[-46.709635,-3.812308],[-46.710498,-3.812689],[-46.711349,-3.812244],[-46.712013,-3.812865],[-46.71301,-3.813171],[-46.714192,-3.812881],[-46.715138,-3.812698],[-46.716047,-3.812782],[-46.716552,-3.811711],[-46.716826,-3.810858],[-46.717543,-3.810177],[-46.718144,-3.809478],[-46.718646,-3.808725],[-46.719531,-3.808951],[-46.720337,-3.80851],[-46.720769,-3.807656],[-46.721691,-3.807492],[-46.72206,-3.806442],[-46.72208,-3.805473],[-46.722791,-3.804708],[-46.723699,-3.804951],[-46.723813,-3.805845],[-46.724098,-3.806713],[-46.724287,-3.807606],[-46.724336,-3.808649],[-46.724493,-3.809541],[-46.72531,-3.810112],[-46.725998,-3.810691],[-46.726965,-3.81071],[-46.727632,-3.809971],[-46.728592,-3.809702],[-46.729382,-3.809264],[-46.730025,-3.808556],[-46.730142,-3.807572],[-46.730102,-3.806669],[-46.729492,-3.805928],[-46.729404,-3.804996],[-46.729814,-3.804109],[-46.730782,-3.803846],[-46.731692,-3.803638],[-46.732738,-3.803149],[-46.733647,-3.80261],[-46.734063,-3.801664],[-46.734403,-3.800793],[-46.734617,-3.799315],[-46.734711,-3.798408],[-46.734622,-3.797505],[-46.734542,-3.796531],[-46.734379,-3.795621],[-46.734772,-3.79478],[-46.7354,-3.794011],[-46.736127,-3.793455],[-46.736204,-3.792465],[-46.736063,-3.791451],[-46.736473,-3.790596],[-46.737374,-3.790735],[-46.73762,-3.789752],[-46.737176,-3.788953],[-46.737391,-3.787721],[-46.737687,-3.786748],[-46.737808,-3.785798],[-46.737928,-3.784648],[-46.738269,-3.783705],[-46.738972,-3.782914],[-46.738959,-3.781964],[-46.738687,-3.781036],[-46.738251,-3.780179],[-46.738065,-3.77926],[-46.738604,-3.778478],[-46.739479,-3.778097],[-46.740461,-3.777844],[-46.741323,-3.777296],[-46.742023,-3.776578],[-46.742754,-3.775667],[-46.743372,-3.774886],[-46.743189,-3.773483],[-46.742299,-3.773033],[-46.741343,-3.773011],[-46.7404,-3.773216],[-46.739526,-3.773757],[-46.738568,-3.773882],[-46.737608,-3.773931],[-46.736714,-3.773561],[-46.735788,-3.77364],[-46.734884,-3.773446],[-46.7341,-3.772853],[-46.733929,-3.771967],[-46.733809,-3.771046],[-46.732986,-3.770562],[-46.732015,-3.770625],[-46.731437,-3.769737],[-46.731113,-3.768846],[-46.730971,-3.767631],[-46.730063,-3.76761],[-46.729124,-3.767526],[-46.72819,-3.767261],[-46.728079,-3.766369],[-46.728108,-3.765359],[-46.727796,-3.764435],[-46.727111,-3.763717],[-46.726734,-3.762864],[-46.726615,-3.761924],[-46.726643,-3.760924],[-46.725965,-3.760296],[-46.725961,-3.758469],[-46.724554,-3.757694],[-46.72354,-3.757552],[-46.722998,-3.756731],[-46.722438,-3.755896],[-46.721906,-3.755172],[-46.72105,-3.754511],[-46.720107,-3.754116],[-46.719372,-3.753252],[-46.719122,-3.752264],[-46.718898,-3.751376],[-46.718638,-3.750131],[-46.718129,-3.749374],[-46.717196,-3.74913],[-46.716248,-3.749025],[-46.715441,-3.748454],[-46.714852,-3.74776],[-46.714058,-3.747329],[-46.713527,-3.746307],[-46.713296,-3.74532],[-46.713307,-3.744404],[-46.713416,-3.74331],[-46.712991,-3.742425],[-46.712619,-3.74159],[-46.711886,-3.741065],[-46.710931,-3.741329],[-46.710239,-3.740742],[-46.710278,-3.739792],[-46.710047,-3.738839],[-46.70937,-3.738031],[-46.708919,-3.737156],[-46.708325,-3.736396],[-46.708378,-3.735468],[-46.708842,-3.734542],[-46.70857,-3.733671],[-46.708159,-3.732821],[-46.707698,-3.732026],[-46.707129,-3.730886],[-46.70655,-3.72995],[-46.705747,-3.729475],[-46.705319,-3.728569],[-46.704897,-3.727742],[-46.704404,-3.726914],[-46.704017,-3.725977],[-46.703061,-3.725605],[-46.702681,-3.724704],[-46.702685,-3.723776],[-46.70168,-3.723308],[-46.70106,-3.722565],[-46.699861,-3.721818],[-46.700029,-3.720827],[-46.700327,-3.719927],[-46.700434,-3.71889],[-46.700957,-3.71806],[-46.701043,-3.717116],[-46.701108,-3.716111],[-46.70146,-3.715276],[-46.701525,-3.714264],[-46.701702,-3.713364],[-46.702529,-3.712852],[-46.70236,-3.711257],[-46.702281,-3.710357],[-46.70191,-3.709469],[-46.701262,-3.708794],[-46.701118,-3.707859],[-46.701817,-3.707038],[-46.70198,-3.706148],[-46.701724,-3.705212],[-46.701971,-3.704241],[-46.701274,-3.703623],[-46.700323,-3.703895],[-46.698742,-3.704306],[-46.697555,-3.705202],[-46.696659,-3.705498],[-46.695853,-3.706102],[-46.694933,-3.706087],[-46.694271,-3.705466],[-46.693409,-3.705089],[-46.692687,-3.704397],[-46.691892,-3.703802],[-46.691003,-3.703302],[-46.690241,-3.702743],[-46.689303,-3.702374],[-46.68897,-3.701537],[-46.688117,-3.701096],[-46.688386,-3.70018],[-46.688624,-3.699233],[-46.688281,-3.698396],[-46.687559,-3.697438],[-46.686961,-3.696519],[-46.686932,-3.695615],[-46.686828,-3.694591],[-46.687039,-3.693717],[-46.687828,-3.693109],[-46.688439,-3.692368],[-46.688482,-3.691057],[-46.68841,-3.690107],[-46.688344,-3.689211],[-46.688333,-3.688284],[-46.688684,-3.687417],[-46.688948,-3.686554],[-46.68904,-3.685582],[-46.689308,-3.684722],[-46.689939,-3.683821],[-46.690501,-3.683116],[-46.690727,-3.682243],[-46.691364,-3.68151],[-46.691763,-3.68058],[-46.691808,-3.679042],[-46.691857,-3.678035],[-46.692186,-3.677191],[-46.692418,-3.676264],[-46.692388,-3.675315],[-46.692569,-3.674338],[-46.69263,-3.673363],[-46.692646,-3.672084],[-46.692225,-3.671164],[-46.691451,-3.67064],[-46.691112,-3.669728],[-46.690387,-3.669063],[-46.68946,-3.668736],[-46.68876,-3.66764],[-46.687866,-3.667765],[-46.68692,-3.667749],[-46.686003,-3.66761],[-46.685208,-3.667021],[-46.684528,-3.666167],[-46.683599,-3.665706],[-46.682685,-3.665509],[-46.681892,-3.664885],[-46.68109,-3.664322],[-46.680027,-3.664127],[-46.679081,-3.663856],[-46.679304,-3.662632],[-46.67881,-3.661805],[-46.677818,-3.661724],[-46.676881,-3.661903],[-46.676075,-3.661437],[-46.675214,-3.660902],[-46.674224,-3.660498],[-46.673484,-3.659988],[-46.67273,-3.659214],[-46.672016,-3.658538],[-46.671414,-3.657748],[-46.670746,-3.657019],[-46.670222,-3.656174],[-46.670487,-3.655168],[-46.670405,-3.65388],[-46.670214,-3.652952],[-46.670199,-3.652048],[-46.669851,-3.650698],[-46.669683,-3.649544],[-46.669458,-3.648616],[-46.669142,-3.647521],[-46.668871,-3.646632],[-46.669005,-3.645684],[-46.66899,-3.644703],[-46.668513,-3.643852],[-46.667744,-3.643366],[-46.667178,-3.642636],[-46.667028,-3.641534],[-46.666873,-3.640623],[-46.667271,-3.639783],[-46.667947,-3.638924],[-46.668478,-3.638063],[-46.668739,-3.636248],[-46.667775,-3.636479],[-46.666919,-3.636143],[-46.666133,-3.635536],[-46.665179,-3.635238],[-46.664344,-3.634823],[-46.663588,-3.634328],[-46.662454,-3.634003],[-46.661688,-3.633446],[-46.661256,-3.632625],[-46.660268,-3.632396],[-46.659277,-3.632369],[-46.658482,-3.631917],[-46.65707,-3.63098],[-46.65775,-3.63031],[-46.658663,-3.630213],[-46.659528,-3.629877],[-46.65959,-3.628929],[-46.659274,-3.62795],[-46.658618,-3.627225],[-46.659053,-3.626155],[-46.659439,-3.62527],[-46.659947,-3.624328],[-46.659986,-3.623411],[-46.659885,-3.622495],[-46.660158,-3.621557],[-46.660876,-3.62088],[-46.661538,-3.620011],[-46.662286,-3.619231],[-46.662974,-3.61853],[-46.663734,-3.618002],[-46.66469,-3.617897],[-46.6658,-3.617605],[-46.666639,-3.617194],[-46.667272,-3.616432],[-46.668449,-3.616238],[-46.669174,-3.615649],[-46.669073,-3.61464],[-46.669714,-3.613958],[-46.670696,-3.613975],[-46.671285,-3.612902],[-46.671636,-3.612054],[-46.67245,-3.611616],[-46.673108,-3.610601],[-46.67343,-3.609755],[-46.67338,-3.608859],[-46.673178,-3.607387],[-46.672951,-3.606471],[-46.672929,-3.605562],[-46.673691,-3.604951],[-46.674447,-3.604387],[-46.675443,-3.604217],[-46.675806,-3.603368],[-46.67566,-3.60248],[-46.675518,-3.601474],[-46.675902,-3.600633],[-46.67589,-3.599561],[-46.676158,-3.598671],[-46.676594,-3.597754],[-46.677253,-3.59709],[-46.677668,-3.596055],[-46.678193,-3.594868],[-46.678055,-3.59396],[-46.677732,-3.593109],[-46.678113,-3.592295],[-46.677708,-3.591465],[-46.677457,-3.590525],[-46.677696,-3.589539],[-46.678093,-3.588646],[-46.678586,-3.587874],[-46.678927,-3.587039],[-46.678382,-3.585952],[-46.678299,-3.585019],[-46.67754,-3.58441],[-46.676701,-3.583851],[-46.676259,-3.582921],[-46.676275,-3.581939],[-46.676589,-3.581047],[-46.67653,-3.57959],[-46.675651,-3.579325],[-46.674925,-3.578686],[-46.674393,-3.577948],[-46.673909,-3.577146],[-46.6731,-3.576621],[-46.672295,-3.576038],[-46.671432,-3.575679],[-46.670737,-3.575057],[-46.670317,-3.573988],[-46.670006,-3.573048],[-46.669233,-3.572293],[-46.668331,-3.571941],[-46.667283,-3.571467],[-46.666373,-3.571338],[-46.665099,-3.571261],[-46.664201,-3.570945],[-46.663678,-3.570073],[-46.662927,-3.569027],[-46.661997,-3.569221],[-46.661029,-3.569372],[-46.660068,-3.569515],[-46.659219,-3.569124],[-46.658428,-3.56866],[-46.657807,-3.567888],[-46.657435,-3.567009],[-46.656872,-3.566183],[-46.656321,-3.565456],[-46.655891,-3.564664],[-46.655258,-3.563909],[-46.65481,-3.563023],[-46.653943,-3.562604],[-46.653083,-3.562194],[-46.652449,-3.561541],[-46.652339,-3.56059],[-46.652004,-3.559662],[-46.651321,-3.558957],[-46.650789,-3.558204],[-46.650564,-3.557213],[-46.649831,-3.556556],[-46.648789,-3.556201],[-46.647853,-3.555734],[-46.646904,-3.555523],[-46.646053,-3.556039],[-46.645347,-3.557015],[-46.644693,-3.557757],[-46.643741,-3.557985],[-46.642837,-3.558001],[-46.641883,-3.558124],[-46.640403,-3.558201],[-46.63982,-3.559101],[-46.639115,-3.559947],[-46.638782,-3.560839],[-46.637814,-3.561279],[-46.636963,-3.561759],[-46.635699,-3.561541],[-46.634799,-3.561479],[-46.634014,-3.562065],[-46.633055,-3.562047],[-46.632201,-3.561559],[-46.631292,-3.561211],[-46.630333,-3.560917],[-46.629462,-3.560538],[-46.628807,-3.559804],[-46.628113,-3.559108],[-46.627467,-3.558485],[-46.627039,-3.557683],[-46.626379,-3.556954],[-46.62624,-3.556022],[-46.626175,-3.554836],[-46.625996,-3.553917],[-46.625972,-3.552917],[-46.624666,-3.552502],[-46.623659,-3.55245],[-46.62278,-3.552082],[-46.621732,-3.551814],[-46.6207,-3.551837],[-46.619722,-3.551881],[-46.619011,-3.551272],[-46.617974,-3.551097],[-46.616918,-3.551084],[-46.616013,-3.550938],[-46.61507,-3.551237],[-46.614102,-3.55141],[-46.613083,-3.551097],[-46.61231,-3.550472],[-46.611548,-3.54998],[-46.611076,-3.549198],[-46.610429,-3.548449],[-46.609133,-3.548242],[-46.608333,-3.547736],[-46.608651,-3.546864],[-46.608186,-3.546001],[-46.607237,-3.545478],[-46.606526,-3.544872],[-46.604507,-3.54509],[-46.603576,-3.544906],[-46.602694,-3.544609],[-46.601701,-3.5444],[-46.600773,-3.544304],[-46.59983,-3.544379],[-46.598909,-3.544716],[-46.597954,-3.544652],[-46.597105,-3.545077],[-46.59671,-3.546161],[-46.596326,-3.547027],[-46.596113,-3.548051],[-46.596059,-3.548976],[-46.595564,-3.549781],[-46.595589,-3.550744],[-46.59523,-3.551615],[-46.594984,-3.552548],[-46.594907,-3.553591],[-46.594704,-3.554565],[-46.594203,-3.555316],[-46.593691,-3.556053],[-46.592737,-3.5565],[-46.592257,-3.557291],[-46.591293,-3.55761],[-46.59015,-3.557918],[-46.588298,-3.557918],[-46.587345,-3.557994],[-46.586436,-3.55842],[-46.585495,-3.558838],[-46.584592,-3.559268],[-46.583661,-3.559127],[-46.582687,-3.55891],[-46.581625,-3.559113],[-46.580539,-3.559312],[-46.579722,-3.559726],[-46.579156,-3.560558],[-46.578174,-3.560683],[-46.57727,-3.560488],[-46.576105,-3.560149],[-46.575304,-3.559558],[-46.574857,-3.558754],[-46.574574,-3.557479],[-46.574222,-3.556604],[-46.573406,-3.556189],[-46.572335,-3.556049],[-46.571579,-3.555322],[-46.570744,-3.554779],[-46.569787,-3.55504],[-46.568833,-3.555438],[-46.568041,-3.555961],[-46.567179,-3.556354],[-46.566236,-3.5565],[-46.565225,-3.556349],[-46.564316,-3.556534],[-46.564154,-3.555532],[-46.563799,-3.554461],[-46.563851,-3.553437],[-46.563683,-3.552502],[-46.563658,-3.551517],[-46.563242,-3.550609],[-46.562987,-3.54962],[-46.562954,-3.548721],[-46.563047,-3.547724],[-46.56256,-3.546877],[-46.562163,-3.545913],[-46.562409,-3.544967],[-46.562891,-3.54408],[-46.563248,-3.543094],[-46.563394,-3.542037],[-46.563014,-3.541159],[-46.562716,-3.54022],[-46.562699,-3.539317],[-46.562516,-3.538325],[-46.561887,-3.537561],[-46.561032,-3.536885],[-46.560232,-3.536435],[-46.559804,-3.53564],[-46.559277,-3.534889],[-46.558393,-3.534523],[-46.557475,-3.534188],[-46.556872,-3.533495],[-46.556649,-3.532504],[-46.556583,-3.531572],[-46.557023,-3.530787],[-46.557452,-3.529953],[-46.558106,-3.528936],[-46.559056,-3.52882],[-46.559952,-3.528689],[-46.560349,-3.527855],[-46.560909,-3.527015],[-46.561465,-3.526209],[-46.561574,-3.525293],[-46.561512,-3.524333],[-46.561429,-3.523257],[-46.562096,-3.522554],[-46.563034,-3.522279],[-46.563855,-3.521886],[-46.563487,-3.521027],[-46.562507,-3.520836],[-46.561839,-3.520231],[-46.5614,-3.519173],[-46.561758,-3.518291],[-46.562207,-3.517347],[-46.562062,-3.516418],[-46.56145,-3.515714],[-46.561522,-3.514814],[-46.561523,-3.513798],[-46.56102,-3.512927],[-46.560183,-3.512179],[-46.559515,-3.511317],[-46.558821,-3.510621],[-46.558083,-3.509821],[-46.557239,-3.50941],[-46.557119,-3.508492],[-46.557531,-3.507599],[-46.556885,-3.506882],[-46.556158,-3.506067],[-46.555895,-3.505092],[-46.55557,-3.504148],[-46.555281,-3.503264],[-46.555115,-3.502245],[-46.554331,-3.501642],[-46.553652,-3.500927],[-46.553523,-3.499976],[-46.553483,-3.498993],[-46.552787,-3.49833],[-46.55217,-3.497654],[-46.551937,-3.496666],[-46.551615,-3.495754],[-46.55175,-3.494788],[-46.551083,-3.494125],[-46.550127,-3.494304],[-46.549238,-3.493886],[-46.548249,-3.493687],[-46.547485,-3.493197],[-46.54665,-3.492806],[-46.545658,-3.49297],[-46.544954,-3.492276],[-46.544707,-3.491406],[-46.544131,-3.490694],[-46.544127,-3.489651],[-46.544589,-3.488752],[-46.54373,-3.488482],[-46.54278,-3.48803],[-46.542367,-3.487209],[-46.54233,-3.486223],[-46.542163,-3.485332],[-46.542176,-3.484432],[-46.541452,-3.483845],[-46.541554,-3.482724],[-46.541986,-3.481841],[-46.541668,-3.480985],[-46.540884,-3.480506],[-46.540037,-3.479945],[-46.539256,-3.479489],[-46.538399,-3.479939],[-46.537565,-3.479536],[-46.536707,-3.479134],[-46.535771,-3.478809],[-46.534977,-3.478354],[-46.534178,-3.477832],[-46.533272,-3.477561],[-46.532534,-3.477047],[-46.531756,-3.476517],[-46.530987,-3.476032],[-46.529581,-3.474873],[-46.528966,-3.475703],[-46.527959,-3.475774],[-46.527038,-3.475682],[-46.526036,-3.475519],[-46.525156,-3.475837],[-46.524233,-3.475787],[-46.523265,-3.475895],[-46.522281,-3.475653],[-46.521379,-3.475195],[-46.520478,-3.475328],[-46.52008,-3.476152],[-46.519499,-3.476894],[-46.518845,-3.477534],[-46.518143,-3.478109],[-46.517206,-3.477795],[-46.516288,-3.477577],[-46.515941,-3.478614],[-46.51597,-3.48001],[-46.515907,-3.481006],[-46.515678,-3.4824],[-46.515371,-3.483371],[-46.514641,-3.483947],[-46.514154,-3.48471],[-46.513898,-3.485669],[-46.512916,-3.486027],[-46.512041,-3.486625],[-46.511126,-3.487239],[-46.510399,-3.487846],[-46.510421,-3.489039],[-46.509532,-3.489512],[-46.508598,-3.489179],[-46.507852,-3.488561],[-46.507338,-3.487739],[-46.506437,-3.487458],[-46.504925,-3.487352],[-46.503982,-3.487253],[-46.503094,-3.486874],[-46.502089,-3.487097],[-46.501323,-3.487647],[-46.500352,-3.487169],[-46.499524,-3.486734],[-46.498682,-3.48604],[-46.497835,-3.485353],[-46.496975,-3.484902],[-46.495869,-3.485008],[-46.494305,-3.485139],[-46.493437,-3.484839],[-46.492996,-3.484055],[-46.492568,-3.483236],[-46.493136,-3.482411],[-46.4928,-3.48154],[-46.491249,-3.481243],[-46.49087,-3.480275],[-46.490571,-3.479315],[-46.491078,-3.478506],[-46.491342,-3.477408],[-46.490745,-3.476623],[-46.490596,-3.475737],[-46.490859,-3.474801],[-46.490698,-3.473849],[-46.490772,-3.472899],[-46.491505,-3.472369],[-46.492635,-3.47202],[-46.493455,-3.471619],[-46.494006,-3.470891],[-46.493808,-3.469953],[-46.493337,-3.469177],[-46.492666,-3.468446],[-46.491784,-3.468074],[-46.491517,-3.466806],[-46.492553,-3.466742],[-46.49349,-3.466562],[-46.494527,-3.466524],[-46.495542,-3.466236],[-46.496445,-3.465873],[-46.497415,-3.465477],[-46.498318,-3.465154],[-46.499412,-3.464961],[-46.500302,-3.464802],[-46.501169,-3.464454],[-46.502108,-3.464647],[-46.50302,-3.464202],[-46.504049,-3.463649],[-46.504991,-3.463741],[-46.505867,-3.463365],[-46.506128,-3.462481],[-46.505824,-3.461605],[-46.506036,-3.46066],[-46.506989,-3.46009],[-46.507771,-3.459295],[-46.508003,-3.458427],[-46.508294,-3.457463],[-46.508386,-3.456412],[-46.507868,-3.4556],[-46.506987,-3.455372],[-46.506887,-3.454402],[-46.507278,-3.453552],[-46.506664,-3.452782],[-46.506455,-3.451631],[-46.506448,-3.450727],[-46.507308,-3.450207],[-46.508174,-3.449821],[-46.508627,-3.448949],[-46.508113,-3.448147],[-46.507506,-3.447445],[-46.507719,-3.446551],[-46.50747,-3.445596],[-46.506767,-3.444766],[-46.505399,-3.444571],[-46.504558,-3.444185],[-46.504347,-3.443291],[-46.504233,-3.442389],[-46.50356,-3.441688],[-46.50388,-3.440839],[-46.504686,-3.4403],[-46.504543,-3.439256],[-46.50434,-3.438352],[-46.504425,-3.437311],[-46.504288,-3.436234],[-46.503868,-3.435289],[-46.503426,-3.43449],[-46.503384,-3.433512],[-46.503769,-3.432433],[-46.504228,-3.431562],[-46.504375,-3.430637],[-46.503567,-3.4302],[-46.502546,-3.429818],[-46.501635,-3.429473],[-46.500787,-3.429066],[-46.4998,-3.428801],[-46.498815,-3.428786],[-46.497877,-3.42838],[-46.496734,-3.428164],[-46.495601,-3.4279],[-46.49479,-3.427293],[-46.493468,-3.426811],[-46.493634,-3.425885],[-46.493752,-3.424786],[-46.494192,-3.42392],[-46.494972,-3.423302],[-46.495996,-3.423106],[-46.496853,-3.422792],[-46.497763,-3.422491],[-46.49868,-3.422565],[-46.499904,-3.423025],[-46.500863,-3.423085],[-46.501617,-3.422583],[-46.502307,-3.421899],[-46.503159,-3.422245],[-46.503942,-3.422784],[-46.504975,-3.422497],[-46.505854,-3.422254],[-46.506586,-3.421727],[-46.507365,-3.421079],[-46.508361,-3.420855],[-46.509431,-3.420441],[-46.510345,-3.420336],[-46.511173,-3.41993],[-46.511904,-3.419406],[-46.512197,-3.418476],[-46.512977,-3.417929],[-46.513892,-3.417841],[-46.514895,-3.417891],[-46.515499,-3.417139],[-46.515593,-3.416154],[-46.515701,-3.415025],[-46.515975,-3.414032],[-46.516589,-3.413256],[-46.517279,-3.412557],[-46.517991,-3.411602],[-46.518944,-3.410888],[-46.519826,-3.410379],[-46.520312,-3.40961],[-46.520855,-3.408807],[-46.521885,-3.408521],[-46.522846,-3.408253],[-46.523824,-3.4084],[-46.524894,-3.408106],[-46.525797,-3.408079],[-46.527372,-3.407916],[-46.527422,-3.407009],[-46.528073,-3.406279],[-46.528086,-3.405365],[-46.528942,-3.404842],[-46.529364,-3.404045],[-46.529312,-3.402889],[-46.52949,-3.401996],[-46.53009,-3.401237],[-46.530458,-3.400173],[-46.531154,-3.399459],[-46.531489,-3.398543],[-46.530907,-3.397722],[-46.530074,-3.397153],[-46.5291,-3.396456],[-46.528298,-3.395867],[-46.527567,-3.395062],[-46.526761,-3.394481],[-46.526542,-3.393596],[-46.526633,-3.392662],[-46.525902,-3.392014],[-46.52522,-3.391285],[-46.525299,-3.390325],[-46.525753,-3.38937],[-46.526426,-3.388724],[-46.526587,-3.387811],[-46.52663,-3.386915],[-46.526826,-3.385968],[-46.527636,-3.384872],[-46.526841,-3.384359],[-46.526709,-3.383467],[-46.525853,-3.382933],[-46.524938,-3.382845],[-46.524107,-3.382422],[-46.523295,-3.381982],[-46.522551,-3.381476],[-46.521744,-3.38075],[-46.520982,-3.380205],[-46.519996,-3.380113],[-46.519039,-3.380237],[-46.518427,-3.38116],[-46.517693,-3.381714],[-46.51714,-3.382508],[-46.517034,-3.383399],[-46.516644,-3.384268],[-46.515719,-3.384297],[-46.514749,-3.384091],[-46.513807,-3.383975],[-46.512793,-3.383584],[-46.511897,-3.383223],[-46.510891,-3.383102],[-46.510085,-3.383519],[-46.509103,-3.384095],[-46.508263,-3.384489],[-46.507456,-3.384956],[-46.506565,-3.38535],[-46.505522,-3.385379],[-46.504489,-3.385122],[-46.503495,-3.384776],[-46.50221,-3.384875],[-46.50127,-3.385083],[-46.500291,-3.38514],[-46.499429,-3.384738],[-46.498897,-3.383434],[-46.49877,-3.382494],[-46.499492,-3.381756],[-46.499966,-3.380978],[-46.49988,-3.379988],[-46.500166,-3.379108],[-46.50044,-3.377907],[-46.500858,-3.37696],[-46.501268,-3.376101],[-46.501484,-3.375199],[-46.501088,-3.374337],[-46.500196,-3.374193],[-46.499165,-3.374288],[-46.498184,-3.373906],[-46.497084,-3.374021],[-46.49616,-3.374507],[-46.495385,-3.374962],[-46.494415,-3.374771],[-46.493837,-3.37395],[-46.493438,-3.37287],[-46.492735,-3.372257],[-46.491904,-3.371727],[-46.491752,-3.370752],[-46.49116,-3.370017],[-46.490266,-3.369581],[-46.489284,-3.369389],[-46.48847,-3.370012],[-46.486816,-3.370418],[-46.486412,-3.369588],[-46.486605,-3.36864],[-46.486523,-3.367643],[-46.486813,-3.366681],[-46.487362,-3.365406],[-46.486432,-3.364266],[-46.486953,-3.363076],[-46.487198,-3.362188],[-46.487361,-3.361194],[-46.48719,-3.360182],[-46.486728,-3.359384],[-46.486347,-3.358367],[-46.486241,-3.357398],[-46.486293,-3.356382],[-46.486609,-3.35549],[-46.486808,-3.354545],[-46.486772,-3.353583],[-46.486372,-3.352661],[-46.485748,-3.351891],[-46.485264,-3.351121],[-46.48491,-3.350211],[-46.4845,-3.349394],[-46.484387,-3.348483],[-46.485141,-3.347941],[-46.486145,-3.347798],[-46.48706,-3.347463],[-46.487938,-3.346971],[-46.48819,-3.345909],[-46.488271,-3.344559],[-46.488767,-3.34376],[-46.489633,-3.343399],[-46.490608,-3.343306],[-46.491479,-3.342838],[-46.491193,-3.341896],[-46.49047,-3.34106],[-46.490011,-3.340279],[-46.489813,-3.339387],[-46.489505,-3.338539],[-46.489841,-3.337647],[-46.489858,-3.336366],[-46.489281,-3.33559],[-46.488382,-3.335177],[-46.4875,-3.334861],[-46.486853,-3.334213],[-46.486544,-3.333308],[-46.48632,-3.332437],[-46.486488,-3.331555],[-46.486754,-3.330181],[-46.486993,-3.329191],[-46.486681,-3.328327],[-46.485747,-3.32819],[-46.484692,-3.328168],[-46.483825,-3.327842],[-46.483067,-3.32721],[-46.482287,-3.326738],[-46.481512,-3.326259],[-46.480829,-3.325546],[-46.47983,-3.325467],[-46.478838,-3.325728],[-46.478027,-3.32622],[-46.477148,-3.326559],[-46.476287,-3.327097],[-46.476169,-3.327992],[-46.475669,-3.328856],[-46.474902,-3.329343],[-46.474383,-3.330079],[-46.473727,-3.33082],[-46.473483,-3.331861],[-46.472674,-3.332464],[-46.471719,-3.332193],[-46.470767,-3.332435],[-46.469941,-3.333017],[-46.469036,-3.333101],[-46.468355,-3.332494],[-46.467628,-3.331872],[-46.467372,-3.33101],[-46.467274,-3.330003],[-46.467332,-3.32903],[-46.467344,-3.328062],[-46.467214,-3.327071],[-46.467226,-3.326082],[-46.46651,-3.325434],[-46.465594,-3.325019],[-46.464646,-3.325086],[-46.463763,-3.324718],[-46.463271,-3.323956],[-46.462708,-3.323231],[-46.461815,-3.322636],[-46.460921,-3.322154],[-46.459966,-3.321978],[-46.458702,-3.321797],[-46.457593,-3.32143],[-46.456639,-3.321127],[-46.455832,-3.320698],[-46.454754,-3.32073],[-46.45344,-3.321051],[-46.452596,-3.320503],[-46.452041,-3.319759],[-46.451111,-3.319587],[-46.450205,-3.319789],[-46.44934,-3.320061],[-46.448383,-3.320141],[-46.447358,-3.320127],[-46.447729,-3.319158],[-46.448093,-3.318102],[-46.44783,-3.317182],[-46.447127,-3.316602],[-46.446296,-3.31615],[-46.445583,-3.315528],[-46.444742,-3.315117],[-46.443966,-3.314499],[-46.443085,-3.314143],[-46.442855,-3.313215],[-46.442784,-3.312217],[-46.442045,-3.311425],[-46.441117,-3.310948],[-46.4406,-3.310176],[-46.441039,-3.309111],[-46.441435,-3.30808],[-46.441596,-3.307184],[-46.441411,-3.306293],[-46.440476,-3.306052],[-46.439499,-3.306114],[-46.438829,-3.305487],[-46.439057,-3.304485],[-46.439391,-3.303147],[-46.438843,-3.302411],[-46.437937,-3.302616],[-46.436995,-3.302796],[-46.436168,-3.30235],[-46.436194,-3.301422],[-46.435986,-3.300544],[-46.435223,-3.300053],[-46.434695,-3.299308],[-46.43441,-3.298361],[-46.433884,-3.297501],[-46.43319,-3.296827],[-46.432241,-3.296806],[-46.431422,-3.297266],[-46.430676,-3.29807],[-46.430152,-3.297282],[-46.430343,-3.29629],[-46.430275,-3.295274],[-46.429638,-3.294572],[-46.429594,-3.293614],[-46.430107,-3.292855],[-46.429478,-3.292071],[-46.428945,-3.291335],[-46.428538,-3.290343],[-46.428319,-3.289381],[-46.428551,-3.288422],[-46.428892,-3.287547],[-46.428404,-3.286747],[-46.427701,-3.286049],[-46.426971,-3.285386],[-46.426053,-3.28526],[-46.425329,-3.284632],[-46.425464,-3.283729],[-46.4257,-3.282486],[-46.426116,-3.281395],[-46.426542,-3.280568],[-46.427339,-3.279948],[-46.428128,-3.279443],[-46.428137,-3.278445],[-46.427621,-3.277537],[-46.427446,-3.276546],[-46.427081,-3.27557],[-46.426336,-3.274919],[-46.425585,-3.274358],[-46.424754,-3.273988],[-46.424195,-3.273175],[-46.424186,-3.27226],[-46.424316,-3.271142],[-46.424521,-3.270167],[-46.42464,-3.269131],[-46.424262,-3.268239],[-46.423427,-3.267833],[-46.422615,-3.267317],[-46.422085,-3.266522],[-46.420527,-3.266553],[-46.419717,-3.267197],[-46.419642,-3.268194],[-46.419242,-3.26907],[-46.4186,-3.269713],[-46.417947,-3.270441],[-46.416985,-3.270531],[-46.416083,-3.270536],[-46.415087,-3.270926],[-46.414011,-3.271219],[-46.413098,-3.271018],[-46.412162,-3.270735],[-46.411022,-3.270486],[-46.410236,-3.271054],[-46.409674,-3.27178],[-46.409524,-3.272801],[-46.409023,-3.273609],[-46.408288,-3.274129],[-46.40747,-3.274872],[-46.407501,-3.275846],[-46.407502,-3.276744],[-46.406515,-3.276897],[-46.405553,-3.2772],[-46.404657,-3.277447],[-46.403884,-3.278147],[-46.402939,-3.278393],[-46.402161,-3.279098],[-46.401752,-3.279916],[-46.401287,-3.280731],[-46.400521,-3.281217],[-46.399393,-3.28158],[-46.398548,-3.281893],[-46.397468,-3.282133],[-46.396519,-3.282164],[-46.395428,-3.28224],[-46.39519,-3.283641],[-46.394957,-3.284626],[-46.394136,-3.28514],[-46.393105,-3.285138],[-46.39224,-3.28484],[-46.391394,-3.284353],[-46.390441,-3.284457],[-46.389599,-3.285028],[-46.389325,-3.285972],[-46.389747,-3.286904],[-46.390255,-3.287677],[-46.390596,-3.288574],[-46.390356,-3.289507],[-46.389641,-3.290077],[-46.388816,-3.290759],[-46.388408,-3.291575],[-46.387903,-3.292348],[-46.387109,-3.292839],[-46.386104,-3.293049],[-46.385421,-3.293757],[-46.385067,-3.294919],[-46.384575,-3.295673],[-46.383632,-3.295751],[-46.382526,-3.295529],[-46.381625,-3.29527],[-46.380802,-3.295792],[-46.379937,-3.29604],[-46.378949,-3.295758],[-46.378039,-3.295574],[-46.376804,-3.295132],[-46.376393,-3.294232],[-46.376139,-3.2933],[-46.375661,-3.292436],[-46.374821,-3.292006],[-46.373461,-3.292094],[-46.372531,-3.292546],[-46.371766,-3.293017],[-46.370913,-3.292612],[-46.370052,-3.292295],[-46.369153,-3.292217],[-46.368263,-3.292501],[-46.367315,-3.292488],[-46.366418,-3.292195],[-46.365331,-3.291744],[-46.364492,-3.291397],[-46.363537,-3.291439],[-46.362742,-3.290874],[-46.361876,-3.290505],[-46.360836,-3.290265],[-46.36006,-3.289512],[-46.359063,-3.288935],[-46.357991,-3.28936],[-46.357036,-3.289648],[-46.356044,-3.290213],[-46.355345,-3.290917],[-46.354576,-3.291533],[-46.353659,-3.291352],[-46.352936,-3.290794],[-46.35191,-3.290748],[-46.350958,-3.290808],[-46.350211,-3.290184],[-46.349776,-3.289044],[-46.349609,-3.28807],[-46.349783,-3.287148],[-46.350497,-3.28647],[-46.350394,-3.285325],[-46.34979,-3.28438],[-46.349204,-3.28356],[-46.348831,-3.282691],[-46.349047,-3.281612],[-46.349551,-3.280836],[-46.349599,-3.279584],[-46.349252,-3.278388],[-46.348833,-3.277544],[-46.348861,-3.276578],[-46.348386,-3.275778],[-46.347646,-3.275235],[-46.346637,-3.275248],[-46.345705,-3.275532],[-46.344771,-3.274823],[-46.344231,-3.274106],[-46.343837,-3.273243],[-46.343287,-3.272531],[-46.342949,-3.271686],[-46.342992,-3.270784],[-46.343301,-3.269859],[-46.344369,-3.269716],[-46.34533,-3.269501],[-46.346341,-3.268985],[-46.347065,-3.268317],[-46.347416,-3.267456],[-46.348101,-3.266765],[-46.348842,-3.266048],[-46.349498,-3.26531],[-46.349368,-3.264392],[-46.348578,-3.263768],[-46.34842,-3.26275],[-46.34818,-3.261874],[-46.347819,-3.260952],[-46.347206,-3.260284],[-46.346913,-3.25939],[-46.346134,-3.258896],[-46.345225,-3.259327],[-46.344354,-3.259904],[-46.343651,-3.260598],[-46.343015,-3.261356],[-46.342271,-3.261938],[-46.341343,-3.262106],[-46.34062,-3.262642],[-46.339679,-3.262811],[-46.33867,-3.262867],[-46.337547,-3.262598],[-46.336685,-3.262205],[-46.335678,-3.262141],[-46.33476,-3.262031],[-46.333908,-3.26165],[-46.332999,-3.261505],[-46.331853,-3.261174],[-46.330911,-3.261296],[-46.33018,-3.261984],[-46.329206,-3.261926],[-46.328168,-3.261881],[-46.327169,-3.261822],[-46.32626,-3.261545],[-46.325339,-3.261716],[-46.325084,-3.262639],[-46.324405,-3.263513],[-46.324196,-3.264413],[-46.324202,-3.265334],[-46.324021,-3.26626],[-46.323087,-3.2664],[-46.322187,-3.266162],[-46.321604,-3.265463],[-46.320685,-3.265163],[-46.319785,-3.2656],[-46.319053,-3.266135],[-46.318166,-3.266923],[-46.317265,-3.267257],[-46.316162,-3.26744],[-46.315277,-3.267612],[-46.31451,-3.266612],[-46.31398,-3.265883],[-46.313273,-3.265195],[-46.312451,-3.264762],[-46.311711,-3.264171],[-46.311762,-3.263052],[-46.311836,-3.26208],[-46.312284,-3.261175],[-46.312415,-3.260191],[-46.312165,-3.259225],[-46.312276,-3.258246],[-46.311952,-3.257351],[-46.311231,-3.256666],[-46.310441,-3.256198],[-46.309705,-3.256772],[-46.308782,-3.256892],[-46.307863,-3.256592],[-46.307369,-3.255733],[-46.307508,-3.254775],[-46.307923,-3.253484],[-46.306868,-3.252854],[-46.306152,-3.252112],[-46.305414,-3.251534],[-46.304506,-3.251465],[-46.3037,-3.251996],[-46.303014,-3.252678],[-46.302404,-3.253383],[-46.30171,-3.254279],[-46.300697,-3.255706],[-46.30093,-3.256732],[-46.301134,-3.257759],[-46.301366,-3.25875],[-46.30219,-3.259312],[-46.302383,-3.260273],[-46.302148,-3.261183],[-46.301723,-3.262135],[-46.301515,-3.263071],[-46.300665,-3.263848],[-46.299726,-3.264245],[-46.298789,-3.264397],[-46.29917,-3.265533],[-46.299627,-3.26634],[-46.299483,-3.267247],[-46.299136,-3.268141],[-46.299108,-3.269055],[-46.298292,-3.26953],[-46.297288,-3.269582],[-46.296476,-3.270219],[-46.295675,-3.270812],[-46.294685,-3.271074],[-46.293839,-3.27148],[-46.293364,-3.27226],[-46.292696,-3.272996],[-46.292135,-3.273817],[-46.292692,-3.274654],[-46.293255,-3.275375],[-46.293452,-3.276264],[-46.292935,-3.277226],[-46.29223,-3.277782],[-46.291344,-3.27829],[-46.290394,-3.278578],[-46.289682,-3.279141],[-46.288734,-3.279222],[-46.287667,-3.278938],[-46.286627,-3.279015],[-46.286261,-3.279885],[-46.286193,-3.280853],[-46.285681,-3.281655],[-46.284797,-3.281961],[-46.283897,-3.282055],[-46.282954,-3.281876],[-46.282001,-3.281809],[-46.281106,-3.281934],[-46.280197,-3.282347],[-46.279198,-3.2826],[-46.278297,-3.282595],[-46.277374,-3.282297],[-46.276399,-3.282184],[-46.275641,-3.281571],[-46.274852,-3.281085],[-46.273904,-3.281389],[-46.272987,-3.281715],[-46.272587,-3.282551],[-46.271872,-3.283115],[-46.271478,-3.284086],[-46.271203,-3.285052],[-46.27036,-3.285751],[-46.269498,-3.286172],[-46.269111,-3.287031],[-46.268286,-3.287477],[-46.267829,-3.288312],[-46.267728,-3.289393],[-46.267258,-3.290453],[-46.266947,-3.291373],[-46.266713,-3.292276],[-46.266069,-3.293293],[-46.265603,-3.294061],[-46.265591,-3.294969],[-46.265498,-3.295915],[-46.264809,-3.296609],[-46.264318,-3.297524],[-46.264183,-3.298476],[-46.263472,-3.299316],[-46.264115,-3.300161],[-46.264616,-3.301095],[-46.265359,-3.301885],[-46.265338,-3.302823],[-46.264568,-3.30345],[-46.264358,-3.304466],[-46.264549,-3.305409],[-46.264309,-3.306524],[-46.263433,-3.307153],[-46.262535,-3.307535],[-46.261553,-3.307942],[-46.260779,-3.308557],[-46.26004,-3.309068],[-46.259363,-3.309808],[-46.259068,-3.310804],[-46.259022,-3.312147],[-46.258891,-3.313059],[-46.25839,-3.313807],[-46.258156,-3.314754],[-46.257839,-3.315617],[-46.257226,-3.316393],[-46.256354,-3.316632],[-46.255464,-3.316994],[-46.255013,-3.317799],[-46.254668,-3.318702],[-46.254748,-3.319683],[-46.254517,-3.320633],[-46.253857,-3.321372],[-46.253021,-3.321733],[-46.25186,-3.321201],[-46.250969,-3.320643],[-46.250038,-3.320839],[-46.249059,-3.320777],[-46.248133,-3.320664],[-46.247258,-3.320106],[-46.245694,-3.319591],[-46.245083,-3.320493],[-46.244604,-3.321395],[-46.244931,-3.322282],[-46.245497,-3.323353],[-46.245443,-3.324599],[-46.245032,-3.325452],[-46.244032,-3.325679],[-46.242839,-3.325374],[-46.241612,-3.325128],[-46.24059,-3.324827],[-46.239738,-3.324428],[-46.238948,-3.323968],[-46.238738,-3.32267],[-46.238233,-3.321814],[-46.23728,-3.321532],[-46.236349,-3.321345],[-46.235303,-3.321679],[-46.234619,-3.322357],[-46.234399,-3.323289],[-46.233911,-3.324059],[-46.232755,-3.324381],[-46.231757,-3.324524],[-46.231087,-3.323917],[-46.230338,-3.323265],[-46.229431,-3.323059],[-46.228264,-3.322858],[-46.227448,-3.322282],[-46.226422,-3.321913],[-46.22537,-3.321796],[-46.2242,-3.321494],[-46.223375,-3.321069],[-46.222705,-3.32046],[-46.222285,-3.319655],[-46.221789,-3.318812],[-46.221048,-3.318263],[-46.22008,-3.318347],[-46.21917,-3.318223],[-46.2184,-3.318779],[-46.217842,-3.319506],[-46.21728,-3.320335],[-46.216854,-3.32116],[-46.216315,-3.321942],[-46.21601,-3.322823],[-46.214948,-3.323265],[-46.214059,-3.323556],[-46.213253,-3.323006],[-46.212301,-3.322914],[-46.211551,-3.323491],[-46.210406,-3.323819],[-46.209329,-3.323731],[-46.208241,-3.323431],[-46.207301,-3.323106],[-46.206407,-3.322681],[-46.205382,-3.322698],[-46.20447,-3.323353],[-46.203704,-3.324124],[-46.20272,-3.324958],[-46.202003,-3.32552],[-46.201048,-3.32535],[-46.200129,-3.324765],[-46.199196,-3.325044],[-46.198361,-3.325489],[-46.197888,-3.324693],[-46.197036,-3.323946],[-46.195694,-3.32348],[-46.194312,-3.324299],[-46.192976,-3.324524],[-46.19204,-3.324396],[-46.191438,-3.323723],[-46.190816,-3.32294],[-46.1899,-3.322462],[-46.189082,-3.321749],[-46.188486,-3.320707],[-46.188317,-3.319762],[-46.188333,-3.318775],[-46.187608,-3.318232],[-46.186473,-3.317924],[-46.185178,-3.317739],[-46.184398,-3.317267],[-46.183394,-3.3166],[-46.182726,-3.31589],[-46.181836,-3.315625],[-46.180892,-3.315687],[-46.179906,-3.315517],[-46.179111,-3.314918],[-46.178278,-3.314358],[-46.177282,-3.313961],[-46.176346,-3.313677],[-46.175449,-3.313601],[-46.175021,-3.312755],[-46.174308,-3.31192],[-46.173391,-3.311602],[-46.172529,-3.311082],[-46.171966,-3.310263],[-46.171109,-3.309984],[-46.17018,-3.309687],[-46.169392,-3.309086],[-46.168542,-3.308509],[-46.167643,-3.307907],[-46.168118,-3.309543],[-46.167736,-3.310442],[-46.167373,-3.311308],[-46.167233,-3.312241],[-46.166806,-3.31328],[-46.166596,-3.314233],[-46.167184,-3.315031],[-46.167948,-3.315519],[-46.168864,-3.315791],[-46.169564,-3.316403],[-46.169597,-3.317414],[-46.16975,-3.318454],[-46.170385,-3.319443],[-46.170248,-3.320406],[-46.170135,-3.321358],[-46.169789,-3.322287],[-46.169136,-3.323035],[-46.168498,-3.323761],[-46.168467,-3.324712],[-46.168965,-3.325615],[-46.169741,-3.326224],[-46.169904,-3.327117],[-46.170219,-3.327987],[-46.169619,-3.328927],[-46.169407,-3.330152],[-46.169792,-3.330971],[-46.170173,-3.332046],[-46.171199,-3.33255],[-46.171992,-3.333146],[-46.172793,-3.333736],[-46.173656,-3.334126],[-46.174568,-3.334475],[-46.175644,-3.335034],[-46.175371,-3.335893],[-46.174754,-3.336547],[-46.17431,-3.337428],[-46.174045,-3.338444],[-46.174115,-3.339483],[-46.174386,-3.340462],[-46.174948,-3.3412],[-46.175365,-3.342184],[-46.174428,-3.342123],[-46.17356,-3.341894],[-46.172679,-3.342276],[-46.171612,-3.342859],[-46.170772,-3.34355],[-46.17007,-3.344378],[-46.169148,-3.344708],[-46.16854,-3.345393],[-46.168473,-3.346348],[-46.168672,-3.347324],[-46.168842,-3.348352],[-46.168794,-3.349434],[-46.168754,-3.350448],[-46.16885,-3.351422],[-46.169007,-3.352418],[-46.169037,-3.353438],[-46.169305,-3.35432],[-46.169811,-3.355107],[-46.169547,-3.356128],[-46.169206,-3.356993],[-46.168827,-3.35787],[-46.169075,-3.358825],[-46.169453,-3.359706],[-46.169826,-3.360604],[-46.169969,-3.361529],[-46.170691,-3.362099],[-46.171687,-3.362216],[-46.172644,-3.362355],[-46.172743,-3.363287],[-46.172545,-3.364195],[-46.172375,-3.365169],[-46.1724,-3.366125],[-46.172425,-3.36707],[-46.172325,-3.368096],[-46.171993,-3.369048],[-46.1713,-3.369783],[-46.17073,-3.370611],[-46.170598,-3.371504],[-46.171169,-3.372308],[-46.171666,-3.373083],[-46.171462,-3.374005],[-46.170532,-3.374198],[-46.169654,-3.374653],[-46.169318,-3.375545],[-46.169123,-3.376625],[-46.168225,-3.37692],[-46.167488,-3.377444],[-46.167789,-3.378296],[-46.16776,-3.379281],[-46.167223,-3.380281],[-46.166978,-3.381264],[-46.166601,-3.382184],[-46.166678,-3.383144],[-46.166526,-3.384165],[-46.166897,-3.385016],[-46.167806,-3.384981],[-46.168838,-3.385355],[-46.168752,-3.386262],[-46.167775,-3.386439],[-46.166805,-3.386542],[-46.166139,-3.387244],[-46.165335,-3.387833],[-46.164388,-3.388277],[-46.163424,-3.388543],[-46.162443,-3.388903],[-46.161794,-3.38958],[-46.160785,-3.387826],[-46.160101,-3.387121],[-46.159191,-3.386586],[-46.158275,-3.386503],[-46.157362,-3.38611],[-46.156622,-3.385322],[-46.155766,-3.384647],[-46.154948,-3.384209],[-46.154081,-3.383568],[-46.153144,-3.383236],[-46.153013,-3.382321],[-46.153037,-3.381355],[-46.15344,-3.380517],[-46.153806,-3.379582],[-46.153323,-3.378635],[-46.153265,-3.377611],[-46.153272,-3.376699],[-46.152838,-3.375704],[-46.152563,-3.374634],[-46.151638,-3.374308],[-46.151091,-3.37511],[-46.150238,-3.375424],[-46.149204,-3.375424],[-46.14834,-3.374862],[-46.147988,-3.373958],[-46.147553,-3.373003],[-46.146925,-3.372102],[-46.146098,-3.371396],[-46.145565,-3.370527],[-46.145168,-3.36972],[-46.14548,-3.368833],[-46.145955,-3.367927],[-46.146158,-3.366983],[-46.146086,-3.366005],[-46.145638,-3.364962],[-46.145065,-3.364235],[-46.14473,-3.363303],[-46.144102,-3.362603],[-46.143261,-3.362962],[-46.142583,-3.363559],[-46.141778,-3.364118],[-46.140873,-3.363734],[-46.139981,-3.36336],[-46.139203,-3.362877],[-46.138538,-3.362247],[-46.137852,-3.36162],[-46.136966,-3.361781],[-46.135827,-3.361937],[-46.134906,-3.361799],[-46.134072,-3.361363],[-46.133643,-3.360368],[-46.133111,-3.359526],[-46.132218,-3.35932],[-46.131276,-3.359382],[-46.130425,-3.359863],[-46.130151,-3.359544],[-46.130138,-3.35902],[-46.129413,-3.357948],[-46.128549,-3.357284],[-46.127727,-3.356718],[-46.126915,-3.35614],[-46.126129,-3.355538],[-46.125249,-3.355307],[-46.124359,-3.354669],[-46.123859,-3.35378],[-46.12327,-3.35298],[-46.122756,-3.352244],[-46.122319,-3.351431],[-46.121442,-3.351002],[-46.120495,-3.350615],[-46.119664,-3.350049],[-46.118823,-3.349485],[-46.117935,-3.348982],[-46.117306,-3.349652],[-46.116361,-3.34996],[-46.115368,-3.35003],[-46.114489,-3.350342],[-46.113544,-3.350624],[-46.112669,-3.350124],[-46.112068,-3.34943],[-46.111069,-3.349209],[-46.110283,-3.348601],[-46.10935,-3.348244],[-46.108368,-3.348014],[-46.107458,-3.348149],[-46.106549,-3.348521],[-46.10518,-3.348277],[-46.104288,-3.348662],[-46.104479,-3.349541],[-46.104412,-3.350512],[-46.103881,-3.351514],[-46.103111,-3.352],[-46.102121,-3.352684],[-46.101595,-3.353417],[-46.101714,-3.354373],[-46.101392,-3.355292],[-46.10097,-3.356175],[-46.100046,-3.356326],[-46.099828,-3.355416],[-46.099447,-3.354586],[-46.098617,-3.353866],[-46.097727,-3.353645],[-46.096801,-3.35361],[-46.096063,-3.354244],[-46.095187,-3.354798],[-46.094387,-3.35523],[-46.093493,-3.355664],[-46.092495,-3.355561],[-46.091595,-3.355206],[-46.09079,-3.355638],[-46.089949,-3.356014],[-46.089109,-3.35647],[-46.088278,-3.356835],[-46.087482,-3.357348],[-46.086585,-3.357602],[-46.0857,-3.357363],[-46.084662,-3.35603],[-46.083935,-3.355502],[-46.083372,-3.354669],[-46.082611,-3.353953],[-46.081563,-3.354094],[-46.080914,-3.353391],[-46.080097,-3.352979],[-46.079102,-3.352985],[-46.078254,-3.35331],[-46.077454,-3.353846],[-46.076994,-3.35462],[-46.076909,-3.355539],[-46.076045,-3.355871],[-46.075003,-3.356169],[-46.07403,-3.356537],[-46.072427,-3.355629],[-46.071687,-3.354979],[-46.071228,-3.354189],[-46.070507,-3.353521],[-46.069915,-3.352823],[-46.069461,-3.351927],[-46.068691,-3.351447],[-46.067926,-3.350819],[-46.067193,-3.350025],[-46.06696,-3.349083],[-46.06707,-3.348161],[-46.067022,-3.347206],[-46.066557,-3.346368],[-46.066489,-3.345459],[-46.066255,-3.344296],[-46.065314,-3.343865],[-46.064412,-3.343857],[-46.063495,-3.343722],[-46.062802,-3.343036],[-46.06201,-3.342431],[-46.061339,-3.341707],[-46.060872,-3.340901],[-46.060863,-3.339968],[-46.06089,-3.338954],[-46.060532,-3.338088],[-46.060241,-3.337148],[-46.05996,-3.336256],[-46.059594,-3.33542],[-46.058313,-3.334306],[-46.057802,-3.333448],[-46.056864,-3.333136],[-46.055987,-3.332936],[-46.055078,-3.332838],[-46.054124,-3.332669],[-46.05312,-3.332612],[-46.052245,-3.33206],[-46.051899,-3.331156],[-46.051708,-3.330236],[-46.051497,-3.329302],[-46.050828,-3.328616],[-46.05008,-3.327976],[-46.04921,-3.327401],[-46.047995,-3.327005],[-46.047128,-3.32676],[-46.046276,-3.326363],[-46.045494,-3.325756],[-46.044493,-3.325229],[-46.043539,-3.324517],[-46.042965,-3.323662],[-46.042206,-3.322932],[-46.041297,-3.322729],[-46.040496,-3.322278],[-46.039659,-3.321718],[-46.038911,-3.320921],[-46.03802,-3.321057],[-46.037025,-3.320901],[-46.036222,-3.320456],[-46.035266,-3.320149],[-46.034297,-3.31986],[-46.032674,-3.320523],[-46.03173,-3.320078],[-46.030865,-3.319683],[-46.029941,-3.319441],[-46.028937,-3.319523],[-46.027992,-3.319217],[-46.027107,-3.318941],[-46.026314,-3.319635],[-46.02562,-3.320205],[-46.024877,-3.320855],[-46.023927,-3.320807],[-46.022998,-3.320705],[-46.022051,-3.320775],[-46.021157,-3.321166],[-46.020183,-3.321195],[-46.019378,-3.320774],[-46.018554,-3.320336],[-46.017757,-3.319591],[-46.016755,-3.319225],[-46.015636,-3.319306],[-46.015095,-3.320057],[-46.014872,-3.320975],[-46.013791,-3.321706],[-46.012891,-3.32174],[-46.011756,-3.32219],[-46.01104,-3.321588],[-46.010242,-3.321002],[-46.009247,-3.320932],[-46.00828,-3.320609],[-46.007449,-3.320046],[-46.006798,-3.319407],[-46.005894,-3.319294],[-46.004974,-3.319399],[-46.003971,-3.319805],[-46.003062,-3.320124],[-46.001667,-3.320219],[-46.000762,-3.320542],[-45.999963,-3.32113],[-45.999135,-3.320602],[-45.998389,-3.320084],[-45.997307,-3.319958],[-45.996384,-3.319881],[-45.995476,-3.320329],[-45.994855,-3.321113],[-45.99402,-3.321518],[-45.993039,-3.321507],[-45.992173,-3.321172],[-45.991415,-3.320532],[-45.991219,-3.319559],[-45.990923,-3.31866],[-45.990146,-3.318048],[-45.989158,-3.317902],[-45.988194,-3.317917],[-45.987794,-3.316372],[-45.986885,-3.316031],[-45.986012,-3.315765],[-45.985162,-3.315393],[-45.984507,-3.31466],[-45.983802,-3.313837],[-45.983118,-3.312992],[-45.982204,-3.31224],[-45.981487,-3.311568],[-45.98061,-3.311279],[-45.979651,-3.310833],[-45.979028,-3.310149],[-45.978564,-3.30929],[-45.978529,-3.308143],[-45.978341,-3.30722],[-45.977512,-3.306665],[-45.976589,-3.306192],[-45.975695,-3.305131],[-45.974693,-3.305293],[-45.973796,-3.30566],[-45.972851,-3.30571],[-45.972045,-3.305176],[-45.970965,-3.305137],[-45.970173,-3.305577],[-45.969455,-3.306123],[-45.96858,-3.306368],[-45.967643,-3.306518],[-45.966706,-3.306364],[-45.965793,-3.306158],[-45.964671,-3.305954],[-45.963476,-3.305427],[-45.963358,-3.303868],[-45.962719,-3.303115],[-45.961964,-3.30248],[-45.961137,-3.302057],[-45.960362,-3.301443],[-45.959396,-3.301229],[-45.958626,-3.300679],[-45.958285,-3.29977],[-45.957688,-3.299058],[-45.956761,-3.298723],[-45.95625,-3.297924],[-45.956283,-3.29696],[-45.956639,-3.295939],[-45.95663,-3.295042],[-45.956162,-3.293985],[-45.955864,-3.293027],[-45.955408,-3.292231],[-45.95476,-3.291489],[-45.954283,-3.290717],[-45.953273,-3.29006],[-45.952359,-3.289724],[-45.951782,-3.288912],[-45.950895,-3.28841],[-45.94954,-3.288182],[-45.948654,-3.287734],[-45.948141,-3.286996],[-45.94743,-3.286314],[-45.946497,-3.285864],[-45.945516,-3.285806],[-45.944571,-3.28596],[-45.943588,-3.285722],[-45.943136,-3.284875],[-45.942557,-3.283992],[-45.942646,-3.283008],[-45.943103,-3.282108],[-45.943204,-3.280772],[-45.943194,-3.279861],[-45.94228,-3.279797],[-45.941329,-3.279661],[-45.940535,-3.28012],[-45.939565,-3.280369],[-45.93862,-3.280342],[-45.93787,-3.28106],[-45.936926,-3.281304],[-45.935138,-3.281538],[-45.9339,-3.281097],[-45.932923,-3.280807],[-45.932483,-3.279965],[-45.932823,-3.279069],[-45.932948,-3.278173],[-45.933021,-3.277146],[-45.932369,-3.276528],[-45.931198,-3.2765],[-45.930258,-3.276568],[-45.929609,-3.277249],[-45.929216,-3.278108],[-45.928932,-3.27906],[-45.928547,-3.279954],[-45.928629,-3.280873],[-45.928082,-3.281659],[-45.927084,-3.281817],[-45.926146,-3.281256],[-45.925753,-3.280424],[-45.92512,-3.279749],[-45.924392,-3.279055],[-45.923811,-3.278267],[-45.922956,-3.27797],[-45.922,-3.277917],[-45.921093,-3.278059],[-45.9202,-3.278386],[-45.919654,-3.277617],[-45.91939,-3.276719],[-45.918659,-3.27607],[-45.918138,-3.275057],[-45.917439,-3.274222],[-45.916732,-3.273529],[-45.91578,-3.273241],[-45.914757,-3.273628],[-45.913629,-3.274184],[-45.912598,-3.274691],[-45.911641,-3.27499],[-45.910751,-3.275245],[-45.90984,-3.274795],[-45.908913,-3.274822],[-45.908007,-3.274823],[-45.907119,-3.274427],[-45.907005,-3.273512],[-45.907071,-3.272563],[-45.906875,-3.271603],[-45.906422,-3.270799],[-45.905943,-3.270021],[-45.905324,-3.269291],[-45.904376,-3.269238],[-45.903406,-3.269101],[-45.902084,-3.268483],[-45.901398,-3.269288],[-45.900561,-3.269816],[-45.899572,-3.269822],[-45.898653,-3.269712],[-45.898293,-3.270574],[-45.898296,-3.271632],[-45.898161,-3.272528],[-45.897817,-3.273371],[-45.897165,-3.274111],[-45.89629,-3.275056],[-45.896258,-3.275972],[-45.894614,-3.276032],[-45.893587,-3.276096],[-45.892686,-3.276439],[-45.891676,-3.276321],[-45.890674,-3.276137],[-45.890173,-3.275332],[-45.88956,-3.274211],[-45.888621,-3.27442],[-45.887737,-3.274804],[-45.887245,-3.275574],[-45.886567,-3.276266],[-45.885694,-3.276528],[-45.884549,-3.27705],[-45.883744,-3.277607],[-45.882742,-3.277661],[-45.881801,-3.277764],[-45.880839,-3.277785],[-45.880679,-3.276891],[-45.880694,-3.275972],[-45.879395,-3.277053],[-45.878433,-3.277447],[-45.877425,-3.277181],[-45.876615,-3.277717],[-45.875697,-3.278426],[-45.874732,-3.278754],[-45.874822,-3.279662],[-45.874826,-3.280614],[-45.873954,-3.280896],[-45.872978,-3.281156],[-45.871972,-3.281088],[-45.871041,-3.281331],[-45.870243,-3.281883],[-45.870645,-3.282718],[-45.871178,-3.283737],[-45.871153,-3.284747],[-45.870488,-3.2854],[-45.869648,-3.285758],[-45.868775,-3.286283],[-45.86825,-3.287052],[-45.867394,-3.287736],[-45.866634,-3.286995],[-45.865718,-3.286315],[-45.864754,-3.286248],[-45.863823,-3.286377],[-45.86294,-3.286691],[-45.861994,-3.287314],[-45.861082,-3.287736],[-45.860289,-3.288194],[-45.86,-3.289111],[-45.859344,-3.289773],[-45.858711,-3.290425],[-45.857928,-3.289983],[-45.85698,-3.289685],[-45.855948,-3.289629],[-45.854995,-3.289951],[-45.854229,-3.289397],[-45.853416,-3.28881],[-45.852539,-3.28845],[-45.851525,-3.288465],[-45.850538,-3.289917],[-45.84965,-3.290105],[-45.848645,-3.290529],[-45.847739,-3.290532],[-45.846967,-3.29107],[-45.846066,-3.29112],[-45.84506,-3.291482],[-45.843926,-3.291851],[-45.843015,-3.292209],[-45.841996,-3.292515],[-45.841317,-3.291857],[-45.840581,-3.291082],[-45.839681,-3.291049],[-45.838592,-3.291245],[-45.837918,-3.291924],[-45.837663,-3.293132],[-45.837545,-3.294284],[-45.838125,-3.29506],[-45.838887,-3.295847],[-45.839709,-3.296265],[-45.83973,-3.297205],[-45.839374,-3.298134],[-45.838798,-3.298961],[-45.838074,-3.299741],[-45.837547,-3.300604],[-45.837122,-3.301449],[-45.837083,-3.302368],[-45.836311,-3.303143],[-45.835483,-3.302721],[-45.834631,-3.302099],[-45.833357,-3.301835],[-45.832481,-3.302074],[-45.831914,-3.302819],[-45.831076,-3.303314],[-45.831163,-3.304263],[-45.83076,-3.305165],[-45.829844,-3.305172],[-45.829181,-3.304448],[-45.828445,-3.303921],[-45.827657,-3.30349],[-45.82661,-3.303451],[-45.825132,-3.303471],[-45.825385,-3.302545],[-45.825572,-3.301372],[-45.825637,-3.30046],[-45.824947,-3.299647],[-45.824143,-3.298914],[-45.823444,-3.298219],[-45.822568,-3.297841],[-45.821647,-3.297576],[-45.820841,-3.297062],[-45.820459,-3.296214],[-45.819801,-3.295478],[-45.818804,-3.294886],[-45.817951,-3.29449],[-45.817119,-3.293836],[-45.816362,-3.293188],[-45.815446,-3.29321],[-45.814885,-3.29419],[-45.814435,-3.295171],[-45.813879,-3.295884],[-45.812949,-3.295638],[-45.811952,-3.295693],[-45.810804,-3.295592],[-45.809749,-3.295252],[-45.808781,-3.294969],[-45.807948,-3.294628],[-45.807047,-3.294331],[-45.806558,-3.293538],[-45.806422,-3.292619],[-45.806894,-3.291519],[-45.807581,-3.290777],[-45.8079,-3.289876],[-45.80794,-3.288867],[-45.807934,-3.287831],[-45.807727,-3.286859],[-45.806946,-3.286388],[-45.806183,-3.285761],[-45.805306,-3.285193],[-45.804439,-3.284724],[-45.804186,-3.283858],[-45.803983,-3.28277],[-45.803715,-3.281796],[-45.804263,-3.281021],[-45.8048,-3.280293],[-45.805391,-3.279606],[-45.805561,-3.278619],[-45.805742,-3.277678],[-45.805632,-3.27667],[-45.80552,-3.275733],[-45.80482,-3.275048],[-45.803894,-3.274719],[-45.803484,-3.273864],[-45.80337,-3.272916],[-45.802809,-3.272185],[-45.80242,-3.271287],[-45.801808,-3.270551],[-45.800872,-3.270839],[-45.800006,-3.270424],[-45.799317,-3.269716],[-45.798928,-3.26885],[-45.798494,-3.267895],[-45.797825,-3.267175],[-45.797383,-3.266307],[-45.797047,-3.265231],[-45.796337,-3.264635],[-45.795501,-3.264221],[-45.794606,-3.263757],[-45.793472,-3.263472],[-45.793459,-3.262956],[-45.793194,-3.262639],[-45.792216,-3.262452],[-45.791207,-3.262534],[-45.790367,-3.261979],[-45.78933,-3.261679],[-45.788288,-3.262178],[-45.787432,-3.262565],[-45.786458,-3.262311],[-45.785607,-3.261895],[-45.784469,-3.26137],[-45.783402,-3.261386],[-45.7825,-3.261113],[-45.781482,-3.260964],[-45.780574,-3.260664],[-45.779809,-3.260034],[-45.778903,-3.26],[-45.77802,-3.260467],[-45.777467,-3.261214],[-45.776967,-3.261966],[-45.776063,-3.262413],[-45.775229,-3.262871],[-45.77421,-3.263669],[-45.773376,-3.264221],[-45.772424,-3.264043],[-45.771626,-3.263513],[-45.77047,-3.263123],[-45.769555,-3.263056],[-45.768729,-3.263457],[-45.768505,-3.264327],[-45.767391,-3.264571],[-45.76655,-3.264245],[-45.766939,-3.263345],[-45.767082,-3.262419],[-45.766808,-3.2614],[-45.766079,-3.260591],[-45.765259,-3.260158],[-45.764365,-3.25994],[-45.763572,-3.258921],[-45.76311,-3.258139],[-45.762227,-3.257754],[-45.761471,-3.257013],[-45.760139,-3.256258],[-45.759491,-3.256934],[-45.758509,-3.257179],[-45.757487,-3.257105],[-45.756572,-3.257404],[-45.755951,-3.258104],[-45.755874,-3.259004],[-45.755694,-3.260139],[-45.754751,-3.260245],[-45.753803,-3.259894],[-45.752696,-3.260462],[-45.751874,-3.261316],[-45.75147,-3.262137],[-45.751224,-3.263203],[-45.750818,-3.264046],[-45.749873,-3.264585],[-45.74931,-3.263816],[-45.748327,-3.263062],[-45.748015,-3.262124],[-45.747532,-3.260959],[-45.746872,-3.26021],[-45.74611,-3.259438],[-45.745263,-3.259029],[-45.74409,-3.258917],[-45.74317,-3.259095],[-45.742165,-3.258888],[-45.741168,-3.259223],[-45.740226,-3.259471],[-45.739307,-3.259366],[-45.738369,-3.258874],[-45.737414,-3.258947],[-45.736312,-3.25932],[-45.73541,-3.259027],[-45.73405,-3.258549],[-45.733018,-3.258586],[-45.732141,-3.258273],[-45.731626,-3.257393],[-45.73086,-3.256905],[-45.729879,-3.256957],[-45.728987,-3.25762],[-45.7281,-3.257373],[-45.728067,-3.256426],[-45.727494,-3.255691],[-45.726602,-3.25592],[-45.726055,-3.256741],[-45.725234,-3.257325],[-45.724262,-3.257721],[-45.723231,-3.257613],[-45.722512,-3.258195],[-45.722121,-3.259005],[-45.721748,-3.260222],[-45.720916,-3.260646],[-45.719886,-3.261081],[-45.719796,-3.262008],[-45.719428,-3.262894],[-45.718674,-3.263672],[-45.718236,-3.264489],[-45.717844,-3.26559],[-45.717269,-3.266421],[-45.717051,-3.267331],[-45.716285,-3.267836],[-45.715416,-3.268472],[-45.715351,-3.267448],[-45.714486,-3.266791],[-45.713658,-3.266064],[-45.713108,-3.265224],[-45.71249,-3.264453],[-45.712247,-3.263581],[-45.711855,-3.262577],[-45.711601,-3.261593],[-45.71095,-3.26085],[-45.710109,-3.260179],[-45.709112,-3.259849],[-45.708255,-3.259384],[-45.707888,-3.258554],[-45.707351,-3.257641],[-45.706587,-3.257151],[-45.705604,-3.25723],[-45.704016,-3.256801],[-45.703409,-3.255643],[-45.702713,-3.255053],[-45.701827,-3.254407],[-45.701575,-3.253516],[-45.70197,-3.252537],[-45.70222,-3.251651],[-45.702438,-3.250725],[-45.701526,-3.250688],[-45.700564,-3.250856],[-45.699464,-3.250895],[-45.698486,-3.250822],[-45.697854,-3.249965],[-45.697352,-3.249085],[-45.696598,-3.248526],[-45.695629,-3.24866],[-45.69449,-3.248464],[-45.693555,-3.248117],[-45.692073,-3.247078],[-45.692585,-3.245789],[-45.692321,-3.244913],[-45.692044,-3.24404],[-45.69136,-3.243362],[-45.690416,-3.242917],[-45.690853,-3.242036],[-45.691353,-3.241215],[-45.691665,-3.240277],[-45.692207,-3.239291],[-45.692361,-3.238118],[-45.692372,-3.23711],[-45.692524,-3.236136],[-45.692728,-3.235124],[-45.693309,-3.234419],[-45.693685,-3.233506],[-45.693835,-3.232607],[-45.694166,-3.23145],[-45.693886,-3.230562],[-45.693927,-3.229488],[-45.694374,-3.228384],[-45.694791,-3.227547],[-45.694442,-3.226687],[-45.69357,-3.226157],[-45.692792,-3.225534],[-45.691848,-3.225225],[-45.690948,-3.225221],[-45.690342,-3.224497],[-45.689981,-3.223354],[-45.689715,-3.222438],[-45.688754,-3.220683],[-45.688203,-3.219868],[-45.687901,-3.218673],[-45.6873,-3.2177],[-45.686557,-3.217192],[-45.685132,-3.216529],[-45.685046,-3.214603],[-45.685507,-3.21344],[-45.686065,-3.2126],[-45.686074,-3.211702],[-45.685866,-3.210794],[-45.685828,-3.209715],[-45.68645,-3.208944],[-45.686874,-3.208134],[-45.686952,-3.20721],[-45.686371,-3.206419],[-45.685925,-3.205603],[-45.685518,-3.204748],[-45.68531,-3.203853],[-45.685312,-3.202953],[-45.685237,-3.201846],[-45.684572,-3.200694],[-45.683799,-3.201569],[-45.682877,-3.201885],[-45.68203,-3.202309],[-45.680945,-3.202634],[-45.679691,-3.202751],[-45.678712,-3.202915],[-45.677739,-3.202987],[-45.676726,-3.203153],[-45.67599,-3.202572],[-45.675732,-3.201697],[-45.675473,-3.200762],[-45.674631,-3.200387],[-45.674437,-3.199465],[-45.675217,-3.19897],[-45.675628,-3.198131],[-45.675439,-3.197227],[-45.674722,-3.196536],[-45.673659,-3.196064],[-45.673006,-3.19535],[-45.672096,-3.195137],[-45.672096,-3.19344],[-45.672374,-3.192432],[-45.673146,-3.191821],[-45.674085,-3.191421],[-45.673999,-3.19048],[-45.673295,-3.189775],[-45.672435,-3.188956],[-45.671563,-3.188437],[-45.670881,-3.187729],[-45.67046,-3.18672],[-45.669986,-3.185696],[-45.669206,-3.185214],[-45.668258,-3.185018],[-45.66754,-3.185596],[-45.666751,-3.186367],[-45.665818,-3.186264],[-45.66547,-3.185364],[-45.664878,-3.184446],[-45.664921,-3.183546],[-45.665437,-3.182665],[-45.666174,-3.18213],[-45.666901,-3.181322],[-45.66644,-3.180526],[-45.665983,-3.179646],[-45.665772,-3.178417],[-45.666082,-3.17745],[-45.6655,-3.176737],[-45.664671,-3.176028],[-45.663893,-3.175273],[-45.663032,-3.174856],[-45.662425,-3.174095],[-45.661586,-3.173671],[-45.660818,-3.173201],[-45.661142,-3.172289],[-45.661684,-3.171555],[-45.662461,-3.171026],[-45.663362,-3.17041],[-45.663243,-3.169441],[-45.663174,-3.168467],[-45.662768,-3.167652],[-45.662153,-3.166972],[-45.661715,-3.166054],[-45.661144,-3.165295],[-45.661163,-3.164379],[-45.660307,-3.163933],[-45.659318,-3.163879],[-45.658975,-3.163047],[-45.658237,-3.162377],[-45.657218,-3.162287],[-45.65626,-3.162079],[-45.655608,-3.161425],[-45.654631,-3.161378],[-45.653383,-3.160931],[-45.652715,-3.160184],[-45.652289,-3.159378],[-45.651537,-3.158741],[-45.65096,-3.157092],[-45.649933,-3.155779],[-45.64914,-3.156238],[-45.648914,-3.157247],[-45.648462,-3.15806],[-45.647594,-3.158398],[-45.646686,-3.158062],[-45.645712,-3.157768],[-45.645157,-3.156954],[-45.644872,-3.155958],[-45.64412,-3.155453],[-45.64325,-3.154948],[-45.642286,-3.155091],[-45.641144,-3.155306],[-45.640213,-3.155279],[-45.639312,-3.155301],[-45.639213,-3.154396],[-45.638982,-3.153416],[-45.638599,-3.152512],[-45.637866,-3.15185],[-45.637076,-3.151371],[-45.636105,-3.151495],[-45.635168,-3.151223],[-45.634341,-3.150712],[-45.633259,-3.15056],[-45.632238,-3.150528],[-45.631877,-3.149673],[-45.632054,-3.148745],[-45.632006,-3.147795],[-45.631207,-3.147259],[-45.630582,-3.146531],[-45.630517,-3.14559],[-45.63053,-3.144693],[-45.630027,-3.143921],[-45.629974,-3.142962],[-45.629581,-3.142093],[-45.628696,-3.142514],[-45.627937,-3.143271],[-45.627431,-3.144266],[-45.626881,-3.145082],[-45.626044,-3.145804],[-45.625231,-3.146415],[-45.624285,-3.146623],[-45.623267,-3.146193],[-45.622348,-3.145712],[-45.621984,-3.144842],[-45.62139,-3.144165],[-45.620765,-3.143401],[-45.620195,-3.142415],[-45.619787,-3.141599],[-45.619278,-3.140851],[-45.618701,-3.140054],[-45.617754,-3.140087],[-45.61667,-3.139997],[-45.61574,-3.139678],[-45.615016,-3.139124],[-45.614162,-3.138734],[-45.613655,-3.139483],[-45.612942,-3.140119],[-45.611952,-3.140575],[-45.611157,-3.141053],[-45.610178,-3.141156],[-45.609699,-3.140176],[-45.608952,-3.139244],[-45.608121,-3.138713],[-45.607308,-3.138107],[-45.606388,-3.137777],[-45.605266,-3.137362],[-45.604056,-3.137142],[-45.603029,-3.137195],[-45.602176,-3.137712],[-45.601322,-3.137988],[-45.600596,-3.138714],[-45.599859,-3.1393],[-45.599483,-3.138352],[-45.59909,-3.137386],[-45.599092,-3.136382],[-45.599221,-3.135436],[-45.599563,-3.134595],[-45.599735,-3.133271],[-45.599532,-3.132304],[-45.599423,-3.131348],[-45.598991,-3.130454],[-45.598264,-3.129897],[-45.597817,-3.128996],[-45.597899,-3.128073],[-45.597598,-3.127135],[-45.596884,-3.126317],[-45.596389,-3.125556],[-45.595996,-3.124684],[-45.595836,-3.123602],[-45.595255,-3.122796],[-45.594379,-3.122261],[-45.593515,-3.1219],[-45.593407,-3.120942],[-45.592992,-3.12006],[-45.592214,-3.119306],[-45.592229,-3.11836],[-45.59302,-3.1177],[-45.594044,-3.117546],[-45.59481,-3.117026],[-45.595516,-3.11637],[-45.595733,-3.115427],[-45.595664,-3.114299],[-45.595665,-3.113257],[-45.59614,-3.112412],[-45.595867,-3.111482],[-45.595776,-3.110561],[-45.596489,-3.109956],[-45.597019,-3.109218],[-45.59674,-3.108268],[-45.596722,-3.107231],[-45.597365,-3.106516],[-45.596873,-3.104903],[-45.596369,-3.103902],[-45.59544,-3.103227],[-45.594538,-3.103271],[-45.593514,-3.103271],[-45.593239,-3.102348],[-45.593137,-3.101423],[-45.593048,-3.100248],[-45.593349,-3.0994],[-45.592762,-3.098639],[-45.591943,-3.098061],[-45.591092,-3.09762],[-45.590954,-3.096708],[-45.590909,-3.095538],[-45.590876,-3.094575],[-45.5914,-3.093603],[-45.591028,-3.092717],[-45.590332,-3.092019],[-45.590111,-3.091065],[-45.589601,-3.090262],[-45.58942,-3.08936],[-45.58985,-3.088471],[-45.588896,-3.087468],[-45.587957,-3.087553],[-45.587085,-3.088056],[-45.586303,-3.087546],[-45.58538,-3.08753],[-45.58453,-3.087004],[-45.583655,-3.086621],[-45.583047,-3.085839],[-45.582534,-3.085032],[-45.582303,-3.084089],[-45.581744,-3.083261],[-45.581072,-3.082401],[-45.580217,-3.081867],[-45.579339,-3.081355],[-45.578578,-3.080866],[-45.577696,-3.08022],[-45.57686,-3.079806],[-45.576056,-3.07922],[-45.575628,-3.078423],[-45.575066,-3.077698],[-45.574182,-3.076908],[-45.574475,-3.076041],[-45.574116,-3.075173],[-45.573529,-3.074243],[-45.572657,-3.073831],[-45.571721,-3.073788],[-45.570773,-3.074098],[-45.569797,-3.074538],[-45.568837,-3.074443],[-45.567929,-3.074584],[-45.567889,-3.075593],[-45.567739,-3.076484],[-45.567856,-3.077463],[-45.567543,-3.078379],[-45.566604,-3.078426],[-45.565731,-3.077999],[-45.564784,-3.077924],[-45.56385,-3.078028],[-45.562741,-3.078183],[-45.56181,-3.077907],[-45.561429,-3.077073],[-45.561726,-3.076055],[-45.561811,-3.075056],[-45.561313,-3.074112],[-45.560601,-3.073434],[-45.559674,-3.073171],[-45.558842,-3.07265],[-45.558321,-3.071874],[-45.557412,-3.071961],[-45.556677,-3.072493],[-45.555873,-3.073091],[-45.555268,-3.07395],[-45.554579,-3.074594],[-45.553112,-3.075004],[-45.552355,-3.075487],[-45.551445,-3.075435],[-45.550602,-3.074966],[-45.549623,-3.074347],[-45.548738,-3.07404],[-45.548289,-3.073236],[-45.547735,-3.072389],[-45.546902,-3.071687],[-45.547033,-3.070781],[-45.547859,-3.070012],[-45.547967,-3.06904],[-45.548161,-3.068077],[-45.548055,-3.067093],[-45.547325,-3.066148],[-45.546557,-3.065658],[-45.546082,-3.064587],[-45.546073,-3.063622],[-45.545734,-3.062725],[-45.545462,-3.06154],[-45.544528,-3.061456],[-45.543562,-3.061156],[-45.542703,-3.06074],[-45.541574,-3.060552],[-45.541157,-3.061429],[-45.540265,-3.061659],[-45.53938,-3.0615],[-45.538666,-3.062126],[-45.537982,-3.062843],[-45.537168,-3.063433],[-45.536311,-3.063766],[-45.535158,-3.063848],[-45.53464,-3.063091],[-45.53449,-3.062059],[-45.533763,-3.061406],[-45.532832,-3.061487],[-45.531858,-3.061728],[-45.530938,-3.061567],[-45.530173,-3.060931],[-45.529269,-3.060693],[-45.528316,-3.060756],[-45.527486,-3.061332],[-45.526705,-3.060813],[-45.52585,-3.059942],[-45.524944,-3.059652],[-45.524704,-3.058782],[-45.523867,-3.058452],[-45.522759,-3.058427],[-45.521908,-3.058867],[-45.521051,-3.05841],[-45.520063,-3.05799],[-45.51928,-3.057512],[-45.518382,-3.057223],[-45.517532,-3.057579],[-45.516734,-3.057132],[-45.516371,-3.05628],[-45.51548,-3.055917],[-45.514596,-3.055613],[-45.513752,-3.055151],[-45.512952,-3.055634],[-45.511928,-3.05576],[-45.511008,-3.056148],[-45.510057,-3.055966],[-45.50909,-3.055904],[-45.507874,-3.055701],[-45.507003,-3.055153],[-45.506828,-3.054156],[-45.505885,-3.054133],[-45.504902,-3.054131],[-45.504224,-3.054831],[-45.503404,-3.05534],[-45.50259,-3.055754],[-45.501744,-3.056189],[-45.50068,-3.056552],[-45.499868,-3.056967],[-45.499205,-3.057696],[-45.498204,-3.057653],[-45.497587,-3.056749],[-45.49732,-3.055775],[-45.496195,-3.055413],[-45.495317,-3.055633],[-45.494406,-3.055642],[-45.493433,-3.055564],[-45.492541,-3.055915],[-45.492241,-3.05505],[-45.492525,-3.054121],[-45.49257,-3.053122],[-45.491901,-3.052271],[-45.491058,-3.051444],[-45.490823,-3.050544],[-45.490877,-3.04947],[-45.491033,-3.048455],[-45.49053,-3.047668],[-45.489652,-3.047014],[-45.488844,-3.046177],[-45.488465,-3.04536],[-45.487643,-3.044979],[-45.48669,-3.044827],[-45.486215,-3.043757],[-45.485407,-3.043205],[-45.484429,-3.043069],[-45.483653,-3.042452],[-45.483085,-3.041642],[-45.48214,-3.04144],[-45.48115,-3.041353],[-45.480227,-3.041238],[-45.47933,-3.041054],[-45.4784,-3.040941],[-45.477416,-3.040362],[-45.476671,-3.039718],[-45.475946,-3.038914],[-45.474939,-3.038394],[-45.473941,-3.038161],[-45.472961,-3.037588],[-45.472251,-3.03692],[-45.47225,-3.035871],[-45.472115,-3.034971],[-45.47135,-3.034493],[-45.470551,-3.034083],[-45.469841,-3.034679],[-45.469237,-3.035351],[-45.467644,-3.035133],[-45.466994,-3.035756],[-45.466008,-3.035359],[-45.465002,-3.035176],[-45.464259,-3.035825],[-45.463281,-3.035973],[-45.462311,-3.036151],[-45.461438,-3.035785],[-45.460539,-3.035546],[-45.459722,-3.036098],[-45.458949,-3.036865],[-45.458636,-3.037815],[-45.458112,-3.038548],[-45.45716,-3.038391],[-45.45645,-3.039217],[-45.456064,-3.040091],[-45.455206,-3.040723],[-45.454559,-3.041449],[-45.454903,-3.042438],[-45.455238,-3.043298],[-45.455528,-3.044193],[-45.456175,-3.044936],[-45.45644,-3.045866],[-45.456258,-3.047652],[-45.454785,-3.048561],[-45.454799,-3.049513],[-45.454278,-3.050249],[-45.453313,-3.050327],[-45.45241,-3.050105],[-45.451517,-3.0499],[-45.450538,-3.049913],[-45.44959,-3.04983],[-45.449088,-3.049084],[-45.448689,-3.048109],[-45.447835,-3.047624],[-45.446759,-3.047519],[-45.445814,-3.048012],[-45.44519,-3.04871],[-45.444075,-3.049143],[-45.44333,-3.048634],[-45.44285,-3.047852],[-45.441994,-3.047453],[-45.441274,-3.046861],[-45.440467,-3.046255],[-45.440309,-3.045245],[-45.439854,-3.044419],[-45.43887,-3.044172],[-45.438016,-3.043826],[-45.4371,-3.043932],[-45.436145,-3.044019],[-45.435126,-3.043984],[-45.434099,-3.043837],[-45.433493,-3.044565],[-45.432813,-3.045272],[-45.431854,-3.045236],[-45.431052,-3.044649],[-45.430092,-3.044392],[-45.42914,-3.044188],[-45.428228,-3.043862],[-45.427202,-3.043356],[-45.426596,-3.042682],[-45.426187,-3.041868],[-45.425322,-3.041265],[-45.424366,-3.040912],[-45.423772,-3.040196],[-45.423385,-3.039114],[-45.422908,-3.038341],[-45.422169,-3.03783],[-45.421155,-3.037456],[-45.420293,-3.037068],[-45.419543,-3.036429],[-45.418662,-3.035995],[-45.41777,-3.036126],[-45.416958,-3.036654],[-45.416034,-3.036464],[-45.414934,-3.036866],[-45.414139,-3.037324],[-45.41319,-3.037371],[-45.41373,-3.038155],[-45.413991,-3.039015],[-45.413879,-3.03994],[-45.414047,-3.04104],[-45.41448,-3.041937],[-45.414719,-3.042876],[-45.413931,-3.043364],[-45.413288,-3.044122],[-45.412991,-3.045057],[-45.413165,-3.045971],[-45.413209,-3.04699],[-45.413088,-3.047914],[-45.412329,-3.048443],[-45.411346,-3.048637],[-45.41041,-3.048528],[-45.409557,-3.048903],[-45.408696,-3.049219],[-45.408913,-3.050148],[-45.408572,-3.051073],[-45.407538,-3.051243],[-45.406624,-3.051017],[-45.405601,-3.05097],[-45.405776,-3.051906],[-45.406678,-3.052367],[-45.407054,-3.053295],[-45.406998,-3.054315],[-45.406537,-3.055087],[-45.405776,-3.055567],[-45.40482,-3.055519],[-45.403983,-3.055986],[-45.403102,-3.056168],[-45.402361,-3.0567],[-45.402302,-3.05764],[-45.402448,-3.058546],[-45.401739,-3.059364],[-45.401056,-3.060219],[-45.400347,-3.061042],[-45.399379,-3.061553],[-45.398738,-3.062276],[-45.398697,-3.063286],[-45.398557,-3.06427],[-45.398052,-3.065084],[-45.397062,-3.06516],[-45.396083,-3.06504],[-45.395056,-3.064662],[-45.394132,-3.064584],[-45.393037,-3.064864],[-45.392722,-3.065718],[-45.392462,-3.066619],[-45.391732,-3.067289],[-45.39099,-3.067944],[-45.390854,-3.068866],[-45.39118,-3.06978],[-45.390666,-3.070786],[-45.389591,-3.071528],[-45.389178,-3.070633],[-45.389244,-3.069619],[-45.388795,-3.068815],[-45.387865,-3.068401],[-45.386839,-3.068396],[-45.385867,-3.068451],[-45.384889,-3.068276],[-45.383949,-3.068169],[-45.38294,-3.067885],[-45.382176,-3.067391],[-45.381327,-3.066978],[-45.380461,-3.06663],[-45.379507,-3.067014],[-45.378663,-3.0675],[-45.377868,-3.06692],[-45.377041,-3.066471],[-45.376109,-3.066312],[-45.37519,-3.06618],[-45.374274,-3.066366],[-45.373839,-3.067177],[-45.37339,-3.067956],[-45.372134,-3.067939],[-45.371339,-3.067388],[-45.371118,-3.066382],[-45.370515,-3.065589],[-45.369908,-3.064803],[-45.369727,-3.063874],[-45.3701,-3.062922],[-45.369875,-3.061944],[-45.368941,-3.061061],[-45.367838,-3.06066],[-45.3672,-3.060014],[-45.366946,-3.059141],[-45.36617,-3.058532],[-45.365157,-3.059026],[-45.364782,-3.059896],[-45.364686,-3.06087],[-45.364701,-3.061906],[-45.364717,-3.062884],[-45.364475,-3.063766],[-45.363652,-3.064231],[-45.362706,-3.064395],[-45.362052,-3.063738],[-45.36113,-3.063446],[-45.360512,-3.062692],[-45.359894,-3.061998],[-45.359295,-3.060698],[-45.358647,-3.06153],[-45.35813,-3.062578],[-45.357799,-3.063481],[-45.356917,-3.063857],[-45.355892,-3.063881],[-45.355024,-3.064324],[-45.354383,-3.065073],[-45.353526,-3.065748],[-45.352802,-3.066416],[-45.352634,-3.067323],[-45.352594,-3.068347],[-45.352482,-3.06936],[-45.351852,-3.070042],[-45.351153,-3.070737],[-45.35061,-3.071571],[-45.350151,-3.072362],[-45.350437,-3.073277],[-45.350195,-3.074166],[-45.349804,-3.074974],[-45.349099,-3.075621],[-45.348566,-3.076348],[-45.347618,-3.076757],[-45.346672,-3.076729],[-45.346217,-3.077914],[-45.345516,-3.078855],[-45.344833,-3.079533],[-45.344718,-3.080494],[-45.344367,-3.081375],[-45.343993,-3.082749],[-45.343262,-3.083425],[-45.342292,-3.083468],[-45.341531,-3.084296],[-45.340204,-3.083406],[-45.339547,-3.082671],[-45.338681,-3.082283],[-45.33779,-3.08183],[-45.336882,-3.081716],[-45.336032,-3.081324],[-45.335212,-3.080886],[-45.33421,-3.080856],[-45.33326,-3.080779],[-45.332353,-3.080429],[-45.33087,-3.080258],[-45.329891,-3.080228],[-45.328953,-3.079817],[-45.327958,-3.079707],[-45.326938,-3.079457],[-45.32618,-3.078824],[-45.325311,-3.078245],[-45.324217,-3.077865],[-45.323523,-3.077169],[-45.323101,-3.076057],[-45.322651,-3.075278],[-45.321748,-3.075317],[-45.320876,-3.075097],[-45.319988,-3.074871],[-45.318943,-3.074724],[-45.317954,-3.074834],[-45.317134,-3.074469],[-45.316994,-3.073464],[-45.316527,-3.072633],[-45.316065,-3.073721],[-45.315076,-3.074256],[-45.314205,-3.074619],[-45.313907,-3.075467],[-45.31328,-3.076173],[-45.312448,-3.075753],[-45.311423,-3.075262],[-45.310598,-3.075655],[-45.31063,-3.076556],[-45.310574,-3.077462],[-45.309856,-3.078063],[-45.30887,-3.078166],[-45.307945,-3.077759],[-45.307302,-3.077006],[-45.306415,-3.076703],[-45.305456,-3.076417],[-45.304732,-3.075797],[-45.303813,-3.075875],[-45.303392,-3.076673],[-45.302834,-3.077414],[-45.302589,-3.078353],[-45.30216,-3.079245],[-45.301711,-3.080051],[-45.301312,-3.081044],[-45.300973,-3.082177],[-45.300371,-3.082905],[-45.299149,-3.08328],[-45.299536,-3.084118],[-45.299786,-3.085062],[-45.299303,-3.085825],[-45.298467,-3.086348],[-45.297558,-3.086306],[-45.296422,-3.086076],[-45.295468,-3.085987],[-45.29454,-3.086189],[-45.293649,-3.086321],[-45.292746,-3.086314],[-45.292131,-3.085649],[-45.291663,-3.084658],[-45.291662,-3.083733],[-45.290801,-3.083013],[-45.289795,-3.083156],[-45.288771,-3.083226],[-45.28797,-3.083809],[-45.287148,-3.084495],[-45.286182,-3.084596],[-45.285445,-3.085142],[-45.28455,-3.085505],[-45.284028,-3.086242],[-45.283971,-3.087285],[-45.283579,-3.088171],[-45.28294,-3.088915],[-45.282742,-3.089825],[-45.282074,-3.090513],[-45.281197,-3.091026],[-45.280293,-3.091543],[-45.279384,-3.092165],[-45.278383,-3.09256],[-45.277582,-3.092969],[-45.276305,-3.092881],[-45.275431,-3.09267],[-45.274251,-3.092631],[-45.273223,-3.092643],[-45.272249,-3.09278],[-45.271275,-3.092778],[-45.270772,-3.093543],[-45.270397,-3.094506],[-45.269575,-3.095276],[-45.26859,-3.095484],[-45.26765,-3.095667],[-45.266679,-3.095405],[-45.265875,-3.094955],[-45.26495,-3.094716],[-45.264096,-3.095463],[-45.263936,-3.096366],[-45.264015,-3.097309],[-45.263659,-3.098168],[-45.262858,-3.098695],[-45.26198,-3.098471],[-45.261075,-3.098296],[-45.259767,-3.09879],[-45.259192,-3.099535],[-45.258959,-3.100488],[-45.258379,-3.101211],[-45.257456,-3.101903],[-45.256589,-3.102284],[-45.255904,-3.102982],[-45.255013,-3.103342],[-45.25427,-3.104272],[-45.25328,-3.104585],[-45.252101,-3.104565],[-45.251168,-3.10452],[-45.250914,-3.105406],[-45.250159,-3.105994],[-45.249305,-3.106806],[-45.248328,-3.106649],[-45.247938,-3.105811],[-45.247924,-3.104783],[-45.24779,-3.103874],[-45.247013,-3.103116],[-45.245768,-3.102858],[-45.244541,-3.102955],[-45.243611,-3.102779],[-45.242373,-3.102353],[-45.241635,-3.101691],[-45.240984,-3.101057],[-45.23997,-3.101068],[-45.239047,-3.10132],[-45.238116,-3.101153],[-45.237695,-3.101978],[-45.23838,-3.102607],[-45.238969,-3.103286],[-45.238764,-3.104556],[-45.238521,-3.105468],[-45.237717,-3.105984],[-45.236764,-3.106102],[-45.23583,-3.105852],[-45.235295,-3.105121],[-45.234969,-3.10419],[-45.234111,-3.103863],[-45.233053,-3.104045],[-45.232165,-3.104329],[-45.231279,-3.103835],[-45.230277,-3.103886],[-45.229361,-3.104246],[-45.228221,-3.103994],[-45.227316,-3.103456],[-45.226451,-3.103962],[-45.225643,-3.104506],[-45.225141,-3.103742],[-45.224611,-3.102979],[-45.224226,-3.102161],[-45.223794,-3.101257],[-45.223551,-3.100354],[-45.222529,-3.100099],[-45.221705,-3.099611],[-45.220753,-3.099456],[-45.21998,-3.099965],[-45.219487,-3.100736],[-45.218547,-3.100987],[-45.217359,-3.100427],[-45.216578,-3.101025],[-45.216239,-3.10237],[-45.215378,-3.102721],[-45.214016,-3.1032],[-45.213119,-3.102971],[-45.212672,-3.102106],[-45.21219,-3.101299],[-45.212228,-3.100398],[-45.211416,-3.099954],[-45.210674,-3.099447],[-45.20972,-3.099556],[-45.208738,-3.099543],[-45.207545,-3.099228],[-45.206645,-3.099321],[-45.206373,-3.100253],[-45.205644,-3.101059],[-45.205125,-3.101872],[-45.204487,-3.10255],[-45.203677,-3.102999],[-45.202777,-3.103169],[-45.20192,-3.102813],[-45.200937,-3.102689],[-45.200047,-3.102851],[-45.199254,-3.102178],[-45.198418,-3.10165],[-45.197514,-3.101377],[-45.196581,-3.101059],[-45.196196,-3.099697],[-45.196152,-3.098636],[-45.195645,-3.097825],[-45.194736,-3.097401],[-45.193766,-3.097407],[-45.192887,-3.097776],[-45.192135,-3.097182],[-45.191788,-3.096182],[-45.191249,-3.095262],[-45.190297,-3.09529],[-45.189567,-3.09588],[-45.188567,-3.095898],[-45.188135,-3.094708],[-45.187826,-3.093731],[-45.187298,-3.092867],[-45.186624,-3.09198],[-45.186115,-3.09113],[-45.186163,-3.090194],[-45.185893,-3.089247],[-45.185436,-3.088395],[-45.185228,-3.087428],[-45.185362,-3.086455],[-45.184868,-3.085688],[-45.183996,-3.085196],[-45.183063,-3.0851],[-45.182075,-3.085128],[-45.181131,-3.084709],[-45.18015,-3.083475],[-45.180035,-3.082257],[-45.179398,-3.081573],[-45.17839,-3.081217],[-45.177516,-3.080805],[-45.176604,-3.080462],[-45.175659,-3.080317],[-45.174771,-3.08096],[-45.173826,-3.081127],[-45.172765,-3.08099],[-45.172126,-3.080311],[-45.172211,-3.079321],[-45.172914,-3.078462],[-45.172076,-3.077962],[-45.170971,-3.07791],[-45.170215,-3.078407],[-45.169504,-3.079076],[-45.16932,-3.080003],[-45.168307,-3.080201],[-45.167395,-3.080189],[-45.166493,-3.080674],[-45.166047,-3.081455],[-45.165501,-3.082169],[-45.164962,-3.082889],[-45.164131,-3.0833],[-45.163023,-3.08324],[-45.161998,-3.083269],[-45.161026,-3.083465],[-45.159762,-3.083165],[-45.1589,-3.08263],[-45.158143,-3.081996],[-45.157208,-3.081681],[-45.156404,-3.081096],[-45.155881,-3.08023],[-45.155276,-3.079446],[-45.155056,-3.07845],[-45.154543,-3.077456],[-45.153709,-3.076984],[-45.152813,-3.076344],[-45.152009,-3.075753],[-45.151124,-3.075575],[-45.149978,-3.076024],[-45.149108,-3.076418],[-45.148141,-3.076377],[-45.147584,-3.075343],[-45.147033,-3.074496],[-45.146039,-3.073954],[-45.145175,-3.073567],[-45.144217,-3.073623],[-45.14331,-3.07335],[-45.142285,-3.07304],[-45.140972,-3.073472],[-45.14122,-3.072586],[-45.141718,-3.071719],[-45.142451,-3.071061],[-45.14331,-3.070389],[-45.143846,-3.069662],[-45.144523,-3.068951],[-45.144255,-3.067991],[-45.143791,-3.06722],[-45.143446,-3.066384],[-45.142449,-3.066213],[-45.14167,-3.065759],[-45.140602,-3.065112],[-45.140053,-3.064339],[-45.140238,-3.063336],[-45.141257,-3.061806],[-45.140998,-3.060668],[-45.140217,-3.059783],[-45.139393,-3.05894],[-45.138833,-3.05811],[-45.137867,-3.057859],[-45.137008,-3.057284],[-45.136323,-3.056571],[-45.135386,-3.056506],[-45.134675,-3.057183],[-45.133783,-3.057448],[-45.133093,-3.056783],[-45.132199,-3.056408],[-45.131394,-3.055961],[-45.131302,-3.054864],[-45.131205,-3.053957],[-45.130732,-3.053165],[-45.129561,-3.053275],[-45.128613,-3.053196],[-45.127685,-3.052869],[-45.126734,-3.052574],[-45.125744,-3.052578],[-45.124522,-3.052961],[-45.12358,-3.053308],[-45.122811,-3.053926],[-45.121842,-3.05411],[-45.120927,-3.053932],[-45.120147,-3.053442],[-45.119345,-3.053864],[-45.11838,-3.053982],[-45.11774,-3.053268],[-45.117289,-3.052442],[-45.116593,-3.051745],[-45.115809,-3.051135],[-45.115359,-3.049984],[-45.114035,-3.049303],[-45.11359,-3.048425],[-45.112814,-3.047716],[-45.111798,-3.047727],[-45.111133,-3.048357],[-45.110149,-3.048477],[-45.109365,-3.04801],[-45.108416,-3.047553],[-45.107557,-3.047171],[-45.107527,-3.046151],[-45.107436,-3.045201],[-45.106684,-3.044706],[-45.106071,-3.043913],[-45.105202,-3.043553],[-45.104308,-3.043797],[-45.103149,-3.044145],[-45.102246,-3.044151],[-45.101548,-3.043462],[-45.101178,-3.042592],[-45.100743,-3.041749],[-45.099887,-3.041155],[-45.098484,-3.040137],[-45.098094,-3.041261],[-45.097933,-3.042172],[-45.097871,-3.04317],[-45.097182,-3.043818],[-45.097188,-3.044753],[-45.097235,-3.045703],[-45.096718,-3.0465],[-45.096249,-3.047322],[-45.095477,-3.047916],[-45.095278,-3.048888],[-45.094598,-3.049494],[-45.093674,-3.049785],[-45.093262,-3.050762],[-45.09287,-3.051621],[-45.092428,-3.052428],[-45.09207,-3.053495],[-45.091416,-3.054259],[-45.090402,-3.054428],[-45.089558,-3.054944],[-45.08887,-3.054345],[-45.088099,-3.053774],[-45.087236,-3.053457],[-45.086302,-3.052566],[-45.085972,-3.051677],[-45.086162,-3.050759],[-45.086936,-3.050256],[-45.087372,-3.04929],[-45.086798,-3.048496],[-45.085892,-3.047983],[-45.085055,-3.047417],[-45.0842,-3.047724],[-45.083528,-3.048448],[-45.082705,-3.048828],[-45.082398,-3.049723],[-45.082843,-3.050511],[-45.082152,-3.051363],[-45.081123,-3.051496],[-45.08014,-3.051486],[-45.079238,-3.051335],[-45.078504,-3.051968],[-45.078032,-3.052752],[-45.077412,-3.053447],[-45.076579,-3.053955],[-45.075864,-3.054623],[-45.075952,-3.055561],[-45.076661,-3.056246],[-45.076513,-3.057563],[-45.076191,-3.058411],[-45.075704,-3.059181],[-45.074773,-3.059152],[-45.073871,-3.059158],[-45.072933,-3.059501],[-45.071965,-3.059554],[-45.07101,-3.059462],[-45.070267,-3.059986],[-45.070209,-3.060998],[-45.07035,-3.062008],[-45.069844,-3.062897],[-45.068885,-3.06312],[-45.067731,-3.063507],[-45.067475,-3.064482],[-45.067543,-3.065453],[-45.066674,-3.065962],[-45.065702,-3.06602],[-45.064756,-3.066422],[-45.063903,-3.066745],[-45.062936,-3.066804],[-45.062057,-3.067058],[-45.061614,-3.068003],[-45.061419,-3.068919],[-45.06117,-3.0699],[-45.060416,-3.07098],[-45.061012,-3.071813],[-45.061059,-3.072756],[-45.060764,-3.073693],[-45.060409,-3.07493],[-45.059784,-3.075672],[-45.058899,-3.076122],[-45.05808,-3.076834],[-45.057386,-3.077458],[-45.057059,-3.078409],[-45.056904,-3.0793],[-45.057708,-3.079849],[-45.058629,-3.07998],[-45.059587,-3.080417],[-45.060037,-3.081297],[-45.060285,-3.082171],[-45.060231,-3.083116],[-45.060141,-3.084046],[-45.059493,-3.084806],[-45.05864,-3.085178],[-45.057902,-3.085703],[-45.056945,-3.085824],[-45.056263,-3.085117],[-45.055262,-3.084904],[-45.054361,-3.085458],[-45.053649,-3.086148],[-45.052757,-3.08652],[-45.051545,-3.086534],[-45.050525,-3.086467],[-45.049633,-3.08629],[-45.04884,-3.086777],[-45.04868,-3.087788],[-45.048004,-3.088562],[-45.047178,-3.089407],[-45.046746,-3.090243],[-45.046732,-3.091166],[-45.046194,-3.092171],[-45.045435,-3.092807],[-45.04522,-3.093715],[-45.045453,-3.094681],[-45.045772,-3.095592],[-45.046191,-3.096477],[-45.045793,-3.097302],[-45.045067,-3.097877],[-45.043994,-3.098301],[-45.043019,-3.098583],[-45.042121,-3.098942],[-45.041285,-3.099407],[-45.040344,-3.098981],[-45.039491,-3.099273],[-45.038592,-3.099473],[-45.037904,-3.100256],[-45.037123,-3.100898],[-45.036279,-3.101279],[-45.035667,-3.102065],[-45.034584,-3.102628],[-45.03365,-3.104241],[-45.032997,-3.104982],[-45.032293,-3.104389],[-45.031504,-3.103939],[-45.030576,-3.104233],[-45.029641,-3.104493],[-45.029106,-3.105216],[-45.028383,-3.106168],[-45.027786,-3.106974],[-45.026886,-3.107315],[-45.026001,-3.10692],[-45.025188,-3.106193],[-45.024351,-3.106626],[-45.023397,-3.106684],[-45.022428,-3.106678],[-45.021502,-3.106779],[-45.020752,-3.106202],[-45.020712,-3.105279],[-45.020126,-3.104581],[-45.019228,-3.104991],[-45.018357,-3.105443],[-45.017705,-3.106189],[-45.016952,-3.106696],[-45.015941,-3.10675],[-45.014892,-3.106211],[-45.014387,-3.105465],[-45.0134,-3.105735],[-45.012616,-3.106363],[-45.011436,-3.106935],[-45.010538,-3.107229],[-45.010066,-3.108123],[-45.009224,-3.108804],[-45.008616,-3.109497],[-45.009341,-3.110154],[-45.009826,-3.110979],[-45.009446,-3.111802],[-45.008895,-3.112566],[-45.007797,-3.112677],[-45.006916,-3.112879],[-45.005958,-3.11302],[-45.004951,-3.113067],[-45.004006,-3.113025],[-45.003186,-3.113573],[-45.002767,-3.114436],[-45.001938,-3.114785],[-45.001136,-3.115307],[-45.000223,-3.115637],[-44.999247,-3.115478],[-44.997907,-3.116256],[-44.997508,-3.117377],[-44.997641,-3.118355],[-44.997869,-3.119255],[-44.998278,-3.120065],[-44.998264,-3.121075],[-44.998018,-3.122012],[-44.997208,-3.122482],[-44.996287,-3.122844],[-44.995388,-3.122879],[-44.99438,-3.122729],[-44.993558,-3.123268],[-44.992658,-3.123717],[-44.99217,-3.12453],[-44.9914,-3.125042],[-44.99118,-3.125931],[-44.991567,-3.126762],[-44.992332,-3.127281],[-44.992395,-3.128207],[-44.991523,-3.128568],[-44.990621,-3.129006],[-44.989749,-3.129266],[-44.98864,-3.129487],[-44.987688,-3.129788],[-44.986759,-3.129878],[-44.985846,-3.129979],[-44.985853,-3.130955],[-44.985813,-3.131856],[-44.985526,-3.132726],[-44.985063,-3.133532],[-44.984375,-3.134208],[-44.983419,-3.13464],[-44.982516,-3.135033],[-44.981716,-3.135552],[-44.980881,-3.13509],[-44.980036,-3.134688],[-44.979086,-3.134908],[-44.978292,-3.135686],[-44.978277,-3.136693],[-44.978395,-3.137669],[-44.978645,-3.138582],[-44.978969,-3.139443],[-44.979022,-3.140461],[-44.979552,-3.141313],[-44.980422,-3.141747],[-44.980806,-3.142817],[-44.980821,-3.14387],[-44.980583,-3.144808],[-44.980498,-3.145765],[-44.979543,-3.145721],[-44.978617,-3.145823],[-44.977724,-3.146072],[-44.976893,-3.146473],[-44.976047,-3.146885],[-44.97498,-3.14715],[-44.974014,-3.147394],[-44.973225,-3.146914],[-44.972656,-3.14762],[-44.972775,-3.148632],[-44.972516,-3.149498],[-44.972696,-3.150426],[-44.972158,-3.151171],[-44.971323,-3.151875],[-44.970781,-3.152607],[-44.970375,-3.153438],[-44.969631,-3.153959],[-44.968922,-3.154695],[-44.968154,-3.154216],[-44.967431,-3.153661],[-44.966483,-3.153564],[-44.966301,-3.154457],[-44.965996,-3.155351],[-44.964999,-3.155333],[-44.964154,-3.15501],[-44.963186,-3.155139],[-44.962645,-3.155907],[-44.96184,-3.156425],[-44.961426,-3.157265],[-44.961049,-3.158141],[-44.960375,-3.158766],[-44.960136,-3.159789],[-44.959564,-3.160505],[-44.958894,-3.161124],[-44.958189,-3.161803],[-44.957045,-3.161721],[-44.956089,-3.161588],[-44.955129,-3.161633],[-44.954219,-3.161179],[-44.953309,-3.161018],[-44.952516,-3.16153],[-44.951605,-3.162438],[-44.950902,-3.163271],[-44.95038,-3.16412],[-44.950101,-3.165004],[-44.949852,-3.165869],[-44.94893,-3.166095],[-44.948353,-3.165272],[-44.947662,-3.164664],[-44.946643,-3.164599],[-44.945725,-3.164646],[-44.944877,-3.165129],[-44.944741,-3.166018],[-44.944275,-3.166826],[-44.944515,-3.1677],[-44.944345,-3.168581],[-44.944199,-3.169478],[-44.944195,-3.170382],[-44.944391,-3.171272],[-44.944766,-3.172174],[-44.945554,-3.172665],[-44.946009,-3.173498],[-44.946934,-3.173621],[-44.947175,-3.174497],[-44.947576,-3.175365],[-44.948224,-3.176079],[-44.948687,-3.176896],[-44.949552,-3.177266],[-44.949918,-3.178143],[-44.949225,-3.17907],[-44.948561,-3.179675],[-44.947687,-3.180089],[-44.946728,-3.180297],[-44.945872,-3.179952],[-44.945188,-3.179303],[-44.944204,-3.179735],[-44.943419,-3.180495],[-44.942578,-3.181021],[-44.941662,-3.181386],[-44.940908,-3.182313],[-44.939996,-3.182708],[-44.940073,-3.18367],[-44.940543,-3.184497],[-44.939927,-3.185194],[-44.93894,-3.185111],[-44.938185,-3.18462],[-44.937197,-3.184467],[-44.936316,-3.184656],[-44.935585,-3.185438],[-44.935443,-3.186353],[-44.935606,-3.187238],[-44.935775,-3.188169],[-44.935227,-3.189105],[-44.93511,-3.190048],[-44.935217,-3.190967],[-44.934592,-3.191775],[-44.93385,-3.191185],[-44.93363,-3.190238],[-44.932852,-3.189767],[-44.931924,-3.189688],[-44.931331,-3.190487],[-44.930644,-3.18973],[-44.930112,-3.188925],[-44.929363,-3.188277],[-44.928657,-3.18745],[-44.928169,-3.186511],[-44.927503,-3.185848],[-44.926435,-3.185781],[-44.925465,-3.185486],[-44.924615,-3.185053],[-44.923521,-3.18453],[-44.922506,-3.184141],[-44.921707,-3.183696],[-44.921897,-3.182762],[-44.922584,-3.182164],[-44.923146,-3.181444],[-44.923228,-3.180522],[-44.922358,-3.180148],[-44.921451,-3.179995],[-44.920555,-3.180365],[-44.919597,-3.180288],[-44.919378,-3.179396],[-44.918533,-3.17885],[-44.917571,-3.178943],[-44.916591,-3.178412],[-44.915908,-3.177566],[-44.915053,-3.177151],[-44.914553,-3.176291],[-44.913199,-3.175137],[-44.913778,-3.174099],[-44.914633,-3.173594],[-44.915365,-3.172971],[-44.916064,-3.17217],[-44.916049,-3.171175],[-44.915831,-3.170262],[-44.916548,-3.169472],[-44.917286,-3.168938],[-44.917742,-3.16796],[-44.917317,-3.167088],[-44.916975,-3.166207],[-44.916775,-3.165116],[-44.916617,-3.164229],[-44.916637,-3.163307],[-44.915895,-3.162442],[-44.915269,-3.161669],[-44.914921,-3.160754],[-44.914982,-3.159782],[-44.914438,-3.159065],[-44.913532,-3.159226],[-44.912605,-3.159557],[-44.911748,-3.159226],[-44.911566,-3.158336],[-44.911926,-3.157507],[-44.912116,-3.156504],[-44.912664,-3.15561],[-44.913036,-3.15478],[-44.913194,-3.153863],[-44.912639,-3.153147],[-44.911614,-3.153128],[-44.910647,-3.153035],[-44.909825,-3.152402],[-44.908716,-3.152183],[-44.907972,-3.151597],[-44.9073,-3.150863],[-44.906464,-3.151367],[-44.905954,-3.152194],[-44.905332,-3.152889],[-44.904448,-3.153344],[-44.903306,-3.153429],[-44.902562,-3.154073],[-44.902048,-3.154968],[-44.90118,-3.155397],[-44.900283,-3.155551],[-44.899399,-3.155323],[-44.898504,-3.155056],[-44.897547,-3.155266],[-44.896438,-3.15465],[-44.89551,-3.154535],[-44.895072,-3.155454],[-44.894631,-3.156239],[-44.893976,-3.157008],[-44.893032,-3.157702],[-44.89252,-3.15857],[-44.892546,-3.159471],[-44.892567,-3.160387],[-44.89202,-3.161166],[-44.891118,-3.160833],[-44.890191,-3.160772],[-44.889791,-3.161628],[-44.889036,-3.162357],[-44.88812,-3.162948],[-44.887408,-3.163523],[-44.886686,-3.164194],[-44.886481,-3.165297],[-44.88648,-3.166244],[-44.88639,-3.167222],[-44.885553,-3.167782],[-44.884792,-3.168292],[-44.883961,-3.168662],[-44.883311,-3.168011],[-44.882843,-3.167242],[-44.881883,-3.167646],[-44.881011,-3.168085],[-44.88052,-3.168851],[-44.88012,-3.169703],[-44.879228,-3.170339],[-44.877646,-3.171249],[-44.876731,-3.17117],[-44.875802,-3.170864],[-44.875063,-3.170214],[-44.874383,-3.169502],[-44.87392,-3.168712],[-44.872637,-3.169017],[-44.873179,-3.169915],[-44.873342,-3.171028],[-44.874236,-3.171876],[-44.874993,-3.172372],[-44.875184,-3.173363],[-44.874928,-3.174228],[-44.87523,-3.175176],[-44.875434,-3.176736],[-44.875642,-3.177676],[-44.875691,-3.17882],[-44.875469,-3.179695],[-44.875318,-3.180595],[-44.875048,-3.181568],[-44.874387,-3.182431],[-44.874496,-3.183428],[-44.874814,-3.18438],[-44.875068,-3.185368],[-44.875429,-3.186391],[-44.876086,-3.18726],[-44.875765,-3.188108],[-44.875494,-3.189072],[-44.875623,-3.190055],[-44.875584,-3.19108],[-44.875563,-3.192056],[-44.875938,-3.192946],[-44.875919,-3.193897],[-44.875247,-3.194498],[-44.875308,-3.195501],[-44.875869,-3.196332],[-44.87595,-3.197283],[-44.876625,-3.197965],[-44.877283,-3.198587],[-44.877186,-3.199543],[-44.876836,-3.200437],[-44.875946,-3.200636],[-44.875032,-3.200608],[-44.874129,-3.200785],[-44.873159,-3.20108],[-44.872354,-3.201805],[-44.873071,-3.202902],[-44.873849,-3.203376],[-44.874584,-3.204034],[-44.874926,-3.204913],[-44.875071,-3.205847],[-44.875318,-3.20677],[-44.874991,-3.207622],[-44.874398,-3.208407],[-44.874046,-3.209241],[-44.873497,-3.20999],[-44.873787,-3.210909],[-44.874265,-3.21167],[-44.874478,-3.212743],[-44.874981,-3.213634],[-44.875904,-3.213973],[-44.876811,-3.21408],[-44.87781,-3.214153],[-44.87854,-3.21354],[-44.87929,-3.212994],[-44.880313,-3.213005],[-44.881245,-3.21335],[-44.88189,-3.214131],[-44.881484,-3.215186],[-44.881997,-3.215928],[-44.882813,-3.216626],[-44.883671,-3.217022],[-44.884513,-3.217717],[-44.885416,-3.218472],[-44.885755,-3.220095],[-44.886162,-3.22107],[-44.887049,-3.220883],[-44.887937,-3.220533],[-44.888462,-3.221301],[-44.888609,-3.22228],[-44.888878,-3.223179],[-44.887973,-3.223292],[-44.886938,-3.223064],[-44.886303,-3.223792],[-44.885806,-3.224559],[-44.885088,-3.225393],[-44.884243,-3.22589],[-44.88354,-3.225283],[-44.883259,-3.224363],[-44.88234,-3.224361],[-44.882176,-3.225259],[-44.881952,-3.226222],[-44.880994,-3.226321],[-44.880258,-3.225717],[-44.879431,-3.22528],[-44.878512,-3.225185],[-44.877721,-3.225763],[-44.877285,-3.226565],[-44.876834,-3.227464],[-44.876462,-3.228448],[-44.875611,-3.228156],[-44.874853,-3.22764],[-44.873961,-3.227952],[-44.873418,-3.228704],[-44.872665,-3.229379],[-44.871792,-3.229001],[-44.870776,-3.229075],[-44.869614,-3.228982],[-44.868566,-3.229283],[-44.867664,-3.229081],[-44.867159,-3.227979],[-44.86619,-3.227404],[-44.865184,-3.227428],[-44.86423,-3.227568],[-44.863293,-3.227478],[-44.862368,-3.227588],[-44.861353,-3.227582],[-44.860605,-3.228124],[-44.859654,-3.228611],[-44.858941,-3.227965],[-44.858543,-3.227139],[-44.85808,-3.226253],[-44.857336,-3.225664],[-44.857204,-3.224717],[-44.856452,-3.224108],[-44.855544,-3.223336],[-44.854824,-3.22279],[-44.854196,-3.222043],[-44.853542,-3.222692],[-44.852825,-3.223376],[-44.851839,-3.223183],[-44.850885,-3.222892],[-44.849972,-3.222522],[-44.848997,-3.222561],[-44.848238,-3.223094],[-44.847414,-3.223937],[-44.846557,-3.224612],[-44.846061,-3.225506],[-44.845285,-3.226397],[-44.844357,-3.226721],[-44.843586,-3.227485],[-44.842823,-3.228085],[-44.841912,-3.228301],[-44.841007,-3.228523],[-44.840176,-3.229056],[-44.839673,-3.229949],[-44.839062,-3.230649],[-44.838657,-3.231825],[-44.838115,-3.232562],[-44.837406,-3.233387],[-44.836928,-3.23431],[-44.836013,-3.234717],[-44.835152,-3.234153],[-44.83458,-3.233207],[-44.834592,-3.231111],[-44.834565,-3.230107],[-44.834398,-3.229218],[-44.833709,-3.228577],[-44.833917,-3.227684],[-44.833723,-3.226629],[-44.832968,-3.22593],[-44.832372,-3.224584],[-44.831467,-3.224574],[-44.830543,-3.224715],[-44.829784,-3.225495],[-44.828955,-3.225909],[-44.827697,-3.225696],[-44.826703,-3.225102],[-44.825747,-3.224795],[-44.824803,-3.224359],[-44.82393,-3.224579],[-44.822952,-3.224663],[-44.822026,-3.224545],[-44.821113,-3.224158],[-44.820108,-3.224111],[-44.8192,-3.224452],[-44.818321,-3.22418],[-44.817331,-3.223652],[-44.816433,-3.223658],[-44.815446,-3.223962],[-44.814426,-3.223968],[-44.813685,-3.223396],[-44.813203,-3.22263],[-44.812248,-3.222488],[-44.8112,-3.222242],[-44.810251,-3.222127],[-44.809387,-3.222575],[-44.808773,-3.223288],[-44.807741,-3.223849],[-44.806775,-3.223948],[-44.805676,-3.224115],[-44.804499,-3.224017],[-44.803674,-3.223557],[-44.802691,-3.223145],[-44.800966,-3.222919],[-44.800587,-3.223856],[-44.799932,-3.224559],[-44.79965,-3.225484],[-44.799837,-3.226513],[-44.799997,-3.227433],[-44.799712,-3.228331],[-44.799664,-3.229323],[-44.800057,-3.230271],[-44.800224,-3.231283],[-44.80104,-3.231756],[-44.80193,-3.231579],[-44.802656,-3.232281],[-44.802261,-3.23323],[-44.802352,-3.234178],[-44.803158,-3.234631],[-44.803313,-3.235518],[-44.802728,-3.236217],[-44.802296,-3.237185],[-44.801814,-3.238044],[-44.802666,-3.238551],[-44.803511,-3.23899],[-44.803838,-3.239878],[-44.803629,-3.240774],[-44.804099,-3.241593],[-44.803778,-3.24244],[-44.803523,-3.243403],[-44.803753,-3.244393],[-44.803886,-3.245337],[-44.804507,-3.246152],[-44.804827,-3.247062],[-44.805277,-3.247918],[-44.806013,-3.248434],[-44.807035,-3.249088],[-44.807564,-3.249935],[-44.807329,-3.251016],[-44.807263,-3.251913],[-44.807253,-3.25281],[-44.807114,-3.2538],[-44.807367,-3.254862],[-44.807498,-3.256628],[-44.807215,-3.257524],[-44.806452,-3.258119],[-44.805481,-3.258106],[-44.804792,-3.257417],[-44.803813,-3.257148],[-44.803253,-3.257852],[-44.802826,-3.258662],[-44.8025,-3.259513],[-44.802694,-3.260456],[-44.802186,-3.261344],[-44.801353,-3.261763],[-44.800459,-3.262263],[-44.799834,-3.263029],[-44.799009,-3.263565],[-44.798394,-3.264228],[-44.797825,-3.265047],[-44.797258,-3.26587],[-44.796828,-3.266662],[-44.796522,-3.267522],[-44.795752,-3.268114],[-44.795254,-3.268865],[-44.794908,-3.269797],[-44.794525,-3.271025],[-44.794323,-3.271951],[-44.794274,-3.272928],[-44.794077,-3.273869],[-44.793834,-3.274945],[-44.793373,-3.275874],[-44.792724,-3.276754],[-44.792252,-3.277536],[-44.791565,-3.278167],[-44.790887,-3.279001],[-44.791122,-3.280031],[-44.790767,-3.280921],[-44.790343,-3.28173],[-44.789665,-3.282451],[-44.78912,-3.283303],[-44.788317,-3.283755],[-44.787222,-3.283349],[-44.78645,-3.282835],[-44.785559,-3.282621],[-44.784748,-3.282194],[-44.783877,-3.281932],[-44.78292,-3.281555],[-44.782113,-3.282017],[-44.781617,-3.283006],[-44.780818,-3.283607],[-44.779806,-3.283949],[-44.778899,-3.283913],[-44.777986,-3.284097],[-44.777168,-3.283615],[-44.776217,-3.283776],[-44.77508,-3.283844],[-44.774133,-3.284],[-44.773167,-3.28396],[-44.772257,-3.284224],[-44.77132,-3.284497],[-44.770407,-3.284052],[-44.769437,-3.284064],[-44.768635,-3.284599],[-44.768031,-3.285392],[-44.767123,-3.285908],[-44.766314,-3.286339],[-44.765964,-3.287211],[-44.766246,-3.288175],[-44.767133,-3.288704],[-44.768071,-3.288816],[-44.769072,-3.288921],[-44.769968,-3.288612],[-44.770868,-3.288796],[-44.771764,-3.288667],[-44.772756,-3.289471],[-44.773325,-3.290279],[-44.773595,-3.291236],[-44.77418,-3.29194],[-44.774409,-3.292856],[-44.774144,-3.293753],[-44.774535,-3.294643],[-44.778956,-3.295595],[-44.781962,-3.297595],[-44.7841,-3.298471],[-44.785907,-3.299096],[-44.789461,-3.300292],[-44.792796,-3.300409],[-44.794674,-3.300284],[-44.796741,-3.299784],[-44.798432,-3.299221],[-44.799498,-3.297792],[-44.800363,-3.297478],[-44.801196,-3.29714],[-44.802414,-3.296731],[-44.80332,-3.296423],[-44.804157,-3.296932],[-44.805217,-3.296951],[-44.806108,-3.297209],[-44.806535,-3.298027],[-44.807169,-3.298949],[-44.807843,-3.299662],[-44.808102,-3.300575],[-44.808296,-3.301541],[-44.809107,-3.302144],[-44.809522,-3.302986],[-44.809329,-3.304013],[-44.809496,-3.304942],[-44.810928,-3.305159],[-44.811833,-3.305532],[-44.812408,-3.30636],[-44.81307,-3.307066],[-44.812666,-3.307974],[-44.812571,-3.30894],[-44.811775,-3.309656],[-44.810915,-3.31022],[-44.810222,-3.310921],[-44.809233,-3.311729],[-44.808344,-3.311892],[-44.807334,-3.31185],[-44.806639,-3.312634],[-44.806636,-3.313615],[-44.807424,-3.31437],[-44.808241,-3.314951],[-44.809152,-3.315155],[-44.809974,-3.315729],[-44.810283,-3.316674],[-44.811148,-3.316991],[-44.812108,-3.316729],[-44.812969,-3.316146],[-44.813901,-3.316023],[-44.814677,-3.316562],[-44.815546,-3.316963],[-44.81645,-3.317134],[-44.816834,-3.317984],[-44.816241,-3.31885],[-44.815924,-3.319875],[-44.81591,-3.320842],[-44.816319,-3.321738],[-44.817112,-3.322186],[-44.818418,-3.322363],[-44.819324,-3.322622],[-44.819789,-3.32355],[-44.820176,-3.32441],[-44.820936,-3.324946],[-44.821875,-3.325218],[-44.822819,-3.325054],[-44.823612,-3.3243],[-44.823967,-3.323406],[-44.823628,-3.322523],[-44.824382,-3.322012],[-44.826262,-3.321802],[-44.827085,-3.322345],[-44.82736,-3.32323],[-44.826513,-3.323558],[-44.825896,-3.324223],[-44.825481,-3.325066],[-44.82495,-3.325791],[-44.824063,-3.326288],[-44.823889,-3.327174],[-44.823886,-3.328154],[-44.824103,-3.329062],[-44.824944,-3.329568],[-44.825861,-3.329867],[-44.826318,-3.330687],[-44.826677,-3.33155],[-44.82744,-3.33203],[-44.828385,-3.331738],[-44.829089,-3.331062],[-44.830071,-3.330923],[-44.831042,-3.33097],[-44.832004,-3.331192],[-44.832981,-3.331512],[-44.833921,-3.331418],[-44.834843,-3.331145],[-44.83575,-3.331254],[-44.836414,-3.33197],[-44.836449,-3.333017],[-44.836745,-3.33397],[-44.837155,-3.334788],[-44.837692,-3.335508],[-44.838274,-3.336296],[-44.838449,-3.33722],[-44.839216,-3.337721],[-44.839708,-3.338485],[-44.839908,-3.339605],[-44.840202,-3.340534],[-44.840379,-3.341544],[-44.839533,-3.342008],[-44.838546,-3.341883],[-44.838557,-3.342806],[-44.839145,-3.343494],[-44.839141,-3.344409],[-44.838599,-3.34521],[-44.838285,-3.34616],[-44.838759,-3.347137],[-44.839484,-3.347676],[-44.840237,-3.348374],[-44.840632,-3.349265],[-44.840708,-3.350399],[-44.840694,-3.351605],[-44.840577,-3.35254],[-44.840251,-3.353576],[-44.840708,-3.35442],[-44.841287,-3.355323],[-44.842107,-3.355777],[-44.84375,-3.355695],[-44.843474,-3.357095],[-44.844346,-3.357883],[-44.844697,-3.358731],[-44.845555,-3.359192],[-44.845745,-3.360078],[-44.845616,-3.361225],[-44.845923,-3.362374],[-44.845977,-3.363368],[-44.846603,-3.364083],[-44.846713,-3.365018],[-44.846761,-3.36608],[-44.846999,-3.367329],[-44.847358,-3.368346],[-44.846898,-3.369178],[-44.845795,-3.369055],[-44.844767,-3.369026],[-44.843715,-3.368891],[-44.842812,-3.368804],[-44.8425,-3.369724],[-44.842205,-3.370676],[-44.842548,-3.371509],[-44.842642,-3.372445],[-44.842553,-3.373376],[-44.842183,-3.374411],[-44.841348,-3.374981],[-44.840387,-3.375437],[-44.839525,-3.374994],[-44.838616,-3.37486],[-44.837286,-3.374708],[-44.836575,-3.375345],[-44.836193,-3.37619],[-44.835725,-3.376985],[-44.834993,-3.377511],[-44.834759,-3.378443],[-44.835192,-3.379231],[-44.835602,-3.380225],[-44.836281,-3.381079],[-44.837177,-3.381435],[-44.838114,-3.381751],[-44.838982,-3.38242],[-44.839644,-3.38318],[-44.840593,-3.38323],[-44.840798,-3.384167],[-44.840773,-3.385088],[-44.840973,-3.386031],[-44.841798,-3.386527],[-44.842894,-3.38538],[-44.843798,-3.385049],[-44.844745,-3.384924],[-44.845693,-3.38503],[-44.846429,-3.385683],[-44.846528,-3.386599],[-44.846425,-3.38753],[-44.846406,-3.388472],[-44.846996,-3.389406],[-44.847735,-3.390163],[-44.848556,-3.389678],[-44.849474,-3.389116],[-44.850358,-3.389523],[-44.851265,-3.38962],[-44.852248,-3.389576],[-44.853339,-3.389174],[-44.854189,-3.388654],[-44.855108,-3.388568],[-44.855974,-3.388092],[-44.85652,-3.387354],[-44.857361,-3.386958],[-44.858069,-3.386393],[-44.859072,-3.386322],[-44.859944,-3.385959],[-44.859898,-3.385009],[-44.860355,-3.384218],[-44.86077,-3.383274],[-44.861443,-3.382555],[-44.862213,-3.381657],[-44.862984,-3.381039],[-44.863667,-3.380194],[-44.864499,-3.379773],[-44.865447,-3.379484],[-44.866333,-3.379107],[-44.867283,-3.379158],[-44.868301,-3.379354],[-44.869024,-3.379892],[-44.870023,-3.379634],[-44.869997,-3.37867],[-44.870638,-3.377969],[-44.871516,-3.37774],[-44.872418,-3.377948],[-44.873547,-3.377986],[-44.87451,-3.378114],[-44.875376,-3.377591],[-44.875916,-3.376733],[-44.875769,-3.375841],[-44.875758,-3.374824],[-44.876198,-3.373917],[-44.876954,-3.373348],[-44.877543,-3.372549],[-44.878254,-3.371866],[-44.878928,-3.37101],[-44.879658,-3.370485],[-44.880434,-3.369902],[-44.881504,-3.369537],[-44.882276,-3.368811],[-44.88336,-3.368362],[-44.884254,-3.367975],[-44.885334,-3.367606],[-44.886211,-3.367144],[-44.887175,-3.366903],[-44.888143,-3.366956],[-44.889243,-3.367274],[-44.890165,-3.367448],[-44.891032,-3.367856],[-44.892005,-3.368134],[-44.893118,-3.36855],[-44.893988,-3.368936],[-44.894748,-3.369571],[-44.895727,-3.369767],[-44.896697,-3.369726],[-44.897565,-3.370025],[-44.898456,-3.370182],[-44.898774,-3.369314],[-44.899195,-3.368369],[-44.899822,-3.367602],[-44.900679,-3.367227],[-44.901309,-3.366447],[-44.902161,-3.366045],[-44.903014,-3.36564],[-44.903877,-3.365161],[-44.904866,-3.365175],[-44.90586,-3.364989],[-44.906758,-3.365239],[-44.907669,-3.365237],[-44.908527,-3.365631],[-44.909502,-3.365911],[-44.910464,-3.366202],[-44.911329,-3.366449],[-44.912291,-3.366875],[-44.913344,-3.367211],[-44.914103,-3.367841],[-44.914796,-3.368537],[-44.915485,-3.369237],[-44.916182,-3.369929],[-44.916873,-3.370627],[-44.917571,-3.371318],[-44.918262,-3.372016],[-44.918959,-3.372708],[-44.919651,-3.373409],[-44.920346,-3.374105],[-44.921108,-3.374707],[-44.921973,-3.374977],[-44.923241,-3.375654],[-44.924201,-3.375944],[-44.925114,-3.376055],[-44.926309,-3.375913],[-44.927343,-3.376125],[-44.92813,-3.376609],[-44.928987,-3.377144],[-44.929861,-3.376761],[-44.930788,-3.377048],[-44.931799,-3.377112],[-44.932833,-3.377334],[-44.934017,-3.377493],[-44.934472,-3.378329],[-44.935374,-3.378562],[-44.936261,-3.378331],[-44.937005,-3.378953],[-44.937975,-3.379521],[-44.938925,-3.379963],[-44.939788,-3.380489],[-44.940487,-3.38118],[-44.941178,-3.381877],[-44.942002,-3.382581],[-44.943069,-3.383042],[-44.943822,-3.383681],[-44.944517,-3.384378],[-44.945363,-3.384983],[-44.946128,-3.385546],[-44.946878,-3.386193],[-44.947784,-3.386397],[-44.948591,-3.385832],[-44.949473,-3.38545],[-44.950418,-3.385164],[-44.951459,-3.385137],[-44.952717,-3.38515],[-44.953734,-3.385101],[-44.954444,-3.384443],[-44.955197,-3.383805],[-44.956139,-3.383353],[-44.957028,-3.383005],[-44.957987,-3.383101],[-44.958987,-3.383008],[-44.959872,-3.383479],[-44.960504,-3.384158],[-44.96138,-3.38462],[-44.961988,-3.385339],[-44.961483,-3.386128],[-44.961767,-3.387092],[-44.961829,-3.388125],[-44.961962,-3.38911],[-44.961537,-3.390002],[-44.960783,-3.39064],[-44.96005,-3.39144],[-44.95926,-3.391875],[-44.95875,-3.392761],[-44.95858,-3.393843],[-44.958619,-3.394788],[-44.958134,-3.395903],[-44.957485,-3.396648],[-44.957031,-3.397455],[-44.956532,-3.398328],[-44.95643,-3.399244],[-44.956761,-3.400153],[-44.957098,-3.401187],[-44.957337,-3.402082],[-44.958101,-3.402724],[-44.958866,-3.403302],[-44.959819,-3.403313],[-44.960057,-3.404268],[-44.960761,-3.405079],[-44.961725,-3.40493],[-44.962459,-3.404308],[-44.963383,-3.404522],[-44.964396,-3.40427],[-44.965536,-3.403597],[-44.966321,-3.403121],[-44.967047,-3.402451],[-44.967444,-3.4016],[-44.967261,-3.400575],[-44.967471,-3.399602],[-44.968277,-3.398836],[-44.968915,-3.398083],[-44.969553,-3.397332],[-44.970422,-3.397054],[-44.971148,-3.396426],[-44.971457,-3.395464],[-44.971671,-3.394584],[-44.972329,-3.393824],[-44.97335,-3.393783],[-44.974301,-3.393989],[-44.97533,-3.394028],[-44.976366,-3.394004],[-44.97731,-3.393837],[-44.978447,-3.394046],[-44.979368,-3.394377],[-44.980211,-3.394788],[-44.981115,-3.394998],[-44.981871,-3.395776],[-44.982705,-3.396286],[-44.983597,-3.396462],[-44.984232,-3.397162],[-44.984961,-3.397947],[-44.984727,-3.398875],[-44.984386,-3.399782],[-44.984533,-3.400692],[-44.984567,-3.401884],[-44.984712,-3.402791],[-44.985481,-3.403282],[-44.986383,-3.403448],[-44.987259,-3.403237],[-44.988221,-3.403189],[-44.988835,-3.403978],[-44.988952,-3.40492],[-44.989049,-3.40597],[-44.989508,-3.406761],[-44.989918,-3.40797],[-44.990181,-3.40895],[-44.990389,-3.409841],[-44.990491,-3.410846],[-44.990663,-3.411744],[-44.991111,-3.412567],[-44.991892,-3.413034],[-44.992868,-3.413092],[-44.993752,-3.414293],[-44.993536,-3.415403],[-44.99322,-3.41642],[-44.993016,-3.417742],[-44.992625,-3.418613],[-44.992033,-3.419332],[-44.991099,-3.419325],[-44.9902,-3.419229],[-44.989375,-3.419981],[-44.989339,-3.420984],[-44.989247,-3.421914],[-44.989403,-3.422815],[-44.990049,-3.423445],[-44.990925,-3.424026],[-44.991929,-3.423912],[-44.992922,-3.424026],[-44.994606,-3.423835],[-44.99541,-3.424449],[-44.996301,-3.424652],[-44.997072,-3.425154],[-44.997605,-3.426189],[-44.997867,-3.427158],[-44.997645,-3.428057],[-44.997228,-3.428913],[-44.996961,-3.429871],[-44.997531,-3.430647],[-44.998523,-3.431195],[-44.999662,-3.431726],[-45.000377,-3.432456],[-45.000762,-3.433267],[-45.001444,-3.433979],[-45.001978,-3.43471],[-45.002719,-3.435343],[-45.003551,-3.434962],[-45.00435,-3.434301],[-45.004749,-3.433487],[-45.005607,-3.432834],[-45.006431,-3.43212],[-45.007337,-3.431596],[-45.008366,-3.431557],[-45.009234,-3.431863],[-45.010114,-3.432382],[-45.010651,-3.433237],[-45.011214,-3.434381],[-45.011488,-3.435525],[-45.011744,-3.436451],[-45.01215,-3.437413],[-45.012516,-3.438317],[-45.012891,-3.439212],[-45.012931,-3.440244],[-45.013115,-3.441213],[-45.013466,-3.442099],[-45.014346,-3.442452],[-45.014955,-3.443218],[-45.014349,-3.444202],[-45.013903,-3.445006],[-45.014266,-3.445846],[-45.014553,-3.446785],[-45.015173,-3.447487],[-45.015228,-3.44842],[-45.014477,-3.448923],[-45.013662,-3.449448],[-45.013997,-3.450347],[-45.014198,-3.451498],[-45.013972,-3.452436],[-45.013067,-3.452671],[-45.012274,-3.453225],[-45.011628,-3.45385],[-45.01067,-3.454137],[-45.00983,-3.454506],[-45.010207,-3.455374],[-45.010063,-3.456278],[-45.010227,-3.457198],[-45.010337,-3.458147],[-45.01117,-3.458884],[-45.012055,-3.459335],[-45.012431,-3.460186],[-45.012508,-3.461152],[-45.012161,-3.46218],[-45.012898,-3.46276],[-45.013931,-3.462273],[-45.014856,-3.462129],[-45.015775,-3.462599],[-45.016689,-3.462695],[-45.017598,-3.463105],[-45.018675,-3.463685],[-45.018724,-3.464585],[-45.018895,-3.465508],[-45.018065,-3.465899],[-45.01716,-3.466043],[-45.016517,-3.466801],[-45.017179,-3.46799],[-45.018092,-3.467826],[-45.019084,-3.467656],[-45.020025,-3.467763],[-45.020972,-3.467965],[-45.021686,-3.46738],[-45.022613,-3.467251],[-45.023575,-3.467822],[-45.024526,-3.467688],[-45.025486,-3.467443],[-45.026336,-3.467961],[-45.027144,-3.468414],[-45.028054,-3.468947],[-45.028426,-3.469781],[-45.029219,-3.47022],[-45.029985,-3.470858],[-45.030772,-3.471335],[-45.03107,-3.472209],[-45.030565,-3.472983],[-45.030189,-3.473872],[-45.029806,-3.474835],[-45.029244,-3.475694],[-45.030056,-3.476178],[-45.030987,-3.476358],[-45.031881,-3.47671],[-45.032782,-3.476374],[-45.033702,-3.476248],[-45.034552,-3.476792],[-45.034774,-3.477724],[-45.035465,-3.478708],[-45.03638,-3.479302],[-45.036489,-3.480234],[-45.037392,-3.480497],[-45.038138,-3.481065],[-45.038656,-3.481901],[-45.039087,-3.482698],[-45.03938,-3.483653],[-45.039435,-3.484673],[-45.040219,-3.485115],[-45.041208,-3.485154],[-45.042062,-3.485635],[-45.042514,-3.486513],[-45.043213,-3.487135],[-45.043758,-3.487916],[-45.042756,-3.488253],[-45.0419,-3.489085],[-45.042059,-3.489988],[-45.041917,-3.490946],[-45.041249,-3.491787],[-45.040291,-3.492016],[-45.039345,-3.491899],[-45.038327,-3.49154],[-45.037375,-3.49175],[-45.037244,-3.492673],[-45.03674,-3.493545],[-45.036391,-3.494388],[-45.036438,-3.495337],[-45.036037,-3.496171],[-45.035572,-3.496967],[-45.034862,-3.497592],[-45.034751,-3.498521],[-45.034726,-3.499507],[-45.035416,-3.500139],[-45.037146,-3.500084],[-45.038091,-3.500251],[-45.039047,-3.500582],[-45.039496,-3.501365],[-45.038834,-3.501992],[-45.039477,-3.502717],[-45.04013,-3.503614],[-45.040372,-3.504699],[-45.04065,-3.505614],[-45.041314,-3.506219],[-45.042161,-3.506602],[-45.042556,-3.50578],[-45.043485,-3.50582],[-45.04422,-3.505201],[-45.044763,-3.504466],[-45.045655,-3.504077],[-45.046609,-3.50434],[-45.046722,-3.505279],[-45.046756,-3.506357],[-45.04699,-3.507595],[-45.047598,-3.508394],[-45.04803,-3.509199],[-45.047477,-3.509967],[-45.047926,-3.510805],[-45.048663,-3.511341],[-45.049408,-3.512014],[-45.049647,-3.512951],[-45.048709,-3.513105],[-45.047723,-3.513156],[-45.047351,-3.513999],[-45.047138,-3.515086],[-45.047492,-3.515969],[-45.048278,-3.516587],[-45.0492,-3.516892],[-45.05021,-3.516959],[-45.050474,-3.517869],[-45.050283,-3.518994],[-45.050771,-3.519788],[-45.051137,-3.520636],[-45.050929,-3.52155],[-45.0514,-3.522336],[-45.052173,-3.523104],[-45.052849,-3.52382],[-45.053712,-3.524459],[-45.054755,-3.524648],[-45.055607,-3.525085],[-45.05677,-3.525222],[-45.057683,-3.525206],[-45.058748,-3.525133],[-45.058691,-3.526226],[-45.057979,-3.526909],[-45.057275,-3.527855],[-45.056684,-3.528651],[-45.057278,-3.52937],[-45.057834,-3.530459],[-45.057944,-3.531455],[-45.058498,-3.532197],[-45.059253,-3.532791],[-45.059638,-3.533719],[-45.060507,-3.534216],[-45.061241,-3.534937],[-45.061344,-3.536068],[-45.060863,-3.536963],[-45.060852,-3.537905],[-45.061257,-3.539028],[-45.062091,-3.539506],[-45.06348,-3.539896],[-45.064409,-3.54031],[-45.065384,-3.540481],[-45.066389,-3.540693],[-45.067229,-3.541111],[-45.068022,-3.541695],[-45.06907,-3.54149],[-45.069935,-3.542003],[-45.070413,-3.542785],[-45.071398,-3.542981],[-45.072338,-3.543006],[-45.073189,-3.542701],[-45.074102,-3.542785],[-45.07495,-3.542452],[-45.075867,-3.542008],[-45.07646,-3.541147],[-45.077384,-3.541756],[-45.078093,-3.542316],[-45.079202,-3.54269],[-45.080072,-3.543278],[-45.080806,-3.543887],[-45.081722,-3.543699],[-45.082458,-3.543171],[-45.083194,-3.541806],[-45.084325,-3.542107],[-45.085158,-3.542447],[-45.086081,-3.54247],[-45.087229,-3.542636],[-45.088094,-3.543015],[-45.088105,-3.544063],[-45.087919,-3.545077],[-45.08787,-3.546257],[-45.088266,-3.547161],[-45.089218,-3.547719],[-45.089947,-3.548385],[-45.090861,-3.548805],[-45.091476,-3.549525],[-45.091883,-3.550626],[-45.092166,-3.551591],[-45.092819,-3.552245],[-45.093553,-3.551628],[-45.094149,-3.550938],[-45.09505,-3.550742],[-45.095824,-3.55124],[-45.096329,-3.55211],[-45.097399,-3.55268],[-45.098107,-3.553286],[-45.098552,-3.554241],[-45.098928,-3.555086],[-45.099893,-3.555086],[-45.100631,-3.554476],[-45.101323,-3.553842],[-45.102125,-3.553395],[-45.103033,-3.553489],[-45.103794,-3.554121],[-45.1048,-3.554301],[-45.105797,-3.55413],[-45.106709,-3.553918],[-45.107628,-3.553905],[-45.108555,-3.554772],[-45.109388,-3.555474],[-45.110091,-3.556168],[-45.110897,-3.55671],[-45.111348,-3.557544],[-45.112292,-3.557469],[-45.113288,-3.557675],[-45.114231,-3.55777],[-45.115244,-3.557482],[-45.116344,-3.557668],[-45.117163,-3.558107],[-45.117905,-3.558621],[-45.11882,-3.558956],[-45.119188,-3.559839],[-45.119966,-3.560391],[-45.121004,-3.560425],[-45.121919,-3.56058],[-45.122494,-3.561404],[-45.12348,-3.562083],[-45.123703,-3.563004],[-45.123625,-3.563921],[-45.123567,-3.564895],[-45.123751,-3.565887],[-45.12383,-3.566835],[-45.123767,-3.567811],[-45.123232,-3.568571],[-45.123043,-3.569479],[-45.123753,-3.570686],[-45.123586,-3.571679],[-45.123793,-3.572716],[-45.124015,-3.573696],[-45.123676,-3.574553],[-45.122847,-3.574925],[-45.122083,-3.57625],[-45.123058,-3.57641],[-45.123693,-3.57714],[-45.124072,-3.578112],[-45.124628,-3.578988],[-45.125318,-3.579685],[-45.126296,-3.580027],[-45.127199,-3.580575],[-45.12801,-3.581021],[-45.128626,-3.581709],[-45.128835,-3.582583],[-45.12927,-3.583372],[-45.129495,-3.584357],[-45.129216,-3.585325],[-45.129083,-3.586266],[-45.129403,-3.587125],[-45.128996,-3.587989],[-45.128337,-3.588676],[-45.127548,-3.589212],[-45.126693,-3.589609],[-45.125922,-3.590226],[-45.124987,-3.590332],[-45.124097,-3.590626],[-45.123511,-3.591426],[-45.122974,-3.592154],[-45.122393,-3.592985],[-45.122243,-3.593877],[-45.123172,-3.594415],[-45.124084,-3.5944],[-45.124906,-3.594804],[-45.126528,-3.595682],[-45.127194,-3.594422],[-45.128084,-3.594268],[-45.128858,-3.59372],[-45.129248,-3.59286],[-45.129756,-3.592083],[-45.130024,-3.591133],[-45.130382,-3.590223],[-45.130605,-3.589193],[-45.131449,-3.588821],[-45.132263,-3.589238],[-45.133216,-3.589667],[-45.133921,-3.590388],[-45.134777,-3.590844],[-45.135602,-3.591224],[-45.136134,-3.592061],[-45.136968,-3.592487],[-45.137974,-3.592824],[-45.138933,-3.59255],[-45.139964,-3.592668],[-45.140841,-3.593059],[-45.141659,-3.593473],[-45.14231,-3.594216],[-45.142797,-3.595266],[-45.143257,-3.596137],[-45.144214,-3.596136],[-45.145105,-3.596353],[-45.146014,-3.596177],[-45.146835,-3.59562],[-45.147733,-3.595714],[-45.148749,-3.595814],[-45.149656,-3.596089],[-45.150568,-3.595756],[-45.151517,-3.595722],[-45.152312,-3.596159],[-45.153021,-3.596966],[-45.153075,-3.597897],[-45.154003,-3.598226],[-45.155016,-3.598316],[-45.155759,-3.598832],[-45.15592,-3.599731],[-45.155542,-3.600564],[-45.15545,-3.601561],[-45.156272,-3.60207],[-45.157201,-3.601691],[-45.158094,-3.601373],[-45.158744,-3.600706],[-45.159476,-3.601289],[-45.160257,-3.602114],[-45.160431,-3.603057],[-45.161248,-3.603782],[-45.161883,-3.604725],[-45.162045,-3.605662],[-45.162293,-3.606603],[-45.16234,-3.607515],[-45.161736,-3.608259],[-45.161579,-3.609142],[-45.16156,-3.610152],[-45.161864,-3.611059],[-45.162411,-3.611805],[-45.161519,-3.612923],[-45.162556,-3.613983],[-45.163649,-3.614389],[-45.164581,-3.61465],[-45.165363,-3.615258],[-45.166345,-3.615302],[-45.167269,-3.615247],[-45.168225,-3.615488],[-45.168945,-3.616057],[-45.16942,-3.616821],[-45.170336,-3.617103],[-45.17124,-3.616994],[-45.171873,-3.616326],[-45.172547,-3.615604],[-45.173403,-3.614925],[-45.174185,-3.614161],[-45.174984,-3.613744],[-45.17585,-3.614135],[-45.176457,-3.614809],[-45.176621,-3.61581],[-45.176844,-3.616767],[-45.17724,-3.617769],[-45.178025,-3.61835],[-45.178958,-3.618146],[-45.179858,-3.617751],[-45.180763,-3.617879],[-45.182017,-3.618041],[-45.182907,-3.618468],[-45.183752,-3.619133],[-45.184683,-3.619635],[-45.185479,-3.6201],[-45.186354,-3.620479],[-45.187171,-3.620005],[-45.187766,-3.620826],[-45.188262,-3.621731],[-45.188552,-3.622676],[-45.189378,-3.623211],[-45.190695,-3.623483],[-45.191613,-3.623586],[-45.19226,-3.62281],[-45.193152,-3.62263],[-45.194174,-3.622676],[-45.195075,-3.622848],[-45.19609,-3.622685],[-45.197037,-3.622818],[-45.197864,-3.623382],[-45.198802,-3.623697],[-45.199826,-3.624067],[-45.200321,-3.624829],[-45.200971,-3.625495],[-45.201938,-3.625376],[-45.202917,-3.625131],[-45.203092,-3.626289],[-45.203096,-3.627348],[-45.203713,-3.628086],[-45.204546,-3.628514],[-45.20497,-3.629336],[-45.20534,-3.630214],[-45.204968,-3.631061],[-45.204346,-3.632072],[-45.204165,-3.633083],[-45.203818,-3.633998],[-45.204472,-3.634701],[-45.205394,-3.635022],[-45.206196,-3.635767],[-45.206416,-3.636695],[-45.205837,-3.637461],[-45.205374,-3.638325],[-45.204662,-3.63896],[-45.204138,-3.639693],[-45.203859,-3.640555],[-45.204025,-3.641521],[-45.204824,-3.642135],[-45.205724,-3.642108],[-45.20675,-3.642311],[-45.207642,-3.642472],[-45.208307,-3.643237],[-45.209192,-3.643409],[-45.210162,-3.643375],[-45.210766,-3.642479],[-45.211438,-3.64171],[-45.21206,-3.640801],[-45.213223,-3.64076],[-45.21411,-3.640621],[-45.215025,-3.640799],[-45.215317,-3.641685],[-45.215723,-3.642606],[-45.216468,-3.64311],[-45.216897,-3.643935],[-45.217164,-3.644899],[-45.217739,-3.645594],[-45.218565,-3.64602],[-45.219549,-3.646574],[-45.220093,-3.647292],[-45.221008,-3.647445],[-45.221907,-3.646913],[-45.222938,-3.646833],[-45.223939,-3.647062],[-45.224857,-3.647227],[-45.225756,-3.646986],[-45.226595,-3.647391],[-45.226663,-3.648367],[-45.22687,-3.649273],[-45.226157,-3.650039],[-45.225604,-3.650769],[-45.225552,-3.651708],[-45.22524,-3.652748],[-45.225489,-3.653682],[-45.226484,-3.654131],[-45.227407,-3.653828],[-45.228154,-3.654343],[-45.229104,-3.654529],[-45.230023,-3.654275],[-45.231032,-3.654126],[-45.232002,-3.654072],[-45.232696,-3.653402],[-45.233737,-3.653478],[-45.234096,-3.654608],[-45.234456,-3.65551],[-45.234276,-3.65658],[-45.234097,-3.657473],[-45.234291,-3.65842],[-45.234792,-3.659264],[-45.235803,-3.659603],[-45.23611,-3.66051],[-45.236183,-3.661449],[-45.235915,-3.66242],[-45.236141,-3.663308],[-45.236904,-3.663867],[-45.237956,-3.664018],[-45.238436,-3.664863],[-45.238274,-3.665758],[-45.238575,-3.666846],[-45.238739,-3.667863],[-45.238515,-3.668928],[-45.238393,-3.669972],[-45.238565,-3.670915],[-45.238095,-3.671844],[-45.238361,-3.672734],[-45.239092,-3.673401],[-45.239786,-3.674108],[-45.240091,-3.675011],[-45.240013,-3.675937],[-45.241487,-3.676266],[-45.242222,-3.676878],[-45.24252,-3.677748],[-45.243473,-3.679312],[-45.244445,-3.679007],[-45.245241,-3.678562],[-45.245965,-3.677962],[-45.246941,-3.677862],[-45.247883,-3.677691],[-45.248921,-3.677682],[-45.249684,-3.678476],[-45.250113,-3.679295],[-45.250561,-3.680133],[-45.252071,-3.680696],[-45.251618,-3.681549],[-45.250858,-3.682113],[-45.250072,-3.682587],[-45.249506,-3.683524],[-45.249554,-3.684657],[-45.25021,-3.685338],[-45.251169,-3.685561],[-45.252085,-3.685469],[-45.253011,-3.686151],[-45.253725,-3.686837],[-45.254191,-3.687632],[-45.254832,-3.688266],[-45.255682,-3.687779],[-45.256183,-3.688596],[-45.25581,-3.689491],[-45.255985,-3.69039],[-45.256973,-3.690565],[-45.257919,-3.690706],[-45.258816,-3.690382],[-45.258678,-3.689473],[-45.259603,-3.689181],[-45.260505,-3.689637],[-45.261332,-3.690078],[-45.262176,-3.689593],[-45.262876,-3.688928],[-45.263475,-3.688205],[-45.264366,-3.688647],[-45.265363,-3.688884],[-45.266075,-3.689543],[-45.267048,-3.689758],[-45.267897,-3.690439],[-45.268111,-3.6914],[-45.268432,-3.692263],[-45.268994,-3.693056],[-45.269458,-3.694151],[-45.270371,-3.694768],[-45.27119,-3.695338],[-45.272021,-3.695897],[-45.272688,-3.696626],[-45.273613,-3.696942],[-45.274602,-3.697178],[-45.275555,-3.697241],[-45.276138,-3.697969],[-45.276465,-3.698832],[-45.276159,-3.69975],[-45.275827,-3.700586],[-45.275469,-3.701481],[-45.27597,-3.702345],[-45.277099,-3.702731],[-45.277691,-3.703537],[-45.278047,-3.704448],[-45.278971,-3.704677],[-45.279865,-3.704855],[-45.280671,-3.705302],[-45.281188,-3.706209],[-45.281192,-3.707222],[-45.28121,-3.708133],[-45.281005,-3.709107],[-45.280964,-3.710139],[-45.28272,-3.710635],[-45.283682,-3.710905],[-45.284651,-3.710678],[-45.285531,-3.710278],[-45.286505,-3.710257],[-45.286866,-3.711104],[-45.287279,-3.712038],[-45.287639,-3.712985],[-45.288483,-3.713472],[-45.289725,-3.712954],[-45.290382,-3.713637],[-45.290929,-3.714487],[-45.291664,-3.715282],[-45.292646,-3.71514],[-45.293724,-3.715712],[-45.294277,-3.716523],[-45.294542,-3.717408],[-45.295214,-3.718124],[-45.296131,-3.718382],[-45.296992,-3.718844],[-45.297282,-3.719779],[-45.297105,-3.720705],[-45.297147,-3.721659],[-45.298015,-3.722259],[-45.298882,-3.722505],[-45.299351,-3.723461],[-45.299762,-3.724285],[-45.300694,-3.725406],[-45.301429,-3.724863],[-45.302361,-3.724861],[-45.303134,-3.725406],[-45.303719,-3.726145],[-45.304511,-3.726607],[-45.305379,-3.727501],[-45.305501,-3.728398],[-45.306132,-3.729142],[-45.30713,-3.729579],[-45.308384,-3.729738],[-45.309388,-3.730057],[-45.310254,-3.730586],[-45.31097,-3.73123],[-45.312062,-3.731063],[-45.313077,-3.731024],[-45.313968,-3.73144],[-45.314803,-3.731861],[-45.315727,-3.732328],[-45.316731,-3.732783],[-45.31735,-3.733476],[-45.318258,-3.734282],[-45.319247,-3.734662],[-45.320056,-3.735124],[-45.321219,-3.734924],[-45.321591,-3.734095],[-45.322427,-3.733449],[-45.323394,-3.73331],[-45.324332,-3.733565],[-45.325088,-3.73415],[-45.325892,-3.733693],[-45.326324,-3.732886],[-45.327212,-3.732436],[-45.328183,-3.732642],[-45.32979,-3.73313],[-45.330623,-3.733818],[-45.331454,-3.734528],[-45.332225,-3.735081],[-45.331816,-3.735968],[-45.332777,-3.736178],[-45.333695,-3.736219],[-45.334668,-3.736443],[-45.3349,-3.737378],[-45.335451,-3.738164],[-45.336365,-3.738652],[-45.3373,-3.739086],[-45.338312,-3.738883],[-45.339097,-3.73814],[-45.339886,-3.737646],[-45.340812,-3.737679],[-45.341036,-3.738677],[-45.341233,-3.739795],[-45.342158,-3.740125],[-45.343134,-3.740066],[-45.344242,-3.740143],[-45.345461,-3.740522],[-45.346429,-3.7408],[-45.347486,-3.740671],[-45.34841,-3.740494],[-45.349264,-3.741009],[-45.350167,-3.741606],[-45.351304,-3.74148],[-45.352217,-3.741531],[-45.352971,-3.742365],[-45.353754,-3.742927],[-45.354494,-3.742391],[-45.355174,-3.741632],[-45.356246,-3.741244],[-45.357061,-3.741656],[-45.357987,-3.741775],[-45.358919,-3.74187],[-45.359787,-3.741551],[-45.360028,-3.740584],[-45.360456,-3.73964],[-45.361054,-3.738913],[-45.36186,-3.73932],[-45.361908,-3.740313],[-45.362811,-3.741067],[-45.36459,-3.741251],[-45.366068,-3.741765],[-45.367326,-3.741979],[-45.367889,-3.742722],[-45.368242,-3.743649],[-45.369132,-3.744042],[-45.370358,-3.744212],[-45.371333,-3.7441],[-45.372253,-3.744407],[-45.372866,-3.745185],[-45.373386,-3.746058],[-45.374103,-3.747008],[-45.374828,-3.747671],[-45.375385,-3.748504],[-45.376138,-3.749141],[-45.376973,-3.749699],[-45.377886,-3.750064],[-45.378922,-3.750033],[-45.379864,-3.75001],[-45.380823,-3.750563],[-45.381226,-3.751418],[-45.381488,-3.752503],[-45.381515,-3.753545],[-45.382256,-3.754132],[-45.383074,-3.754686],[-45.383972,-3.754934],[-45.384784,-3.755389],[-45.385696,-3.755459],[-45.386527,-3.754999],[-45.387054,-3.755791],[-45.38707,-3.756784],[-45.386848,-3.757714],[-45.386594,-3.758718],[-45.386661,-3.759717],[-45.386801,-3.760706],[-45.387651,-3.761167],[-45.388289,-3.761853],[-45.38858,-3.76282],[-45.389312,-3.763599],[-45.390444,-3.763389],[-45.391389,-3.763454],[-45.392927,-3.764309],[-45.393504,-3.765292],[-45.394338,-3.765661],[-45.395319,-3.765791],[-45.396133,-3.766182],[-45.397078,-3.766538],[-45.396693,-3.767351],[-45.396596,-3.768442],[-45.396602,-3.769341],[-45.39669,-3.770296],[-45.396424,-3.77121],[-45.395584,-3.771705],[-45.395378,-3.772664],[-45.395618,-3.773626],[-45.395603,-3.774634],[-45.39498,-3.775401],[-45.393988,-3.775782],[-45.393946,-3.776719],[-45.394574,-3.777573],[-45.395017,-3.778597],[-45.394682,-3.779528],[-45.393924,-3.780036],[-45.393204,-3.780689],[-45.39313,-3.781659],[-45.393225,-3.78262],[-45.393717,-3.783371],[-45.39418,-3.784233],[-45.394126,-3.785268],[-45.393787,-3.786122],[-45.394228,-3.787021],[-45.395226,-3.787692],[-45.394977,-3.788561],[-45.394337,-3.789387],[-45.393901,-3.790304],[-45.393357,-3.791131],[-45.393644,-3.792036],[-45.394184,-3.793019],[-45.394055,-3.793923],[-45.393997,-3.795131],[-45.393883,-3.796068],[-45.394121,-3.797022],[-45.393478,-3.79765],[-45.393197,-3.798878],[-45.393218,-3.799881],[-45.393639,-3.800808],[-45.393901,-3.80172],[-45.394205,-3.802601],[-45.394768,-3.803426],[-45.395349,-3.804298],[-45.395444,-3.805286],[-45.395314,-3.806232],[-45.394485,-3.806705],[-45.393529,-3.807006],[-45.393061,-3.807802],[-45.392693,-3.808836],[-45.392884,-3.809799],[-45.393646,-3.810302],[-45.394716,-3.810182],[-45.395486,-3.810729],[-45.396311,-3.81123],[-45.397322,-3.811574],[-45.398084,-3.812184],[-45.3981,-3.813189],[-45.398788,-3.81399],[-45.399549,-3.814482],[-45.400461,-3.814471],[-45.401244,-3.815],[-45.401515,-3.815862],[-45.401552,-3.816903],[-45.401891,-3.817843],[-45.402481,-3.818631],[-45.402269,-3.819526],[-45.401815,-3.820422],[-45.402532,-3.820965],[-45.403566,-3.82069],[-45.405131,-3.820693],[-45.405183,-3.821898],[-45.405303,-3.822878],[-45.405245,-3.823854],[-45.404624,-3.824905],[-45.403789,-3.82544],[-45.403677,-3.826373],[-45.403766,-3.827348],[-45.404203,-3.828154],[-45.404811,-3.828945],[-45.405167,-3.82991],[-45.405669,-3.830654],[-45.406651,-3.830844],[-45.406982,-3.831693],[-45.407273,-3.832586],[-45.408089,-3.833293],[-45.40895,-3.833896],[-45.409848,-3.834308],[-45.409817,-3.835324],[-45.409226,-3.836034],[-45.408369,-3.836571],[-45.407714,-3.837416],[-45.407548,-3.8384],[-45.407406,-3.839292],[-45.407518,-3.840233],[-45.407175,-3.841071],[-45.406831,-3.841967],[-45.406961,-3.842921],[-45.406147,-3.843781],[-45.405698,-3.844572],[-45.405416,-3.845705],[-45.406019,-3.84641],[-45.406637,-3.847115],[-45.406995,-3.848011],[-45.407326,-3.848935],[-45.407546,-3.849811],[-45.407544,-3.85076],[-45.40846,-3.850598],[-45.409391,-3.851151],[-45.409887,-3.851912],[-45.41052,-3.852645],[-45.411676,-3.852935],[-45.412522,-3.853312],[-45.412945,-3.854227],[-45.413473,-3.855017],[-45.414318,-3.855405],[-45.414251,-3.856324],[-45.413521,-3.856985],[-45.413972,-3.857813],[-45.414463,-3.858567],[-45.414511,-3.859566],[-45.41471,-3.86057],[-45.415563,-3.860897],[-45.417084,-3.86041],[-45.417234,-3.861402],[-45.417959,-3.862182],[-45.418885,-3.862653],[-45.419526,-3.863425],[-45.419533,-3.864576],[-45.419802,-3.865532],[-45.419958,-3.866421],[-45.420157,-3.867508],[-45.420587,-3.868304],[-45.421037,-3.869085],[-45.421471,-3.869906],[-45.421529,-3.871261],[-45.421212,-3.87217],[-45.420429,-3.873745],[-45.42226,-3.874547],[-45.423103,-3.874958],[-45.423922,-3.875417],[-45.424541,-3.876083],[-45.425393,-3.87642],[-45.426299,-3.87702],[-45.427303,-3.877039],[-45.428285,-3.877404],[-45.429029,-3.878059],[-45.429487,-3.878972],[-45.429639,-3.879863],[-45.430304,-3.88053],[-45.431025,-3.881196],[-45.431983,-3.881286],[-45.433067,-3.881243],[-45.434076,-3.88158],[-45.434802,-3.882209],[-45.435055,-3.883142],[-45.435513,-3.883944],[-45.435932,-3.88481],[-45.436066,-3.885714],[-45.435507,-3.886471],[-45.434812,-3.887308],[-45.433943,-3.887726],[-45.433569,-3.888602],[-45.433996,-3.889442],[-45.434306,-3.890427],[-45.435716,-3.890271],[-45.436652,-3.890166],[-45.437612,-3.890436],[-45.438401,-3.89118],[-45.439359,-3.891753],[-45.439861,-3.892566],[-45.44019,-3.893561],[-45.440309,-3.894485],[-45.440158,-3.895465],[-45.440107,-3.89666],[-45.43988,-3.897555],[-45.440387,-3.898463],[-45.441364,-3.898472],[-45.442306,-3.898247],[-45.443193,-3.897915],[-45.444132,-3.898225],[-45.444741,-3.898988],[-45.445676,-3.899266],[-45.446457,-3.899814],[-45.447321,-3.90006],[-45.44816,-3.900448],[-45.448991,-3.899976],[-45.449702,-3.899154],[-45.450581,-3.898639],[-45.451416,-3.898209],[-45.452497,-3.897983],[-45.453193,-3.897366],[-45.454364,-3.898136],[-45.45511,-3.898761],[-45.456248,-3.898742],[-45.455638,-3.900267],[-45.455547,-3.901199],[-45.454968,-3.901993],[-45.455297,-3.903022],[-45.45594,-3.903755],[-45.456223,-3.904818],[-45.456584,-3.905688],[-45.456721,-3.906633],[-45.457007,-3.907588],[-45.457484,-3.908627],[-45.458109,-3.909297],[-45.458205,-3.910269],[-45.458109,-3.911413],[-45.458132,-3.912348],[-45.458483,-3.913467],[-45.460186,-3.913733],[-45.461289,-3.913669],[-45.462188,-3.913928],[-45.462972,-3.914527],[-45.46391,-3.915138],[-45.464799,-3.915648],[-45.465636,-3.915223],[-45.466288,-3.914493],[-45.467216,-3.914705],[-45.467711,-3.915477],[-45.468286,-3.916282],[-45.468305,-3.917183],[-45.468374,-3.918154],[-45.468701,-3.919015],[-45.469049,-3.920394],[-45.46977,-3.921063],[-45.470606,-3.921755],[-45.471853,-3.922147],[-45.472829,-3.922395],[-45.473596,-3.922938],[-45.473916,-3.923867],[-45.473749,-3.924872],[-45.474724,-3.925227],[-45.475609,-3.925682],[-45.476513,-3.925786],[-45.477138,-3.925128],[-45.47769,-3.924399],[-45.478543,-3.925041],[-45.479129,-3.925724],[-45.479473,-3.926635],[-45.479715,-3.927507],[-45.48046,-3.92815],[-45.481704,-3.928534],[-45.483182,-3.92903],[-45.484111,-3.928864],[-45.485339,-3.929025],[-45.486337,-3.92937],[-45.487244,-3.929899],[-45.48819,-3.929641],[-45.489136,-3.92974],[-45.490137,-3.929861],[-45.490977,-3.930372],[-45.491325,-3.931206],[-45.49237,-3.930861],[-45.493285,-3.931008],[-45.493946,-3.931741],[-45.49468,-3.932269],[-45.495448,-3.93276],[-45.496307,-3.93305],[-45.497395,-3.93292],[-45.498246,-3.93253],[-45.498066,-3.931453],[-45.498637,-3.930717],[-45.499542,-3.930598],[-45.500374,-3.931145],[-45.501798,-3.930695],[-45.502014,-3.931621],[-45.502718,-3.93242],[-45.503511,-3.933017],[-45.504426,-3.933352],[-45.505544,-3.933761],[-45.506311,-3.934731],[-45.506986,-3.935516],[-45.507728,-3.936029],[-45.508331,-3.937169],[-45.508275,-3.938129],[-45.509016,-3.938738],[-45.510003,-3.938727],[-45.510984,-3.938519],[-45.511934,-3.938387],[-45.512562,-3.937692],[-45.513465,-3.937769],[-45.514132,-3.93837],[-45.51496,-3.938872],[-45.515893,-3.93853],[-45.516842,-3.938315],[-45.51753,-3.938961],[-45.518531,-3.938578],[-45.51951,-3.938416],[-45.520522,-3.938246],[-45.521493,-3.938188],[-45.522642,-3.937851],[-45.523471,-3.937354],[-45.52375,-3.937361],[-45.523882,-3.938333],[-45.523868,-3.939316],[-45.524443,-3.940006],[-45.524786,-3.941047],[-45.524773,-3.942113],[-45.525319,-3.943277],[-45.525712,-3.944319],[-45.526286,-3.945102],[-45.527291,-3.945764],[-45.52799,-3.946455],[-45.528681,-3.947153],[-45.529253,-3.947975],[-45.52962,-3.94904],[-45.529927,-3.949937],[-45.529697,-3.950883],[-45.53072,-3.951323],[-45.531644,-3.951348],[-45.532476,-3.951755],[-45.532595,-3.952805],[-45.53276,-3.953737],[-45.533485,-3.954423],[-45.534532,-3.954909],[-45.535173,-3.955739],[-45.536241,-3.956295],[-45.536973,-3.956921],[-45.537417,-3.957726],[-45.538356,-3.95785],[-45.539583,-3.957917],[-45.53912,-3.958772],[-45.53875,-3.96009],[-45.538376,-3.960938],[-45.537519,-3.961708],[-45.537135,-3.962635],[-45.5377,-3.963374],[-45.537568,-3.964495],[-45.5379,-3.965559],[-45.538654,-3.966201],[-45.539518,-3.966871],[-45.540222,-3.967564],[-45.540833,-3.968316],[-45.540831,-3.969298],[-45.541079,-3.970194],[-45.540811,-3.971089],[-45.540562,-3.971951],[-45.540429,-3.973006],[-45.540844,-3.974154],[-45.541181,-3.975089],[-45.54155,-3.97595],[-45.542315,-3.976442],[-45.543316,-3.976597],[-45.543539,-3.977562],[-45.54377,-3.978446],[-45.544404,-3.979205],[-45.544608,-3.980247],[-45.544974,-3.981152],[-45.545317,-3.981994],[-45.545465,-3.982988],[-45.546513,-3.983507],[-45.547196,-3.984193],[-45.54805,-3.984552],[-45.549112,-3.984435],[-45.549666,-3.985204],[-45.549883,-3.986162],[-45.550317,-3.987059],[-45.55073,-3.98788],[-45.551606,-3.988171],[-45.552614,-3.98833],[-45.552979,-3.989174],[-45.553567,-3.990044],[-45.554153,-3.990847],[-45.554785,-3.991604],[-45.555179,-3.992559],[-45.555436,-3.993532],[-45.555847,-3.99443],[-45.556292,-3.995513],[-45.557083,-3.99652],[-45.558144,-3.996768],[-45.559136,-3.996624],[-45.560036,-3.996652],[-45.56112,-3.997089],[-45.562052,-3.996705],[-45.562867,-3.996081],[-45.563124,-3.997025],[-45.563287,-3.997918],[-45.563859,-3.998638],[-45.564263,-3.999486],[-45.564686,-4.000314],[-45.565311,-4.001078],[-45.566152,-4.001765],[-45.566992,-4.002178],[-45.567796,-4.002774],[-45.568567,-4.003246],[-45.568656,-4.004193],[-45.568078,-4.004985],[-45.567992,-4.00589],[-45.56746,-4.006638],[-45.56724,-4.007527],[-45.567739,-4.008301],[-45.567844,-4.009279],[-45.568132,-4.010203],[-45.568047,-4.011173],[-45.568211,-4.012094],[-45.568635,-4.013029],[-45.568972,-4.013878],[-45.569257,-4.014778],[-45.570046,-4.01529],[-45.570952,-4.015338],[-45.571794,-4.015846],[-45.572495,-4.016625],[-45.572626,-4.017596],[-45.572634,-4.018516],[-45.571982,-4.019142],[-45.571825,-4.020095],[-45.571519,-4.021163],[-45.572367,-4.021526],[-45.571849,-4.023241],[-45.571942,-4.024162],[-45.572196,-4.025027],[-45.5729,-4.02612],[-45.572669,-4.026988],[-45.571825,-4.027518],[-45.571383,-4.028325],[-45.571388,-4.029258],[-45.571793,-4.030422],[-45.571259,-4.031365],[-45.570627,-4.032017],[-45.569713,-4.03263],[-45.568731,-4.032933],[-45.567933,-4.033547],[-45.567591,-4.034489],[-45.567186,-4.035372],[-45.567268,-4.036322],[-45.567144,-4.0373],[-45.567297,-4.038277],[-45.56725,-4.039211],[-45.566382,-4.03954],[-45.565437,-4.039753],[-45.56503,-4.040583],[-45.564362,-4.041254],[-45.563436,-4.041459],[-45.562708,-4.042039],[-45.562143,-4.042762],[-45.561229,-4.042905],[-45.560746,-4.043662],[-45.560504,-4.044639],[-45.560673,-4.045548],[-45.560274,-4.046453],[-45.559335,-4.0467],[-45.55886,-4.047545],[-45.558793,-4.048522],[-45.55796,-4.048926],[-45.556811,-4.048746],[-45.556534,-4.04988],[-45.556627,-4.05087],[-45.557002,-4.051891],[-45.557352,-4.052721],[-45.557621,-4.053597],[-45.557729,-4.054524],[-45.556924,-4.054987],[-45.556111,-4.055566],[-45.556298,-4.056473],[-45.556953,-4.057271],[-45.556451,-4.058094],[-45.555751,-4.058798],[-45.555234,-4.059566],[-45.555063,-4.060563],[-45.554277,-4.061015],[-45.553195,-4.061239],[-45.553425,-4.062513],[-45.554117,-4.063244],[-45.554804,-4.063945],[-45.555307,-4.064693],[-45.556188,-4.065375],[-45.557097,-4.065509],[-45.557886,-4.066149],[-45.55844,-4.066904],[-45.559254,-4.067482],[-45.560239,-4.067588],[-45.559955,-4.068445],[-45.559875,-4.069408],[-45.560189,-4.070359],[-45.560779,-4.071174],[-45.561405,-4.07194],[-45.561384,-4.072895],[-45.560917,-4.073697],[-45.560401,-4.074591],[-45.560432,-4.075537],[-45.56128,-4.075993],[-45.562007,-4.076614],[-45.562213,-4.077527],[-45.561822,-4.078411],[-45.561643,-4.079514],[-45.562341,-4.080685],[-45.563312,-4.080907],[-45.564232,-4.081103],[-45.565135,-4.081518],[-45.565294,-4.082877],[-45.565787,-4.084076],[-45.566104,-4.08504],[-45.565602,-4.085865],[-45.564994,-4.086662],[-45.564659,-4.087588],[-45.564184,-4.088359],[-45.564302,-4.089323],[-45.564709,-4.090142],[-45.565439,-4.090673],[-45.566344,-4.091028],[-45.567364,-4.09123],[-45.568372,-4.09101],[-45.569324,-4.091105],[-45.570132,-4.091951],[-45.570234,-4.092879],[-45.570324,-4.093985],[-45.570964,-4.09485],[-45.570891,-4.095893],[-45.570581,-4.096938],[-45.570933,-4.097826],[-45.571059,-4.09898],[-45.570309,-4.099758],[-45.570154,-4.100723],[-45.570337,-4.101651],[-45.570525,-4.102626],[-45.57148,-4.102734],[-45.572502,-4.10279],[-45.5734,-4.103094],[-45.574303,-4.102664],[-45.575225,-4.102825],[-45.5761,-4.103205],[-45.576658,-4.103915],[-45.576843,-4.104904],[-45.576262,-4.105702],[-45.576069,-4.106714],[-45.576258,-4.107651],[-45.576721,-4.10842],[-45.577478,-4.109203],[-45.577737,-4.110117],[-45.577347,-4.111261],[-45.576913,-4.112064],[-45.576368,-4.113088],[-45.576744,-4.113928],[-45.577059,-4.11503],[-45.577266,-4.116206],[-45.577768,-4.116954],[-45.578112,-4.117864],[-45.578872,-4.118361],[-45.579764,-4.118748],[-45.579848,-4.119722],[-45.579426,-4.120527],[-45.579397,-4.121427],[-45.579654,-4.122398],[-45.580229,-4.123102],[-45.580892,-4.123835],[-45.581593,-4.12468],[-45.581812,-4.125638],[-45.581515,-4.126496],[-45.580697,-4.127225],[-45.580177,-4.128037],[-45.579939,-4.128984],[-45.579878,-4.129992],[-45.580378,-4.130774],[-45.580525,-4.131977],[-45.580652,-4.132882],[-45.581028,-4.133818],[-45.580792,-4.134695],[-45.580453,-4.135552],[-45.581043,-4.136312],[-45.581795,-4.136841],[-45.58205,-4.137915],[-45.581188,-4.138535],[-45.58052,-4.139135],[-45.579609,-4.139482],[-45.57904,-4.140291],[-45.578998,-4.14122],[-45.578411,-4.142015],[-45.577887,-4.142892],[-45.577208,-4.143692],[-45.576799,-4.144582],[-45.576284,-4.145379],[-45.576485,-4.146257],[-45.5766,-4.147163],[-45.576739,-4.148128],[-45.576734,-4.149037],[-45.577289,-4.149786],[-45.578139,-4.15019],[-45.578941,-4.150641],[-45.579799,-4.15093],[-45.580713,-4.151059],[-45.581406,-4.151654],[-45.581833,-4.152479],[-45.582688,-4.152834],[-45.583719,-4.152965],[-45.58456,-4.153296],[-45.58475,-4.154228],[-45.585436,-4.154975],[-45.586352,-4.155303],[-45.587408,-4.155303],[-45.588142,-4.155903],[-45.589034,-4.157641],[-45.589911,-4.158138],[-45.59087,-4.15847],[-45.591455,-4.15923],[-45.59086,-4.159999],[-45.590076,-4.160764],[-45.589472,-4.161554],[-45.589097,-4.16243],[-45.588794,-4.163312],[-45.588748,-4.164847],[-45.588698,-4.165855],[-45.588375,-4.166725],[-45.588034,-4.167644],[-45.588413,-4.168534],[-45.588567,-4.169417],[-45.587978,-4.170255],[-45.587835,-4.171276],[-45.587843,-4.172172],[-45.588238,-4.173394],[-45.588442,-4.174292],[-45.588291,-4.175233],[-45.587806,-4.176297],[-45.587736,-4.177257],[-45.588196,-4.178042],[-45.589057,-4.178498],[-45.589819,-4.179076],[-45.590482,-4.179853],[-45.590659,-4.180817],[-45.590877,-4.181754],[-45.591597,-4.182427],[-45.592105,-4.183251],[-45.592708,-4.183959],[-45.59353,-4.184387],[-45.594085,-4.185574],[-45.594352,-4.186443],[-45.594761,-4.187319],[-45.594435,-4.188313],[-45.593945,-4.189319],[-45.593976,-4.19025],[-45.59403,-4.191408],[-45.594026,-4.192442],[-45.593902,-4.193365],[-45.593481,-4.19417],[-45.593619,-4.195119],[-45.594367,-4.195628],[-45.595296,-4.195829],[-45.595926,-4.196609],[-45.595621,-4.197542],[-45.59486,-4.198163],[-45.594801,-4.199139],[-45.594683,-4.200094],[-45.594443,-4.20104],[-45.594263,-4.201998],[-45.593732,-4.202755],[-45.592988,-4.203545],[-45.592456,-4.204309],[-45.592355,-4.205272],[-45.592415,-4.206225],[-45.59252,-4.207126],[-45.592292,-4.208184],[-45.59242,-4.209177],[-45.593109,-4.209942],[-45.593954,-4.210774],[-45.594383,-4.211566],[-45.594717,-4.212442],[-45.594776,-4.213343],[-45.595079,-4.214225],[-45.595448,-4.215426],[-45.59589,-4.216312],[-45.59584,-4.217212],[-45.595873,-4.218295],[-45.595923,-4.219193],[-45.595684,-4.220069],[-45.595339,-4.221016],[-45.594936,-4.221886],[-45.595234,-4.222953],[-45.595139,-4.224036],[-45.595721,-4.224777],[-45.596406,-4.225429],[-45.597364,-4.225647],[-45.598142,-4.225151],[-45.599077,-4.22549],[-45.600079,-4.225622],[-45.600842,-4.226217],[-45.601754,-4.225942],[-45.60246,-4.225381],[-45.603286,-4.224656],[-45.604199,-4.224444],[-45.605067,-4.224915],[-45.605869,-4.225403],[-45.606328,-4.226174],[-45.606825,-4.227017],[-45.607543,-4.22763],[-45.608464,-4.227704],[-45.609363,-4.227456],[-45.610322,-4.227719],[-45.611336,-4.228104],[-45.612063,-4.228632],[-45.612493,-4.229458],[-45.613283,-4.230038],[-45.61514,-4.229854],[-45.616197,-4.231252],[-45.616068,-4.232194],[-45.616329,-4.233113],[-45.617192,-4.233502],[-45.617823,-4.234141],[-45.618442,-4.234866],[-45.618177,-4.235787],[-45.617458,-4.236336],[-45.616606,-4.237023],[-45.615528,-4.237481],[-45.614909,-4.238142],[-45.614742,-4.239058],[-45.615045,-4.240098],[-45.615587,-4.241085],[-45.616496,-4.241509],[-45.617497,-4.241407],[-45.618403,-4.241106],[-45.619485,-4.241123],[-45.620447,-4.241221],[-45.621038,-4.24201],[-45.621609,-4.242834],[-45.622224,-4.243611],[-45.622569,-4.244525],[-45.623311,-4.245039],[-45.623681,-4.245889],[-45.623332,-4.246727],[-45.623496,-4.247644],[-45.623893,-4.248598],[-45.623819,-4.249534],[-45.62331,-4.250531],[-45.622521,-4.251118],[-45.621589,-4.251395],[-45.621519,-4.252314],[-45.621811,-4.253324],[-45.622235,-4.254205],[-45.621903,-4.255103],[-45.621603,-4.256049],[-45.621273,-4.256893],[-45.621042,-4.257867],[-45.621395,-4.258731],[-45.622258,-4.259123],[-45.623074,-4.25959],[-45.623259,-4.260573],[-45.623612,-4.261459],[-45.624295,-4.262087],[-45.625421,-4.2623],[-45.626411,-4.26243],[-45.62731,-4.262742],[-45.628173,-4.262455],[-45.629136,-4.262352],[-45.629995,-4.262077],[-45.630755,-4.261576],[-45.631612,-4.261104],[-45.632553,-4.26131],[-45.633445,-4.261512],[-45.634359,-4.261571],[-45.635423,-4.261807],[-45.636327,-4.262213],[-45.637444,-4.26233],[-45.638367,-4.262648],[-45.638517,-4.264117],[-45.638669,-4.26508],[-45.638438,-4.266073],[-45.638101,-4.266993],[-45.637949,-4.267928],[-45.63785,-4.26915],[-45.637682,-4.270142],[-45.638653,-4.270746],[-45.639506,-4.271191],[-45.63978,-4.27213],[-45.639723,-4.273085],[-45.640085,-4.273975],[-45.640304,-4.274856],[-45.639992,-4.275814],[-45.639928,-4.276826],[-45.639834,-4.277762],[-45.639465,-4.278625],[-45.638589,-4.279017],[-45.637617,-4.279108],[-45.636759,-4.279542],[-45.636044,-4.280229],[-45.635422,-4.280961],[-45.63576,-4.281858],[-45.636063,-4.282813],[-45.636248,-4.283976],[-45.636678,-4.284849],[-45.637458,-4.28532],[-45.63831,-4.285996],[-45.638801,-4.286893],[-45.639239,-4.287776],[-45.639584,-4.288742],[-45.639548,-4.289752],[-45.638882,-4.290713],[-45.638777,-4.291775],[-45.639039,-4.29272],[-45.638547,-4.293533],[-45.637961,-4.294213],[-45.637491,-4.294985],[-45.637498,-4.296042],[-45.637398,-4.297076],[-45.637352,-4.298051],[-45.637083,-4.299026],[-45.63659,-4.299785],[-45.635904,-4.300627],[-45.635057,-4.301169],[-45.634206,-4.301601],[-45.633465,-4.302353],[-45.634089,-4.303403],[-45.634553,-4.304201],[-45.634956,-4.305056],[-45.635141,-4.306026],[-45.635043,-4.306973],[-45.634667,-4.308001],[-45.634226,-4.309356],[-45.634125,-4.310326],[-45.634355,-4.311303],[-45.635682,-4.312363],[-45.635504,-4.313324],[-45.634827,-4.313992],[-45.63468,-4.314951],[-45.635008,-4.315821],[-45.63513,-4.316744],[-45.634979,-4.317744],[-45.63482,-4.31876],[-45.634418,-4.319589],[-45.634279,-4.320822],[-45.634053,-4.321706],[-45.633773,-4.32262],[-45.633871,-4.323616],[-45.634387,-4.324497],[-45.634786,-4.32538],[-45.634902,-4.326269],[-45.6351,-4.327194],[-45.635134,-4.328161],[-45.634975,-4.329136],[-45.634841,-4.330553],[-45.634637,-4.331474],[-45.634472,-4.332473],[-45.634375,-4.333389],[-45.634506,-4.334441],[-45.634413,-4.335514],[-45.634026,-4.33638],[-45.633327,-4.337076],[-45.632534,-4.337534],[-45.63171,-4.338099],[-45.631212,-4.339228],[-45.630816,-4.340123],[-45.629856,-4.340835],[-45.628808,-4.340991],[-45.627578,-4.340991],[-45.62666,-4.340846],[-45.625883,-4.339951],[-45.625245,-4.339304],[-45.624313,-4.338751],[-45.623878,-4.339641],[-45.623419,-4.340642],[-45.622846,-4.341457],[-45.622156,-4.342156],[-45.621449,-4.34284],[-45.620726,-4.343372],[-45.620013,-4.344064],[-45.619435,-4.34477],[-45.619928,-4.345586],[-45.620175,-4.346574],[-45.620982,-4.347167],[-45.621382,-4.348005],[-45.621964,-4.348866],[-45.622689,-4.349533],[-45.62361,-4.349705],[-45.624587,-4.349634],[-45.625329,-4.35022],[-45.625993,-4.350952],[-45.62683,-4.351287],[-45.627483,-4.351939],[-45.628381,-4.35223],[-45.629246,-4.352691],[-45.630054,-4.353138],[-45.631017,-4.353486],[-45.631726,-4.354406],[-45.631819,-4.355359],[-45.631546,-4.356395],[-45.630964,-4.357218],[-45.629829,-4.35769],[-45.628926,-4.357991],[-45.628463,-4.358873],[-45.627828,-4.359636],[-45.626892,-4.359869],[-45.625956,-4.359918],[-45.625044,-4.359924],[-45.624167,-4.360277],[-45.623641,-4.361019],[-45.622946,-4.361672],[-45.62341,-4.362535],[-45.623016,-4.363428],[-45.622684,-4.364286],[-45.623115,-4.365175],[-45.622917,-4.366226],[-45.621907,-4.366505],[-45.620703,-4.366241],[-45.620016,-4.367528],[-45.619322,-4.368191],[-45.619082,-4.369274],[-45.618745,-4.370404],[-45.618032,-4.371086],[-45.617193,-4.371781],[-45.616242,-4.372215],[-45.615818,-4.373087],[-45.616049,-4.374019],[-45.616957,-4.374138],[-45.618044,-4.374311],[-45.618955,-4.374654],[-45.619662,-4.375338],[-45.620354,-4.376035],[-45.620953,-4.37688],[-45.621457,-4.377876],[-45.621955,-4.378742],[-45.62274,-4.379355],[-45.623369,-4.380095],[-45.62315,-4.38108],[-45.623002,-4.382124],[-45.623813,-4.382637],[-45.62507,-4.382854],[-45.625982,-4.38296],[-45.626884,-4.383127],[-45.627829,-4.382833],[-45.628578,-4.382193],[-45.629512,-4.381985],[-45.630966,-4.38236],[-45.631136,-4.383509],[-45.631101,-4.384424],[-45.630988,-4.385399],[-45.631093,-4.386395],[-45.631568,-4.387179],[-45.632145,-4.388003],[-45.632737,-4.388787],[-45.632689,-4.38976],[-45.632439,-4.390634],[-45.632512,-4.391618],[-45.631951,-4.392361],[-45.631179,-4.392849],[-45.630378,-4.393309],[-45.629435,-4.39345],[-45.628428,-4.393097],[-45.627518,-4.393086],[-45.626753,-4.393674],[-45.625848,-4.393592],[-45.624923,-4.393285],[-45.623905,-4.393617],[-45.622892,-4.394112],[-45.621797,-4.394591],[-45.6222,-4.396238],[-45.622885,-4.396837],[-45.623402,-4.397869],[-45.62366,-4.398846],[-45.624061,-4.399708],[-45.624675,-4.40045],[-45.624457,-4.401379],[-45.62392,-4.402102],[-45.622913,-4.40239],[-45.621988,-4.402682],[-45.621154,-4.403101],[-45.620206,-4.403689],[-45.619422,-4.404431],[-45.619464,-4.405372],[-45.619948,-4.406566],[-45.620404,-4.407445],[-45.620347,-4.40841],[-45.619527,-4.40924],[-45.618539,-4.409927],[-45.617753,-4.410427],[-45.617628,-4.411324],[-45.617654,-4.41234],[-45.617805,-4.413378],[-45.617107,-4.41401],[-45.615987,-4.414316],[-45.615416,-4.415058],[-45.615093,-4.415997],[-45.614572,-4.416801],[-45.615308,-4.417398],[-45.616088,-4.418217],[-45.616746,-4.419087],[-45.617278,-4.419825],[-45.617655,-4.420818],[-45.618142,-4.421582],[-45.618468,-4.422512],[-45.618478,-4.423698],[-45.618327,-4.424736],[-45.618479,-4.425696],[-45.618465,-4.426713],[-45.61813,-4.427575],[-45.617172,-4.428286],[-45.61629,-4.428691],[-45.615471,-4.429099],[-45.615098,-4.42993],[-45.615485,-4.430879],[-45.615707,-4.431819],[-45.616415,-4.432749],[-45.617223,-4.433332],[-45.618122,-4.434103],[-45.618844,-4.434778],[-45.619615,-4.435393],[-45.619529,-4.436461],[-45.619198,-4.437303],[-45.6196,-4.4383],[-45.619981,-4.439181],[-45.620938,-4.439901],[-45.621483,-4.440684],[-45.621354,-4.441635],[-45.621448,-4.44258],[-45.62241,-4.442945],[-45.623283,-4.443254],[-45.623735,-4.44416],[-45.623596,-4.445125],[-45.623405,-4.446059],[-45.622864,-4.446809],[-45.622936,-4.448304],[-45.623021,-4.449241],[-45.622544,-4.450036],[-45.621758,-4.450476],[-45.62078,-4.450739],[-45.619749,-4.451138],[-45.618909,-4.451548],[-45.618285,-4.452314],[-45.617546,-4.452825],[-45.61671,-4.453518],[-45.616372,-4.454434],[-45.615678,-4.455118],[-45.61551,-4.456003],[-45.615192,-4.456928],[-45.615159,-4.458049],[-45.615275,-4.459019],[-45.614758,-4.45976],[-45.614983,-4.460691],[-45.615875,-4.46108],[-45.616721,-4.461604],[-45.617245,-4.462334],[-45.617984,-4.462849],[-45.618899,-4.462976],[-45.619796,-4.463537],[-45.620523,-4.464202],[-45.621286,-4.464694],[-45.622206,-4.465117],[-45.623196,-4.465438],[-45.623817,-4.466414],[-45.624348,-4.467178],[-45.624962,-4.467955],[-45.625525,-4.469068],[-45.625904,-4.469955],[-45.626394,-4.47072],[-45.625755,-4.471443],[-45.625263,-4.472215],[-45.625325,-4.473147],[-45.625962,-4.473799],[-45.625603,-4.474628],[-45.625433,-4.475563],[-45.625741,-4.476466],[-45.626319,-4.47729],[-45.626863,-4.478382],[-45.62726,-4.479274],[-45.627196,-4.480237],[-45.627474,-4.481136],[-45.628294,-4.481848],[-45.628742,-4.482757],[-45.628843,-4.483719],[-45.62902,-4.48486],[-45.628942,-4.486274],[-45.629758,-4.486705],[-45.630769,-4.486764],[-45.631748,-4.486484],[-45.632516,-4.486],[-45.63347,-4.485978],[-45.633229,-4.487057],[-45.63367,-4.487992],[-45.634072,-4.488816],[-45.634401,-4.489765],[-45.635195,-4.490638],[-45.636105,-4.490978],[-45.636776,-4.491615],[-45.637186,-4.492549],[-45.637554,-4.493586],[-45.637569,-4.494608],[-45.636983,-4.495315],[-45.636143,-4.495738],[-45.635555,-4.496441],[-45.635884,-4.497306],[-45.636136,-4.498292],[-45.636153,-4.499189],[-45.636194,-4.50009],[-45.636464,-4.50122],[-45.636547,-4.502205],[-45.636515,-4.503214],[-45.635893,-4.503959],[-45.634934,-4.503859],[-45.6342,-4.504472],[-45.633677,-4.505343],[-45.632762,-4.50624],[-45.63175,-4.506441],[-45.630751,-4.50646],[-45.630392,-4.507368],[-45.629979,-4.50818],[-45.629008,-4.508543],[-45.628104,-4.508519],[-45.627191,-4.508367],[-45.626193,-4.508206],[-45.625176,-4.508374],[-45.624306,-4.508699],[-45.623291,-4.508505],[-45.622247,-4.508634],[-45.621432,-4.509341],[-45.6209,-4.510065],[-45.61988,-4.510658],[-45.618729,-4.510951],[-45.618232,-4.511732],[-45.617454,-4.512525],[-45.616809,-4.513202],[-45.616905,-4.514098],[-45.617911,-4.514602],[-45.618807,-4.515213],[-45.619476,-4.515939],[-45.620293,-4.516317],[-45.620895,-4.517161],[-45.621598,-4.51813],[-45.622414,-4.518704],[-45.623362,-4.518933],[-45.624314,-4.518911],[-45.625215,-4.518793],[-45.62608,-4.519194],[-45.626418,-4.520106],[-45.627217,-4.520582],[-45.62799,-4.521173],[-45.628835,-4.521651],[-45.630038,-4.521845],[-45.631049,-4.522146],[-45.631958,-4.522341],[-45.63293,-4.522328],[-45.633919,-4.522366],[-45.634681,-4.522946],[-45.635694,-4.524313],[-45.637443,-4.523967],[-45.638285,-4.52351],[-45.639203,-4.523219],[-45.640115,-4.523102],[-45.64109,-4.523276],[-45.642046,-4.523369],[-45.642892,-4.523917],[-45.643557,-4.524663],[-45.644456,-4.524976],[-45.645051,-4.524243],[-45.646013,-4.524139],[-45.646893,-4.523835],[-45.64787,-4.523241],[-45.64909,-4.522994],[-45.649781,-4.523683],[-45.650782,-4.524234],[-45.651713,-4.524449],[-45.652524,-4.523935],[-45.65348,-4.523795],[-45.654313,-4.524306],[-45.653614,-4.524952],[-45.653463,-4.525898],[-45.653555,-4.52683],[-45.653931,-4.527732],[-45.653937,-4.528633],[-45.654318,-4.529663],[-45.653904,-4.530553],[-45.653633,-4.53151],[-45.65273,-4.532174],[-45.652048,-4.532881],[-45.65126,-4.533323],[-45.650799,-4.534133],[-45.650076,-4.5348],[-45.649272,-4.535526],[-45.648552,-4.536062],[-45.648097,-4.536839],[-45.647643,-4.537613],[-45.648081,-4.538476],[-45.647905,-4.539357],[-45.647273,-4.540186],[-45.646595,-4.540907],[-45.645737,-4.541328],[-45.645611,-4.542268],[-45.645105,-4.543023],[-45.644417,-4.543713],[-45.644233,-4.544962],[-45.643899,-4.545841],[-45.644291,-4.546808],[-45.645045,-4.547341],[-45.646041,-4.547525],[-45.647012,-4.547527],[-45.64794,-4.547288],[-45.648285,-4.5482],[-45.648694,-4.549118],[-45.649403,-4.549696],[-45.650497,-4.549916],[-45.651362,-4.550308],[-45.652324,-4.550423],[-45.653346,-4.550376],[-45.654362,-4.550094],[-45.655261,-4.550028],[-45.656159,-4.55001],[-45.657067,-4.550037],[-45.657599,-4.550796],[-45.657478,-4.551751],[-45.657237,-4.552726],[-45.657107,-4.553725],[-45.65715,-4.554623],[-45.657472,-4.555592],[-45.657956,-4.556352],[-45.657744,-4.557282],[-45.658129,-4.558104],[-45.658264,-4.559103],[-45.658084,-4.56001],[-45.658193,-4.561039],[-45.658804,-4.561889],[-45.659633,-4.562363],[-45.660497,-4.562666],[-45.661434,-4.56245],[-45.662015,-4.563132],[-45.662394,-4.564145],[-45.663024,-4.565162],[-45.662596,-4.565992],[-45.661917,-4.566645],[-45.66174,-4.568062],[-45.662019,-4.56896],[-45.662842,-4.569653],[-45.663218,-4.570713],[-45.663847,-4.571451],[-45.664744,-4.57157],[-45.664859,-4.572536],[-45.665617,-4.573259],[-45.665825,-4.574195],[-45.667083,-4.575139],[-45.666379,-4.576389],[-45.665571,-4.57683],[-45.66507,-4.577669],[-45.665136,-4.578817],[-45.664622,-4.579676],[-45.663967,-4.580523],[-45.663637,-4.581417],[-45.663385,-4.582432],[-45.663055,-4.583305],[-45.663108,-4.584259],[-45.663184,-4.585176],[-45.663194,-4.58625],[-45.662936,-4.58783],[-45.662163,-4.588418],[-45.661981,-4.589303],[-45.662422,-4.590427],[-45.661818,-4.591137],[-45.660963,-4.591649],[-45.660944,-4.592553],[-45.661186,-4.593537],[-45.660328,-4.593865],[-45.659409,-4.593642],[-45.658436,-4.593375],[-45.658004,-4.594169],[-45.657714,-4.595091],[-45.657459,-4.596067],[-45.657355,-4.597027],[-45.657358,-4.598249],[-45.657482,-4.599193],[-45.657835,-4.600102],[-45.657749,-4.601079],[-45.657398,-4.601993],[-45.656884,-4.602855],[-45.657249,-4.603726],[-45.657934,-4.60452],[-45.657556,-4.605332],[-45.656694,-4.605686],[-45.655806,-4.605438],[-45.655069,-4.604786],[-45.654204,-4.604415],[-45.653322,-4.604687],[-45.652199,-4.60512],[-45.651076,-4.605311],[-45.650139,-4.605706],[-45.649479,-4.606574],[-45.649422,-4.607535],[-45.649808,-4.608391],[-45.649685,-4.609291],[-45.649183,-4.610139],[-45.649839,-4.610933],[-45.649258,-4.6117],[-45.649512,-4.612562],[-45.650098,-4.613279],[-45.650384,-4.614178],[-45.65063,-4.615053],[-45.650479,-4.616019],[-45.650416,-4.617083],[-45.651294,-4.617479],[-45.652315,-4.617367],[-45.653148,-4.617703],[-45.653351,-4.618592],[-45.6527,-4.619251],[-45.652373,-4.620137],[-45.652677,-4.62121],[-45.653022,-4.622097],[-45.653573,-4.622822],[-45.654123,-4.623672],[-45.65441,-4.624546],[-45.654102,-4.625471],[-45.653944,-4.62637],[-45.653992,-4.627383],[-45.65339,-4.62839],[-45.652885,-4.629315],[-45.652231,-4.629994],[-45.651594,-4.630668],[-45.651539,-4.631628],[-45.651629,-4.632581],[-45.651369,-4.63347],[-45.65121,-4.634414],[-45.650642,-4.635218],[-45.649787,-4.635618],[-45.649339,-4.636423],[-45.648637,-4.63711],[-45.648116,-4.638117],[-45.647841,-4.639074],[-45.647174,-4.639959],[-45.646453,-4.640722],[-45.646474,-4.641641],[-45.646259,-4.642534],[-45.645522,-4.643308],[-45.645082,-4.644124],[-45.644185,-4.644287],[-45.643376,-4.643814],[-45.642361,-4.644011],[-45.641821,-4.644829],[-45.641791,-4.645991],[-45.641849,-4.646971],[-45.64199,-4.647983],[-45.641857,-4.648897],[-45.641963,-4.649855],[-45.641459,-4.650631],[-45.640838,-4.651376],[-45.641033,-4.652377],[-45.640415,-4.653762],[-45.640745,-4.654894],[-45.640892,-4.655908],[-45.640826,-4.656822],[-45.641636,-4.657388],[-45.642141,-4.65835],[-45.642447,-4.659276],[-45.642376,-4.66029],[-45.642381,-4.661266],[-45.64265,-4.66229],[-45.643213,-4.663036],[-45.643957,-4.663543],[-45.644714,-4.664037],[-45.645223,-4.664903],[-45.645419,-4.665865],[-45.645413,-4.666908],[-45.645188,-4.667863],[-45.644762,-4.66879],[-45.644901,-4.669684],[-45.645352,-4.670497],[-45.645114,-4.671577],[-45.644879,-4.672655],[-45.645229,-4.673536],[-45.645001,-4.674657],[-45.645687,-4.675236],[-45.646806,-4.675961],[-45.647494,-4.675336],[-45.647986,-4.674491],[-45.648821,-4.674068],[-45.649708,-4.674294],[-45.650536,-4.674731],[-45.651438,-4.674908],[-45.652332,-4.675306],[-45.65315,-4.675881],[-45.654105,-4.67618],[-45.655119,-4.676605],[-45.656353,-4.676844],[-45.657194,-4.677531],[-45.657722,-4.678446],[-45.657694,-4.679374],[-45.658015,-4.680311],[-45.658631,-4.681087],[-45.659302,-4.681949],[-45.660042,-4.682464],[-45.660948,-4.682855],[-45.661908,-4.682892],[-45.662751,-4.682574],[-45.663713,-4.682801],[-45.664622,-4.683566],[-45.665387,-4.684056],[-45.665901,-4.684934],[-45.666292,-4.685884],[-45.666733,-4.686789],[-45.666723,-4.687818],[-45.666418,-4.688751],[-45.665618,-4.689371],[-45.665027,-4.690092],[-45.664403,-4.690783],[-45.664159,-4.691718],[-45.663841,-4.692741],[-45.663473,-4.693636],[-45.663447,-4.694656],[-45.663713,-4.695584],[-45.66461,-4.695944],[-45.665526,-4.69614],[-45.666545,-4.696268],[-45.667319,-4.696909],[-45.667438,-4.697798],[-45.667747,-4.698752],[-45.667604,-4.699689],[-45.667516,-4.700602],[-45.66823,-4.701289],[-45.669203,-4.701905],[-45.669936,-4.702436],[-45.670817,-4.702827],[-45.671813,-4.702875],[-45.672414,-4.702173],[-45.673207,-4.701652],[-45.674141,-4.701753],[-45.675008,-4.701383],[-45.675938,-4.701389],[-45.677357,-4.70235],[-45.677104,-4.703304],[-45.676885,-4.704238],[-45.677662,-4.704691],[-45.678563,-4.704372],[-45.679454,-4.704699],[-45.679937,-4.705618],[-45.680364,-4.706467],[-45.680491,-4.707497],[-45.680457,-4.708488],[-45.681127,-4.70942],[-45.682082,-4.710702],[-45.68317,-4.711022],[-45.684129,-4.711057],[-45.685097,-4.711071],[-45.686042,-4.711044],[-45.686719,-4.711718],[-45.686312,-4.71255],[-45.685996,-4.71347],[-45.686189,-4.714362],[-45.686979,-4.714803],[-45.687927,-4.714496],[-45.689028,-4.714591],[-45.689645,-4.715448],[-45.690121,-4.716247],[-45.689963,-4.717179],[-45.690501,-4.718096],[-45.691093,-4.718907],[-45.691513,-4.7198],[-45.69169,-4.720696],[-45.691835,-4.721651],[-45.692652,-4.722206],[-45.693398,-4.722992],[-45.69391,-4.723801],[-45.694609,-4.724688],[-45.695325,-4.725386],[-45.695601,-4.726342],[-45.69598,-4.727214],[-45.696577,-4.72801],[-45.697421,-4.728559],[-45.698282,-4.728935],[-45.699176,-4.729066],[-45.699491,-4.729911],[-45.699213,-4.730936],[-45.699786,-4.73173],[-45.70076,-4.73215],[-45.701414,-4.73289],[-45.702248,-4.733585],[-45.703128,-4.733988],[-45.704108,-4.734037],[-45.705004,-4.734173],[-45.705785,-4.734796],[-45.706678,-4.735006],[-45.707416,-4.734234],[-45.708202,-4.733778],[-45.709155,-4.733657],[-45.710074,-4.733288],[-45.710894,-4.733672],[-45.711988,-4.734062],[-45.712757,-4.734602],[-45.713277,-4.735334],[-45.71386,-4.73614],[-45.714426,-4.737104],[-45.714609,-4.738066],[-45.714975,-4.738925],[-45.715184,-4.74003],[-45.71519,-4.740938],[-45.715431,-4.741816],[-45.715909,-4.742705],[-45.71643,-4.74356],[-45.716417,-4.744476],[-45.717168,-4.745192],[-45.71775,-4.74593],[-45.718109,-4.746904],[-45.718583,-4.747695],[-45.71828,-4.748558],[-45.717792,-4.749409],[-45.718348,-4.750522],[-45.718958,-4.751313],[-45.719491,-4.752054],[-45.719876,-4.753041],[-45.720605,-4.753701],[-45.721445,-4.75411],[-45.722257,-4.754577],[-45.722879,-4.755322],[-45.72364,-4.75581],[-45.723907,-4.756727],[-45.723864,-4.757689],[-45.724305,-4.758497],[-45.723498,-4.759043],[-45.722823,-4.759901],[-45.722476,-4.760789],[-45.723038,-4.761525],[-45.723849,-4.761977],[-45.724757,-4.762185],[-45.725743,-4.762423],[-45.726549,-4.762897],[-45.726894,-4.763792],[-45.727495,-4.764477],[-45.728418,-4.764696],[-45.729137,-4.764028],[-45.72991,-4.76351],[-45.730855,-4.763449],[-45.731552,-4.764246],[-45.732565,-4.76437],[-45.733565,-4.764628],[-45.734677,-4.76502],[-45.735659,-4.764937],[-45.736703,-4.76492],[-45.737708,-4.76519],[-45.738688,-4.765149],[-45.739485,-4.764468],[-45.740097,-4.76381],[-45.740836,-4.764361],[-45.741397,-4.765112],[-45.742382,-4.765056],[-45.743229,-4.765375],[-45.743664,-4.766196],[-45.744482,-4.766688],[-45.745484,-4.766909],[-45.746522,-4.767475],[-45.747419,-4.766882],[-45.748229,-4.766148],[-45.749198,-4.765925],[-45.749817,-4.765212],[-45.749628,-4.764234],[-45.749385,-4.763245],[-45.749646,-4.762294],[-45.750434,-4.761688],[-45.751459,-4.76117],[-45.752338,-4.760751],[-45.753236,-4.76074],[-45.75412,-4.761145],[-45.754431,-4.76206],[-45.754995,-4.762784],[-45.755353,-4.763682],[-45.756172,-4.764208],[-45.756273,-4.765152],[-45.75631,-4.766113],[-45.756974,-4.766791],[-45.757898,-4.767072],[-45.758985,-4.76678],[-45.759738,-4.76623],[-45.759928,-4.765239],[-45.760824,-4.764999],[-45.761513,-4.765627],[-45.762361,-4.765278],[-45.763142,-4.764807],[-45.763945,-4.763938],[-45.764442,-4.763109],[-45.764197,-4.762192],[-45.764645,-4.761326],[-45.76493,-4.760371],[-45.765328,-4.759493],[-45.765878,-4.758643],[-45.766484,-4.757901],[-45.766367,-4.756994],[-45.76685,-4.75616],[-45.767627,-4.755616],[-45.768654,-4.755689],[-45.769606,-4.756051],[-45.771248,-4.755686],[-45.772916,-4.75625],[-45.773678,-4.758006],[-45.774442,-4.758515],[-45.774378,-4.759493],[-45.774221,-4.760476],[-45.774167,-4.761382],[-45.774475,-4.762317],[-45.774988,-4.763351],[-45.775414,-4.764303],[-45.775583,-4.765511],[-45.774916,-4.766184],[-45.773988,-4.766495],[-45.772951,-4.766623],[-45.771741,-4.766592],[-45.771124,-4.767344],[-45.77155,-4.768145],[-45.772223,-4.768739],[-45.7731,-4.769267],[-45.773876,-4.769756],[-45.774433,-4.770589],[-45.773943,-4.771368],[-45.773555,-4.772188],[-45.772677,-4.77254],[-45.771767,-4.772981],[-45.770845,-4.772837],[-45.770619,-4.773707],[-45.770156,-4.774493],[-45.769173,-4.774506],[-45.768128,-4.77439],[-45.767547,-4.775154],[-45.766879,-4.775763],[-45.766016,-4.776293],[-45.765665,-4.777134],[-45.765081,-4.77786],[-45.764204,-4.778372],[-45.763372,-4.778928],[-45.762499,-4.779726],[-45.762026,-4.780512],[-45.761556,-4.781381],[-45.761578,-4.782276],[-45.760881,-4.782858],[-45.759998,-4.783043],[-45.759093,-4.783279],[-45.759237,-4.784214],[-45.759996,-4.784993],[-45.759952,-4.78592],[-45.759364,-4.786773],[-45.758504,-4.787253],[-45.758067,-4.788195],[-45.757483,-4.788884],[-45.757293,-4.789855],[-45.757295,-4.79078],[-45.75715,-4.791695],[-45.757152,-4.792605],[-45.756488,-4.793296],[-45.755768,-4.793838],[-45.755489,-4.794784],[-45.755759,-4.795663],[-45.755246,-4.796603],[-45.755545,-4.797477],[-45.755308,-4.798363],[-45.754874,-4.799185],[-45.75487,-4.800147],[-45.755271,-4.800966],[-45.756069,-4.801681],[-45.756249,-4.802647],[-45.757057,-4.804173],[-45.756676,-4.805025],[-45.756544,-4.806008],[-45.756842,-4.806898],[-45.757531,-4.807613],[-45.758345,-4.808305],[-45.759271,-4.80829],[-45.760222,-4.808207],[-45.761214,-4.807872],[-45.76202,-4.807192],[-45.762923,-4.807496],[-45.763809,-4.807137],[-45.764746,-4.807058],[-45.765432,-4.807749],[-45.766169,-4.808271],[-45.767037,-4.808656],[-45.767776,-4.809168],[-45.768653,-4.809402],[-45.769542,-4.809763],[-45.770035,-4.81052],[-45.770247,-4.81142],[-45.77057,-4.812346],[-45.771208,-4.813098],[-45.771929,-4.813909],[-45.772689,-4.814548],[-45.772998,-4.815458],[-45.772917,-4.81639],[-45.772538,-4.817232],[-45.772414,-4.81812],[-45.771761,-4.818838],[-45.771025,-4.819414],[-45.770664,-4.820341],[-45.770129,-4.821159],[-45.769503,-4.821927],[-45.770208,-4.822545],[-45.771022,-4.82328],[-45.771677,-4.824026],[-45.772535,-4.824473],[-45.773443,-4.824342],[-45.774687,-4.824128],[-45.775659,-4.824201],[-45.776422,-4.824689],[-45.777325,-4.825324],[-45.7783,-4.825248],[-45.779194,-4.825093],[-45.780107,-4.825062],[-45.780798,-4.825722],[-45.781678,-4.825949],[-45.783001,-4.826171],[-45.783167,-4.827101],[-45.783061,-4.827992],[-45.783785,-4.828568],[-45.784568,-4.829179],[-45.785446,-4.829393],[-45.786197,-4.830052],[-45.786623,-4.830877],[-45.787512,-4.831655],[-45.788272,-4.832287],[-45.78922,-4.833009],[-45.789896,-4.833604],[-45.790771,-4.833838],[-45.791104,-4.83471],[-45.792001,-4.834804],[-45.793045,-4.834741],[-45.793936,-4.834617],[-45.794244,-4.833756],[-45.795109,-4.83323],[-45.796248,-4.832914],[-45.796834,-4.832206],[-45.797741,-4.832096],[-45.798783,-4.832173],[-45.799811,-4.831868],[-45.800812,-4.831577],[-45.801684,-4.831104],[-45.802457,-4.830542],[-45.803416,-4.830524],[-45.804318,-4.830385],[-45.805256,-4.830178],[-45.806162,-4.830223],[-45.807196,-4.830589],[-45.807557,-4.831455],[-45.807292,-4.832419],[-45.807579,-4.833281],[-45.807862,-4.834422],[-45.808382,-4.835645],[-45.809232,-4.836324],[-45.810067,-4.837021],[-45.810813,-4.837526],[-45.810949,-4.838496],[-45.810979,-4.839582],[-45.810671,-4.84088],[-45.810075,-4.841612],[-45.809618,-4.842412],[-45.80938,-4.843385],[-45.809755,-4.844269],[-45.809541,-4.845223],[-45.808824,-4.84604],[-45.808165,-4.846776],[-45.807883,-4.84764],[-45.807192,-4.848304],[-45.806307,-4.848811],[-45.805291,-4.849462],[-45.804737,-4.850227],[-45.803973,-4.850997],[-45.803266,-4.851615],[-45.802812,-4.85244],[-45.803103,-4.853307],[-45.80356,-4.854113],[-45.802572,-4.854166],[-45.801726,-4.854504],[-45.800864,-4.854821],[-45.799827,-4.854792],[-45.798811,-4.854221],[-45.797989,-4.853837],[-45.797156,-4.854321],[-45.796941,-4.855275],[-45.797432,-4.85604],[-45.796882,-4.856872],[-45.796334,-4.857714],[-45.796208,-4.85863],[-45.795898,-4.85952],[-45.796442,-4.860286],[-45.796729,-4.861198],[-45.797244,-4.86201],[-45.797014,-4.862937],[-45.796174,-4.863666],[-45.795421,-4.864204],[-45.794486,-4.864555],[-45.794318,-4.865692],[-45.794676,-4.866643],[-45.79522,-4.86742],[-45.795644,-4.868306],[-45.795744,-4.869209],[-45.796074,-4.870202],[-45.796988,-4.870754],[-45.797902,-4.870925],[-45.798844,-4.870894],[-45.79934,-4.871708],[-45.800054,-4.872441],[-45.800784,-4.872964],[-45.801357,-4.873782],[-45.801786,-4.87457],[-45.802112,-4.875533],[-45.802591,-4.876366],[-45.802572,-4.877291],[-45.802639,-4.878195],[-45.803538,-4.879249],[-45.804509,-4.879443],[-45.805223,-4.880053],[-45.805732,-4.880798],[-45.806549,-4.881226],[-45.807597,-4.881327],[-45.808573,-4.881354],[-45.809379,-4.881866],[-45.810138,-4.882368],[-45.811307,-4.882642],[-45.812338,-4.882485],[-45.813149,-4.881967],[-45.814025,-4.881694],[-45.814942,-4.881725],[-45.815911,-4.881614],[-45.816751,-4.881994],[-45.817591,-4.882694],[-45.818117,-4.883675],[-45.817875,-4.884629],[-45.817923,-4.885555],[-45.818365,-4.886632],[-45.818471,-4.887601],[-45.818394,-4.888784],[-45.818223,-4.889732],[-45.818544,-4.890621],[-45.819242,-4.891317],[-45.819646,-4.892337],[-45.819387,-4.893691],[-45.819467,-4.894689],[-45.819612,-4.895586],[-45.819907,-4.896477],[-45.820702,-4.897084],[-45.820756,-4.898112],[-45.821143,-4.899134],[-45.821486,-4.900042],[-45.821824,-4.901033],[-45.822285,-4.901882],[-45.822614,-4.902815],[-45.822709,-4.903782],[-45.823206,-4.904574],[-45.824122,-4.905053],[-45.825079,-4.905325],[-45.825977,-4.905248],[-45.82689,-4.905466],[-45.827775,-4.905973],[-45.828266,-4.906852],[-45.828456,-4.907756],[-45.828334,-4.908825],[-45.828455,-4.909992],[-45.8286,-4.911011],[-45.828813,-4.912147],[-45.828866,-4.913059],[-45.828308,-4.913841],[-45.828599,-4.914712],[-45.828768,-4.915721],[-45.829037,-4.916875],[-45.829651,-4.917855],[-45.830368,-4.918516],[-45.830733,-4.919437],[-45.830741,-4.920391],[-45.831168,-4.921187],[-45.831584,-4.922137],[-45.831858,-4.923353],[-45.832062,-4.924289],[-45.832095,-4.925618],[-45.832021,-4.926568],[-45.831684,-4.927517],[-45.831157,-4.928242],[-45.830919,-4.929192],[-45.830704,-4.930119],[-45.830603,-4.931016],[-45.830725,-4.931921],[-45.831542,-4.932478],[-45.832435,-4.932845],[-45.833658,-4.933245],[-45.834557,-4.933543],[-45.835429,-4.933322],[-45.836446,-4.933826],[-45.837159,-4.934395],[-45.838082,-4.934327],[-45.839033,-4.934252],[-45.839972,-4.93435],[-45.840988,-4.934532],[-45.841886,-4.934365],[-45.842781,-4.934573],[-45.843561,-4.935045],[-45.844227,-4.935773],[-45.844774,-4.936624],[-45.845248,-4.937391],[-45.844868,-4.939028],[-45.845784,-4.9396],[-45.846636,-4.940317],[-45.84725,-4.941083],[-45.847473,-4.941994],[-45.848299,-4.942464],[-45.849229,-4.942585],[-45.850231,-4.94281],[-45.851222,-4.942721],[-45.852188,-4.942467],[-45.852929,-4.941818],[-45.85387,-4.941697],[-45.854855,-4.941838],[-45.85575,-4.942126],[-45.856693,-4.941971],[-45.857068,-4.942798],[-45.857172,-4.943771],[-45.857696,-4.944515],[-45.858643,-4.944479],[-45.859495,-4.944128],[-45.860397,-4.944593],[-45.861074,-4.945412],[-45.861182,-4.946374],[-45.861959,-4.946921],[-45.862472,-4.947664],[-45.862699,-4.948624],[-45.863368,-4.949287],[-45.864272,-4.949572],[-45.865233,-4.949423],[-45.865957,-4.948851],[-45.866972,-4.948689],[-45.867887,-4.948498],[-45.868788,-4.948535],[-45.869689,-4.948713],[-45.87069,-4.94878],[-45.871891,-4.949512],[-45.872772,-4.949829],[-45.873785,-4.94949],[-45.874729,-4.949332],[-45.87566,-4.949506],[-45.876842,-4.949584],[-45.878276,-4.949588],[-45.879344,-4.949577],[-45.880314,-4.949476],[-45.881309,-4.949388],[-45.882326,-4.949578],[-45.883222,-4.949652],[-45.884223,-4.949234],[-45.885699,-4.94904],[-45.885332,-4.949985],[-45.884649,-4.95076],[-45.883972,-4.951612],[-45.883379,-4.952546],[-45.882995,-4.95344],[-45.882888,-4.954333],[-45.882585,-4.955226],[-45.881913,-4.956085],[-45.881158,-4.956987],[-45.880847,-4.957906],[-45.880306,-4.958635],[-45.87967,-4.959291],[-45.879539,-4.960546],[-45.879419,-4.961522],[-45.879935,-4.9623],[-45.88056,-4.96304],[-45.880082,-4.963949],[-45.879465,-4.964742],[-45.87896,-4.965508],[-45.87846,-4.966268],[-45.87877,-4.967298],[-45.879684,-4.967408],[-45.880717,-4.967446],[-45.88159,-4.967856],[-45.882568,-4.96812],[-45.883457,-4.967959],[-45.884279,-4.968413],[-45.884886,-4.969144],[-45.885865,-4.969414],[-45.886852,-4.969505],[-45.887764,-4.96961],[-45.88852,-4.970223],[-45.889479,-4.970479],[-45.890353,-4.9709],[-45.891308,-4.971201],[-45.892235,-4.971293],[-45.893159,-4.971327],[-45.894124,-4.971408],[-45.895087,-4.971581],[-45.895909,-4.972001],[-45.896733,-4.972436],[-45.897228,-4.973208],[-45.89744,-4.974322],[-45.897044,-4.975371],[-45.896492,-4.976159],[-45.89553,-4.976474],[-45.894546,-4.976364],[-45.893804,-4.977131],[-45.893298,-4.977879],[-45.892335,-4.978585],[-45.89142,-4.978921],[-45.890535,-4.979077],[-45.88961,-4.979503],[-45.888825,-4.979944],[-45.888393,-4.980838],[-45.888229,-4.981763],[-45.887745,-4.982738],[-45.887271,-4.983519],[-45.886975,-4.984479],[-45.886242,-4.985281],[-45.88537,-4.98555],[-45.884264,-4.98553],[-45.883359,-4.985173],[-45.882416,-4.985012],[-45.881983,-4.98588],[-45.881718,-4.986772],[-45.881821,-4.988069],[-45.881965,-4.989023],[-45.881496,-4.989923],[-45.881492,-4.990976],[-45.881512,-4.99201],[-45.881365,-4.993017],[-45.881817,-4.994582],[-45.882432,-4.995288],[-45.883234,-4.995823],[-45.884084,-4.996178],[-45.884915,-4.995616],[-45.885896,-4.995616],[-45.886679,-4.996085],[-45.887278,-4.996885],[-45.887906,-4.997649],[-45.888231,-4.998748],[-45.88882,-4.999791],[-45.889355,-5.000784],[-45.890043,-5.001486],[-45.89078,-5.002003],[-45.891512,-5.002522],[-45.892509,-5.002604],[-45.893351,-5.003051],[-45.894101,-5.003648],[-45.895069,-5.003576],[-45.895904,-5.00409],[-45.896533,-5.004756],[-45.89746,-5.004878],[-45.898474,-5.004847],[-45.899388,-5.004626],[-45.900544,-5.004137],[-45.90145,-5.003927],[-45.902272,-5.004379],[-45.903136,-5.004774],[-45.904065,-5.00494],[-45.904956,-5.005321],[-45.906013,-5.005725],[-45.906794,-5.006528],[-45.906873,-5.007566],[-45.907242,-5.008589],[-45.907612,-5.00948],[-45.907872,-5.010349],[-45.907693,-5.01136],[-45.907458,-5.01232],[-45.907133,-5.013188],[-45.907257,-5.014135],[-45.907253,-5.015037],[-45.906806,-5.015829],[-45.906074,-5.016355],[-45.905281,-5.016808],[-45.904201,-5.016912],[-45.903008,-5.017031],[-45.902146,-5.017364],[-45.901424,-5.017951],[-45.901236,-5.019511],[-45.901009,-5.020457],[-45.900295,-5.021282],[-45.8998,-5.022034],[-45.89989,-5.023013],[-45.900374,-5.023933],[-45.900363,-5.024875],[-45.90087,-5.025676],[-45.901691,-5.026087],[-45.902493,-5.025559],[-45.903437,-5.025719],[-45.904137,-5.026353],[-45.905113,-5.02645],[-45.906156,-5.026836],[-45.907147,-5.027295],[-45.907982,-5.027711],[-45.908796,-5.028289],[-45.909509,-5.02887],[-45.909886,-5.029697],[-45.910795,-5.029972],[-45.91172,-5.030221],[-45.912439,-5.03089],[-45.913514,-5.031317],[-45.91449,-5.031565],[-45.91564,-5.032137],[-45.916423,-5.032605],[-45.917218,-5.03306],[-45.918198,-5.033226],[-45.919087,-5.033554],[-45.920039,-5.03382],[-45.92044,-5.034769],[-45.920374,-5.035726],[-45.920024,-5.036681],[-45.91921,-5.037403],[-45.918427,-5.037982],[-45.917723,-5.038556],[-45.917098,-5.039321],[-45.915948,-5.039615],[-45.915018,-5.0403],[-45.914599,-5.041222],[-45.914499,-5.04212],[-45.914455,-5.04308],[-45.914575,-5.044053],[-45.913943,-5.044703],[-45.913064,-5.04444],[-45.912066,-5.044386],[-45.911347,-5.044951],[-45.910798,-5.045664],[-45.910074,-5.046287],[-45.909968,-5.047247],[-45.909612,-5.048181],[-45.909403,-5.049122],[-45.909088,-5.050087],[-45.908674,-5.050897],[-45.907992,-5.051604],[-45.907465,-5.052465],[-45.906796,-5.054024],[-45.907222,-5.05493],[-45.90791,-5.05584],[-45.908829,-5.056226],[-45.909748,-5.056307],[-45.910787,-5.056856],[-45.911419,-5.057622],[-45.912075,-5.058422],[-45.912993,-5.058288],[-45.913914,-5.058356],[-45.914846,-5.058231],[-45.916175,-5.058198],[-45.917105,-5.058103],[-45.91792,-5.057581],[-45.918891,-5.057397],[-45.919868,-5.057402],[-45.920772,-5.057413],[-45.920803,-5.056497],[-45.921925,-5.05625],[-45.922717,-5.056837],[-45.923667,-5.056742],[-45.924433,-5.056248],[-45.92494,-5.055382],[-45.925295,-5.054479],[-45.925554,-5.053603],[-45.926225,-5.052999],[-45.927244,-5.05283],[-45.928121,-5.05248],[-45.929005,-5.052918],[-45.929147,-5.053835],[-45.929346,-5.055039],[-45.930028,-5.056086],[-45.930292,-5.056987],[-45.930451,-5.057905],[-45.931341,-5.058655],[-45.932154,-5.059241],[-45.933237,-5.059661],[-45.934201,-5.059764],[-45.935108,-5.059596],[-45.936013,-5.05954],[-45.936681,-5.060252],[-45.937566,-5.061042],[-45.9379,-5.061949],[-45.937958,-5.062919],[-45.938351,-5.063872],[-45.938752,-5.064725],[-45.939079,-5.06586],[-45.939239,-5.066848],[-45.939251,-5.067861],[-45.938937,-5.069011],[-45.939308,-5.069984],[-45.940081,-5.070606],[-45.940585,-5.071358],[-45.941325,-5.071868],[-45.941876,-5.07268],[-45.942416,-5.073559],[-45.943141,-5.074371],[-45.943659,-5.075103],[-45.943379,-5.076291],[-45.943438,-5.077237],[-45.943886,-5.078108],[-45.944225,-5.07898],[-45.944632,-5.080088],[-45.945122,-5.080851],[-45.945892,-5.081498],[-45.946166,-5.082461],[-45.946212,-5.083356],[-45.945892,-5.084214],[-45.945425,-5.085007],[-45.945165,-5.085863],[-45.945141,-5.086888],[-45.944916,-5.087833],[-45.943778,-5.087914],[-45.942849,-5.087712],[-45.941999,-5.087187],[-45.94166,-5.086296],[-45.94078,-5.085888],[-45.9399,-5.085358],[-45.939173,-5.084789],[-45.93829,-5.085064],[-45.938282,-5.085999],[-45.937876,-5.086864],[-45.937539,-5.087752],[-45.937531,-5.088762],[-45.937221,-5.089672],[-45.937564,-5.090532],[-45.937725,-5.091547],[-45.938273,-5.092566],[-45.93869,-5.093509],[-45.938788,-5.094422],[-45.938824,-5.095449],[-45.939353,-5.096476],[-45.939933,-5.097289],[-45.940488,-5.098126],[-45.940979,-5.099314],[-45.941729,-5.099818],[-45.942676,-5.099504],[-45.94362,-5.099277],[-45.944454,-5.098923],[-45.9454,-5.099085],[-45.945873,-5.099959],[-45.946485,-5.10073],[-45.947299,-5.101172],[-45.948097,-5.101914],[-45.949005,-5.102338],[-45.950006,-5.10223],[-45.950983,-5.101698],[-45.951895,-5.102119],[-45.952156,-5.103162],[-45.952058,-5.104185],[-45.952011,-5.105102],[-45.951766,-5.106172],[-45.951336,-5.107053],[-45.951721,-5.107877],[-45.952529,-5.108479],[-45.952699,-5.109489],[-45.9536,-5.109742],[-45.954224,-5.108949],[-45.954749,-5.108114],[-45.955721,-5.108273],[-45.956352,-5.108913],[-45.956977,-5.109559],[-45.957752,-5.110064],[-45.958696,-5.110346],[-45.959297,-5.10955],[-45.959315,-5.108528],[-45.959812,-5.107753],[-45.960809,-5.107335],[-45.961608,-5.106813],[-45.962478,-5.106459],[-45.963278,-5.106902],[-45.964183,-5.106727],[-45.965082,-5.107414],[-45.965613,-5.108248],[-45.966407,-5.10868],[-45.967371,-5.108668],[-45.968289,-5.108302],[-45.968647,-5.107263],[-45.968875,-5.106272],[-45.969698,-5.10567],[-45.970345,-5.104901],[-45.970771,-5.104104],[-45.971551,-5.103355],[-45.972432,-5.102839],[-45.973097,-5.102233],[-45.974239,-5.101985],[-45.974789,-5.102698],[-45.975475,-5.103407],[-45.976453,-5.104104],[-45.976972,-5.104874],[-45.977145,-5.10588],[-45.977993,-5.106195],[-45.978682,-5.105528],[-45.979685,-5.106144],[-45.980486,-5.106626],[-45.981356,-5.106376],[-45.98244,-5.105921],[-45.983239,-5.105322],[-45.984241,-5.104785],[-45.984911,-5.104187],[-45.985744,-5.103833],[-45.986519,-5.104431],[-45.986904,-5.105311],[-45.987108,-5.106259],[-45.987561,-5.107042],[-45.988472,-5.107077],[-45.989667,-5.107205],[-45.990307,-5.107887],[-45.991101,-5.108621],[-45.991759,-5.109296],[-45.991976,-5.110246],[-45.99256,-5.111051],[-45.993279,-5.11186],[-45.99352,-5.1128],[-45.993717,-5.11373],[-45.993817,-5.114636],[-45.994262,-5.115467],[-45.995169,-5.115526],[-45.995984,-5.115144],[-45.996484,-5.116611],[-45.996756,-5.117727],[-45.997153,-5.118681],[-45.998044,-5.119459],[-45.998853,-5.119903],[-45.999323,-5.120691],[-45.999527,-5.121585],[-45.999194,-5.122462],[-45.99937,-5.123398],[-45.999594,-5.124458],[-45.999962,-5.125317],[-46.000332,-5.12627],[-46.000886,-5.127053],[-46.001212,-5.127956],[-46.001336,-5.128979],[-46.001008,-5.129946],[-46.000412,-5.130684],[-46.00108,-5.131349],[-46.001733,-5.132018],[-46.00235,-5.132854],[-46.002748,-5.133923],[-46.00306,-5.134788],[-46.003331,-5.135712],[-46.0041,-5.136182],[-46.005052,-5.135957],[-46.005828,-5.135459],[-46.006763,-5.13551],[-46.007667,-5.135431],[-46.00879,-5.135502],[-46.009796,-5.135633],[-46.010622,-5.13509],[-46.010551,-5.134161],[-46.010502,-5.133265],[-46.011387,-5.133024],[-46.011922,-5.132245],[-46.012881,-5.132368],[-46.013672,-5.132845],[-46.014235,-5.133545],[-46.014975,-5.134173],[-46.015839,-5.134444],[-46.016458,-5.135093],[-46.017279,-5.135503],[-46.01813,-5.136335],[-46.018899,-5.136832],[-46.019782,-5.136483],[-46.020955,-5.136754],[-46.021888,-5.136657],[-46.022853,-5.136882],[-46.023575,-5.13752],[-46.024448,-5.137116],[-46.025472,-5.137025],[-46.026623,-5.137273],[-46.027487,-5.13763],[-46.028431,-5.137437],[-46.029246,-5.13673],[-46.030045,-5.136123],[-46.030775,-5.136707],[-46.031403,-5.137354],[-46.031723,-5.138246],[-46.031377,-5.139153],[-46.031032,-5.140065],[-46.031401,-5.140943],[-46.03205,-5.141891],[-46.032453,-5.142829],[-46.032962,-5.143571],[-46.033568,-5.144278],[-46.033787,-5.145387],[-46.03451,-5.145931],[-46.034849,-5.146891],[-46.03406,-5.147515],[-46.033498,-5.148273],[-46.033169,-5.149228],[-46.032694,-5.150072],[-46.031956,-5.150858],[-46.032067,-5.151797],[-46.032812,-5.152332],[-46.033954,-5.15271],[-46.034804,-5.153113],[-46.035697,-5.15323],[-46.036718,-5.153453],[-46.037752,-5.153662],[-46.038774,-5.153675],[-46.03953,-5.153149],[-46.040382,-5.152467],[-46.04093,-5.151625],[-46.041447,-5.150752],[-46.042142,-5.150058],[-46.043074,-5.149847],[-46.043901,-5.149449],[-46.044189,-5.148571],[-46.044302,-5.147595],[-46.045169,-5.147229],[-46.046027,-5.147561],[-46.047132,-5.147938],[-46.048103,-5.148283],[-46.049078,-5.148699],[-46.050233,-5.149072],[-46.051092,-5.149464],[-46.052039,-5.149766],[-46.052852,-5.150481],[-46.053659,-5.151063],[-46.05463,-5.151481],[-46.05563,-5.151733],[-46.056553,-5.152063],[-46.057271,-5.152734],[-46.05825,-5.15308],[-46.059194,-5.153276],[-46.060127,-5.153478],[-46.060529,-5.154412],[-46.060955,-5.155209],[-46.061051,-5.156101],[-46.060978,-5.157169],[-46.06108,-5.158087],[-46.061392,-5.158941],[-46.061922,-5.15975],[-46.062863,-5.160046],[-46.063554,-5.161001],[-46.064141,-5.161691],[-46.064597,-5.162486],[-46.065443,-5.163307],[-46.066333,-5.163805],[-46.067199,-5.164606],[-46.067723,-5.165335],[-46.068415,-5.166036],[-46.068932,-5.166768],[-46.068894,-5.167706],[-46.069168,-5.168608],[-46.069382,-5.169612],[-46.069795,-5.170476],[-46.070004,-5.171409],[-46.070149,-5.172389],[-46.070929,-5.172974],[-46.071875,-5.172777],[-46.072729,-5.173236],[-46.073463,-5.1739],[-46.073899,-5.174934],[-46.073854,-5.175886],[-46.074229,-5.176798],[-46.07429,-5.177747],[-46.07388,-5.178588],[-46.073585,-5.179441],[-46.072608,-5.179937],[-46.07167,-5.180006],[-46.070736,-5.179931],[-46.069838,-5.180115],[-46.069045,-5.180764],[-46.068106,-5.181034],[-46.067254,-5.181694],[-46.06647,-5.182442],[-46.065625,-5.183129],[-46.064895,-5.183652],[-46.06461,-5.184584],[-46.064632,-5.18566],[-46.064402,-5.186621],[-46.063959,-5.187579],[-46.06358,-5.188476],[-46.063779,-5.189504],[-46.063957,-5.190457],[-46.06399,-5.191471],[-46.063729,-5.192691],[-46.063075,-5.193496],[-46.062694,-5.19437],[-46.0626,-5.195276],[-46.061997,-5.196158],[-46.06153,-5.196946],[-46.061257,-5.19795],[-46.061179,-5.198907],[-46.060743,-5.19978],[-46.060711,-5.200689],[-46.06136,-5.201419],[-46.061712,-5.202458],[-46.061538,-5.203527],[-46.060691,-5.204065],[-46.060187,-5.204901],[-46.060527,-5.205894],[-46.06125,-5.206536],[-46.062032,-5.20601],[-46.063067,-5.205965],[-46.063989,-5.206287],[-46.064737,-5.206936],[-46.064961,-5.207812],[-46.065024,-5.208798],[-46.065757,-5.209377],[-46.066698,-5.209635],[-46.067754,-5.210017],[-46.06885,-5.209973],[-46.069796,-5.210201],[-46.070564,-5.210821],[-46.071085,-5.21156],[-46.071423,-5.212477],[-46.071672,-5.213372],[-46.071439,-5.214236],[-46.071812,-5.215203],[-46.072388,-5.216098],[-46.073156,-5.216728],[-46.074075,-5.216366],[-46.074899,-5.215905],[-46.074884,-5.214936],[-46.075335,-5.214126],[-46.075033,-5.212907],[-46.075561,-5.212172],[-46.076481,-5.211971],[-46.077419,-5.212052],[-46.078379,-5.211963],[-46.07932,-5.212056],[-46.079253,-5.213246],[-46.079799,-5.214025],[-46.080711,-5.214112],[-46.081604,-5.214281],[-46.082532,-5.214355],[-46.083394,-5.214663],[-46.084233,-5.215081],[-46.085055,-5.215527],[-46.085997,-5.215682],[-46.086894,-5.215375],[-46.087366,-5.214453],[-46.087506,-5.213549],[-46.088081,-5.21279],[-46.089021,-5.212239],[-46.089941,-5.212537],[-46.090747,-5.212992],[-46.091347,-5.213762],[-46.092164,-5.214363],[-46.093018,-5.214898],[-46.093952,-5.215494],[-46.094653,-5.216189],[-46.095505,-5.216879],[-46.096388,-5.217181],[-46.097145,-5.216603],[-46.098237,-5.216189],[-46.099253,-5.216156],[-46.100209,-5.215777],[-46.101096,-5.215611],[-46.102112,-5.215666],[-46.103026,-5.215116],[-46.103409,-5.214245],[-46.103851,-5.213434],[-46.10407,-5.21247],[-46.104339,-5.211311],[-46.104739,-5.210419],[-46.105616,-5.210214],[-46.106535,-5.210667],[-46.107519,-5.21067],[-46.108366,-5.210321],[-46.108891,-5.209449],[-46.10928,-5.208482],[-46.109319,-5.207132],[-46.10948,-5.206148],[-46.110416,-5.205139],[-46.111843,-5.205497],[-46.112841,-5.205633],[-46.11381,-5.205521],[-46.114725,-5.205662],[-46.115635,-5.20547],[-46.116562,-5.205048],[-46.117536,-5.20501],[-46.118478,-5.20488],[-46.119451,-5.204912],[-46.12038,-5.205317],[-46.121316,-5.205521],[-46.1222,-5.205804],[-46.122123,-5.206769],[-46.122205,-5.207788],[-46.122657,-5.208677],[-46.123326,-5.209318],[-46.124219,-5.209533],[-46.125111,-5.20936],[-46.126136,-5.209412],[-46.127189,-5.209274],[-46.128004,-5.2087],[-46.128505,-5.207944],[-46.129354,-5.207523],[-46.130295,-5.207619],[-46.13131,-5.207634],[-46.132195,-5.20747],[-46.13295,-5.206963],[-46.133907,-5.206858],[-46.134828,-5.20723],[-46.135782,-5.207213],[-46.136481,-5.207817],[-46.137002,-5.208551],[-46.137613,-5.209337],[-46.138518,-5.209579],[-46.139443,-5.209512],[-46.140362,-5.209545],[-46.141512,-5.209731],[-46.142308,-5.210329],[-46.142998,-5.211168],[-46.143837,-5.211496],[-46.144954,-5.211712],[-46.145393,-5.212524],[-46.145665,-5.213445],[-46.145974,-5.214859],[-46.146583,-5.215641],[-46.147583,-5.216208],[-46.148603,-5.216391],[-46.148921,-5.217306],[-46.149142,-5.218202],[-46.149667,-5.21895],[-46.149942,-5.219882],[-46.149715,-5.220786],[-46.150035,-5.221629],[-46.150342,-5.222586],[-46.150244,-5.223565],[-46.149924,-5.224528],[-46.149625,-5.225497],[-46.149359,-5.22647],[-46.148915,-5.227528],[-46.148495,-5.228474],[-46.148453,-5.229495],[-46.148505,-5.230859],[-46.148814,-5.23174],[-46.14929,-5.232517],[-46.150133,-5.232929],[-46.150615,-5.233711],[-46.151541,-5.234015],[-46.152447,-5.233721],[-46.153125,-5.233133],[-46.153711,-5.232184],[-46.154193,-5.231414],[-46.155067,-5.230694],[-46.15623,-5.230443],[-46.157194,-5.230571],[-46.158219,-5.230623],[-46.159122,-5.230889],[-46.15986,-5.231536],[-46.160256,-5.232531],[-46.160154,-5.233477],[-46.16079,-5.234198],[-46.161573,-5.234672],[-46.162242,-5.235396],[-46.163126,-5.235901],[-46.163911,-5.236366],[-46.164262,-5.237196],[-46.164579,-5.238198],[-46.165377,-5.238652],[-46.16597,-5.239512],[-46.166222,-5.240665],[-46.166177,-5.241674],[-46.166284,-5.242575],[-46.16664,-5.243533],[-46.166374,-5.244419],[-46.165821,-5.245274],[-46.164957,-5.2457],[-46.164823,-5.246588],[-46.165464,-5.247294],[-46.166191,-5.24811],[-46.166876,-5.248957],[-46.167692,-5.24953],[-46.168542,-5.24993],[-46.169421,-5.250302],[-46.170382,-5.25059],[-46.17116,-5.251062],[-46.172058,-5.251889],[-46.172534,-5.252751],[-46.172837,-5.253696],[-46.17275,-5.254683],[-46.172866,-5.255607],[-46.17335,-5.256371],[-46.173481,-5.257326],[-46.173582,-5.258638],[-46.173405,-5.259519],[-46.17282,-5.260315],[-46.172157,-5.261211],[-46.171609,-5.262029],[-46.170827,-5.262787],[-46.170349,-5.263572],[-46.169443,-5.263637],[-46.168819,-5.262967],[-46.168181,-5.262092],[-46.167163,-5.262157],[-46.166176,-5.262164],[-46.165248,-5.261562],[-46.164324,-5.261058],[-46.163304,-5.261064],[-46.162393,-5.261052],[-46.161513,-5.260862],[-46.160582,-5.261196],[-46.159672,-5.261768],[-46.160431,-5.262279],[-46.161424,-5.262168],[-46.16224,-5.26261],[-46.16329,-5.262752],[-46.164124,-5.263095],[-46.16504,-5.263846],[-46.166015,-5.264323],[-46.166763,-5.264907],[-46.167169,-5.265823],[-46.167463,-5.266707],[-46.168298,-5.267235],[-46.169262,-5.267409],[-46.170106,-5.267943],[-46.170511,-5.269051],[-46.170925,-5.269948],[-46.171283,-5.271082],[-46.171531,-5.271951],[-46.172096,-5.272736],[-46.172792,-5.273396],[-46.172782,-5.274296],[-46.173657,-5.274529],[-46.174556,-5.274514],[-46.174992,-5.275352],[-46.174849,-5.276256],[-46.174652,-5.277159],[-46.174815,-5.278141],[-46.174944,-5.27928],[-46.174382,-5.280097],[-46.173939,-5.280891],[-46.173521,-5.281873],[-46.173723,-5.282842],[-46.173801,-5.284012],[-46.173843,-5.285041],[-46.174046,-5.285982],[-46.174622,-5.286765],[-46.175475,-5.287441],[-46.176211,-5.288026],[-46.17708,-5.288462],[-46.178089,-5.286827],[-46.178816,-5.286152],[-46.179718,-5.285823],[-46.180342,-5.28506],[-46.18099,-5.284162],[-46.181919,-5.284036],[-46.182548,-5.284797],[-46.183372,-5.285238],[-46.184263,-5.28588],[-46.184708,-5.286747],[-46.184822,-5.28775],[-46.185041,-5.288704],[-46.185592,-5.289692],[-46.185933,-5.290639],[-46.186127,-5.291622],[-46.185631,-5.29246],[-46.185462,-5.293372],[-46.186038,-5.294066],[-46.18699,-5.293962],[-46.187863,-5.293544],[-46.188725,-5.293028],[-46.189341,-5.292295],[-46.190262,-5.292308],[-46.191281,-5.292346],[-46.192288,-5.292136],[-46.193232,-5.291909],[-46.194057,-5.292428],[-46.194975,-5.292404],[-46.196007,-5.292291],[-46.196896,-5.292493],[-46.197015,-5.293433],[-46.197333,-5.29429],[-46.197538,-5.295241],[-46.197792,-5.296111],[-46.19837,-5.296909],[-46.198111,-5.297827],[-46.197797,-5.298697],[-46.198287,-5.299535],[-46.198762,-5.300416],[-46.199197,-5.302082],[-46.199775,-5.303074],[-46.200587,-5.303923],[-46.201567,-5.303848],[-46.202539,-5.304009],[-46.203577,-5.304004],[-46.204616,-5.303938],[-46.205494,-5.304503],[-46.206189,-5.305199],[-46.206707,-5.306184],[-46.207176,-5.306986],[-46.207708,-5.307714],[-46.208398,-5.308298],[-46.20924,-5.308711],[-46.210024,-5.3081],[-46.21028,-5.307227],[-46.210868,-5.306547],[-46.211658,-5.305984],[-46.21129,-5.305123],[-46.211172,-5.30422],[-46.21146,-5.303352],[-46.211697,-5.302397],[-46.212393,-5.3017],[-46.213338,-5.301394],[-46.214166,-5.301037],[-46.215092,-5.300774],[-46.215407,-5.299871],[-46.215194,-5.298984],[-46.215279,-5.297918],[-46.216053,-5.29719],[-46.216275,-5.296227],[-46.21653,-5.295085],[-46.217484,-5.294734],[-46.218385,-5.294803],[-46.219405,-5.295026],[-46.220317,-5.294774],[-46.221168,-5.294367],[-46.222012,-5.293814],[-46.222355,-5.292938],[-46.222487,-5.292032],[-46.222569,-5.291123],[-46.222541,-5.290188],[-46.221606,-5.28977],[-46.221247,-5.288904],[-46.221611,-5.287969],[-46.222604,-5.287471],[-46.223448,-5.286781],[-46.223815,-5.285913],[-46.224074,-5.284943],[-46.224898,-5.284405],[-46.225778,-5.284053],[-46.226743,-5.283842],[-46.227624,-5.283643],[-46.227864,-5.282731],[-46.227504,-5.28183],[-46.226871,-5.280907],[-46.226246,-5.279868],[-46.227305,-5.279786],[-46.228196,-5.279611],[-46.229138,-5.279767],[-46.230135,-5.279753],[-46.230894,-5.279086],[-46.23176,-5.278527],[-46.232681,-5.278351],[-46.233725,-5.27862],[-46.234374,-5.279345],[-46.235048,-5.279957],[-46.235924,-5.280332],[-46.236918,-5.28024],[-46.237887,-5.280313],[-46.23844,-5.28104],[-46.238586,-5.282036],[-46.238537,-5.283074],[-46.239151,-5.283758],[-46.240037,-5.283916],[-46.241034,-5.283757],[-46.242028,-5.283938],[-46.242509,-5.284717],[-46.243014,-5.285457],[-46.243112,-5.2864],[-46.243259,-5.287408],[-46.243935,-5.288142],[-46.244717,-5.288753],[-46.245123,-5.289563],[-46.245385,-5.290587],[-46.245666,-5.2915],[-46.245881,-5.292625],[-46.246522,-5.293462],[-46.245787,-5.294396],[-46.245444,-5.295245],[-46.245413,-5.296214],[-46.24558,-5.297187],[-46.245733,-5.298085],[-46.245945,-5.299004],[-46.24608,-5.300035],[-46.24619,-5.301008],[-46.246214,-5.301933],[-46.246249,-5.30288],[-46.246238,-5.304031],[-46.247295,-5.305066],[-46.248244,-5.305645],[-46.249146,-5.30613],[-46.249511,-5.307051],[-46.249719,-5.30806],[-46.250461,-5.308708],[-46.251324,-5.309016],[-46.252254,-5.309085],[-46.253239,-5.309231],[-46.254108,-5.309512],[-46.254996,-5.309738],[-46.25592,-5.309642],[-46.256884,-5.309344],[-46.257809,-5.308911],[-46.258682,-5.30868],[-46.259504,-5.309088],[-46.260472,-5.309944],[-46.261271,-5.310402],[-46.26154,-5.311303],[-46.261672,-5.312546],[-46.261525,-5.313522],[-46.262458,-5.313536],[-46.263585,-5.313316],[-46.264544,-5.313078],[-46.264765,-5.312191],[-46.265664,-5.312222],[-46.266298,-5.312858],[-46.26732,-5.313383],[-46.268297,-5.313321],[-46.269201,-5.313308],[-46.270113,-5.313091],[-46.270993,-5.312672],[-46.271925,-5.313063],[-46.272636,-5.31362],[-46.272867,-5.314495],[-46.272619,-5.315452],[-46.2726,-5.316372],[-46.272482,-5.317341],[-46.272103,-5.318272],[-46.271886,-5.319234],[-46.27198,-5.320203],[-46.271681,-5.321166],[-46.271431,-5.322179],[-46.272343,-5.322133],[-46.273317,-5.322013],[-46.274129,-5.321624],[-46.27503,-5.32203],[-46.27601,-5.321983],[-46.276955,-5.321827],[-46.277837,-5.322012],[-46.278953,-5.322438],[-46.279823,-5.322822],[-46.280673,-5.323291],[-46.281781,-5.323374],[-46.282084,-5.324292],[-46.281591,-5.325045],[-46.281132,-5.325978],[-46.281122,-5.326899],[-46.281026,-5.327886],[-46.280996,-5.328781],[-46.281423,-5.329686],[-46.282177,-5.330198],[-46.283067,-5.330542],[-46.283135,-5.331439],[-46.282553,-5.332259],[-46.281864,-5.332839],[-46.281032,-5.33322],[-46.280296,-5.333798],[-46.280424,-5.334685],[-46.281281,-5.335093],[-46.282258,-5.335148],[-46.284064,-5.335199],[-46.284992,-5.33522],[-46.285939,-5.335503],[-46.286474,-5.336473],[-46.286791,-5.337424],[-46.286893,-5.338329],[-46.287012,-5.339265],[-46.287347,-5.340291],[-46.286734,-5.341023],[-46.285842,-5.341392],[-46.284554,-5.341799],[-46.283579,-5.341855],[-46.282605,-5.34204],[-46.281541,-5.342826],[-46.281956,-5.343692],[-46.281679,-5.344604],[-46.281626,-5.345531],[-46.281351,-5.346481],[-46.280719,-5.347244],[-46.280276,-5.348054],[-46.279692,-5.348749],[-46.279519,-5.349749],[-46.279327,-5.350663],[-46.279353,-5.351583],[-46.279293,-5.352644],[-46.279935,-5.353328],[-46.280742,-5.354258],[-46.280958,-5.355212],[-46.281016,-5.356405],[-46.281542,-5.357208],[-46.282404,-5.357596],[-46.283562,-5.357967],[-46.284305,-5.358621],[-46.284712,-5.359476],[-46.284974,-5.36047],[-46.284497,-5.361291],[-46.284947,-5.362541],[-46.28542,-5.363337],[-46.285696,-5.364361],[-46.285593,-5.365299],[-46.285049,-5.366443],[-46.284608,-5.367275],[-46.284343,-5.368484],[-46.284997,-5.369114],[-46.285856,-5.36955],[-46.286701,-5.369223],[-46.287542,-5.368876],[-46.288474,-5.368978],[-46.289348,-5.368662],[-46.290307,-5.368434],[-46.291233,-5.36803],[-46.292178,-5.367416],[-46.292568,-5.366494],[-46.293133,-5.365584],[-46.294047,-5.365532],[-46.294736,-5.364934],[-46.294689,-5.363985],[-46.294447,-5.363048],[-46.293667,-5.362562],[-46.293411,-5.361702],[-46.293261,-5.360538],[-46.293605,-5.35967],[-46.293058,-5.358885],[-46.292553,-5.358137],[-46.292853,-5.357281],[-46.293154,-5.355965],[-46.293431,-5.354544],[-46.294149,-5.353872],[-46.294748,-5.353082],[-46.295623,-5.352369],[-46.296807,-5.352109],[-46.297792,-5.352032],[-46.298723,-5.35163],[-46.299447,-5.351098],[-46.300435,-5.351057],[-46.301308,-5.351503],[-46.302375,-5.351677],[-46.302648,-5.350753],[-46.302592,-5.349585],[-46.302777,-5.348607],[-46.302957,-5.347631],[-46.30344,-5.346776],[-46.303726,-5.345798],[-46.303925,-5.344619],[-46.304576,-5.343882],[-46.305402,-5.343492],[-46.306493,-5.343159],[-46.307203,-5.342473],[-46.307998,-5.342008],[-46.308859,-5.341631],[-46.309739,-5.341906],[-46.310493,-5.342555],[-46.311233,-5.343349],[-46.311734,-5.344241],[-46.312441,-5.345071],[-46.313357,-5.345386],[-46.314434,-5.345277],[-46.315336,-5.345485],[-46.31604,-5.346174],[-46.316838,-5.34677],[-46.31787,-5.3472],[-46.318745,-5.347649],[-46.319813,-5.348526],[-46.320357,-5.349265],[-46.320614,-5.350243],[-46.320557,-5.35124],[-46.320025,-5.351963],[-46.319213,-5.352553],[-46.318252,-5.353284],[-46.317575,-5.354024],[-46.318348,-5.354546],[-46.319467,-5.354758],[-46.320356,-5.354926],[-46.321153,-5.355368],[-46.322171,-5.355674],[-46.323275,-5.355891],[-46.324283,-5.356411],[-46.325058,-5.357026],[-46.325799,-5.357534],[-46.326452,-5.358158],[-46.327,-5.358972],[-46.327841,-5.35952],[-46.328626,-5.359985],[-46.329524,-5.36037],[-46.330408,-5.360972],[-46.330383,-5.360021],[-46.330474,-5.359093],[-46.331059,-5.35829],[-46.331749,-5.357696],[-46.332672,-5.357255],[-46.334074,-5.357085],[-46.335019,-5.356957],[-46.335601,-5.356267],[-46.335748,-5.355314],[-46.335914,-5.354398],[-46.336111,-5.35333],[-46.336418,-5.352398],[-46.337098,-5.351683],[-46.338239,-5.351182],[-46.339143,-5.350803],[-46.340007,-5.350545],[-46.340805,-5.350019],[-46.341721,-5.350331],[-46.34261,-5.35048],[-46.34338,-5.351046],[-46.343359,-5.351973],[-46.34394,-5.352727],[-46.344696,-5.353344],[-46.345636,-5.353281],[-46.346632,-5.353035],[-46.347543,-5.352826],[-46.348442,-5.35247],[-46.349125,-5.35162],[-46.349675,-5.350638],[-46.350059,-5.349794],[-46.35099,-5.3499],[-46.352012,-5.349841],[-46.352838,-5.349369],[-46.353574,-5.348854],[-46.355416,-5.349028],[-46.355976,-5.349787],[-46.356872,-5.35035],[-46.357744,-5.350665],[-46.358743,-5.350727],[-46.359676,-5.351435],[-46.360346,-5.352037],[-46.361567,-5.352471],[-46.362528,-5.352759],[-46.363434,-5.352937],[-46.364414,-5.353076],[-46.365274,-5.353746],[-46.365748,-5.354639],[-46.366142,-5.355528],[-46.366857,-5.35607],[-46.367322,-5.356883],[-46.368173,-5.357338],[-46.368679,-5.358251],[-46.369277,-5.359053],[-46.369562,-5.359946],[-46.36962,-5.360962],[-46.370438,-5.361478],[-46.371417,-5.361379],[-46.372905,-5.361807],[-46.373183,-5.362676],[-46.373942,-5.363562],[-46.374624,-5.364283],[-46.374951,-5.365443],[-46.374696,-5.366357],[-46.373933,-5.367125],[-46.373395,-5.36824],[-46.373275,-5.369183],[-46.373251,-5.370083],[-46.373368,-5.37098],[-46.372951,-5.371969],[-46.372022,-5.372234],[-46.371237,-5.372796],[-46.370551,-5.373387],[-46.370614,-5.374369],[-46.370443,-5.37528],[-46.370446,-5.376254],[-46.371356,-5.37652],[-46.372174,-5.376109],[-46.373007,-5.376563],[-46.373686,-5.377414],[-46.373929,-5.378311],[-46.374755,-5.378801],[-46.375377,-5.379574],[-46.375617,-5.380463],[-46.376573,-5.380314],[-46.37728,-5.380901],[-46.378048,-5.38139],[-46.378853,-5.38198],[-46.379801,-5.382283],[-46.380833,-5.38239],[-46.381682,-5.382769],[-46.38254,-5.383155],[-46.383579,-5.383299],[-46.384678,-5.383512],[-46.385501,-5.383942],[-46.38629,-5.384412],[-46.387255,-5.384693],[-46.388234,-5.38474],[-46.389514,-5.384533],[-46.390418,-5.384328],[-46.391306,-5.384578],[-46.391513,-5.385528],[-46.391624,-5.386564],[-46.391469,-5.387482],[-46.392168,-5.388103],[-46.392736,-5.389028],[-46.392757,-5.389962],[-46.393241,-5.390779],[-46.394135,-5.391278],[-46.394635,-5.392269],[-46.395172,-5.393023],[-46.395887,-5.393721],[-46.396277,-5.394709],[-46.396694,-5.395597],[-46.396486,-5.396579],[-46.396161,-5.397542],[-46.395943,-5.398775],[-46.39575,-5.399694],[-46.395652,-5.400597],[-46.395316,-5.401428],[-46.394556,-5.402196],[-46.393829,-5.402878],[-46.393393,-5.403816],[-46.393179,-5.404818],[-46.393217,-5.405843],[-46.393759,-5.407365],[-46.394658,-5.406748],[-46.395348,-5.406158],[-46.3963,-5.406417],[-46.397222,-5.406533],[-46.398312,-5.407239],[-46.39905,-5.407837],[-46.399802,-5.408392],[-46.400833,-5.40875],[-46.40165,-5.409182],[-46.402429,-5.409932],[-46.403137,-5.410752],[-46.403887,-5.411529],[-46.404268,-5.412374],[-46.404358,-5.413348],[-46.405023,-5.41416],[-46.405831,-5.414564],[-46.406796,-5.414563],[-46.407465,-5.41352],[-46.407284,-5.412643],[-46.408079,-5.412141],[-46.408853,-5.412644],[-46.409455,-5.413312],[-46.409676,-5.414315],[-46.410688,-5.415684],[-46.410962,-5.414542],[-46.411556,-5.41364],[-46.412493,-5.41291],[-46.412888,-5.412089],[-46.413175,-5.411089],[-46.414069,-5.410451],[-46.415047,-5.410189],[-46.415968,-5.410198],[-46.416975,-5.410038],[-46.417486,-5.409205],[-46.417333,-5.407993],[-46.417947,-5.407326],[-46.418721,-5.406781],[-46.419709,-5.406363],[-46.420576,-5.40597],[-46.420388,-5.404788],[-46.419921,-5.40394],[-46.419568,-5.403073],[-46.418958,-5.402036],[-46.418403,-5.4013],[-46.417692,-5.400649],[-46.417926,-5.399761],[-46.418509,-5.398938],[-46.419325,-5.398077],[-46.420214,-5.397297],[-46.421058,-5.396848],[-46.421945,-5.396516],[-46.422697,-5.395894],[-46.422566,-5.394822],[-46.422348,-5.393871],[-46.421927,-5.393036],[-46.422125,-5.392143],[-46.423079,-5.3922],[-46.423831,-5.391617],[-46.424518,-5.390907],[-46.424854,-5.389965],[-46.424842,-5.388762],[-46.424832,-5.387818],[-46.425127,-5.38679],[-46.424827,-5.385923],[-46.424746,-5.384961],[-46.424378,-5.384062],[-46.423976,-5.383217],[-46.42335,-5.382514],[-46.424107,-5.381844],[-46.425012,-5.381865],[-46.425937,-5.382256],[-46.426754,-5.381871],[-46.427423,-5.381201],[-46.42755,-5.380109],[-46.427463,-5.379131],[-46.427648,-5.37818],[-46.428056,-5.377224],[-46.428519,-5.376427],[-46.429341,-5.376006],[-46.430321,-5.375939],[-46.431241,-5.376215],[-46.432256,-5.376009],[-46.43299,-5.375097],[-46.433916,-5.374953],[-46.434882,-5.375521],[-46.435879,-5.375576],[-46.436757,-5.3758],[-46.437002,-5.376728],[-46.436703,-5.377681],[-46.436664,-5.378612],[-46.437548,-5.379389],[-46.438285,-5.380195],[-46.439019,-5.380861],[-46.4392,-5.381835],[-46.438734,-5.382635],[-46.439449,-5.383199],[-46.439887,-5.384369],[-46.440648,-5.384861],[-46.441605,-5.384687],[-46.442423,-5.384126],[-46.443421,-5.384113],[-46.444388,-5.384234],[-46.445304,-5.383923],[-46.446234,-5.384026],[-46.446906,-5.38475],[-46.447523,-5.38553],[-46.448268,-5.386036],[-46.448949,-5.386778],[-46.449852,-5.387364],[-46.450732,-5.386918],[-46.451692,-5.386956],[-46.452565,-5.386517],[-46.453275,-5.385916],[-46.454093,-5.385199],[-46.454791,-5.384495],[-46.455512,-5.383902],[-46.456338,-5.384331],[-46.457245,-5.384567],[-46.458288,-5.384605],[-46.459355,-5.38495],[-46.460427,-5.385165],[-46.461248,-5.385564],[-46.461989,-5.386355],[-46.462878,-5.386624],[-46.46376,-5.386282],[-46.46473,-5.386291],[-46.465634,-5.386859],[-46.466348,-5.387541],[-46.467123,-5.388297],[-46.468006,-5.38881],[-46.468843,-5.389211],[-46.469454,-5.389927],[-46.469716,-5.391053],[-46.469645,-5.392014],[-46.469791,-5.392994],[-46.469672,-5.393975],[-46.469931,-5.394947],[-46.470074,-5.395853],[-46.469498,-5.396585],[-46.469227,-5.39759],[-46.469641,-5.398398],[-46.470326,-5.398999],[-46.470595,-5.399962],[-46.470636,-5.400865],[-46.470518,-5.401855],[-46.471129,-5.402613],[-46.472183,-5.403372],[-46.473235,-5.403852],[-46.474193,-5.404112],[-46.47492,-5.404662],[-46.476257,-5.40514],[-46.47714,-5.405573],[-46.47809,-5.405814],[-46.479066,-5.405978],[-46.480029,-5.40593],[-46.480913,-5.405511],[-46.481808,-5.405298],[-46.482694,-5.404921],[-46.483681,-5.404814],[-46.484579,-5.40502],[-46.485386,-5.404553],[-46.485842,-5.403717],[-46.486886,-5.40357],[-46.487733,-5.404058],[-46.48797,-5.405011],[-46.488511,-5.406085],[-46.489252,-5.406713],[-46.490175,-5.406447],[-46.491128,-5.40619],[-46.492044,-5.405793],[-46.492873,-5.406138],[-46.493664,-5.406745],[-46.494616,-5.407104],[-46.495261,-5.407795],[-46.495755,-5.408801],[-46.496278,-5.40956],[-46.49776,-5.409878],[-46.498575,-5.410283],[-46.498295,-5.411191],[-46.498429,-5.412253],[-46.498798,-5.413251],[-46.499062,-5.41423],[-46.499266,-5.415122],[-46.499378,-5.41601],[-46.499963,-5.416704],[-46.501804,-5.416813],[-46.502693,-5.416582],[-46.50375,-5.416258],[-46.504368,-5.416951],[-46.505491,-5.417426],[-46.506525,-5.41762],[-46.507537,-5.417676],[-46.508376,-5.418016],[-46.508521,-5.418918],[-46.508248,-5.41984],[-46.50835,-5.420784],[-46.508316,-5.421707],[-46.508438,-5.422627],[-46.508301,-5.423577],[-46.508075,-5.424454],[-46.507841,-5.425377],[-46.507465,-5.426351],[-46.507001,-5.427688],[-46.506852,-5.428674],[-46.507093,-5.429639],[-46.507569,-5.43052],[-46.508464,-5.431806],[-46.50936,-5.431375],[-46.510186,-5.430909],[-46.510912,-5.430357],[-46.511699,-5.429756],[-46.512309,-5.428976],[-46.512693,-5.428136],[-46.512962,-5.427163],[-46.513377,-5.426259],[-46.514287,-5.425555],[-46.515191,-5.4259],[-46.516328,-5.426429],[-46.517031,-5.427074],[-46.517936,-5.427164],[-46.518922,-5.427439],[-46.519859,-5.427627],[-46.52056,-5.428754],[-46.521315,-5.429257],[-46.522142,-5.429695],[-46.522004,-5.430595],[-46.521953,-5.431639],[-46.522347,-5.432557],[-46.523334,-5.432514],[-46.524064,-5.433149],[-46.524851,-5.433619],[-46.525402,-5.434432],[-46.525713,-5.435544],[-46.526188,-5.436307],[-46.526358,-5.437188],[-46.526446,-5.438179],[-46.526537,-5.439144],[-46.527262,-5.439747],[-46.52827,-5.439926],[-46.528604,-5.440842],[-46.529109,-5.441588],[-46.52946,-5.442438],[-46.529561,-5.443331],[-46.529132,-5.444266],[-46.528671,-5.44504],[-46.528609,-5.445968],[-46.528268,-5.446888],[-46.528799,-5.447634],[-46.529591,-5.448195],[-46.530465,-5.448647],[-46.531358,-5.448411],[-46.532331,-5.448368],[-46.533018,-5.449063],[-46.533502,-5.44989],[-46.534443,-5.450039],[-46.534985,-5.450828],[-46.535867,-5.450632],[-46.536834,-5.450757],[-46.537788,-5.450953],[-46.541807,-5.450983],[-46.542799,-5.450927],[-46.543719,-5.450496],[-46.544523,-5.44994],[-46.545183,-5.449211],[-46.546129,-5.448977],[-46.547089,-5.448781],[-46.548063,-5.448694],[-46.54891,-5.448213],[-46.549755,-5.447805],[-46.550651,-5.447451],[-46.551625,-5.447525],[-46.552546,-5.447272],[-46.553373,-5.446749],[-46.553918,-5.445852],[-46.554146,-5.44487],[-46.555215,-5.444862],[-46.556808,-5.445128],[-46.559022,-5.44514],[-46.560765,-5.44432],[-46.561359,-5.443579],[-46.561876,-5.442703],[-46.562463,-5.441804],[-46.563349,-5.441567],[-46.564118,-5.44105],[-46.565138,-5.440964],[-46.566083,-5.441099],[-46.566893,-5.44066],[-46.567864,-5.440615],[-46.568726,-5.440261],[-46.569073,-5.439396],[-46.569609,-5.438498],[-46.57056,-5.438128],[-46.571402,-5.437645],[-46.572359,-5.437381],[-46.5733,-5.43753],[-46.574326,-5.437543],[-46.575154,-5.43709],[-46.576185,-5.437008],[-46.577015,-5.43742],[-46.577586,-5.438148],[-46.577994,-5.439113],[-46.577799,-5.439998],[-46.577805,-5.440941],[-46.577972,-5.441957],[-46.578507,-5.442738],[-46.578815,-5.443615],[-46.579263,-5.444404],[-46.579628,-5.44561],[-46.580148,-5.446413],[-46.580976,-5.447072],[-46.581795,-5.446588],[-46.582565,-5.445899],[-46.583351,-5.445296],[-46.583832,-5.444527],[-46.584767,-5.443935],[-46.585638,-5.443527],[-46.586482,-5.44301],[-46.587312,-5.442419],[-46.588162,-5.44204],[-46.589034,-5.441416],[-46.590101,-5.441545],[-46.591055,-5.441995],[-46.59192,-5.442317],[-46.592884,-5.442355],[-46.593848,-5.442203],[-46.594768,-5.442234],[-46.596095,-5.442374],[-46.596843,-5.443151],[-46.597691,-5.443698],[-46.598532,-5.44411],[-46.599235,-5.444668],[-46.599999,-5.445302],[-46.600925,-5.445253],[-46.601589,-5.444518],[-46.60228,-5.443806],[-46.602922,-5.443056],[-46.603783,-5.442706],[-46.604714,-5.442479],[-46.605769,-5.442219],[-46.606735,-5.442276],[-46.60768,-5.442004],[-46.608551,-5.441613],[-46.609429,-5.441943],[-46.610501,-5.442411],[-46.611465,-5.442986],[-46.612285,-5.443374],[-46.612533,-5.444316],[-46.613143,-5.445031],[-46.614147,-5.444912],[-46.615147,-5.444878],[-46.616102,-5.445148],[-46.616463,-5.446005],[-46.61654,-5.446945],[-46.616927,-5.44779],[-46.617529,-5.448868],[-46.617681,-5.450129],[-46.617636,-5.45132],[-46.617148,-5.452216],[-46.616992,-5.453233],[-46.617086,-5.454168],[-46.617837,-5.454793],[-46.618945,-5.455219],[-46.619886,-5.455502],[-46.620779,-5.456165],[-46.621716,-5.456562],[-46.622604,-5.456979],[-46.623381,-5.457729],[-46.624078,-5.458492],[-46.624859,-5.45904],[-46.625171,-5.460151],[-46.625279,-5.461168],[-46.625593,-5.462188],[-46.625592,-5.463092],[-46.625248,-5.463996],[-46.624784,-5.465273],[-46.624551,-5.466217],[-46.623825,-5.466884],[-46.623405,-5.467691],[-46.623313,-5.468638],[-46.623659,-5.469553],[-46.623701,-5.47045],[-46.62353,-5.471458],[-46.624175,-5.472205],[-46.625094,-5.472819],[-46.625478,-5.473648],[-46.625897,-5.474551],[-46.625983,-5.475452],[-46.625984,-5.476525],[-46.62727,-5.476917],[-46.628224,-5.477156],[-46.629205,-5.476669],[-46.629791,-5.477405],[-46.630428,-5.478427],[-46.63069,-5.479319],[-46.629506,-5.479928],[-46.628876,-5.480598],[-46.629065,-5.481524],[-46.62899,-5.482715],[-46.629173,-5.483855],[-46.629094,-5.484779],[-46.629666,-5.485604],[-46.630482,-5.486461],[-46.631215,-5.487257],[-46.632002,-5.48772],[-46.632853,-5.488536],[-46.63356,-5.489222],[-46.634225,-5.489842],[-46.634526,-5.490771],[-46.634336,-5.491711],[-46.63444,-5.49278],[-46.63536,-5.493102],[-46.636115,-5.493744],[-46.636615,-5.494497],[-46.636984,-5.495518],[-46.637206,-5.496414],[-46.637603,-5.497266],[-46.637675,-5.498379],[-46.637417,-5.499236],[-46.637441,-5.500258],[-46.637602,-5.501149],[-46.637906,-5.502073],[-46.638133,-5.503409],[-46.637753,-5.50427],[-46.636941,-5.504714],[-46.635788,-5.505232],[-46.634882,-5.505717],[-46.634349,-5.506439],[-46.633787,-5.507283],[-46.633069,-5.508092],[-46.633569,-5.508861],[-46.634493,-5.508593],[-46.634662,-5.509484],[-46.634199,-5.510294],[-46.633806,-5.511246],[-46.6338,-5.512248],[-46.633039,-5.512756],[-46.632027,-5.513424],[-46.631014,-5.513928],[-46.630085,-5.51408],[-46.629759,-5.514926],[-46.628814,-5.514792],[-46.628367,-5.515579],[-46.627968,-5.516572],[-46.627241,-5.51724],[-46.626297,-5.517546],[-46.625441,-5.517886],[-46.624459,-5.51814],[-46.62402,-5.519028],[-46.625069,-5.520264],[-46.625239,-5.521262],[-46.626011,-5.521911],[-46.626932,-5.522105],[-46.627745,-5.522706],[-46.62797,-5.523589],[-46.62888,-5.523738],[-46.629671,-5.52326],[-46.630492,-5.522849],[-46.631091,-5.522069],[-46.632113,-5.522155],[-46.633023,-5.522175],[-46.633972,-5.522276],[-46.634791,-5.522877],[-46.635637,-5.523353],[-46.636497,-5.52381],[-46.637408,-5.524353],[-46.637671,-5.525282],[-46.638602,-5.525487],[-46.639288,-5.526126],[-46.639806,-5.526933],[-46.640057,-5.527874],[-46.64042,-5.528695],[-46.640566,-5.529657],[-46.639862,-5.530236],[-46.639349,-5.531079],[-46.639072,-5.531988],[-46.638498,-5.532786],[-46.638195,-5.533758],[-46.638694,-5.534551],[-46.638956,-5.535537],[-46.639795,-5.536036],[-46.640541,-5.536694],[-46.6411,-5.53746],[-46.640747,-5.538344],[-46.640728,-5.539312],[-46.641635,-5.5396],[-46.642272,-5.538965],[-46.642709,-5.53816],[-46.643456,-5.53766],[-46.644666,-5.537305],[-46.645506,-5.536855],[-46.646293,-5.536399],[-46.646817,-5.535409],[-46.647999,-5.535664],[-46.648925,-5.53559],[-46.649671,-5.535078],[-46.650355,-5.534442],[-46.651287,-5.534617],[-46.652234,-5.534721],[-46.653034,-5.535164],[-46.653495,-5.535964],[-46.653574,-5.537044],[-46.653063,-5.537784],[-46.652741,-5.538663],[-46.652971,-5.53972],[-46.653593,-5.540437],[-46.654021,-5.541244],[-46.654201,-5.542542],[-46.653545,-5.543201],[-46.653688,-5.544105],[-46.65398,-5.545234],[-46.654085,-5.546145],[-46.654285,-5.547059],[-46.654132,-5.548076],[-46.65347,-5.548739],[-46.654021,-5.549451],[-46.654955,-5.549258],[-46.655615,-5.548521],[-46.656524,-5.54807],[-46.657466,-5.548347],[-46.658176,-5.548895],[-46.659041,-5.549707],[-46.660416,-5.550424],[-46.659944,-5.551263],[-46.659574,-5.552387],[-46.659208,-5.553237],[-46.658463,-5.553741],[-46.657992,-5.554659],[-46.657464,-5.55552],[-46.656748,-5.556332],[-46.656166,-5.557142],[-46.655479,-5.557847],[-46.654939,-5.558581],[-46.654038,-5.558749],[-46.654709,-5.559399],[-46.655425,-5.560015],[-46.656532,-5.560138],[-46.657343,-5.560707],[-46.657873,-5.561436],[-46.658429,-5.562195],[-46.658548,-5.563208],[-46.658443,-5.564133],[-46.658214,-5.565023],[-46.658194,-5.566528],[-46.659307,-5.566875],[-46.660247,-5.566906],[-46.661088,-5.567654],[-46.661383,-5.568615],[-46.662123,-5.569266],[-46.662989,-5.56965],[-46.663506,-5.570695],[-46.664125,-5.571431],[-46.665694,-5.571806],[-46.665682,-5.573146],[-46.664958,-5.573722],[-46.663761,-5.574243],[-46.663159,-5.574953],[-46.662644,-5.575809],[-46.662861,-5.576723],[-46.66304,-5.5779],[-46.662447,-5.578828],[-46.66203,-5.579646],[-46.661685,-5.580572],[-46.661125,-5.581703],[-46.660899,-5.582601],[-46.661001,-5.583492],[-46.661203,-5.584418],[-46.661079,-5.585381],[-46.660638,-5.586452],[-46.660205,-5.587367],[-46.660439,-5.588257],[-46.661308,-5.588011],[-46.662267,-5.588273],[-46.663123,-5.588815],[-46.663944,-5.589387],[-46.664761,-5.58996],[-46.665519,-5.590593],[-46.66621,-5.591361],[-46.666372,-5.592245],[-46.666531,-5.593245],[-46.666561,-5.594271],[-46.666547,-5.595375],[-46.665757,-5.595916],[-46.664675,-5.596479],[-46.663828,-5.596883],[-46.662862,-5.597148],[-46.661936,-5.597492],[-46.661268,-5.598217],[-46.660502,-5.598702],[-46.659756,-5.599268],[-46.659424,-5.600252],[-46.659083,-5.601187],[-46.658658,-5.60206],[-46.658189,-5.602928],[-46.65955,-5.603644],[-46.660597,-5.604125],[-46.661359,-5.604616],[-46.662051,-5.605317],[-46.66274,-5.605973],[-46.663646,-5.606131],[-46.664501,-5.606602],[-46.665228,-5.607129],[-46.665727,-5.607883],[-46.666475,-5.608664],[-46.667151,-5.609516],[-46.667849,-5.610206],[-46.668585,-5.610862],[-46.669227,-5.611494],[-46.669543,-5.612397],[-46.669677,-5.613315],[-46.669631,-5.614321],[-46.67018,-5.615166],[-46.670702,-5.615972],[-46.670843,-5.61696],[-46.671179,-5.617885],[-46.671243,-5.618875],[-46.671273,-5.620254],[-46.671781,-5.621154],[-46.672251,-5.621992],[-46.671933,-5.622891],[-46.671383,-5.623664],[-46.671146,-5.624566],[-46.670687,-5.625416],[-46.670964,-5.626285],[-46.671691,-5.626924],[-46.672268,-5.627749],[-46.672996,-5.628407],[-46.673909,-5.628077],[-46.674947,-5.627754],[-46.675797,-5.628218],[-46.676041,-5.629163],[-46.676406,-5.629991],[-46.676577,-5.631249],[-46.676683,-5.632172],[-46.67605,-5.632992],[-46.675491,-5.633832],[-46.675962,-5.634857],[-46.675295,-5.635512],[-46.674666,-5.636226],[-46.674473,-5.637145],[-46.674176,-5.638049],[-46.673264,-5.638016],[-46.67237,-5.638329],[-46.671805,-5.639861],[-46.672147,-5.640839],[-46.672612,-5.641694],[-46.673353,-5.642202],[-46.674114,-5.642969],[-46.674773,-5.643837],[-46.675475,-5.644803],[-46.676205,-5.645462],[-46.677277,-5.645743],[-46.678613,-5.645981],[-46.67922,-5.646704],[-46.679177,-5.647704],[-46.678516,-5.648503],[-46.678625,-5.649407],[-46.679182,-5.650117],[-46.679905,-5.650662],[-46.680283,-5.651486],[-46.680086,-5.652494],[-46.679286,-5.653007],[-46.678546,-5.653544],[-46.677865,-5.654254],[-46.677086,-5.65483],[-46.676145,-5.655312],[-46.675327,-5.656023],[-46.674822,-5.65677],[-46.673946,-5.657568],[-46.673234,-5.658119],[-46.672325,-5.658195],[-46.672288,-5.659212],[-46.671807,-5.660966],[-46.672704,-5.661248],[-46.67361,-5.66125],[-46.674392,-5.661707],[-46.675216,-5.662281],[-46.676068,-5.662823],[-46.676797,-5.66335],[-46.677227,-5.664176],[-46.677511,-5.665036],[-46.67709,-5.666527],[-46.678368,-5.666004],[-46.679317,-5.665723],[-46.680775,-5.665362],[-46.681736,-5.66529],[-46.682586,-5.664942],[-46.683085,-5.663927],[-46.683671,-5.66323],[-46.683985,-5.66228],[-46.684315,-5.661398],[-46.68504,-5.66073],[-46.685981,-5.660278],[-46.686952,-5.660153],[-46.687884,-5.660329],[-46.688792,-5.660339],[-46.689726,-5.660359],[-46.690147,-5.66125],[-46.689095,-5.662614],[-46.689018,-5.663547],[-46.689204,-5.66454],[-46.689521,-5.665619],[-46.689342,-5.666502],[-46.689143,-5.667729],[-46.689134,-5.668704],[-46.689021,-5.669661],[-46.689043,-5.67069],[-46.689453,-5.671518],[-46.690229,-5.672004],[-46.691163,-5.672743],[-46.691177,-5.673678],[-46.690479,-5.674371],[-46.689952,-5.675323],[-46.690367,-5.676205],[-46.690735,-5.677058],[-46.691469,-5.677864],[-46.692298,-5.67733],[-46.692826,-5.676446],[-46.693473,-5.675558],[-46.694293,-5.675161],[-46.695409,-5.674854],[-46.696184,-5.674239],[-46.696755,-5.673418],[-46.697166,-5.672597],[-46.697622,-5.671809],[-46.697524,-5.670869],[-46.697654,-5.669941],[-46.697887,-5.669061],[-46.698126,-5.667679],[-46.698158,-5.666777],[-46.697963,-5.665863],[-46.697963,-5.664965],[-46.698396,-5.664085],[-46.698461,-5.663192],[-46.699724,-5.66238],[-46.700635,-5.662552],[-46.701563,-5.662726],[-46.702454,-5.663093],[-46.703455,-5.663119],[-46.704102,-5.66378],[-46.704643,-5.664547],[-46.705564,-5.664455],[-46.706452,-5.664093],[-46.707352,-5.663906],[-46.708278,-5.664195],[-46.709137,-5.664477],[-46.71008,-5.664772],[-46.71098,-5.664862],[-46.710564,-5.666401],[-46.710331,-5.667392],[-46.71019,-5.668394],[-46.710373,-5.669283],[-46.710617,-5.670498],[-46.711087,-5.671425],[-46.71134,-5.672338],[-46.711001,-5.673359],[-46.710789,-5.674538],[-46.710447,-5.675412],[-46.710425,-5.676381],[-46.710542,-5.677393],[-46.710137,-5.678206],[-46.710215,-5.679945],[-46.709748,-5.680895],[-46.709391,-5.681752],[-46.71002,-5.682419],[-46.710738,-5.683036],[-46.711569,-5.683478],[-46.712122,-5.682696],[-46.712853,-5.682009],[-46.713166,-5.681113],[-46.712835,-5.680211],[-46.712592,-5.679247],[-46.713367,-5.678659],[-46.7144,-5.678283],[-46.71531,-5.678077],[-46.716306,-5.677982],[-46.717282,-5.678208],[-46.718234,-5.678574],[-46.718715,-5.679401],[-46.719271,-5.680323],[-46.720083,-5.679787],[-46.720541,-5.679011],[-46.721509,-5.678895],[-46.722525,-5.679399],[-46.723455,-5.679639],[-46.724472,-5.67969],[-46.725387,-5.680027],[-46.726394,-5.680555],[-46.727368,-5.680416],[-46.727168,-5.681389],[-46.726834,-5.682259],[-46.72629,-5.683047],[-46.726262,-5.684019],[-46.726476,-5.684939],[-46.72673,-5.68594],[-46.726969,-5.686922],[-46.727432,-5.687973],[-46.727599,-5.688893],[-46.727422,-5.689845],[-46.727495,-5.690845],[-46.728371,-5.691213],[-46.729288,-5.691181],[-46.730226,-5.691173],[-46.729984,-5.69217],[-46.729654,-5.693127],[-46.729779,-5.694099],[-46.729259,-5.694954],[-46.72868,-5.695642],[-46.727837,-5.696103],[-46.727028,-5.695617],[-46.726284,-5.69618],[-46.725887,-5.696987],[-46.724297,-5.697917],[-46.725307,-5.698239],[-46.726685,-5.698504],[-46.727895,-5.69884],[-46.728953,-5.698462],[-46.729769,-5.697811],[-46.73068,-5.69724],[-46.731479,-5.697694],[-46.732194,-5.698266],[-46.733019,-5.697625],[-46.733719,-5.697057],[-46.734213,-5.696281],[-46.735028,-5.69557],[-46.735931,-5.695764],[-46.736312,-5.696844],[-46.736866,-5.69786],[-46.737461,-5.698645],[-46.737714,-5.699543],[-46.737902,-5.700483],[-46.738719,-5.700963],[-46.739921,-5.70098],[-46.740828,-5.701115],[-46.741593,-5.701879],[-46.742442,-5.702281],[-46.743299,-5.703091],[-46.743811,-5.703832],[-46.744597,-5.704444],[-46.745185,-5.705208],[-46.746142,-5.705035],[-46.747003,-5.704717],[-46.747791,-5.705248],[-46.748257,-5.706048],[-46.748788,-5.707064],[-46.749741,-5.707333],[-46.75059,-5.706998],[-46.751346,-5.70647],[-46.752001,-5.705855],[-46.752821,-5.706283],[-46.752783,-5.707231],[-46.753384,-5.707995],[-46.754145,-5.708631],[-46.755071,-5.708959],[-46.755988,-5.709297],[-46.75667,-5.709976],[-46.757603,-5.709935],[-46.758485,-5.710118],[-46.758584,-5.711066],[-46.758655,-5.712038],[-46.759364,-5.712854],[-46.760214,-5.71354],[-46.760764,-5.714349],[-46.761606,-5.71472],[-46.7626,-5.714891],[-46.764024,-5.715428],[-46.764216,-5.716388],[-46.764331,-5.717446],[-46.764661,-5.718286],[-46.764879,-5.719789],[-46.765234,-5.721015],[-46.765098,-5.721904],[-46.76485,-5.722848],[-46.765469,-5.723543],[-46.766215,-5.724197],[-46.766895,-5.72491],[-46.767188,-5.725867],[-46.767378,-5.726955],[-46.767773,-5.727781],[-46.769016,-5.729308],[-46.768903,-5.730413],[-46.76897,-5.731409],[-46.768966,-5.732355],[-46.769782,-5.732848],[-46.770814,-5.733211],[-46.771616,-5.733809],[-46.772643,-5.734081],[-46.773554,-5.734413],[-46.774412,-5.734012],[-46.774943,-5.733285],[-46.775506,-5.732452],[-46.775917,-5.731584],[-46.776401,-5.730566],[-46.776856,-5.72962],[-46.777498,-5.728872],[-46.778414,-5.728924],[-46.779079,-5.729575],[-46.780161,-5.729601],[-46.78113,-5.729631],[-46.782028,-5.729811],[-46.783034,-5.72987],[-46.783919,-5.730252],[-46.784512,-5.731057],[-46.785246,-5.731676],[-46.786219,-5.731339],[-46.787219,-5.731114],[-46.788332,-5.731106],[-46.789299,-5.731276],[-46.790174,-5.731626],[-46.791126,-5.73181],[-46.792644,-5.731813],[-46.792925,-5.730959],[-46.793615,-5.730362],[-46.794598,-5.729311],[-46.795461,-5.728863],[-46.796351,-5.728512],[-46.797255,-5.728413],[-46.79818,-5.728232],[-46.799104,-5.728331],[-46.800146,-5.728218],[-46.801128,-5.728233],[-46.802278,-5.728495],[-46.803157,-5.728786],[-46.804116,-5.729495],[-46.805193,-5.729887],[-46.805962,-5.73043],[-46.806328,-5.731292],[-46.806948,-5.732048],[-46.807794,-5.732405],[-46.808289,-5.733157],[-46.807862,-5.73395],[-46.807228,-5.734717],[-46.80707,-5.735806],[-46.806773,-5.736775],[-46.805888,-5.737425],[-46.805428,-5.738318],[-46.805512,-5.73935],[-46.805578,-5.740272],[-46.805876,-5.741205],[-46.806843,-5.74153],[-46.807801,-5.741431],[-46.808802,-5.741331],[-46.809669,-5.741573],[-46.810599,-5.741844],[-46.811479,-5.742418],[-46.812221,-5.743075],[-46.813163,-5.74329],[-46.814137,-5.742764],[-46.815031,-5.742537],[-46.816019,-5.74229],[-46.816987,-5.741987],[-46.818077,-5.741756],[-46.819033,-5.741546],[-46.820238,-5.741529],[-46.821807,-5.741817],[-46.821586,-5.742771],[-46.82173,-5.743708],[-46.821832,-5.74461],[-46.822037,-5.745522],[-46.822138,-5.746428],[-46.822326,-5.74735],[-46.822239,-5.748325],[-46.822148,-5.749285],[-46.822059,-5.75025],[-46.821909,-5.751155],[-46.822221,-5.752069],[-46.823199,-5.752929],[-46.822849,-5.753894],[-46.822273,-5.754783],[-46.821609,-5.755477],[-46.821489,-5.756381],[-46.821506,-5.757361],[-46.821202,-5.758281],[-46.820315,-5.758925],[-46.819455,-5.759316],[-46.818827,-5.760111],[-46.818673,-5.761],[-46.818433,-5.762005],[-46.818121,-5.762843],[-46.817741,-5.763713],[-46.817034,-5.764395],[-46.816467,-5.765217],[-46.815655,-5.765766],[-46.814749,-5.766417],[-46.813967,-5.767163],[-46.813471,-5.767916],[-46.813204,-5.76892],[-46.813169,-5.769959],[-46.812983,-5.770942],[-46.812855,-5.771839],[-46.812823,-5.772757],[-46.812726,-5.773702],[-46.812219,-5.774446],[-46.812031,-5.775835],[-46.812222,-5.776945],[-46.812391,-5.77794],[-46.812705,-5.779091],[-46.812888,-5.780004],[-46.812575,-5.7809],[-46.812205,-5.781858],[-46.811864,-5.782732],[-46.811483,-5.783561],[-46.810612,-5.784083],[-46.809944,-5.784825],[-46.809657,-5.78577],[-46.809155,-5.786663],[-46.808543,-5.787386],[-46.807644,-5.787481],[-46.806519,-5.787083],[-46.806753,-5.787971],[-46.80652,-5.789029],[-46.807527,-5.789147],[-46.8083,-5.789616],[-46.808982,-5.790365],[-46.809408,-5.791264],[-46.809275,-5.792174],[-46.808878,-5.793032],[-46.808714,-5.793919],[-46.808447,-5.794782],[-46.807811,-5.795596],[-46.807188,-5.796366],[-46.807134,-5.797393],[-46.807384,-5.798395],[-46.807798,-5.799281],[-46.808387,-5.800103],[-46.809294,-5.801532],[-46.810314,-5.801513],[-46.811179,-5.801176],[-46.811896,-5.800636],[-46.812719,-5.799917],[-46.813619,-5.799713],[-46.814382,-5.800324],[-46.815457,-5.800767],[-46.816563,-5.801036],[-46.817473,-5.801071],[-46.818578,-5.801141],[-46.819502,-5.801285],[-46.820609,-5.801533],[-46.821588,-5.80217],[-46.822306,-5.802879],[-46.822501,-5.803834],[-46.822003,-5.80466],[-46.822783,-5.805265],[-46.823693,-5.805623],[-46.82476,-5.80547],[-46.825894,-5.805093],[-46.826727,-5.804669],[-46.827751,-5.804731],[-46.828613,-5.804987],[-46.829605,-5.805538],[-46.830573,-5.805661],[-46.831485,-5.805665],[-46.832355,-5.806238],[-46.832368,-5.806529],[-46.831813,-5.807299],[-46.830989,-5.807795],[-46.830469,-5.808595],[-46.830225,-5.809536],[-46.829489,-5.810114],[-46.828663,-5.810565],[-46.828759,-5.811582],[-46.829116,-5.812432],[-46.828801,-5.813375],[-46.828358,-5.814198],[-46.827991,-5.815072],[-46.828219,-5.816024],[-46.828675,-5.816913],[-46.828428,-5.817846],[-46.827074,-5.819037],[-46.825973,-5.818933],[-46.825409,-5.819642],[-46.824774,-5.820369],[-46.823913,-5.820736],[-46.82317,-5.82132],[-46.822293,-5.820918],[-46.821487,-5.821335],[-46.820452,-5.821518],[-46.81944,-5.821485],[-46.818516,-5.821726],[-46.817773,-5.822287],[-46.816815,-5.822372],[-46.816065,-5.822957],[-46.816698,-5.823697],[-46.817189,-5.824481],[-46.8174,-5.825377],[-46.818118,-5.825931],[-46.818662,-5.826901],[-46.8189,-5.82783],[-46.818587,-5.828858],[-46.818499,-5.829881],[-46.818582,-5.830802],[-46.818731,-5.831788],[-46.818628,-5.832785],[-46.817852,-5.833542],[-46.817172,-5.834255],[-46.816238,-5.834606],[-46.815525,-5.835247],[-46.815414,-5.836365],[-46.815417,-5.837596],[-46.815152,-5.838486],[-46.814172,-5.838824],[-46.813467,-5.839439],[-46.813027,-5.840249],[-46.812786,-5.84112],[-46.81219,-5.841912],[-46.811446,-5.842566],[-46.810686,-5.843472],[-46.811535,-5.844132],[-46.812584,-5.844656],[-46.813449,-5.845209],[-46.814388,-5.844952],[-46.815332,-5.845208],[-46.81622,-5.845718],[-46.816714,-5.846479],[-46.817301,-5.847282],[-46.817691,-5.848253],[-46.818218,-5.849004],[-46.819197,-5.849358],[-46.820099,-5.849762],[-46.821093,-5.850156],[-46.821566,-5.851545],[-46.821949,-5.852357],[-46.822716,-5.852977],[-46.823349,-5.853767],[-46.823755,-5.854849],[-46.822822,-5.854685],[-46.821865,-5.85486],[-46.820989,-5.85543],[-46.820663,-5.856556],[-46.820467,-5.857494],[-46.820139,-5.858345],[-46.818986,-5.858095],[-46.818041,-5.857974],[-46.817423,-5.858701],[-46.817325,-5.859675],[-46.817144,-5.860662],[-46.817099,-5.86164],[-46.817256,-5.862587],[-46.81713,-5.863597],[-46.817295,-5.864521],[-46.817999,-5.865132],[-46.817568,-5.866295],[-46.817231,-5.867224],[-46.816109,-5.867706],[-46.815283,-5.868063],[-46.814294,-5.868244],[-46.81344,-5.868722],[-46.812467,-5.868923],[-46.811404,-5.869178],[-46.810476,-5.869637],[-46.809679,-5.870094],[-46.808476,-5.870961],[-46.809158,-5.871606],[-46.809633,-5.872459],[-46.810296,-5.873192],[-46.811132,-5.873593],[-46.811503,-5.874471],[-46.810747,-5.875178],[-46.810486,-5.876106],[-46.80998,-5.876923],[-46.809388,-5.877724],[-46.808904,-5.878605],[-46.808017,-5.878914],[-46.807254,-5.879476],[-46.806897,-5.880362],[-46.807149,-5.881227],[-46.807916,-5.881814],[-46.808349,-5.882614],[-46.808986,-5.883491],[-46.809104,-5.883544],[-46.809686,-5.883803],[-46.809862,-5.883882],[-46.810008,-5.883445],[-46.810142,-5.883043],[-46.810155,-5.883005],[-46.810691,-5.882172],[-46.811188,-5.88222],[-46.811636,-5.882264],[-46.812145,-5.882674],[-46.812396,-5.882876],[-46.812644,-5.882942],[-46.812903,-5.88301],[-46.813544,-5.88318],[-46.814307,-5.883251],[-46.814623,-5.88328],[-46.815388,-5.883447],[-46.815521,-5.883476],[-46.816517,-5.883605],[-46.81667,-5.883407],[-46.817057,-5.882906],[-46.817102,-5.882392],[-46.817156,-5.882343],[-46.81724,-5.881765],[-46.81769,-5.881861],[-46.817777,-5.881782],[-46.817874,-5.8819],[-46.818125,-5.881954],[-46.818226,-5.88233],[-46.818372,-5.882507],[-46.818493,-5.883149],[-46.818668,-5.883564],[-46.818736,-5.883725],[-46.819553,-5.884178],[-46.819558,-5.88418],[-46.81935,-5.88507],[-46.819657,-5.885921],[-46.819937,-5.886774],[-46.819636,-5.887635],[-46.820297,-5.88829],[-46.820657,-5.889119],[-46.820707,-5.890117],[-46.820547,-5.891117],[-46.820266,-5.891619],[-46.820057,-5.891994],[-46.819842,-5.892299],[-46.819479,-5.892814],[-46.819276,-5.893122],[-46.818927,-5.89365],[-46.818417,-5.89453],[-46.817858,-5.895287],[-46.817824,-5.895332],[-46.817158,-5.895819],[-46.81709,-5.895869],[-46.816953,-5.896077],[-46.816598,-5.896613],[-46.81656,-5.896671],[-46.816632,-5.896877],[-46.816834,-5.897454],[-46.816869,-5.897555],[-46.81732,-5.897442],[-46.817766,-5.89733],[-46.817823,-5.897316],[-46.818083,-5.897022],[-46.818407,-5.896655],[-46.818424,-5.896636],[-46.818654,-5.896287],[-46.818981,-5.89579],[-46.819534,-5.894952],[-46.820088,-5.894117],[-46.820641,-5.893281],[-46.821153,-5.892543],[-46.822033,-5.891943],[-46.822965,-5.891991],[-46.823894,-5.892325],[-46.82475,-5.891993],[-46.824818,-5.891984],[-46.824824,-5.891982],[-46.825093,-5.891947],[-46.825667,-5.891868],[-46.825681,-5.891869],[-46.825809,-5.891852],[-46.826211,-5.89191],[-46.826674,-5.891946],[-46.826799,-5.891988],[-46.827951,-5.891892],[-46.827983,-5.891884],[-46.828305,-5.891631],[-46.828635,-5.891725],[-46.828894,-5.891662],[-46.829678,-5.89202],[-46.830095,-5.892136],[-46.830396,-5.892204],[-46.83104,-5.892254],[-46.831567,-5.892002],[-46.831998,-5.891594],[-46.83226,-5.891468],[-46.832448,-5.891304],[-46.832995,-5.891053],[-46.833296,-5.890916],[-46.83404,-5.890536],[-46.834099,-5.890506],[-46.834354,-5.890661],[-46.835034,-5.891077],[-46.835074,-5.891089],[-46.835967,-5.891362],[-46.836152,-5.89153],[-46.836636,-5.891968],[-46.837138,-5.892719],[-46.837581,-5.893494],[-46.837614,-5.893551],[-46.837958,-5.89428],[-46.838087,-5.894552],[-46.838495,-5.895216],[-46.838695,-5.895541],[-46.839108,-5.896416],[-46.839207,-5.896626],[-46.839588,-5.897148],[-46.839809,-5.897452],[-46.840184,-5.897864],[-46.840471,-5.89818],[-46.841389,-5.898639],[-46.841602,-5.898746],[-46.841647,-5.898826],[-46.84168,-5.89885],[-46.841693,-5.898908],[-46.842071,-5.899585],[-46.842271,-5.900733],[-46.842839,-5.900929],[-46.843649,-5.900384],[-46.844388,-5.899827],[-46.845247,-5.89941],[-46.845468,-5.899303],[-46.846322,-5.898809],[-46.846616,-5.898663],[-46.847085,-5.898359],[-46.847229,-5.898356],[-46.847361,-5.898291],[-46.84829,-5.8983],[-46.848999,-5.898485],[-46.849145,-5.898505],[-46.849179,-5.898531],[-46.849238,-5.898547],[-46.850075,-5.898943],[-46.850162,-5.898903],[-46.850767,-5.898575],[-46.850852,-5.898586],[-46.850894,-5.898567],[-46.851766,-5.898682],[-46.852714,-5.8984],[-46.853515,-5.897912],[-46.854443,-5.898225]]]]}}]}