{"type":"FeatureCollection","name":"municipios_bacia","features":[{"type":"Feature","properties":{"CD_MUN":"2100402","NM_MUN":"Altamira do Maranhão"},"geometry":{"type":"Polygon","coordinates":[[[-45.626066,-4.262408],[-45.624688,-4.26198],[-45.62348,-4.260895],[-45.622825,-4.259522],[-45.622207,-4.259012],[-45.621032,-4.258454],[-45.620946,-4.25702],[-45.621139,-4.255865],[-45.62176,-4.254718],[-45.622591,-4.25366],[-45.622706,-4.252557],[-45.623715,-4.251555],[-45.62417,-4.250121],[-45.624223,-4.249053],[-45.62387,-4.247561],[-45.622264,-4.245471],[-45.622048,-4.244384],[-45.622019,-4.242388],[-45.621261,-4.241011],[-45.620685,-4.240467],[-45.618639,-4.240444],[-45.617454,-4.240841],[-45.61506,-4.242186],[-45.614055,-4.242512],[-45.612629,-4.242462],[-45.611981,-4.24224],[-45.611536,-4.241611],[-45.611434,-4.241164],[-45.611549,-4.239879],[-45.612536,-4.238516],[-45.613368,-4.237664],[-45.614994,-4.236802],[-45.617793,-4.236696],[-45.618207,-4.236501],[-45.618997,-4.236071],[-45.61936,-4.235447],[-45.619268,-4.234497],[-45.618801,-4.2339],[-45.618036,-4.233328],[-45.615651,-4.232615],[-45.614057,-4.23238],[-45.61346,-4.231782],[-45.613337,-4.231134],[-45.612838,-4.230413],[-45.61036,-4.227662],[-45.609965,-4.227398],[-45.609319,-4.227306],[-45.608093,-4.227439],[-45.607461,-4.227347],[-45.606815,-4.22699],[-45.606472,-4.226607],[-45.605389,-4.224561],[-45.604007,-4.223323],[-45.603379,-4.223261],[-45.602479,-4.223713],[-45.601932,-4.224335],[-45.601285,-4.226245],[-45.60087,-4.226537],[-45.60028,-4.22668],[-45.599283,-4.226339],[-45.597684,-4.224968],[-45.596409,-4.223409],[-45.595162,-4.221252],[-45.595533,-4.219041],[-45.595514,-4.217962],[-45.595316,-4.216605],[-45.594628,-4.214245],[-45.594512,-4.212876],[-45.594376,-4.212371],[-45.593124,-4.210233],[-45.592539,-4.208887],[-45.591963,-4.206506],[-45.595076,-4.199558],[-45.594686,-4.190185],[-45.592141,-4.188389],[-45.592139,-4.185505],[-45.59099,-4.181854],[-45.589839,-4.18051],[-45.587257,-4.180606],[-45.585917,-4.17907],[-45.588209,-4.174263],[-45.588393,-4.164267],[-45.590017,-4.161863],[-45.591353,-4.158594],[-45.586952,-4.155523],[-45.582551,-4.152258],[-45.58188,-4.151587],[-45.580348,-4.151204],[-45.578052,-4.150243],[-45.574414,-4.144478],[-45.573073,-4.142749],[-45.572786,-4.142077],[-45.576038,-4.142459],[-45.579863,-4.142072],[-45.581202,-4.141687],[-45.580244,-4.139957],[-45.579765,-4.136593],[-45.57995,-4.130443],[-45.581287,-4.129098],[-45.583871,-4.127844],[-45.585398,-4.126305],[-45.58272,-4.124],[-45.579467,-4.122849],[-45.578222,-4.120832],[-45.581089,-4.117754],[-45.579559,-4.117177],[-45.578219,-4.116988],[-45.576782,-4.114394],[-45.578694,-4.11247],[-45.580798,-4.11266],[-45.580988,-4.109777],[-45.576777,-4.106513],[-45.571131,-4.102769],[-45.569025,-4.100656],[-45.570173,-4.098732],[-45.571415,-4.098251],[-45.572179,-4.096519],[-45.570453,-4.092676],[-45.570836,-4.091332],[-45.570834,-4.089216],[-45.568252,-4.088162],[-45.565377,-4.080859],[-45.563847,-4.08009],[-45.562222,-4.080765],[-45.561261,-4.076921],[-45.560874,-4.069617],[-45.560872,-4.066541],[-45.558289,-4.065678],[-45.554654,-4.066064],[-45.551594,-4.064913],[-45.550824,-4.058956],[-45.551302,-4.057513],[-45.552639,-4.057511],[-45.55379,-4.059433],[-45.55532,-4.060395],[-45.55838,-4.060199],[-45.560099,-4.056354],[-45.561147,-4.049529],[-45.561145,-4.045684],[-45.564967,-4.041836],[-45.56755,-4.042124],[-45.568313,-4.039816],[-45.567355,-4.036934],[-45.569073,-4.033665],[-45.570983,-4.028281],[-45.569929,-4.024918],[-45.570692,-4.023188],[-45.572987,-4.021841],[-45.573368,-4.019919],[-45.572029,-4.018957],[-45.569061,-4.015788],[-45.567913,-4.013865],[-45.567906,-4.004062],[-45.566659,-4.001661],[-45.565131,-4.000316],[-45.564745,-3.997435],[-45.564744,-3.995704],[-45.563594,-3.994359],[-45.563307,-3.99311],[-45.564646,-3.991955],[-45.564645,-3.990034],[-45.561361,-3.987208],[-45.550187,-3.987038],[-45.549354,-3.988466],[-45.548792,-3.988868],[-45.487648,-4.063595],[-45.472425,-4.070134],[-45.472151,-4.070454],[-45.47069,-4.070137],[-45.470066,-4.069593],[-45.469025,-4.069594],[-45.468358,-4.069803],[-45.467483,-4.069595],[-45.465151,-4.070265],[-45.463277,-4.069974],[-45.460778,-4.071105],[-45.459278,-4.071566],[-45.456321,-4.071525],[-45.45528,-4.071275],[-45.454529,-4.070522],[-45.453779,-4.070315],[-45.452904,-4.070607],[-45.452072,-4.071486],[-45.450607,-4.073897],[-45.449624,-4.074686],[-45.448619,-4.074603],[-45.44728,-4.075192],[-45.446359,-4.07494],[-45.445521,-4.073343],[-45.444852,-4.072588],[-45.442255,-4.070823],[-45.441418,-4.0699],[-45.44058,-4.069479],[-45.438823,-4.070153],[-45.43832,-4.069566],[-45.437901,-4.069481],[-45.436813,-4.070406],[-45.433382,-4.071333],[-45.43112,-4.0694],[-45.429698,-4.069738],[-45.427993,-4.068733],[-45.427856,-4.06781],[-45.422347,-4.067389],[-45.422258,-4.069726],[-45.422572,-4.073488],[-45.423822,-4.075576],[-45.426736,-4.079021],[-45.427048,-4.08111],[-45.426634,-4.081946],[-45.426011,-4.083931],[-45.4257,-4.086855],[-45.426325,-4.088423],[-45.429551,-4.089779],[-45.432151,-4.091553],[-45.433298,-4.093329],[-45.437565,-4.097818],[-45.440375,-4.101054],[-45.441625,-4.103457],[-45.443084,-4.1092],[-45.445376,-4.11484],[-45.447563,-4.118808],[-45.448189,-4.122045],[-45.44819,-4.124762],[-45.447779,-4.132282],[-45.446948,-4.135312],[-45.445598,-4.138238],[-45.444246,-4.139074],[-45.439148,-4.139286],[-45.436235,-4.139705],[-45.434051,-4.141273],[-45.431658,-4.141483],[-45.430618,-4.140231],[-45.429367,-4.136157],[-45.427291,-4.133018],[-45.423728,-4.13114],[-45.421715,-4.129266],[-45.419849,-4.128042],[-45.414968,-4.128549],[-45.412886,-4.12855],[-45.410229,-4.127399],[-45.408218,-4.126318],[-45.407213,-4.124661],[-45.40563,-4.119832],[-45.405414,-4.118102],[-45.405556,-4.116299],[-45.40491,-4.115723],[-45.402469,-4.114931],[-45.39572,-4.115079],[-45.391771,-4.115657],[-45.38926,-4.119263],[-45.387968,-4.120129],[-45.385815,-4.120851],[-45.384667,-4.120924],[-45.381363,-4.118113],[-45.379424,-4.117393],[-45.376696,-4.116674],[-45.374685,-4.117396],[-45.372245,-4.119127],[-45.369447,-4.121579],[-45.367797,-4.124248],[-45.365931,-4.126627],[-45.364065,-4.128502],[-45.362414,-4.1298],[-45.356098,-4.131461],[-45.364299,-4.168907],[-45.365661,-4.170968],[-45.366513,-4.171822],[-45.366962,-4.172631],[-45.367455,-4.172767],[-45.368037,-4.172406],[-45.368798,-4.171371],[-45.36947,-4.170965],[-45.371039,-4.170875],[-45.37198,-4.171054],[-45.372518,-4.170874],[-45.373189,-4.169344],[-45.373592,-4.168849],[-45.374264,-4.168489],[-45.374982,-4.168533],[-45.376954,-4.170018],[-45.378568,-4.170961],[-45.380361,-4.171276],[-45.38529,-4.170914],[-45.387666,-4.171497],[-45.389011,-4.172216],[-45.392418,-4.175319],[-45.392822,-4.176174],[-45.392733,-4.178469],[-45.39287,-4.179459],[-45.393765,-4.180674],[-45.398294,-4.185081],[-45.401341,-4.185259],[-45.402193,-4.185933],[-45.402508,-4.186429],[-45.402821,-4.187328],[-45.402464,-4.190298],[-45.402555,-4.191783],[-45.402243,-4.195293],[-45.401706,-4.196598],[-45.401125,-4.199838],[-45.401573,-4.200513],[-45.403322,-4.202132],[-45.406326,-4.20438],[-45.407312,-4.20546],[-45.407985,-4.206764],[-45.408255,-4.207619],[-45.408121,-4.208653],[-45.407674,-4.209869],[-45.407719,-4.211264],[-45.408034,-4.213154],[-45.408707,-4.215178],[-45.418901,-4.254364],[-45.424061,-4.263811],[-45.426011,-4.265422],[-45.426254,-4.252297],[-45.427734,-4.251591],[-45.428649,-4.252281],[-45.429222,-4.25297],[-45.430139,-4.254808],[-45.432039,-4.257291],[-45.434775,-4.260151],[-45.438153,-4.264805],[-45.440673,-4.265722],[-45.442388,-4.266641],[-45.443705,-4.266813],[-45.444393,-4.267731],[-45.446339,-4.26911],[-45.447255,-4.270489],[-45.448114,-4.27227],[-45.449946,-4.273416],[-45.453037,-4.277323],[-45.45401,-4.276462],[-45.455039,-4.275886],[-45.455498,-4.276345],[-45.455958,-4.27876],[-45.457274,-4.281115],[-45.458304,-4.281459],[-45.459905,-4.281113],[-45.461508,-4.280078],[-45.464081,-4.278984],[-45.465454,-4.278178],[-45.467741,-4.276454],[-45.468886,-4.276567],[-45.471119,-4.278463],[-45.47478,-4.278576],[-45.477011,-4.278977],[-45.47816,-4.278286],[-45.481245,-4.278743],[-45.483934,-4.279718],[-45.485881,-4.279947],[-45.48691,-4.279143],[-45.489314,-4.279715],[-45.491202,-4.279887],[-45.493033,-4.280921],[-45.495781,-4.283102],[-45.497556,-4.284768],[-45.498357,-4.286031],[-45.501448,-4.286835],[-45.503621,-4.286028],[-45.50465,-4.284763],[-45.505509,-4.284361],[-45.511766,-4.285783],[-45.512621,-4.285269],[-45.514085,-4.285109],[-45.515212,-4.284556],[-45.515942,-4.28311],[-45.51719,-4.281527],[-45.517612,-4.280351],[-45.517516,-4.27958],[-45.516976,-4.277806],[-45.516237,-4.276684],[-45.516258,-4.276001],[-45.517241,-4.274851],[-45.516952,-4.272462],[-45.517196,-4.272288],[-45.517732,-4.272517],[-45.518024,-4.272469],[-45.517621,-4.271031],[-45.517715,-4.270802],[-45.51855,-4.27054],[-45.518808,-4.270171],[-45.519586,-4.270859],[-45.521142,-4.270865],[-45.522488,-4.271802],[-45.523197,-4.271936],[-45.525877,-4.27183],[-45.526993,-4.272262],[-45.527589,-4.272815],[-45.528215,-4.273934],[-45.528941,-4.276049],[-45.529549,-4.276487],[-45.529975,-4.277235],[-45.529988,-4.279083],[-45.530426,-4.279708],[-45.531317,-4.28016],[-45.532725,-4.280468],[-45.540081,-4.28173],[-45.540689,-4.281946],[-45.542217,-4.282943],[-45.543086,-4.283167],[-45.546085,-4.283488],[-45.547262,-4.28263],[-45.549821,-4.282901],[-45.551571,-4.282909],[-45.552778,-4.282523],[-45.553763,-4.282745],[-45.554505,-4.283356],[-45.555938,-4.283745],[-45.557337,-4.283249],[-45.560148,-4.283902],[-45.570583,-4.281834],[-45.57136,-4.281067],[-45.572423,-4.280556],[-45.572921,-4.280509],[-45.573116,-4.280676],[-45.573227,-4.281316],[-45.573588,-4.281566],[-45.57392,-4.281575],[-45.575182,-4.280245],[-45.575934,-4.280086],[-45.576388,-4.280302],[-45.576633,-4.280653],[-45.576679,-4.282121],[-45.577158,-4.282375],[-45.577628,-4.282366],[-45.57837,-4.282044],[-45.578746,-4.282044],[-45.579104,-4.282346],[-45.57949,-4.284014],[-45.580365,-4.283927],[-45.580931,-4.283299],[-45.581192,-4.283299],[-45.581598,-4.28346],[-45.582443,-4.284357],[-45.583026,-4.284501],[-45.583304,-4.284484],[-45.584081,-4.28367],[-45.584968,-4.281698],[-45.585658,-4.280863],[-45.586014,-4.280614],[-45.586557,-4.2806],[-45.587053,-4.281185],[-45.587422,-4.281199],[-45.588066,-4.280841],[-45.588772,-4.280985],[-45.589314,-4.281874],[-45.589823,-4.282384],[-45.591792,-4.283305],[-45.592606,-4.28391],[-45.595447,-4.284252],[-45.595863,-4.284129],[-45.596475,-4.283465],[-45.597369,-4.282874],[-45.598134,-4.282873],[-45.599831,-4.283669],[-45.600361,-4.28417],[-45.60124,-4.28565],[-45.603062,-4.286289],[-45.605199,-4.287678],[-45.605815,-4.287766],[-45.606141,-4.287728],[-45.607296,-4.286883],[-45.609353,-4.284509],[-45.61073,-4.283799],[-45.61354,-4.282978],[-45.614506,-4.282342],[-45.615317,-4.281488],[-45.615621,-4.280432],[-45.615975,-4.280107],[-45.616781,-4.279794],[-45.617828,-4.27862],[-45.618469,-4.278253],[-45.619362,-4.278219],[-45.619792,-4.277534],[-45.619948,-4.276584],[-45.620947,-4.275703],[-45.621598,-4.273496],[-45.622117,-4.272386],[-45.622622,-4.271677],[-45.624663,-4.270213],[-45.62422,-4.266597],[-45.62562,-4.263735],[-45.626066,-4.262408]]]}},{"type":"Feature","properties":{"CD_MUN":"2100600","NM_MUN":"Amarante do Maranhão"},"geometry":{"type":"Polygon","coordinates":[[[-46.329969,-5.334049],[-46.329973,-5.655328],[-46.330335,-5.657319],[-46.330219,-5.658502],[-46.330696,-5.660131],[-46.33286,-5.663762],[-46.33178,-5.664941],[-46.332222,-5.666304],[-46.333946,-5.668207],[-46.335111,-5.667573],[-46.335916,-5.666671],[-46.337199,-5.666671],[-46.338554,-5.667845],[-46.339807,-5.668668],[-46.341173,-5.669215],[-46.343364,-5.668016],[-46.344527,-5.670208],[-46.346051,-5.670301],[-46.346531,-5.671571],[-46.346336,-5.673298],[-46.345782,-5.675748],[-46.3465,-5.677378],[-46.347584,-5.677923],[-46.349032,-5.678372],[-46.350503,-5.67838],[-46.353674,-5.677652],[-46.35503,-5.676658],[-46.356274,-5.676119],[-46.357362,-5.675118],[-46.358837,-5.674851],[-46.359803,-5.674219],[-46.362011,-5.67385],[-46.364613,-5.673047],[-46.366888,-5.674311],[-46.368329,-5.6745],[-46.369587,-5.674319],[-46.369867,-5.675857],[-46.371388,-5.676039],[-46.371867,-5.677408],[-46.375031,-5.677134],[-46.376751,-5.679487],[-46.375995,-5.681948],[-46.375469,-5.684842],[-46.376551,-5.686288],[-46.377719,-5.688925],[-46.378446,-5.689827],[-46.379976,-5.690827],[-46.381273,-5.691151],[-46.381332,-5.694188],[-46.381171,-5.696721],[-46.381887,-5.697896],[-46.383864,-5.699988],[-46.385414,-5.700892],[-46.386752,-5.70144],[-46.388031,-5.701627],[-46.389388,-5.702174],[-46.389031,-5.704528],[-46.389746,-5.707065],[-46.390748,-5.707794],[-46.392089,-5.707891],[-46.393805,-5.710058],[-46.394528,-5.711512],[-46.396528,-5.713868],[-46.397887,-5.716135],[-46.398889,-5.716867],[-46.400504,-5.71696],[-46.401588,-5.717592],[-46.402782,-5.717412],[-46.403942,-5.717777],[-46.406199,-5.719143],[-46.405749,-5.721686],[-46.405028,-5.723036],[-46.406194,-5.724215],[-46.407751,-5.723402],[-46.409,-5.722406],[-46.410447,-5.724307],[-46.411811,-5.724218],[-46.412893,-5.723587],[-46.414612,-5.723411],[-46.415527,-5.722412],[-46.416698,-5.722688],[-46.418059,-5.723501],[-46.418778,-5.725225],[-46.419779,-5.725857],[-46.42131,-5.726136],[-46.422028,-5.725045],[-46.423139,-5.72441],[-46.424227,-5.723422],[-46.424669,-5.724768],[-46.427636,-5.723691],[-46.428838,-5.723687],[-46.429919,-5.724509],[-46.431368,-5.724779],[-46.432442,-5.72397],[-46.434171,-5.723874],[-46.43589,-5.724247],[-46.437695,-5.724333],[-46.439974,-5.726238],[-46.440419,-5.727326],[-46.441498,-5.728051],[-46.440865,-5.729142],[-46.441521,-5.730333],[-46.442665,-5.731498],[-46.44656,-5.732591],[-46.447643,-5.733322],[-46.448001,-5.737127],[-46.449446,-5.737578],[-46.449924,-5.739027],[-46.449726,-5.740397],[-46.45036,-5.741571],[-46.453168,-5.741482],[-46.454809,-5.741753],[-46.457423,-5.738676],[-46.45986,-5.741935],[-46.460221,-5.743389],[-46.459668,-5.744478],[-46.459941,-5.746109],[-46.460582,-5.747558],[-46.461943,-5.748477],[-46.462385,-5.749652],[-46.46356,-5.75038],[-46.464838,-5.750019],[-46.46611,-5.749411],[-46.468048,-5.750647],[-46.469552,-5.751102],[-46.471301,-5.750676],[-46.472668,-5.750939],[-46.474222,-5.751491],[-46.47536,-5.751463],[-46.478771,-5.749675],[-46.48024,-5.749115],[-46.481062,-5.748394],[-46.484378,-5.748334],[-46.485691,-5.748887],[-46.487223,-5.749786],[-46.489483,-5.751561],[-46.49033,-5.752511],[-46.4917,-5.753517],[-46.493693,-5.75399],[-46.494474,-5.753803],[-46.495045,-5.753402],[-46.495563,-5.752659],[-46.496267,-5.750343],[-46.499024,-5.745216],[-46.500143,-5.743788],[-46.507254,-5.741268],[-46.507959,-5.741127],[-46.508804,-5.741232],[-46.509995,-5.741548],[-46.512265,-5.742764],[-46.513352,-5.74276],[-46.515647,-5.741507],[-46.517162,-5.741078],[-46.518473,-5.74089],[-46.520576,-5.740884],[-46.522869,-5.740452],[-46.526345,-5.738451],[-46.527822,-5.738076],[-46.528559,-5.738076],[-46.530375,-5.738468],[-46.531249,-5.738917],[-46.533222,-5.74024],[-46.53537,-5.742171],[-46.537036,-5.742511],[-46.538019,-5.742535],[-46.539029,-5.742215],[-46.539627,-5.741789],[-46.540691,-5.740646],[-46.541058,-5.740005],[-46.54198,-5.737135],[-46.542444,-5.736603],[-46.543725,-5.735936],[-46.548267,-5.734835],[-46.54985,-5.734644],[-46.551628,-5.735145],[-46.553476,-5.736069],[-46.554539,-5.736119],[-46.555605,-5.735797],[-46.557895,-5.734756],[-46.558755,-5.734594],[-46.559413,-5.73478],[-46.55974,-5.735151],[-46.559768,-5.735521],[-46.559171,-5.736185],[-46.559089,-5.736665],[-46.559692,-5.737748],[-46.562631,-5.738673],[-46.566347,-5.738956],[-46.568368,-5.739374],[-46.569176,-5.739105],[-46.570452,-5.738013],[-46.572009,-5.73708],[-46.576227,-5.736246],[-46.57721,-5.735871],[-46.579252,-5.734377],[-46.579824,-5.734434],[-46.582245,-5.73522],[-46.582846,-5.735112],[-46.584807,-5.733408],[-46.586718,-5.732766],[-46.587414,-5.73271],[-46.588398,-5.733159],[-46.588755,-5.733769],[-46.588867,-5.734565],[-46.588519,-5.73661],[-46.58739,-5.738394],[-46.587499,-5.738763],[-46.587855,-5.739001],[-46.592035,-5.739548],[-46.595192,-5.740573],[-46.599603,-5.740349],[-46.602673,-5.740473],[-46.606228,-5.74179],[-46.607188,-5.742318],[-46.609073,-5.743852],[-46.608998,-5.745314],[-46.609276,-5.746589],[-46.610465,-5.747407],[-46.610931,-5.748229],[-46.610334,-5.749507],[-46.610419,-5.750432],[-46.610925,-5.750946],[-46.611514,-5.751254],[-46.613003,-5.751516],[-46.614249,-5.752197],[-46.615422,-5.75222],[-46.616913,-5.752623],[-46.618332,-5.752589],[-46.619534,-5.752929],[-46.619931,-5.753406],[-46.620648,-5.754995],[-46.621084,-5.755236],[-46.621575,-5.755314],[-46.622285,-5.755179],[-46.623145,-5.754519],[-46.624221,-5.754324],[-46.625001,-5.754695],[-46.625988,-5.755674],[-46.62659,-5.755989],[-46.627164,-5.756067],[-46.627711,-5.756015],[-46.628391,-5.755561],[-46.629618,-5.754494],[-46.631021,-5.752952],[-46.632273,-5.752204],[-46.633365,-5.752068],[-46.635506,-5.750816],[-46.63739,-5.750411],[-46.638318,-5.750435],[-46.640342,-5.751357],[-46.641108,-5.751969],[-46.642904,-5.754616],[-46.644466,-5.755727],[-46.647539,-5.756409],[-46.648577,-5.756301],[-46.64994,-5.755685],[-46.650786,-5.755788],[-46.651115,-5.756157],[-46.651474,-5.75722],[-46.651789,-5.757511],[-46.6522,-5.757747],[-46.65485,-5.758431],[-46.656957,-5.759539],[-46.657216,-5.759807],[-46.657492,-5.760677],[-46.65785,-5.760865],[-46.65894,-5.760727],[-46.659596,-5.760807],[-46.660774,-5.762105],[-46.661104,-5.762764],[-46.661554,-5.762925],[-46.662074,-5.762871],[-46.664247,-5.762049],[-46.664886,-5.762013],[-46.665349,-5.762724],[-46.665517,-5.763418],[-46.665423,-5.764294],[-46.66559,-5.764823],[-46.666054,-5.765381],[-46.667341,-5.76612],[-46.669927,-5.768156],[-46.670665,-5.76834],[-46.671485,-5.768179],[-46.673369,-5.767322],[-46.674156,-5.766578],[-46.674959,-5.764983],[-46.675966,-5.764025],[-46.676402,-5.763865],[-46.677934,-5.76492],[-46.67859,-5.765132],[-46.67911,-5.765024],[-46.679763,-5.764624],[-46.681792,-5.762388],[-46.682634,-5.761189],[-46.682687,-5.76034],[-46.681837,-5.75868],[-46.681929,-5.758006],[-46.682472,-5.757049],[-46.684106,-5.755452],[-46.685586,-5.752714],[-46.686514,-5.752231],[-46.687109,-5.751011],[-46.687791,-5.750369],[-46.689987,-5.749222],[-46.690613,-5.748529],[-46.691156,-5.747491],[-46.692482,-5.745722],[-46.694082,-5.743979],[-46.694736,-5.743605],[-46.695964,-5.743417],[-46.698891,-5.744549],[-46.700871,-5.745073],[-46.702019,-5.744937],[-46.704091,-5.743977],[-46.704719,-5.744027],[-46.705377,-5.744266],[-46.70591,-5.744742],[-46.706868,-5.74609],[-46.707667,-5.746808],[-46.709413,-5.747306],[-46.711259,-5.748467],[-46.714428,-5.74867],[-46.715441,-5.750049],[-46.715796,-5.749994],[-46.716153,-5.749648],[-46.717824,-5.747174],[-46.718941,-5.746109],[-46.720359,-5.745493],[-46.721984,-5.745622],[-46.725974,-5.746564],[-46.727997,-5.747701],[-46.730524,-5.747507],[-46.730934,-5.747665],[-46.731292,-5.748195],[-46.731511,-5.748936],[-46.731895,-5.749176],[-46.733663,-5.749603],[-46.734672,-5.750363],[-46.734787,-5.752855],[-46.735142,-5.753255],[-46.736318,-5.753833],[-46.737074,-5.754579],[-46.737322,-5.755293],[-46.736672,-5.757899],[-46.736517,-5.760023],[-46.736696,-5.761081],[-46.736917,-5.761718],[-46.737752,-5.76241],[-46.738496,-5.763574],[-46.738946,-5.766418],[-46.739873,-5.768769],[-46.741163,-5.770334],[-46.741987,-5.771764],[-46.742031,-5.772849],[-46.741705,-5.77405],[-46.739832,-5.777372],[-46.73955,-5.778463],[-46.739551,-5.779094],[-46.740017,-5.779894],[-46.741059,-5.780608],[-46.742507,-5.781293],[-46.745172,-5.78179],[-46.747062,-5.783483],[-46.748185,-5.785334],[-46.749432,-5.785891],[-46.749761,-5.786288],[-46.750228,-5.787507],[-46.751296,-5.788671],[-46.753143,-5.789595],[-46.754349,-5.790707],[-46.7552,-5.791216],[-46.756402,-5.792453],[-46.756786,-5.793247],[-46.756793,-5.793979],[-46.755988,-5.795454],[-46.755637,-5.796569],[-46.755506,-5.798536],[-46.755726,-5.799039],[-46.756631,-5.799727],[-46.757057,-5.800733],[-46.758755,-5.80182],[-46.759602,-5.802822],[-46.759633,-5.803859],[-46.759308,-5.804866],[-46.759325,-5.80532],[-46.759598,-5.805797],[-46.759926,-5.806007],[-46.760366,-5.806007],[-46.761209,-5.805791],[-46.761427,-5.805844],[-46.761565,-5.806134],[-46.76122,-5.80732],[-46.761573,-5.808496],[-46.761322,-5.808977],[-46.761206,-5.809861],[-46.76135,-5.810539],[-46.76165,-5.810887],[-46.761873,-5.812902],[-46.762561,-5.814469],[-46.76266,-5.815156],[-46.762555,-5.816964],[-46.762804,-5.818157],[-46.763187,-5.818633],[-46.764201,-5.819373],[-46.766349,-5.82027],[-46.766868,-5.82072],[-46.767366,-5.822126],[-46.76843,-5.822891],[-46.768683,-5.824059],[-46.769652,-5.824268],[-46.770556,-5.82506],[-46.772704,-5.82546],[-46.77453,-5.825325],[-46.775588,-5.825797],[-46.776752,-5.826728],[-46.777213,-5.827307],[-46.778198,-5.82764],[-46.779208,-5.82761],[-46.781022,-5.826807],[-46.781159,-5.827023],[-46.780968,-5.827367],[-46.780234,-5.82819],[-46.780566,-5.828722],[-46.782154,-5.829516],[-46.782425,-5.829915],[-46.782254,-5.831579],[-46.782721,-5.832987],[-46.782291,-5.834823],[-46.782867,-5.835563],[-46.784658,-5.836169],[-46.784877,-5.836407],[-46.785046,-5.837336],[-46.786003,-5.838419],[-46.785812,-5.839057],[-46.784885,-5.839437],[-46.784834,-5.839725],[-46.785204,-5.84052],[-46.784121,-5.841962],[-46.784065,-5.843089],[-46.784287,-5.84444],[-46.783133,-5.846382],[-46.782949,-5.847817],[-46.78328,-5.849169],[-46.783919,-5.850136],[-46.78551,-5.851443],[-46.786006,-5.852399],[-46.785765,-5.854045],[-46.786391,-5.857577],[-46.78645,-5.858663],[-46.786153,-5.859994],[-46.786182,-5.860734],[-46.78665,-5.861475],[-46.787719,-5.862495],[-46.790393,-5.86472],[-46.791756,-5.865654],[-46.79281,-5.867122],[-46.793653,-5.868678],[-46.794713,-5.871775],[-46.794699,-5.875384],[-46.794467,-5.87616],[-46.793543,-5.87717],[-46.792917,-5.878128],[-46.792729,-5.879138],[-46.792787,-5.880385],[-46.792381,-5.885302],[-46.792703,-5.88803],[-46.792755,-5.89072],[-46.792217,-5.892538],[-46.791063,-5.893957],[-46.788286,-5.895079],[-46.784799,-5.897587],[-46.782447,-5.898789],[-46.79169,-5.898133],[-46.793315,-5.897398],[-46.795656,-5.895652],[-46.79666,-5.895469],[-46.79772,-5.894732],[-46.799284,-5.894303],[-46.802282,-5.892167],[-46.803471,-5.891674],[-46.804503,-5.891764],[-46.807193,-5.89151],[-46.813958,-5.89222],[-46.821188,-5.89235],[-46.823756,-5.892586],[-46.830298,-5.892348],[-46.830926,-5.893322],[-46.831742,-5.893989],[-46.833684,-5.89446],[-46.836508,-5.896523],[-46.83736,-5.898374],[-46.839055,-5.900257],[-46.842257,-5.903167],[-46.846868,-5.905431],[-46.850002,-5.90646],[-46.854131,-5.906138],[-46.858256,-5.904543],[-46.859226,-5.904024],[-46.859758,-5.90394],[-46.867527,-5.905742],[-46.873336,-5.911228],[-46.874904,-5.911648],[-46.875965,-5.911156],[-46.877461,-5.909505],[-46.878205,-5.907622],[-46.87973,-5.904849],[-46.881475,-5.902286],[-46.885911,-5.899722],[-46.88722,-5.897827],[-46.888119,-5.895366],[-46.889993,-5.893649],[-46.891554,-5.893101],[-46.892988,-5.891514],[-46.893421,-5.889803],[-46.89232,-5.88838],[-46.891191,-5.887714],[-46.889933,-5.885837],[-46.889489,-5.884012],[-46.889295,-5.882313],[-46.888537,-5.880363],[-46.888315,-5.879361],[-46.888184,-5.877416],[-46.887803,-5.876017],[-46.886859,-5.874438],[-46.885743,-5.868511],[-46.885862,-5.866692],[-46.887483,-5.86467],[-46.888786,-5.861086],[-46.889246,-5.858254],[-46.888735,-5.855699],[-46.889033,-5.851193],[-46.888091,-5.849739],[-46.886047,-5.847227],[-46.885352,-5.844976],[-46.88572,-5.842905],[-46.884775,-5.840901],[-46.883581,-5.839747],[-46.883265,-5.838537],[-46.883162,-5.836068],[-46.882469,-5.83522],[-46.881403,-5.834439],[-46.87827,-5.83311],[-46.877639,-5.831467],[-46.877247,-5.828746],[-46.87909,-5.825269],[-46.879307,-5.823821],[-46.881142,-5.822323],[-46.882583,-5.822519],[-46.884532,-5.824907],[-46.886368,-5.824585],[-46.887086,-5.823497],[-46.887309,-5.820875],[-46.889335,-5.819186],[-46.890281,-5.817935],[-46.890756,-5.816766],[-46.890583,-5.815401],[-46.890616,-5.813584],[-46.891008,-5.811865],[-46.892202,-5.810883],[-46.893677,-5.810011],[-46.894592,-5.808942],[-46.895474,-5.806326],[-46.894948,-5.804411],[-46.894892,-5.803227],[-46.895677,-5.800341],[-46.895862,-5.79853],[-46.895724,-5.796704],[-46.894448,-5.791781],[-46.895362,-5.790802],[-46.899838,-5.789702],[-46.902029,-5.788475],[-46.903481,-5.787862],[-46.904148,-5.786595],[-46.904232,-5.782155],[-46.907086,-5.779027],[-46.906923,-5.777573],[-46.904393,-5.777074],[-46.902341,-5.77577],[-46.900475,-5.773372],[-46.900813,-5.770839],[-46.901726,-5.769497],[-46.902648,-5.768698],[-46.903482,-5.767618],[-46.903315,-5.766435],[-46.90234,-5.765063],[-46.901509,-5.762228],[-46.901417,-5.760961],[-46.902013,-5.759604],[-46.903173,-5.759086],[-46.904341,-5.759561],[-46.905586,-5.760398],[-46.906593,-5.761416],[-46.907642,-5.762071],[-46.90884,-5.761644],[-46.909754,-5.760655],[-46.913036,-5.760254],[-46.914566,-5.760646],[-46.915921,-5.760671],[-46.917036,-5.760333],[-46.917864,-5.759072],[-46.916365,-5.756138],[-46.917759,-5.755167],[-46.919788,-5.753117],[-46.918695,-5.752461],[-46.917421,-5.752527],[-46.916143,-5.753139],[-46.915539,-5.752135],[-46.915645,-5.750238],[-46.916392,-5.748876],[-46.918058,-5.747823],[-46.919087,-5.745749],[-46.917199,-5.744264],[-46.916695,-5.74272],[-46.916727,-5.741545],[-46.916008,-5.740525],[-46.914954,-5.739688],[-46.91367,-5.73904],[-46.913146,-5.737669],[-46.914474,-5.735422],[-46.916031,-5.734351],[-46.919314,-5.733236],[-46.920587,-5.731722],[-46.919906,-5.730336],[-46.919194,-5.727835],[-46.919202,-5.726435],[-46.918919,-5.724017],[-46.916968,-5.721974],[-46.917128,-5.720804],[-46.917794,-5.72033],[-46.9195,-5.720184],[-46.921114,-5.719794],[-46.923241,-5.717361],[-46.923234,-5.715663],[-46.922254,-5.714615],[-46.918582,-5.71297],[-46.916302,-5.710522],[-46.914803,-5.709894],[-46.914145,-5.708777],[-46.913517,-5.705954],[-46.912469,-5.704776],[-46.91201,-5.703621],[-46.911345,-5.700775],[-46.911314,-5.697937],[-46.911513,-5.696215],[-46.913992,-5.696215],[-46.915361,-5.696514],[-46.916348,-5.697562],[-46.920219,-5.699146],[-46.920847,-5.698702],[-46.923892,-5.695198],[-46.923539,-5.693943],[-46.92282,-5.693347],[-46.923509,-5.690256],[-46.921688,-5.688848],[-46.921856,-5.684824],[-46.922224,-5.683615],[-46.923739,-5.682513],[-46.926487,-5.682865],[-46.927055,-5.683092],[-46.927882,-5.683061],[-46.928035,-5.682648],[-46.927836,-5.682112],[-46.927331,-5.681607],[-46.926719,-5.6815],[-46.925602,-5.681653],[-46.925173,-5.681439],[-46.925036,-5.680949],[-46.925082,-5.680582],[-46.925388,-5.680215],[-46.926398,-5.679557],[-46.92678,-5.678777],[-46.926902,-5.675227],[-46.92981,-5.671907],[-46.930636,-5.671493],[-46.93223,-5.671429],[-46.933348,-5.671065],[-46.934126,-5.66994],[-46.934111,-5.668096],[-46.933919,-5.66711],[-46.934493,-5.66434],[-46.934615,-5.661804],[-46.935162,-5.660381],[-46.935943,-5.65965],[-46.936214,-5.659172],[-46.936334,-5.658186],[-46.936036,-5.657352],[-46.935478,-5.656893],[-46.933993,-5.656334],[-46.932838,-5.656396],[-46.931286,-5.65696],[-46.92878,-5.657085],[-46.925494,-5.65682],[-46.925295,-5.656705],[-46.92515,-5.656193],[-46.925819,-5.655217],[-46.92723,-5.65415],[-46.928374,-5.653504],[-46.929667,-5.653202],[-46.930348,-5.652593],[-46.931545,-5.65205],[-46.932406,-5.65065],[-46.93298,-5.648741],[-46.932999,-5.647467],[-46.933645,-5.646025],[-46.934322,-5.645482],[-46.934173,-5.645176],[-46.934403,-5.64482],[-46.93459,-5.643531],[-46.934257,-5.64272],[-46.933668,-5.642475],[-46.933982,-5.642246],[-46.934192,-5.640719],[-46.933056,-5.639775],[-46.932739,-5.63909],[-46.933136,-5.638646],[-46.934384,-5.638363],[-46.934636,-5.638072],[-46.934919,-5.635043],[-46.935669,-5.634507],[-46.93674,-5.6344],[-46.938619,-5.634935],[-46.942281,-5.636543],[-46.943852,-5.636708],[-46.944453,-5.636322],[-46.944675,-5.635618],[-46.944736,-5.634127],[-46.94414,-5.632719],[-46.943895,-5.632482],[-46.943918,-5.631992],[-46.944943,-5.63146],[-46.945884,-5.631399],[-46.946052,-5.630871],[-46.945372,-5.629035],[-46.944155,-5.629035],[-46.944037,-5.628852],[-46.944021,-5.62669],[-46.944308,-5.625967],[-46.945467,-5.624973],[-46.945383,-5.623646],[-46.944832,-5.622773],[-46.942996,-5.621503],[-46.942874,-5.62031],[-46.943302,-5.618795],[-46.945307,-5.616515],[-46.946622,-5.615628],[-46.946043,-5.614595],[-46.944502,-5.613525],[-46.943058,-5.613504],[-46.941338,-5.613925],[-46.939868,-5.613994],[-46.938972,-5.613161],[-46.938758,-5.611619],[-46.939927,-5.611179],[-46.941479,-5.610931],[-46.946007,-5.610934],[-46.947205,-5.610216],[-46.947589,-5.608319],[-46.947451,-5.606328],[-46.945867,-5.603757],[-46.943281,-5.600897],[-46.943593,-5.599088],[-46.944585,-5.598462],[-46.945534,-5.596851],[-46.946007,-5.595041],[-46.947605,-5.594316],[-46.94838,-5.592708],[-46.948162,-5.591882],[-46.948437,-5.5914],[-46.949252,-5.590459],[-46.950641,-5.589839],[-46.950813,-5.589552],[-46.950675,-5.588313],[-46.950801,-5.588152],[-46.951628,-5.587521],[-46.952397,-5.587303],[-46.953028,-5.587326],[-46.95367,-5.587647],[-46.954084,-5.587647],[-46.954462,-5.586706],[-46.9553,-5.585846],[-46.955174,-5.585478],[-46.954554,-5.585524],[-46.953797,-5.585203],[-46.953556,-5.584606],[-46.953762,-5.584595],[-46.954187,-5.584205],[-46.954141,-5.583987],[-46.953441,-5.583746],[-46.953773,-5.582795],[-46.952533,-5.582053],[-46.951887,-5.581388],[-46.951785,-5.580496],[-46.952805,-5.578195],[-46.952683,-5.577417],[-46.951568,-5.575953],[-46.949131,-5.574855],[-46.948461,-5.573073],[-46.948857,-5.571678],[-46.950667,-5.571149],[-46.951251,-5.569419],[-46.951472,-5.567591],[-46.951064,-5.564734],[-46.951451,-5.563377],[-46.952239,-5.562201],[-46.952372,-5.560653],[-46.95137,-5.558666],[-46.950985,-5.55839],[-46.951363,-5.557063],[-46.951329,-5.555172],[-46.950416,-5.554552],[-46.949192,-5.554211],[-46.948558,-5.554461],[-46.94713,-5.555472],[-46.946454,-5.554734],[-46.946529,-5.554274],[-46.946274,-5.553617],[-46.946612,-5.553273],[-46.946573,-5.552698],[-46.94609,-5.552627],[-46.945551,-5.552006],[-46.945703,-5.551681],[-46.946276,-5.551501],[-46.947023,-5.550708],[-46.947412,-5.549968],[-46.947501,-5.548889],[-46.947892,-5.548788],[-46.947388,-5.548569],[-46.947775,-5.54827],[-46.947395,-5.547886],[-46.947806,-5.547356],[-46.947247,-5.547163],[-46.947342,-5.546899],[-46.947216,-5.546651],[-46.94795,-5.546051],[-46.947995,-5.545825],[-46.947781,-5.545534],[-46.948135,-5.545118],[-46.948453,-5.544128],[-46.947763,-5.543089],[-46.948208,-5.542822],[-46.948291,-5.54233],[-46.947919,-5.540764],[-46.948552,-5.538718],[-46.948552,-5.538174],[-46.947885,-5.53718],[-46.946639,-5.53644],[-46.946429,-5.536112],[-46.94665,-5.535585],[-46.946315,-5.535445],[-46.946198,-5.534866],[-46.946009,-5.534673],[-46.946192,-5.534348],[-46.946236,-5.533469],[-46.946636,-5.533206],[-46.946503,-5.532535],[-46.946723,-5.531627],[-46.947894,-5.531538],[-46.948107,-5.531296],[-46.948107,-5.531029],[-46.947852,-5.530715],[-46.948169,-5.530142],[-46.948155,-5.529824],[-46.94743,-5.529682],[-46.947312,-5.530002],[-46.947622,-5.530393],[-46.947365,-5.530807],[-46.946924,-5.530465],[-46.947175,-5.530297],[-46.946853,-5.529778],[-46.946875,-5.529046],[-46.946565,-5.529068],[-46.946377,-5.529502],[-46.946106,-5.529198],[-46.946712,-5.528624],[-46.946492,-5.52839],[-46.946591,-5.528269],[-46.946346,-5.524919],[-46.947541,-5.523739],[-46.947835,-5.522618],[-46.947455,-5.521115],[-46.947318,-5.521286],[-46.946876,-5.52088],[-46.946476,-5.521106],[-46.94592,-5.52064],[-46.944505,-5.520486],[-46.944076,-5.520028],[-46.943468,-5.519766],[-46.943397,-5.519333],[-46.943539,-5.51884],[-46.943194,-5.518368],[-46.941954,-5.517698],[-46.94211,-5.516722],[-46.943206,-5.51619],[-46.94427,-5.51621],[-46.944687,-5.515863],[-46.944825,-5.515514],[-46.945383,-5.51517],[-46.945328,-5.514514],[-46.946067,-5.514049],[-46.946472,-5.513564],[-46.946459,-5.513386],[-46.94605,-5.513203],[-46.945951,-5.512952],[-46.946465,-5.512644],[-46.946323,-5.512378],[-46.946408,-5.512099],[-46.946612,-5.511633],[-46.947074,-5.511395],[-46.947158,-5.511036],[-46.946629,-5.51062],[-46.945845,-5.510737],[-46.945383,-5.510462],[-46.945072,-5.510486],[-46.945315,-5.510018],[-46.944791,-5.509551],[-46.944635,-5.509965],[-46.944206,-5.509702],[-46.944542,-5.509005],[-46.944425,-5.508843],[-46.943449,-5.509476],[-46.942479,-5.509382],[-46.942222,-5.51021],[-46.941631,-5.510048],[-46.941701,-5.51073],[-46.941167,-5.511215],[-46.940576,-5.510669],[-46.939114,-5.510519],[-46.937987,-5.509918],[-46.937403,-5.509854],[-46.937195,-5.509014],[-46.937365,-5.508323],[-46.936633,-5.508238],[-46.936791,-5.50784],[-46.936146,-5.507381],[-46.936298,-5.507062],[-46.936218,-5.506647],[-46.935495,-5.506169],[-46.934452,-5.506285],[-46.934432,-5.505964],[-46.933555,-5.505618],[-46.933758,-5.505111],[-46.933064,-5.50476],[-46.93323,-5.503908],[-46.933125,-5.50375],[-46.932451,-5.503423],[-46.932072,-5.503575],[-46.931337,-5.50317],[-46.931304,-5.502876],[-46.931787,-5.502606],[-46.931716,-5.502213],[-46.932064,-5.501736],[-46.931877,-5.501447],[-46.932117,-5.500498],[-46.931867,-5.500281],[-46.931497,-5.500361],[-46.931211,-5.50013],[-46.9311,-5.499742],[-46.931245,-5.499039],[-46.931729,-5.498601],[-46.932791,-5.498234],[-46.932723,-5.497968],[-46.933296,-5.497433],[-46.933694,-5.497367],[-46.934036,-5.49708],[-46.934161,-5.496766],[-46.93393,-5.496472],[-46.934178,-5.4963],[-46.934004,-5.495737],[-46.933244,-5.496025],[-46.93251,-5.495852],[-46.932526,-5.495406],[-46.932027,-5.495075],[-46.931731,-5.494563],[-46.930919,-5.494076],[-46.931024,-5.493655],[-46.931381,-5.493427],[-46.931317,-5.492694],[-46.93152,-5.492274],[-46.931076,-5.492033],[-46.930925,-5.491407],[-46.930112,-5.490884],[-46.930051,-5.49065],[-46.930614,-5.489036],[-46.931007,-5.489014],[-46.931418,-5.48855],[-46.931875,-5.488711],[-46.931739,-5.488411],[-46.932118,-5.488294],[-46.932739,-5.487253],[-46.93406,-5.486927],[-46.934336,-5.487048],[-46.934365,-5.486719],[-46.935428,-5.486571],[-46.936056,-5.486248],[-46.935775,-5.485316],[-46.935993,-5.484943],[-46.935699,-5.484503],[-46.934712,-5.484608],[-46.935049,-5.484078],[-46.934373,-5.483385],[-46.933552,-5.483027],[-46.933302,-5.482521],[-46.932855,-5.482592],[-46.932939,-5.48224],[-46.932454,-5.482475],[-46.932185,-5.482136],[-46.931962,-5.482346],[-46.93183,-5.482108],[-46.931512,-5.482135],[-46.93089,-5.481562],[-46.930306,-5.481305],[-46.930466,-5.481001],[-46.930378,-5.480895],[-46.930072,-5.480844],[-46.929479,-5.48107],[-46.929246,-5.480789],[-46.928413,-5.480669],[-46.928128,-5.480468],[-46.927817,-5.480065],[-46.928178,-5.479753],[-46.928366,-5.479211],[-46.928083,-5.478997],[-46.92828,-5.478194],[-46.927993,-5.478002],[-46.927942,-5.477362],[-46.926445,-5.476805],[-46.926549,-5.476521],[-46.925938,-5.475584],[-46.925889,-5.474881],[-46.926177,-5.474424],[-46.926085,-5.473394],[-46.926424,-5.47298],[-46.925847,-5.47254],[-46.92625,-5.471698],[-46.927186,-5.470806],[-46.928118,-5.469385],[-46.92827,-5.468122],[-46.928169,-5.466224],[-46.928479,-5.465227],[-46.928741,-5.464894],[-46.929476,-5.464681],[-46.929597,-5.464317],[-46.930143,-5.464207],[-46.930336,-5.463861],[-46.930661,-5.463693],[-46.93064,-5.463327],[-46.931084,-5.462515],[-46.931154,-5.462029],[-46.93203,-5.461515],[-46.932344,-5.461045],[-46.932358,-5.460513],[-46.931855,-5.46034],[-46.931957,-5.459963],[-46.93173,-5.459491],[-46.931831,-5.459132],[-46.931463,-5.458955],[-46.931515,-5.458588],[-46.931138,-5.458393],[-46.931298,-5.458147],[-46.930992,-5.457547],[-46.93038,-5.457668],[-46.930211,-5.457559],[-46.930851,-5.456793],[-46.930781,-5.456584],[-46.930581,-5.456556],[-46.93065,-5.456296],[-46.930404,-5.456157],[-46.930555,-5.45594],[-46.930419,-5.45548],[-46.930565,-5.45516],[-46.930032,-5.454655],[-46.930019,-5.453943],[-46.929635,-5.453732],[-46.929322,-5.453751],[-46.929322,-5.453266],[-46.928875,-5.453052],[-46.928946,-5.45267],[-46.928674,-5.452695],[-46.928891,-5.452396],[-46.92865,-5.451921],[-46.928939,-5.451227],[-46.928516,-5.450915],[-46.928473,-5.44982],[-46.926899,-5.449762],[-46.926726,-5.449684],[-46.926662,-5.449384],[-46.926303,-5.449509],[-46.925906,-5.449434],[-46.925458,-5.449061],[-46.925322,-5.448322],[-46.924481,-5.448347],[-46.924457,-5.44779],[-46.923667,-5.447342],[-46.923631,-5.446939],[-46.922968,-5.446524],[-46.923038,-5.446161],[-46.923701,-5.445997],[-46.923948,-5.445687],[-46.923297,-5.444826],[-46.923307,-5.444278],[-46.922867,-5.444063],[-46.922424,-5.442774],[-46.921994,-5.442452],[-46.921677,-5.442543],[-46.921595,-5.442275],[-46.921218,-5.442053],[-46.920699,-5.44198],[-46.920507,-5.442289],[-46.920136,-5.441884],[-46.919452,-5.442041],[-46.919078,-5.441963],[-46.918815,-5.440161],[-46.91813,-5.439375],[-46.918361,-5.438881],[-46.918164,-5.438795],[-46.91805,-5.438477],[-46.918186,-5.437596],[-46.917829,-5.437123],[-46.917896,-5.436915],[-46.91815,-5.436877],[-46.917931,-5.436395],[-46.918102,-5.436116],[-46.91766,-5.435899],[-46.917891,-5.435271],[-46.917463,-5.434973],[-46.917641,-5.434398],[-46.917593,-5.433803],[-46.916758,-5.433457],[-46.917084,-5.432831],[-46.916844,-5.432705],[-46.916318,-5.431785],[-46.915613,-5.431277],[-46.915074,-5.43121],[-46.911224,-5.432284],[-46.910835,-5.432137],[-46.910629,-5.431826],[-46.910072,-5.431878],[-46.910525,-5.431516],[-46.910092,-5.430801],[-46.909206,-5.431384],[-46.908668,-5.431476],[-46.908567,-5.431113],[-46.909045,-5.429413],[-46.908967,-5.429197],[-46.908562,-5.429171],[-46.908635,-5.428631],[-46.909482,-5.428605],[-46.909542,-5.428827],[-46.910576,-5.429428],[-46.910826,-5.429337],[-46.911004,-5.429038],[-46.909797,-5.427681],[-46.909757,-5.427028],[-46.909173,-5.426161],[-46.909113,-5.425557],[-46.909642,-5.42432],[-46.909326,-5.423495],[-46.909078,-5.423322],[-46.908373,-5.423546],[-46.907882,-5.423124],[-46.907772,-5.422783],[-46.908419,-5.422329],[-46.908328,-5.421737],[-46.908785,-5.421236],[-46.908925,-5.420712],[-46.910034,-5.420088],[-46.910523,-5.419616],[-46.910669,-5.419075],[-46.910504,-5.41872],[-46.909805,-5.418363],[-46.908955,-5.418519],[-46.908331,-5.417556],[-46.907987,-5.417503],[-46.907656,-5.417687],[-46.907105,-5.41746],[-46.906681,-5.417662],[-46.906162,-5.418756],[-46.905442,-5.418818],[-46.905183,-5.418596],[-46.905294,-5.418142],[-46.904818,-5.417581],[-46.904396,-5.417585],[-46.903857,-5.418165],[-46.90321,-5.417307],[-46.901843,-5.416474],[-46.90141,-5.415917],[-46.901164,-5.415179],[-46.901176,-5.413822],[-46.901418,-5.413556],[-46.901731,-5.411747],[-46.902044,-5.411559],[-46.902126,-5.411294],[-46.901801,-5.410384],[-46.902226,-5.410414],[-46.902553,-5.410042],[-46.902814,-5.409589],[-46.902877,-5.409017],[-46.901854,-5.408081],[-46.901719,-5.407271],[-46.901305,-5.406853],[-46.90171,-5.406572],[-46.901556,-5.406286],[-46.901711,-5.405967],[-46.901651,-5.405365],[-46.900966,-5.405205],[-46.900787,-5.404764],[-46.900171,-5.404361],[-46.900236,-5.403747],[-46.900044,-5.403399],[-46.900145,-5.402836],[-46.899487,-5.401613],[-46.899592,-5.401315],[-46.900172,-5.400981],[-46.900404,-5.400412],[-46.90005,-5.39999],[-46.901019,-5.399255],[-46.901115,-5.39876],[-46.899683,-5.397712],[-46.89975,-5.397571],[-46.900889,-5.397331],[-46.900518,-5.39695],[-46.899946,-5.396705],[-46.899711,-5.396249],[-46.900303,-5.395979],[-46.900194,-5.39559],[-46.900305,-5.395255],[-46.901333,-5.394587],[-46.901646,-5.394013],[-46.90144,-5.393914],[-46.900964,-5.394215],[-46.900756,-5.393807],[-46.900413,-5.393727],[-46.900444,-5.39345],[-46.90093,-5.393141],[-46.900413,-5.392767],[-46.900554,-5.392179],[-46.900083,-5.39211],[-46.899848,-5.391622],[-46.899857,-5.391324],[-46.900328,-5.391426],[-46.900644,-5.390986],[-46.900267,-5.390884],[-46.900044,-5.39059],[-46.900414,-5.390108],[-46.900566,-5.389344],[-46.899881,-5.389293],[-46.899857,-5.389072],[-46.900045,-5.388987],[-46.900011,-5.388582],[-46.899015,-5.387205],[-46.898716,-5.387154],[-46.898042,-5.387393],[-46.898004,-5.387198],[-46.898352,-5.385956],[-46.898945,-5.386131],[-46.899269,-5.385727],[-46.900305,-5.385006],[-46.90033,-5.384724],[-46.899631,-5.383969],[-46.900168,-5.383892],[-46.900294,-5.383685],[-46.899899,-5.383232],[-46.900232,-5.383183],[-46.900383,-5.382876],[-46.89987,-5.382548],[-46.900415,-5.382484],[-46.90045,-5.381896],[-46.900838,-5.381865],[-46.901205,-5.381331],[-46.90215,-5.38093],[-46.902199,-5.380767],[-46.901901,-5.380453],[-46.90227,-5.380321],[-46.902391,-5.379662],[-46.90362,-5.378279],[-46.904357,-5.378034],[-46.904476,-5.377841],[-46.904239,-5.37757],[-46.904314,-5.37724],[-46.903899,-5.37699],[-46.904241,-5.376484],[-46.904109,-5.375871],[-46.90455,-5.374791],[-46.905003,-5.375099],[-46.905208,-5.374984],[-46.905054,-5.374301],[-46.905473,-5.374191],[-46.905421,-5.373952],[-46.905037,-5.373625],[-46.905358,-5.373155],[-46.905137,-5.373038],[-46.905305,-5.372795],[-46.905496,-5.372906],[-46.905767,-5.372796],[-46.90577,-5.371962],[-46.906007,-5.371899],[-46.906071,-5.371667],[-46.906723,-5.371113],[-46.906644,-5.370895],[-46.906852,-5.370496],[-46.906659,-5.370345],[-46.906989,-5.369838],[-46.906667,-5.369557],[-46.906217,-5.369506],[-46.905641,-5.36847],[-46.905643,-5.36808],[-46.905977,-5.367486],[-46.906003,-5.366919],[-46.905694,-5.366576],[-46.90578,-5.365901],[-46.905598,-5.365482],[-46.905992,-5.365376],[-46.906201,-5.363611],[-46.906534,-5.363817],[-46.906699,-5.363546],[-46.907022,-5.363567],[-46.906853,-5.363343],[-46.906428,-5.363222],[-46.906163,-5.362635],[-46.905747,-5.362357],[-46.905709,-5.361735],[-46.905994,-5.3614],[-46.905571,-5.360787],[-46.905907,-5.36052],[-46.905921,-5.360214],[-46.905434,-5.360024],[-46.905591,-5.35954],[-46.904919,-5.358986],[-46.905405,-5.358728],[-46.905877,-5.357416],[-46.905889,-5.35507],[-46.905294,-5.354701],[-46.905334,-5.354486],[-46.903853,-5.35349],[-46.903355,-5.353382],[-46.903212,-5.353625],[-46.903027,-5.35351],[-46.903024,-5.353057],[-46.902709,-5.352733],[-46.902929,-5.352017],[-46.902721,-5.351595],[-46.902994,-5.350301],[-46.90283,-5.350169],[-46.902483,-5.350296],[-46.901986,-5.350157],[-46.902007,-5.349758],[-46.901655,-5.349578],[-46.901294,-5.349022],[-46.900975,-5.349059],[-46.900888,-5.348559],[-46.90128,-5.348072],[-46.90135,-5.34769],[-46.900505,-5.347299],[-46.900795,-5.346804],[-46.900178,-5.345751],[-46.900424,-5.344846],[-46.900429,-5.343201],[-46.900941,-5.342542],[-46.900948,-5.342272],[-46.900188,-5.341277],[-46.90035,-5.341056],[-46.900174,-5.340871],[-46.900268,-5.340756],[-46.900132,-5.340419],[-46.900328,-5.340232],[-46.90023,-5.339816],[-46.900441,-5.339617],[-46.900266,-5.3395],[-46.900401,-5.339139],[-46.900969,-5.338568],[-46.901713,-5.338617],[-46.901694,-5.338417],[-46.901004,-5.338134],[-46.90127,-5.337852],[-46.901618,-5.337947],[-46.901909,-5.337799],[-46.901743,-5.337496],[-46.901403,-5.337414],[-46.901369,-5.337161],[-46.902393,-5.336815],[-46.903131,-5.335672],[-46.902867,-5.33483],[-46.903073,-5.334451],[-46.902311,-5.33371],[-46.902125,-5.333046],[-46.902493,-5.332934],[-46.902799,-5.332495],[-46.902527,-5.331995],[-46.902838,-5.331925],[-46.902891,-5.331773],[-46.902577,-5.331478],[-46.903044,-5.331316],[-46.903245,-5.330771],[-46.903508,-5.330585],[-46.903236,-5.330257],[-46.902658,-5.330351],[-46.902413,-5.330147],[-46.903137,-5.328986],[-46.903171,-5.328336],[-46.903446,-5.328169],[-46.90318,-5.327752],[-46.903582,-5.327533],[-46.90348,-5.327063],[-46.903857,-5.326334],[-46.904396,-5.325989],[-46.904141,-5.325634],[-46.904848,-5.325402],[-46.905413,-5.325817],[-46.905584,-5.32556],[-46.905519,-5.324926],[-46.906099,-5.324348],[-46.905812,-5.323924],[-46.905938,-5.323171],[-46.905844,-5.322753],[-46.905187,-5.322391],[-46.905053,-5.321953],[-46.90515,-5.321638],[-46.905736,-5.321245],[-46.905697,-5.321024],[-46.905383,-5.320814],[-46.905702,-5.320576],[-46.905209,-5.32047],[-46.905744,-5.319915],[-46.905697,-5.319443],[-46.906063,-5.319252],[-46.905381,-5.318491],[-46.905863,-5.317502],[-46.906074,-5.317523],[-46.906396,-5.317895],[-46.906858,-5.317647],[-46.906879,-5.31677],[-46.906561,-5.316715],[-46.906439,-5.316365],[-46.906652,-5.316021],[-46.906621,-5.315732],[-46.90708,-5.315329],[-46.906871,-5.315088],[-46.906529,-5.315097],[-46.906449,-5.314421],[-46.906783,-5.314408],[-46.906653,-5.314088],[-46.906742,-5.313074],[-46.907205,-5.312782],[-46.907107,-5.312336],[-46.907346,-5.311969],[-46.906956,-5.31164],[-46.906608,-5.311663],[-46.906903,-5.310237],[-46.906533,-5.310153],[-46.906443,-5.309712],[-46.906633,-5.30939],[-46.907543,-5.309264],[-46.907747,-5.308855],[-46.907546,-5.308642],[-46.907041,-5.308619],[-46.906692,-5.307822],[-46.906869,-5.307227],[-46.9061,-5.307178],[-46.906342,-5.306472],[-46.905851,-5.305937],[-46.905768,-5.30563],[-46.90631,-5.305303],[-46.907027,-5.305375],[-46.90706,-5.304647],[-46.907436,-5.304181],[-46.907979,-5.303843],[-46.909067,-5.303562],[-46.908963,-5.301729],[-46.908634,-5.301083],[-46.908694,-5.300504],[-46.908318,-5.29779],[-46.908983,-5.296111],[-46.909919,-5.295417],[-46.909783,-5.29453],[-46.910454,-5.294333],[-46.91052,-5.293628],[-46.910206,-5.293414],[-46.911037,-5.292333],[-46.910938,-5.291906],[-46.911666,-5.291492],[-46.911714,-5.290977],[-46.912306,-5.291129],[-46.912288,-5.290522],[-46.912001,-5.290089],[-46.912359,-5.289531],[-46.911986,-5.289079],[-46.912436,-5.28886],[-46.912221,-5.288126],[-46.912418,-5.28767],[-46.912442,-5.286954],[-46.911793,-5.286844],[-46.911062,-5.287032],[-46.910772,-5.286806],[-46.910199,-5.286819],[-46.910135,-5.286112],[-46.910442,-5.28613],[-46.910464,-5.285642],[-46.910712,-5.285353],[-46.910323,-5.285115],[-46.909894,-5.28419],[-46.909579,-5.284286],[-46.909375,-5.283936],[-46.909149,-5.283876],[-46.909254,-5.283512],[-46.908899,-5.283166],[-46.908513,-5.282205],[-46.908145,-5.281871],[-46.908038,-5.281388],[-46.90811,-5.281114],[-46.9088,-5.280569],[-46.909091,-5.279993],[-46.908524,-5.279522],[-46.908836,-5.279314],[-46.908805,-5.279021],[-46.909008,-5.278898],[-46.908909,-5.278303],[-46.908726,-5.278174],[-46.908143,-5.2784],[-46.907584,-5.278167],[-46.907684,-5.277396],[-46.907147,-5.277155],[-46.907211,-5.276168],[-46.907475,-5.276002],[-46.907501,-5.275791],[-46.907019,-5.275565],[-46.906679,-5.27485],[-46.906309,-5.274474],[-46.906466,-5.274235],[-46.905675,-5.273044],[-46.90558,-5.272414],[-46.905346,-5.272051],[-46.905505,-5.271722],[-46.90482,-5.271633],[-46.904671,-5.271364],[-46.904441,-5.271424],[-46.904151,-5.27011],[-46.904006,-5.270039],[-46.903863,-5.270243],[-46.903595,-5.270232],[-46.903783,-5.269855],[-46.902358,-5.268009],[-46.902212,-5.267579],[-46.902636,-5.267553],[-46.902675,-5.267405],[-46.902436,-5.26468],[-46.902317,-5.26422],[-46.901233,-5.263123],[-46.901439,-5.26236],[-46.901979,-5.261824],[-46.902692,-5.26175],[-46.903437,-5.261328],[-46.904246,-5.260722],[-46.905073,-5.259732],[-46.905718,-5.259374],[-46.90568,-5.258966],[-46.904673,-5.258892],[-46.904595,-5.258544],[-46.904298,-5.258228],[-46.904495,-5.257648],[-46.904922,-5.257133],[-46.904541,-5.256701],[-46.904787,-5.256287],[-46.904489,-5.255956],[-46.904092,-5.255986],[-46.903851,-5.255644],[-46.903443,-5.255553],[-46.902955,-5.25381],[-46.901352,-5.25277],[-46.901083,-5.252013],[-46.901194,-5.251085],[-46.90024,-5.250998],[-46.899773,-5.250428],[-46.899591,-5.250665],[-46.899094,-5.250449],[-46.898589,-5.249662],[-46.898548,-5.249329],[-46.899873,-5.249281],[-46.900206,-5.248878],[-46.899431,-5.247804],[-46.89906,-5.247749],[-46.899353,-5.247161],[-46.89909,-5.246482],[-46.899402,-5.245708],[-46.899,-5.245384],[-46.899219,-5.245162],[-46.899216,-5.244837],[-46.898684,-5.244858],[-46.898884,-5.244217],[-46.89869,-5.24411],[-46.898492,-5.244285],[-46.898362,-5.244137],[-46.898355,-5.243349],[-46.898163,-5.242722],[-46.897567,-5.24249],[-46.897792,-5.242216],[-46.897718,-5.24182],[-46.896975,-5.241267],[-46.896771,-5.241334],[-46.896567,-5.241767],[-46.896234,-5.241549],[-46.896405,-5.240728],[-46.896225,-5.240383],[-46.896735,-5.239479],[-46.897202,-5.239373],[-46.897031,-5.238612],[-46.897243,-5.238326],[-46.897691,-5.23813],[-46.897819,-5.2378],[-46.897219,-5.236567],[-46.896873,-5.237066],[-46.896547,-5.237162],[-46.896463,-5.236928],[-46.896068,-5.236708],[-46.896281,-5.236044],[-46.895893,-5.235802],[-46.895776,-5.23551],[-46.896616,-5.234251],[-46.896319,-5.233971],[-46.896104,-5.233303],[-46.895136,-5.232727],[-46.894621,-5.233063],[-46.894266,-5.233526],[-46.894042,-5.233547],[-46.893693,-5.233103],[-46.892875,-5.23277],[-46.892724,-5.232572],[-46.892716,-5.232247],[-46.893135,-5.231678],[-46.894032,-5.231759],[-46.894205,-5.231553],[-46.894114,-5.230809],[-46.893455,-5.230193],[-46.893791,-5.229941],[-46.893417,-5.229591],[-46.892997,-5.228325],[-46.893186,-5.22812],[-46.89316,-5.22778],[-46.892379,-5.226491],[-46.891178,-5.224984],[-46.890324,-5.224308],[-46.889977,-5.224232],[-46.889617,-5.223779],[-46.889442,-5.223171],[-46.889067,-5.222775],[-46.888827,-5.221364],[-46.888301,-5.220527],[-46.888646,-5.220262],[-46.888343,-5.220015],[-46.888358,-5.219348],[-46.888191,-5.219033],[-46.888443,-5.218826],[-46.888396,-5.218396],[-46.888066,-5.218427],[-46.888039,-5.218046],[-46.887715,-5.217863],[-46.888001,-5.217172],[-46.887429,-5.216956],[-46.88702,-5.216213],[-46.887344,-5.215455],[-46.887187,-5.215344],[-46.88704,-5.214661],[-46.887261,-5.214381],[-46.887262,-5.213792],[-46.887763,-5.213628],[-46.88792,-5.213257],[-46.88805,-5.213438],[-46.888267,-5.213396],[-46.88833,-5.213614],[-46.888553,-5.213615],[-46.889106,-5.212513],[-46.888991,-5.211993],[-46.888324,-5.211777],[-46.888098,-5.211459],[-46.888242,-5.21097],[-46.888785,-5.210849],[-46.889465,-5.209554],[-46.889288,-5.209089],[-46.888513,-5.208188],[-46.888847,-5.208132],[-46.889324,-5.207654],[-46.889645,-5.207794],[-46.889861,-5.207702],[-46.889655,-5.207337],[-46.889873,-5.206797],[-46.889732,-5.206378],[-46.890392,-5.205428],[-46.890624,-5.204526],[-46.890413,-5.203781],[-46.890749,-5.203137],[-46.890571,-5.202913],[-46.890201,-5.202817],[-46.890143,-5.20245],[-46.890429,-5.201709],[-46.890223,-5.201391],[-46.889983,-5.199975],[-46.889998,-5.199518],[-46.890291,-5.199234],[-46.890146,-5.198713],[-46.890379,-5.19856],[-46.890211,-5.197898],[-46.89048,-5.197771],[-46.89011,-5.197504],[-46.890494,-5.196732],[-46.890342,-5.196351],[-46.891254,-5.195865],[-46.891484,-5.195268],[-46.892382,-5.194947],[-46.892494,-5.19404],[-46.892368,-5.193736],[-46.892666,-5.192973],[-46.893048,-5.192761],[-46.892901,-5.192439],[-46.893039,-5.191432],[-46.893865,-5.19176],[-46.894166,-5.191493],[-46.893851,-5.190311],[-46.893515,-5.189863],[-46.893682,-5.189476],[-46.893489,-5.188971],[-46.893025,-5.188939],[-46.893016,-5.188681],[-46.893251,-5.188564],[-46.893369,-5.188173],[-46.892729,-5.186905],[-46.892181,-5.186676],[-46.891134,-5.186971],[-46.890431,-5.186306],[-46.890468,-5.185706],[-46.890311,-5.185574],[-46.889573,-5.185362],[-46.888974,-5.185752],[-46.888406,-5.185511],[-46.887955,-5.185049],[-46.887665,-5.184283],[-46.88786,-5.183391],[-46.888219,-5.182915],[-46.889754,-5.182625],[-46.88992,-5.182278],[-46.889711,-5.18167],[-46.888475,-5.181268],[-46.887797,-5.181506],[-46.887049,-5.182043],[-46.886509,-5.1821],[-46.88601,-5.180872],[-46.885401,-5.180569],[-46.884854,-5.179986],[-46.884181,-5.178213],[-46.884418,-5.177622],[-46.883982,-5.177397],[-46.88384,-5.177045],[-46.883391,-5.176801],[-46.882469,-5.177425],[-46.88226,-5.176979],[-46.881768,-5.176863],[-46.880993,-5.176184],[-46.880733,-5.17618],[-46.880396,-5.175717],[-46.879716,-5.175664],[-46.879605,-5.175534],[-46.879574,-5.175212],[-46.879838,-5.174674],[-46.879501,-5.174421],[-46.879105,-5.174453],[-46.879228,-5.173972],[-46.878878,-5.173809],[-46.87903,-5.173685],[-46.8789,-5.1735],[-46.878935,-5.172886],[-46.879133,-5.172449],[-46.879001,-5.17207],[-46.879368,-5.171858],[-46.879276,-5.170487],[-46.878258,-5.169987],[-46.877952,-5.169295],[-46.877493,-5.169372],[-46.87737,-5.169183],[-46.877654,-5.169076],[-46.877516,-5.168052],[-46.878079,-5.167527],[-46.878285,-5.166707],[-46.877964,-5.166271],[-46.877178,-5.166119],[-46.876455,-5.165153],[-46.876144,-5.165191],[-46.875996,-5.164445],[-46.8767,-5.163261],[-46.876934,-5.163222],[-46.877142,-5.16358],[-46.877634,-5.163216],[-46.877215,-5.162768],[-46.877512,-5.161635],[-46.877786,-5.16121],[-46.878792,-5.160963],[-46.879045,-5.160587],[-46.877586,-5.159411],[-46.877311,-5.158932],[-46.876675,-5.158515],[-46.875863,-5.156965],[-46.876077,-5.156479],[-46.876728,-5.155953],[-46.876789,-5.15548],[-46.876635,-5.155179],[-46.876785,-5.154591],[-46.87657,-5.154236],[-46.876735,-5.153835],[-46.875315,-5.1535],[-46.875193,-5.153124],[-46.875464,-5.152667],[-46.874518,-5.15216],[-46.874304,-5.151679],[-46.873383,-5.151942],[-46.872889,-5.151031],[-46.872973,-5.150862],[-46.873458,-5.150954],[-46.873421,-5.150068],[-46.872615,-5.148944],[-46.872302,-5.148873],[-46.871656,-5.149228],[-46.871416,-5.149113],[-46.871511,-5.148079],[-46.871116,-5.147566],[-46.871107,-5.146746],[-46.870945,-5.146574],[-46.871132,-5.146229],[-46.870841,-5.14577],[-46.87089,-5.145272],[-46.870768,-5.145077],[-46.870941,-5.144846],[-46.870939,-5.144386],[-46.871289,-5.144171],[-46.871308,-5.143817],[-46.871513,-5.143596],[-46.870958,-5.143105],[-46.871079,-5.142384],[-46.870968,-5.14158],[-46.871321,-5.141212],[-46.871416,-5.1408],[-46.871315,-5.140684],[-46.871157,-5.140962],[-46.870957,-5.140907],[-46.870672,-5.140379],[-46.870434,-5.140794],[-46.870183,-5.140687],[-46.870216,-5.140073],[-46.870648,-5.139253],[-46.870189,-5.139083],[-46.869927,-5.138446],[-46.869983,-5.138262],[-46.870474,-5.138078],[-46.870739,-5.137279],[-46.871322,-5.137054],[-46.871133,-5.136676],[-46.871107,-5.135747],[-46.871297,-5.135646],[-46.871577,-5.134958],[-46.872285,-5.134841],[-46.872792,-5.134554],[-46.873565,-5.1345],[-46.873945,-5.134666],[-46.874204,-5.134546],[-46.873776,-5.133175],[-46.873905,-5.132986],[-46.874322,-5.132994],[-46.874321,-5.132587],[-46.87456,-5.132328],[-46.874469,-5.131942],[-46.874623,-5.131775],[-46.874387,-5.131451],[-46.874609,-5.131082],[-46.874707,-5.130994],[-46.87499,-5.131142],[-46.87519,-5.13148],[-46.875619,-5.130909],[-46.876432,-5.130925],[-46.876563,-5.130979],[-46.876524,-5.131307],[-46.876889,-5.131524],[-46.877179,-5.131419],[-46.878252,-5.131549],[-46.87824,-5.131379],[-46.879006,-5.130949],[-46.879265,-5.130061],[-46.880002,-5.129234],[-46.880058,-5.128764],[-46.880784,-5.128851],[-46.880834,-5.12858],[-46.880872,-5.127494],[-46.88061,-5.127587],[-46.880553,-5.127461],[-46.8808,-5.126835],[-46.880455,-5.125995],[-46.879877,-5.123381],[-46.879576,-5.122882],[-46.87886,-5.122749],[-46.87869,-5.122465],[-46.878989,-5.122253],[-46.879108,-5.121614],[-46.879027,-5.120937],[-46.879567,-5.120557],[-46.87995,-5.119646],[-46.880552,-5.119445],[-46.880298,-5.118565],[-46.880046,-5.118592],[-46.880089,-5.118174],[-46.879888,-5.118017],[-46.880153,-5.117689],[-46.879541,-5.116685],[-46.879814,-5.116308],[-46.880161,-5.116194],[-46.880336,-5.116392],[-46.880821,-5.115051],[-46.880683,-5.114851],[-46.879923,-5.114762],[-46.878759,-5.113703],[-46.878566,-5.113781],[-46.87868,-5.114127],[-46.878582,-5.11425],[-46.877947,-5.113541],[-46.877275,-5.113342],[-46.876912,-5.112213],[-46.876235,-5.111777],[-46.876199,-5.111023],[-46.875479,-5.110342],[-46.875813,-5.109972],[-46.875602,-5.109697],[-46.87516,-5.109583],[-46.875057,-5.109023],[-46.875568,-5.108929],[-46.87567,-5.108339],[-46.873965,-5.107198],[-46.873923,-5.106956],[-46.874296,-5.106806],[-46.874214,-5.106208],[-46.874405,-5.105761],[-46.873933,-5.104591],[-46.873525,-5.104169],[-46.873455,-5.103627],[-46.873502,-5.102571],[-46.873998,-5.101342],[-46.874545,-5.100719],[-46.874321,-5.100301],[-46.874804,-5.099892],[-46.874849,-5.099396],[-46.87454,-5.098992],[-46.873634,-5.098706],[-46.873292,-5.098116],[-46.873359,-5.097842],[-46.873152,-5.097472],[-46.872843,-5.097372],[-46.872548,-5.097601],[-46.87213,-5.097592],[-46.871669,-5.097311],[-46.871451,-5.096968],[-46.871662,-5.096426],[-46.871324,-5.095981],[-46.871341,-5.095416],[-46.871634,-5.094888],[-46.872262,-5.094624],[-46.872526,-5.094139],[-46.872182,-5.092745],[-46.872322,-5.092547],[-46.873087,-5.092434],[-46.873259,-5.092236],[-46.873088,-5.091885],[-46.873659,-5.091598],[-46.873633,-5.091371],[-46.873318,-5.091265],[-46.873304,-5.09103],[-46.873843,-5.090588],[-46.873788,-5.090103],[-46.874227,-5.089607],[-46.874153,-5.088596],[-46.873725,-5.088467],[-46.874072,-5.088039],[-46.873949,-5.08768],[-46.87427,-5.087439],[-46.874296,-5.087221],[-46.873909,-5.086897],[-46.873797,-5.086438],[-46.87443,-5.085436],[-46.874955,-5.085653],[-46.874848,-5.08527],[-46.874979,-5.085075],[-46.875421,-5.085405],[-46.875952,-5.084542],[-46.875725,-5.083959],[-46.876127,-5.083534],[-46.875764,-5.083201],[-46.876106,-5.082775],[-46.876268,-5.082034],[-46.875892,-5.081575],[-46.87586,-5.080707],[-46.876365,-5.08024],[-46.876626,-5.078949],[-46.877682,-5.0784],[-46.878442,-5.078254],[-46.878719,-5.078403],[-46.878672,-5.078985],[-46.878897,-5.079122],[-46.879581,-5.078628],[-46.879819,-5.078172],[-46.880601,-5.078274],[-46.881611,-5.077197],[-46.881852,-5.076723],[-46.88281,-5.076668],[-46.883221,-5.076887],[-46.884207,-5.076945],[-46.884412,-5.076767],[-46.884395,-5.075958],[-46.884637,-5.076014],[-46.884628,-5.07653],[-46.884943,-5.076645],[-46.885625,-5.076028],[-46.88585,-5.076028],[-46.886025,-5.076295],[-46.886246,-5.076261],[-46.886498,-5.075787],[-46.887273,-5.075133],[-46.887907,-5.072987],[-46.887445,-5.071977],[-46.887677,-5.071392],[-46.887596,-5.070804],[-46.888062,-5.070467],[-46.888511,-5.069802],[-46.889024,-5.070044],[-46.889105,-5.069755],[-46.888854,-5.069544],[-46.888745,-5.068649],[-46.889325,-5.068454],[-46.889755,-5.068063],[-46.889916,-5.067277],[-46.88979,-5.066308],[-46.890346,-5.065694],[-46.890254,-5.065384],[-46.88991,-5.065114],[-46.889904,-5.064724],[-46.889738,-5.064563],[-46.88921,-5.064982],[-46.888994,-5.064987],[-46.888873,-5.064784],[-46.889001,-5.063836],[-46.888925,-5.062988],[-46.889257,-5.063017],[-46.889217,-5.062575],[-46.889583,-5.062367],[-46.889942,-5.062373],[-46.889975,-5.062122],[-46.890523,-5.062331],[-46.891366,-5.06191],[-46.89161,-5.062128],[-46.891977,-5.062174],[-46.892037,-5.06165],[-46.892393,-5.06168],[-46.89265,-5.061467],[-46.892864,-5.061201],[-46.892868,-5.06076],[-46.893264,-5.060475],[-46.893078,-5.059431],[-46.89338,-5.05906],[-46.893442,-5.058668],[-46.893083,-5.058453],[-46.893073,-5.058001],[-46.892614,-5.057094],[-46.892111,-5.057016],[-46.891725,-5.056683],[-46.89202,-5.056291],[-46.891835,-5.055837],[-46.89181,-5.055136],[-46.890755,-5.055629],[-46.890124,-5.054229],[-46.890035,-5.053535],[-46.890688,-5.053033],[-46.890544,-5.052861],[-46.890753,-5.052521],[-46.89062,-5.052297],[-46.890994,-5.05216],[-46.890745,-5.051727],[-46.891052,-5.051436],[-46.890701,-5.051225],[-46.890938,-5.050679],[-46.891166,-5.050658],[-46.891143,-5.050411],[-46.891562,-5.050353],[-46.892426,-5.049585],[-46.894968,-5.049768],[-46.895198,-5.04933],[-46.895559,-5.049356],[-46.895588,-5.048925],[-46.895823,-5.048673],[-46.895823,-5.047692],[-46.896605,-5.047233],[-46.897329,-5.04633],[-46.897604,-5.044906],[-46.898196,-5.044214],[-46.898597,-5.044033],[-46.898897,-5.043187],[-46.898619,-5.042792],[-46.898943,-5.041595],[-46.899262,-5.041188],[-46.899715,-5.040975],[-46.899847,-5.040528],[-46.900174,-5.040209],[-46.900025,-5.039524],[-46.899379,-5.038109],[-46.89954,-5.037059],[-46.89995,-5.03679],[-46.899916,-5.036428],[-46.899778,-5.036352],[-46.899818,-5.035935],[-46.900256,-5.034992],[-46.900019,-5.03451],[-46.899774,-5.033242],[-46.899031,-5.03256],[-46.899041,-5.031913],[-46.898814,-5.031172],[-46.899051,-5.030972],[-46.898857,-5.030663],[-46.899206,-5.029868],[-46.898629,-5.029447],[-46.898546,-5.028348],[-46.89881,-5.027533],[-46.899742,-5.027033],[-46.899231,-5.02565],[-46.899409,-5.025242],[-46.899386,-5.024703],[-46.898965,-5.023619],[-46.899395,-5.022379],[-46.899361,-5.021719],[-46.899171,-5.021432],[-46.898724,-5.021421],[-46.898626,-5.020124],[-46.897994,-5.019067],[-46.89753,-5.018839],[-46.897291,-5.018508],[-46.897226,-5.017978],[-46.897863,-5.017514],[-46.897919,-5.017235],[-46.897753,-5.017131],[-46.897308,-5.017304],[-46.897426,-5.016752],[-46.897205,-5.016185],[-46.898342,-5.015823],[-46.898893,-5.015023],[-46.89871,-5.014278],[-46.899897,-5.012601],[-46.900287,-5.0117],[-46.900852,-5.011127],[-46.900818,-5.010716],[-46.900511,-5.010266],[-46.901007,-5.009942],[-46.901105,-5.009371],[-46.900631,-5.009296],[-46.900439,-5.009027],[-46.901406,-5.007477],[-46.901317,-5.007007],[-46.90235,-5.006229],[-46.902249,-5.005845],[-46.901896,-5.005908],[-46.901887,-5.005262],[-46.90257,-5.003762],[-46.901322,-4.999886],[-46.901924,-4.998776],[-46.902828,-4.998295],[-46.903477,-4.998414],[-46.904358,-4.997983],[-46.904642,-4.998411],[-46.905043,-4.998511],[-46.905345,-4.998428],[-46.905649,-4.997792],[-46.906402,-4.997625],[-46.90688,-4.997749],[-46.907027,-4.997296],[-46.906876,-4.996904],[-46.907009,-4.996136],[-46.907457,-4.99535],[-46.907469,-4.994816],[-46.907217,-4.994388],[-46.90798,-4.994005],[-46.908593,-4.993246],[-46.908533,-4.992604],[-46.908171,-4.992489],[-46.908213,-4.992157],[-46.907992,-4.991578],[-46.908144,-4.991103],[-46.907933,-4.990632],[-46.90811,-4.990523],[-46.908483,-4.99076],[-46.908764,-4.990683],[-46.908828,-4.990469],[-46.908437,-4.990292],[-46.908453,-4.990041],[-46.908631,-4.989793],[-46.90892,-4.989971],[-46.90911,-4.989866],[-46.909354,-4.988955],[-46.909799,-4.988737],[-46.91036,-4.988974],[-46.910818,-4.98856],[-46.910978,-4.988172],[-46.911332,-4.988264],[-46.911661,-4.987731],[-46.911647,-4.987347],[-46.911358,-4.986883],[-46.911571,-4.986458],[-46.911223,-4.986365],[-46.911,-4.985806],[-46.910538,-4.985724],[-46.910451,-4.985492],[-46.910478,-4.985319],[-46.910729,-4.985337],[-46.910791,-4.985074],[-46.91109,-4.985027],[-46.91086,-4.984188],[-46.910584,-4.984066],[-46.910513,-4.984326],[-46.910194,-4.984229],[-46.910274,-4.98371],[-46.910613,-4.983144],[-46.91041,-4.982651],[-46.910904,-4.982084],[-46.91076,-4.981667],[-46.910195,-4.981471],[-46.910478,-4.980987],[-46.910473,-4.97952],[-46.909676,-4.978085],[-46.910027,-4.976894],[-46.910052,-4.976201],[-46.910505,-4.976194],[-46.910687,-4.975566],[-46.910646,-4.975448],[-46.910297,-4.975612],[-46.910306,-4.975348],[-46.910647,-4.974411],[-46.910857,-4.974391],[-46.910869,-4.974107],[-46.911085,-4.974015],[-46.911057,-4.973752],[-46.911298,-4.97355],[-46.911368,-4.973279],[-46.911233,-4.973006],[-46.911694,-4.972241],[-46.911277,-4.972],[-46.911346,-4.971678],[-46.910868,-4.971281],[-46.910791,-4.970745],[-46.910863,-4.970585],[-46.912525,-4.970226],[-46.912759,-4.96984],[-46.913446,-4.969621],[-46.913791,-4.968725],[-46.914463,-4.96823],[-46.914926,-4.967573],[-46.915087,-4.967121],[-46.914797,-4.966662],[-46.914786,-4.965895],[-46.914493,-4.965365],[-46.914786,-4.963151],[-46.914628,-4.96306],[-46.914662,-4.962646],[-46.915468,-4.962209],[-46.915644,-4.961563],[-46.915843,-4.961591],[-46.915909,-4.9619],[-46.915992,-4.961834],[-46.916055,-4.961209],[-46.91636,-4.960841],[-46.916362,-4.960583],[-46.916206,-4.960443],[-46.915852,-4.960593],[-46.915854,-4.959634],[-46.916011,-4.959568],[-46.91636,-4.959822],[-46.916877,-4.959266],[-46.916705,-4.958311],[-46.916993,-4.958239],[-46.917108,-4.958019],[-46.917865,-4.958024],[-46.918067,-4.957613],[-46.918438,-4.957546],[-46.918794,-4.95692],[-46.919154,-4.95693],[-46.919521,-4.956047],[-46.919298,-4.955777],[-46.91931,-4.955441],[-46.919597,-4.955564],[-46.920009,-4.95532],[-46.920196,-4.954639],[-46.920599,-4.954541],[-46.920852,-4.954051],[-46.920651,-4.952367],[-46.920126,-4.951751],[-46.920053,-4.951161],[-46.919446,-4.950738],[-46.919704,-4.949667],[-46.919098,-4.948577],[-46.918645,-4.948465],[-46.91836,-4.94791],[-46.918,-4.947719],[-46.917221,-4.948223],[-46.916575,-4.94767],[-46.915832,-4.947528],[-46.915734,-4.947057],[-46.914919,-4.946664],[-46.915041,-4.94626],[-46.914827,-4.945669],[-46.914185,-4.945654],[-46.913963,-4.945192],[-46.913875,-4.944309],[-46.913449,-4.944077],[-46.913384,-4.943423],[-46.912436,-4.943094],[-46.912546,-4.942762],[-46.913194,-4.942342],[-46.913891,-4.940935],[-46.913407,-4.940626],[-46.913212,-4.939489],[-46.9128,-4.939476],[-46.912647,-4.939319],[-46.912577,-4.938622],[-46.913062,-4.937971],[-46.913645,-4.937508],[-46.913914,-4.936744],[-46.914352,-4.936524],[-46.914352,-4.936277],[-46.914808,-4.936435],[-46.915095,-4.935717],[-46.915752,-4.935488],[-46.915368,-4.93519],[-46.915736,-4.934889],[-46.915848,-4.933874],[-46.916192,-4.933947],[-46.91663,-4.933752],[-46.916983,-4.933074],[-46.917535,-4.933082],[-46.918278,-4.932183],[-46.918397,-4.931809],[-46.918918,-4.931832],[-46.919393,-4.931398],[-46.919836,-4.931429],[-46.920293,-4.930774],[-46.920454,-4.929289],[-46.92111,-4.928466],[-46.921259,-4.928835],[-46.921468,-4.928552],[-46.921784,-4.928531],[-46.922136,-4.927255],[-46.923332,-4.926888],[-46.922946,-4.926029],[-46.922475,-4.925824],[-46.922459,-4.925558],[-46.923047,-4.925241],[-46.923021,-4.924285],[-46.923746,-4.923624],[-46.92337,-4.923425],[-46.923365,-4.923193],[-46.923666,-4.922919],[-46.923903,-4.922931],[-46.924048,-4.922536],[-46.92434,-4.922396],[-46.924484,-4.920955],[-46.925144,-4.920163],[-46.92584,-4.919816],[-46.925841,-4.919013],[-46.926015,-4.91873],[-46.925813,-4.917661],[-46.925902,-4.916766],[-46.925635,-4.916515],[-46.925684,-4.915966],[-46.925304,-4.915285],[-46.925426,-4.914888],[-46.925065,-4.914309],[-46.925673,-4.913859],[-46.925526,-4.913494],[-46.925143,-4.913174],[-46.925153,-4.912496],[-46.924039,-4.911884],[-46.923216,-4.912088],[-46.922627,-4.913011],[-46.921777,-4.912778],[-46.92147,-4.912293],[-46.921212,-4.912387],[-46.921197,-4.912703],[-46.920934,-4.912922],[-46.920725,-4.912942],[-46.920328,-4.912639],[-46.919884,-4.913043],[-46.919361,-4.913105],[-46.918776,-4.912727],[-46.918313,-4.912734],[-46.918077,-4.912522],[-46.918186,-4.911825],[-46.917829,-4.910647],[-46.918051,-4.910133],[-46.917989,-4.909594],[-46.918216,-4.909355],[-46.919241,-4.909518],[-46.920207,-4.909264],[-46.920459,-4.90758],[-46.920294,-4.906834],[-46.920564,-4.906407],[-46.921022,-4.906281],[-46.921489,-4.906397],[-46.921821,-4.906171],[-46.921966,-4.906664],[-46.922489,-4.906466],[-46.922406,-4.907034],[-46.923027,-4.907062],[-46.92324,-4.906916],[-46.923398,-4.906275],[-46.92409,-4.90603],[-46.924251,-4.905819],[-46.924416,-4.906123],[-46.924865,-4.905901],[-46.925755,-4.905858],[-46.926816,-4.90488],[-46.926768,-4.90391],[-46.928036,-4.902635],[-46.928183,-4.902061],[-46.929017,-4.902033],[-46.929217,-4.900313],[-46.929209,-4.898457],[-46.928876,-4.898111],[-46.92934,-4.897548],[-46.92901,-4.89719],[-46.929529,-4.897046],[-46.929605,-4.896576],[-46.930097,-4.89621],[-46.930246,-4.895706],[-46.930049,-4.895393],[-46.929607,-4.895512],[-46.929362,-4.895391],[-46.929316,-4.894671],[-46.93026,-4.894426],[-46.930592,-4.893945],[-46.930473,-4.893252],[-46.930134,-4.892549],[-46.930063,-4.891732],[-46.929667,-4.891339],[-46.929924,-4.890525],[-46.929697,-4.890184],[-46.929708,-4.889879],[-46.929451,-4.889692],[-46.929061,-4.889936],[-46.928947,-4.889577],[-46.929146,-4.888865],[-46.929628,-4.88903],[-46.929667,-4.888599],[-46.929375,-4.888498],[-46.929401,-4.887961],[-46.929068,-4.887262],[-46.928652,-4.887244],[-46.928641,-4.886529],[-46.92825,-4.886336],[-46.92756,-4.88651],[-46.927581,-4.886126],[-46.92743,-4.885911],[-46.927015,-4.886093],[-46.926527,-4.88596],[-46.926261,-4.885489],[-46.926445,-4.88514],[-46.926046,-4.884688],[-46.925599,-4.884695],[-46.925465,-4.884978],[-46.924695,-4.884782],[-46.924728,-4.884557],[-46.925314,-4.884372],[-46.925191,-4.884054],[-46.924912,-4.883771],[-46.92452,-4.883738],[-46.924221,-4.883393],[-46.924039,-4.883527],[-46.923793,-4.883395],[-46.923486,-4.883786],[-46.923234,-4.883008],[-46.92352,-4.882618],[-46.923308,-4.882003],[-46.924178,-4.881467],[-46.924159,-4.881148],[-46.924412,-4.880882],[-46.924278,-4.880531],[-46.92488,-4.87989],[-46.924587,-4.879342],[-46.924774,-4.878553],[-46.925399,-4.878351],[-46.925851,-4.878574],[-46.926107,-4.878215],[-46.926337,-4.878217],[-46.925995,-4.877722],[-46.925728,-4.877825],[-46.925576,-4.877641],[-46.92584,-4.876928],[-46.925516,-4.876387],[-46.92537,-4.875517],[-46.92597,-4.874411],[-46.92575,-4.873764],[-46.926744,-4.873223],[-46.926963,-4.872565],[-46.928008,-4.872774],[-46.928665,-4.872206],[-46.928501,-4.871963],[-46.928111,-4.871835],[-46.92826,-4.871046],[-46.927818,-4.870849],[-46.927957,-4.870494],[-46.927585,-4.869897],[-46.928364,-4.869301],[-46.928132,-4.869048],[-46.927983,-4.868496],[-46.928238,-4.868131],[-46.928142,-4.867665],[-46.928269,-4.867557],[-46.928536,-4.867672],[-46.928597,-4.867353],[-46.929038,-4.86727],[-46.929058,-4.866828],[-46.929237,-4.866709],[-46.92955,-4.8668],[-46.929758,-4.866481],[-46.929464,-4.865257],[-46.928967,-4.864263],[-46.928136,-4.864108],[-46.928114,-4.863715],[-46.928707,-4.862665],[-46.92874,-4.862289],[-46.928379,-4.861691],[-46.928415,-4.861273],[-46.928156,-4.860923],[-46.928327,-4.86052],[-46.92802,-4.860281],[-46.928181,-4.860058],[-46.928902,-4.860105],[-46.929071,-4.859986],[-46.929352,-4.859449],[-46.929383,-4.858984],[-46.929054,-4.858548],[-46.929446,-4.858384],[-46.929774,-4.857966],[-46.929837,-4.857457],[-46.929407,-4.855859],[-46.929791,-4.855467],[-46.929448,-4.854739],[-46.929748,-4.853399],[-46.92946,-4.852796],[-46.929454,-4.852306],[-46.929956,-4.851889],[-46.92983,-4.851478],[-46.930075,-4.851353],[-46.930087,-4.850889],[-46.930318,-4.850575],[-46.464982,-4.850967],[-46.089393,-4.854617],[-46.017372,-4.853706],[-46.015912,-4.854882],[-46.015642,-4.857269],[-46.015096,-4.858645],[-46.013817,-4.859106],[-46.013166,-4.85977],[-46.012814,-4.861146],[-46.011369,-4.86333],[-46.012507,-4.865111],[-46.013967,-4.866352],[-46.014995,-4.868295],[-46.01586,-4.871856],[-46.016131,-4.874824],[-46.015645,-4.877953],[-46.014293,-4.880596],[-46.014617,-4.881514],[-46.017119,-4.884118],[-46.017173,-4.886222],[-46.017929,-4.889243],[-46.019468,-4.890252],[-46.019712,-4.891169],[-46.019387,-4.891951],[-46.020456,-4.893381],[-46.021594,-4.895594],[-46.022514,-4.898345],[-46.021106,-4.901367],[-46.021269,-4.903741],[-46.022119,-4.907822],[-46.023857,-4.909563],[-46.024407,-4.911118],[-46.024594,-4.912501],[-46.026792,-4.915345],[-46.027898,-4.92176],[-46.027994,-4.924421],[-46.027723,-4.925616],[-46.026169,-4.927729],[-46.025532,-4.929199],[-46.025535,-4.931966],[-46.026009,-4.933701],[-46.029716,-4.936111],[-46.032682,-4.937223],[-46.034721,-4.938709],[-46.040474,-4.946317],[-46.041778,-4.950406],[-46.041971,-4.955242],[-46.043645,-4.959328],[-46.047541,-4.96434],[-46.054584,-4.967303],[-46.056438,-4.969529],[-46.05748,-4.975024],[-46.058808,-4.976795],[-46.060831,-4.978826],[-46.062892,-4.981313],[-46.064003,-4.983574],[-46.064699,-4.985608],[-46.066024,-4.987873],[-46.06628,-4.990593],[-46.067385,-4.992395],[-46.06761,-4.993976],[-46.068078,-4.995557],[-46.068748,-4.996694],[-46.068747,-4.998271],[-46.069195,-5.000085],[-46.070469,-5.000627],[-46.076805,-5.007441],[-46.079225,-5.009558],[-46.083802,-5.012155],[-46.090699,-5.01759],[-46.094052,-5.022886],[-46.099943,-5.027949],[-46.104336,-5.032348],[-46.107946,-5.039468],[-46.111446,-5.042224],[-46.113997,-5.046072],[-46.120058,-5.046872],[-46.123887,-5.050356],[-46.137577,-5.055333],[-46.140472,-5.054553],[-46.14381,-5.056044],[-46.146886,-5.055176],[-46.151247,-5.053239],[-46.167057,-5.053982],[-46.177999,-5.060458],[-46.183803,-5.06543],[-46.190778,-5.071767],[-46.194114,-5.080144],[-46.196309,-5.091682],[-46.201302,-5.096901],[-46.20336,-5.10518],[-46.211362,-5.116246],[-46.214052,-5.1257],[-46.220085,-5.135287],[-46.228865,-5.140835],[-46.2368,-5.142571],[-46.244583,-5.148642],[-46.249781,-5.153688],[-46.259586,-5.16396],[-46.270164,-5.171707],[-46.277937,-5.178324],[-46.284442,-5.18493],[-46.286246,-5.193735],[-46.286805,-5.200725],[-46.292245,-5.205682],[-46.300284,-5.20786],[-46.30633,-5.215005],[-46.31322,-5.220977],[-46.31728,-5.243959],[-46.320395,-5.255953],[-46.321276,-5.264301],[-46.330611,-5.269667],[-46.338752,-5.27792],[-46.340752,-5.282935],[-46.344876,-5.295716],[-46.347977,-5.296293],[-46.329969,-5.334049]]]}},{"type":"Feature","properties":{"CD_MUN":"2108108","NM_MUN":"Paulo Ramos"},"geometry":{"type":"Polygon","coordinates":[[[-45.714292,-4.559051],[-45.708534,-4.559048],[-45.711723,-4.553429],[-45.712238,-4.553195],[-45.698371,-4.501198],[-45.637926,-4.485938],[-45.638272,-4.483927],[-45.593755,-4.531876],[-45.593509,-4.52471],[-45.591629,-4.523248],[-45.589993,-4.480109],[-45.590119,-4.478808],[-45.588377,-4.469815],[-45.526153,-4.427842],[-45.49248,-4.432491],[-45.452424,-4.43859],[-45.422005,-4.440827],[-45.335105,-4.423932],[-45.318755,-4.423659],[-45.29491,-4.42427],[-45.294039,-4.422412],[-45.289519,-4.419956],[-45.279989,-4.412854],[-45.266214,-4.405373],[-45.247918,-4.397348],[-45.240947,-4.393711],[-45.238478,-4.393716],[-45.20653,-4.398819],[-45.164058,-4.406469],[-45.155507,-4.409206],[-45.127478,-4.413283],[-45.126325,-4.414081],[-45.12397,-4.416575],[-45.121217,-4.417989],[-45.11861,-4.419587],[-45.117789,-4.419721],[-45.114741,-4.419324],[-45.112678,-4.418503],[-45.111728,-4.418337],[-45.108579,-4.419193],[-45.106531,-4.418914],[-45.105483,-4.419013],[-45.104368,-4.419441],[-45.102171,-4.421022],[-45.101581,-4.421253],[-45.099679,-4.421121],[-45.098435,-4.421449],[-45.095876,-4.422537],[-45.094179,-4.422893],[-45.093613,-4.423307],[-45.10949,-4.449303],[-45.144316,-4.49594],[-45.160888,-4.518846],[-45.213458,-4.55219],[-45.209979,-4.552321],[-45.208819,-4.552967],[-45.20135,-4.561245],[-45.197355,-4.563185],[-45.195036,-4.564608],[-45.195165,-4.565513],[-45.197611,-4.566239],[-45.198823,-4.567828],[-45.199522,-4.569744],[-45.199756,-4.572174],[-45.200362,-4.575212],[-45.200874,-4.576474],[-45.201806,-4.578062],[-45.202552,-4.580071],[-45.202647,-4.584839],[-45.203252,-4.58596],[-45.203485,-4.586848],[-45.203905,-4.588717],[-45.204092,-4.591148],[-45.203487,-4.592269],[-45.203021,-4.592596],[-45.202409,-4.5939],[-45.201856,-4.596458],[-45.2023,-4.598904],[-45.203381,-4.601434],[-45.205542,-4.603101],[-45.20715,-4.603323],[-45.20848,-4.6031],[-45.210308,-4.603711],[-45.212469,-4.6041],[-45.213577,-4.604823],[-45.216625,-4.6056],[-45.21729,-4.606044],[-45.219784,-4.609713],[-45.222667,-4.613104],[-45.223721,-4.613548],[-45.224441,-4.616217],[-45.225384,-4.618274],[-45.226603,-4.619441],[-45.227767,-4.620108],[-45.229485,-4.62033],[-45.234141,-4.622386],[-45.235747,-4.622608],[-45.236966,-4.622552],[-45.238463,-4.623885],[-45.239571,-4.624441],[-45.241013,-4.625441],[-45.242065,-4.626387],[-45.242786,-4.62772],[-45.243008,-4.628721],[-45.242953,-4.629945],[-45.243397,-4.631278],[-45.24445,-4.632446],[-45.246058,-4.633335],[-45.247554,-4.633446],[-45.248995,-4.634113],[-45.250879,-4.635836],[-45.252431,-4.637948],[-45.255881,-4.644941],[-45.259712,-4.649846],[-45.265568,-4.653693],[-45.271019,-4.656324],[-45.282931,-4.660775],[-45.293226,-4.664215],[-45.302312,-4.666641],[-45.313414,-4.666028],[-45.318662,-4.664],[-45.325119,-4.660149],[-45.334202,-4.656702],[-45.340053,-4.651636],[-45.343887,-4.649406],[-45.352564,-4.643123],[-45.360232,-4.638866],[-45.363958,-4.63551],[-45.362173,-4.633846],[-45.361316,-4.632458],[-45.361593,-4.630832],[-45.361402,-4.630387],[-45.359942,-4.629304],[-45.359116,-4.628477],[-45.359116,-4.627522],[-45.35937,-4.626694],[-45.360196,-4.625802],[-45.36121,-4.625483],[-45.362098,-4.624654],[-45.362922,-4.623444],[-45.363048,-4.621979],[-45.362857,-4.620132],[-45.363174,-4.619686],[-45.363555,-4.619559],[-45.363999,-4.61975],[-45.364443,-4.620194],[-45.365333,-4.621978],[-45.367238,-4.624333],[-45.36781,-4.624333],[-45.369837,-4.618409],[-45.370027,-4.617199],[-45.3699,-4.61618],[-45.368947,-4.615862],[-45.368122,-4.615162],[-45.36774,-4.612934],[-45.366851,-4.612807],[-45.366534,-4.61217],[-45.366469,-4.611151],[-45.366153,-4.610451],[-45.3652,-4.609623],[-45.364946,-4.609114],[-45.365581,-4.607458],[-45.365706,-4.606541],[-45.388137,-4.585129],[-45.437154,-4.572146],[-45.476734,-4.612606],[-45.477373,-4.611609],[-45.477628,-4.611542],[-45.478229,-4.611768],[-45.479273,-4.611173],[-45.481946,-4.612033],[-45.483387,-4.612045],[-45.48367,-4.61196],[-45.486151,-4.609921],[-45.486546,-4.609864],[-45.48944,-4.610893],[-45.490641,-4.611701],[-45.491624,-4.61252],[-45.492341,-4.613844],[-45.492732,-4.614139],[-45.494373,-4.613839],[-45.496909,-4.612887],[-45.498518,-4.613088],[-45.499693,-4.614377],[-45.502622,-4.614074],[-45.503677,-4.614564],[-45.506702,-4.615087],[-45.507255,-4.614999],[-45.509797,-4.614307],[-45.511259,-4.613719],[-45.51285,-4.611851],[-45.516403,-4.610603],[-45.517953,-4.608781],[-45.51861,-4.608394],[-45.521107,-4.607867],[-45.523129,-4.606953],[-45.527887,-4.606029],[-45.528183,-4.606083],[-45.528509,-4.605791],[-45.529596,-4.605322],[-45.530362,-4.605157],[-45.531502,-4.604301],[-45.53317,-4.604345],[-45.534813,-4.604118],[-45.536167,-4.604459],[-45.536618,-4.604721],[-45.537858,-4.604826],[-45.538396,-4.605302],[-45.539931,-4.605445],[-45.544314,-4.604099],[-45.545336,-4.603423],[-45.546174,-4.602583],[-45.547877,-4.601473],[-45.549524,-4.599018],[-45.552258,-4.595606],[-45.55344,-4.596144],[-45.554805,-4.597379],[-45.556255,-4.597477],[-45.558363,-4.598364],[-45.565775,-4.607601],[-45.566086,-4.609248],[-45.566528,-4.609666],[-45.583116,-4.608253],[-45.585853,-4.607791],[-45.59162,-4.607822],[-45.592457,-4.607691],[-45.600059,-4.606165],[-45.60054,-4.605944],[-45.607935,-4.597968],[-45.609787,-4.590972],[-45.645918,-4.625956],[-45.6864,-4.626283],[-45.685836,-4.62515],[-45.684355,-4.619266],[-45.683966,-4.618759],[-45.683264,-4.618409],[-45.681628,-4.616928],[-45.681199,-4.616227],[-45.680208,-4.61305],[-45.693625,-4.598881],[-45.693395,-4.596264],[-45.692406,-4.593673],[-45.692113,-4.59151],[-45.693261,-4.58793],[-45.693929,-4.587236],[-45.696279,-4.58574],[-45.697375,-4.584779],[-45.699805,-4.581707],[-45.701114,-4.579517],[-45.70277,-4.577807],[-45.704186,-4.575457],[-45.70472,-4.573667],[-45.705468,-4.572145],[-45.708299,-4.56715],[-45.709314,-4.566055],[-45.714292,-4.559051]]]}},{"type":"Feature","properties":{"CD_MUN":"2108256","NM_MUN":"Pedro do Rosário"},"geometry":{"type":"Polygon","coordinates":[[[-45.278863,-3.072562],[-45.278275,-3.077016],[-45.278669,-3.079388],[-45.31913,-3.125988],[-45.319434,-3.125661],[-45.358724,-3.177237],[-45.431533,-3.197615],[-45.499573,-3.217662],[-45.579331,-3.239236],[-45.580192,-3.238917],[-45.580887,-3.236156],[-45.582308,-3.227858],[-45.585624,-3.21771],[-45.588468,-3.20959],[-45.590721,-3.205229],[-45.595581,-3.195023],[-45.599732,-3.187141],[-45.601152,-3.181052],[-45.603523,-3.173949],[-45.606353,-3.159092],[-45.606125,-3.157355],[-45.606954,-3.155385],[-45.608373,-3.148458],[-45.608132,-3.141417],[-45.6092,-3.139146],[-45.609078,-3.136821],[-45.609785,-3.126195],[-45.610613,-3.119391],[-45.610611,-3.116823],[-45.612622,-3.106079],[-45.614634,-3.097661],[-45.620319,-3.07641],[-45.62174,-3.072588],[-45.621501,-3.069366],[-45.622331,-3.067039],[-45.623515,-3.061905],[-45.623985,-3.053249],[-45.637968,-2.902662],[-45.637613,-2.902289],[-45.636164,-2.894199],[-45.63458,-2.892707],[-45.633767,-2.891408],[-45.633525,-2.88958],[-45.63381,-2.887873],[-45.63332,-2.887059],[-45.632341,-2.886571],[-45.630263,-2.885961],[-45.629936,-2.885555],[-45.629241,-2.883766],[-45.628303,-2.883522],[-45.625414,-2.884011],[-45.623786,-2.883849],[-45.621385,-2.883241],[-45.616584,-2.881049],[-45.615566,-2.880806],[-45.61471,-2.880887],[-45.612592,-2.881579],[-45.611655,-2.881661],[-45.60974,-2.880849],[-45.609091,-2.880321],[-45.608439,-2.878695],[-45.608521,-2.878086],[-45.608807,-2.877679],[-45.608563,-2.87707],[-45.607909,-2.876747],[-45.605585,-2.876461],[-45.604448,-2.875976],[-45.602984,-2.874596],[-45.600584,-2.873622],[-45.599403,-2.872688],[-45.5992,-2.87216],[-45.598996,-2.870493],[-45.598383,-2.868623],[-45.597691,-2.867404],[-45.596795,-2.866509],[-45.595492,-2.866062],[-45.594678,-2.866104],[-45.593945,-2.866348],[-45.593094,-2.867029],[-45.591952,-2.868822],[-45.588725,-2.873216],[-45.582327,-2.877511],[-45.580338,-2.879928],[-45.578884,-2.882076],[-45.578133,-2.883741],[-45.574266,-2.888736],[-45.572813,-2.889595],[-45.5719,-2.890347],[-45.571526,-2.891101],[-45.57142,-2.892177],[-45.571098,-2.893251],[-45.570614,-2.893733],[-45.569862,-2.893628],[-45.566849,-2.891482],[-45.566472,-2.890889],[-45.566418,-2.890405],[-45.567171,-2.889977],[-45.568086,-2.889817],[-45.569052,-2.889276],[-45.569373,-2.888845],[-45.569642,-2.886538],[-45.570121,-2.885515],[-45.570444,-2.884281],[-45.570444,-2.883476],[-45.569745,-2.882725],[-45.568241,-2.881867],[-45.568294,-2.88133],[-45.570282,-2.879826],[-45.570228,-2.879343],[-45.569584,-2.878376],[-45.56867,-2.877786],[-45.567863,-2.876874],[-45.56754,-2.875692],[-45.567484,-2.872526],[-45.567215,-2.871774],[-45.56658,-2.871486],[-45.561948,-2.87144],[-45.559587,-2.871653],[-45.558133,-2.871977],[-45.55749,-2.872943],[-45.556416,-2.87536],[-45.555338,-2.878798],[-45.555341,-2.879978],[-45.556639,-2.884757],[-45.556851,-2.88685],[-45.556471,-2.888243],[-45.555721,-2.889104],[-45.55513,-2.88948],[-45.554509,-2.889169],[-45.553934,-2.887549],[-45.553571,-2.887128],[-45.550937,-2.886079],[-45.550032,-2.885504],[-45.549701,-2.885051],[-45.5497,-2.884296],[-45.550358,-2.881578],[-45.550448,-2.880159],[-45.549207,-2.877594],[-45.549236,-2.876684],[-45.549326,-2.87602],[-45.550235,-2.875052],[-45.550719,-2.874086],[-45.55093,-2.872668],[-45.550865,-2.871157],[-45.551017,-2.869711],[-45.551829,-2.867566],[-45.552946,-2.866208],[-45.555543,-2.864545],[-45.559292,-2.862949],[-45.559382,-2.862405],[-45.55911,-2.862043],[-45.557869,-2.86126],[-45.556686,-2.86017],[-45.556171,-2.859536],[-45.556141,-2.858843],[-45.556383,-2.857969],[-45.556866,-2.857727],[-45.558803,-2.857574],[-45.559346,-2.85703],[-45.559464,-2.856396],[-45.55934,-2.855793],[-45.557954,-2.855612],[-45.556382,-2.856036],[-45.551486,-2.858094],[-45.55043,-2.858337],[-45.549403,-2.858005],[-45.548525,-2.857433],[-45.547705,-2.856347],[-45.546917,-2.855894],[-45.542661,-2.854668],[-45.539943,-2.853345],[-45.537673,-2.851837],[-45.536579,-2.850808],[-45.536096,-2.850024],[-45.535252,-2.849302],[-45.534588,-2.849334],[-45.533954,-2.849607],[-45.533017,-2.850574],[-45.527912,-2.858011],[-45.527065,-2.858918],[-45.525917,-2.859131],[-45.521608,-2.857471],[-45.518973,-2.857355],[-45.517732,-2.857539],[-45.517278,-2.857932],[-45.513959,-2.862856],[-45.512237,-2.864399],[-45.510151,-2.865881],[-45.508608,-2.867396],[-45.507643,-2.867514],[-45.506042,-2.865912],[-45.50583,-2.865188],[-45.506042,-2.864463],[-45.506734,-2.863708],[-45.509813,-2.858922],[-45.514645,-2.853664],[-45.51714,-2.849203],[-45.517378,-2.847817],[-45.517049,-2.845916],[-45.516084,-2.843605],[-45.51569,-2.842295],[-45.515539,-2.841028],[-45.515689,-2.840152],[-45.517469,-2.837132],[-45.518195,-2.836195],[-45.518469,-2.83547],[-45.518405,-2.833689],[-45.518161,-2.832331],[-45.517737,-2.831547],[-45.517193,-2.831215],[-45.5165,-2.831606],[-45.511061,-2.836022],[-45.509945,-2.837109],[-45.509085,-2.837367],[-45.506369,-2.836637],[-45.502891,-2.837005],[-45.501499,-2.837369],[-45.498539,-2.839306],[-45.497607,-2.839639],[-45.496217,-2.839428],[-45.49525,-2.83952],[-45.494585,-2.839913],[-45.494405,-2.840871],[-45.495133,-2.843555],[-45.494771,-2.84434],[-45.493956,-2.845216],[-45.493504,-2.846637],[-45.493655,-2.847572],[-45.493473,-2.84836],[-45.492295,-2.849508],[-45.490999,-2.851439],[-45.490608,-2.852464],[-45.490791,-2.854455],[-45.49046,-2.855301],[-45.489557,-2.856391],[-45.488923,-2.857511],[-45.489105,-2.858385],[-45.489879,-2.859026],[-45.491658,-2.858634],[-45.492441,-2.858966],[-45.492536,-2.859749],[-45.492056,-2.860865],[-45.490215,-2.861983],[-45.488159,-2.863735],[-45.484746,-2.864493],[-45.48239,-2.864646],[-45.481152,-2.864496],[-45.47677,-2.862509],[-45.472656,-2.856485],[-45.472565,-2.855972],[-45.472957,-2.855247],[-45.473773,-2.854768],[-45.474467,-2.85401],[-45.475009,-2.853013],[-45.475156,-2.848486],[-45.474884,-2.846403],[-45.474791,-2.843472],[-45.475091,-2.84024],[-45.476536,-2.836194],[-45.477502,-2.834729],[-45.478013,-2.833612],[-45.478133,-2.832763],[-45.477467,-2.83056],[-45.474229,-2.826007],[-45.47296,-2.825255],[-45.472506,-2.824197],[-45.472689,-2.819739],[-45.472058,-2.819284],[-45.471452,-2.819345],[-45.469302,-2.820648],[-45.468516,-2.820921],[-45.46776,-2.82062],[-45.466854,-2.819019],[-45.465855,-2.818052],[-45.465057,-2.816861],[-45.464268,-2.816291],[-45.463392,-2.816141],[-45.462187,-2.816411],[-45.455329,-2.821337],[-45.453636,-2.821611],[-45.452545,-2.821219],[-45.450458,-2.817201],[-45.448827,-2.81476],[-45.446224,-2.811489],[-45.444741,-2.809978],[-45.443258,-2.808983],[-45.441776,-2.808108],[-45.438874,-2.806963],[-45.438241,-2.806481],[-45.437634,-2.805696],[-45.436909,-2.803916],[-45.436879,-2.803192],[-45.437603,-2.802889],[-45.438599,-2.803038],[-45.441962,-2.80539],[-45.44414,-2.807895],[-45.444746,-2.807834],[-45.44535,-2.807125],[-45.446287,-2.804677],[-45.449937,-2.798394],[-45.449785,-2.798002],[-45.447636,-2.796251],[-45.445215,-2.793114],[-45.444155,-2.791332],[-45.443188,-2.790941],[-45.438588,-2.79143],[-45.4378,-2.791189],[-45.437498,-2.790313],[-45.438022,-2.788761],[-45.440783,-2.783405],[-45.443521,-2.778929],[-45.443455,-2.777993],[-45.442714,-2.775196],[-45.442594,-2.774199],[-45.442893,-2.773473],[-45.446342,-2.772472],[-45.446917,-2.771808],[-45.447403,-2.769574],[-45.447856,-2.76897],[-45.450035,-2.768877],[-45.451453,-2.768634],[-45.452542,-2.768845],[-45.45342,-2.769901],[-45.454419,-2.770774],[-45.455719,-2.771344],[-45.456866,-2.770952],[-45.457532,-2.769504],[-45.458043,-2.767873],[-45.456676,-2.761162],[-45.456887,-2.75935],[-45.458667,-2.753626],[-45.458834,-2.750802],[-45.458583,-2.749004],[-45.458932,-2.748005],[-45.459832,-2.747456],[-45.460983,-2.747804],[-45.461683,-2.748603],[-45.462084,-2.749502],[-45.462182,-2.750601],[-45.46258,-2.751549],[-45.464133,-2.752248],[-45.465731,-2.751998],[-45.466831,-2.750949],[-45.46733,-2.74975],[-45.46753,-2.748651],[-45.46673,-2.747753],[-45.465628,-2.747681],[-45.465091,-2.747879],[-45.464635,-2.747574],[-45.464963,-2.746663],[-45.463882,-2.746892],[-45.462019,-2.745985],[-45.461188,-2.744977],[-45.458026,-2.742163],[-45.456798,-2.741762],[-45.455436,-2.74194],[-45.455074,-2.742554],[-45.454833,-2.743582],[-45.454794,-2.745085],[-45.455434,-2.746225],[-45.455607,-2.7484],[-45.455326,-2.750133],[-45.454437,-2.750976],[-45.453077,-2.751181],[-45.451712,-2.75091],[-45.450747,-2.750056],[-45.449082,-2.749149],[-45.448298,-2.749099],[-45.447218,-2.749395],[-45.444691,-2.750647],[-45.443157,-2.751128],[-45.442385,-2.751067],[-45.44166,-2.750519],[-45.437576,-2.750703],[-45.434007,-2.752558],[-45.431492,-2.752583],[-45.429884,-2.752179],[-45.42863,-2.751632],[-45.428051,-2.750817],[-45.42752,-2.749631],[-45.427277,-2.748448],[-45.427075,-2.745262],[-45.426218,-2.744128],[-45.425244,-2.743585],[-45.423657,-2.743879],[-45.422273,-2.743813],[-45.417163,-2.742775],[-45.413379,-2.741737],[-45.407161,-2.73911],[-45.404741,-2.739199],[-45.402656,-2.737932],[-45.400293,-2.738801],[-45.397717,-2.739347],[-45.396604,-2.740216],[-45.394386,-2.741263],[-45.39263,-2.741628],[-45.389138,-2.741871],[-45.385577,-2.743007],[-45.384969,-2.743692],[-45.384076,-2.746611],[-45.384051,-2.748881],[-45.383775,-2.751026],[-45.384635,-2.75384],[-45.384572,-2.756253],[-45.383135,-2.758755],[-45.380326,-2.760353],[-45.378686,-2.761809],[-45.377381,-2.763295],[-45.376828,-2.765131],[-45.37583,-2.767459],[-45.374386,-2.769469],[-45.372467,-2.7711],[-45.371214,-2.771468],[-45.368577,-2.770741],[-45.365901,-2.768397],[-45.364868,-2.763837],[-45.364897,-2.749897],[-45.362781,-2.747557],[-45.361088,-2.746181],[-45.359958,-2.74563],[-45.357728,-2.745596],[-45.352955,-2.746198],[-45.35144,-2.748642],[-45.350833,-2.750322],[-45.349319,-2.75078],[-45.347425,-2.752309],[-45.344998,-2.753378],[-45.341058,-2.754295],[-45.340299,-2.755518],[-45.339148,-2.759967],[-45.335608,-2.762768],[-45.335354,-2.764385],[-45.335324,-2.765975],[-45.334686,-2.768384],[-45.333658,-2.769979],[-45.332415,-2.771506],[-45.33116,-2.775871],[-45.329776,-2.777031],[-45.326297,-2.777812],[-45.322162,-2.777654],[-45.320547,-2.778205],[-45.319046,-2.779145],[-45.317023,-2.781651],[-45.315714,-2.782176],[-45.312519,-2.785025],[-45.310967,-2.785728],[-45.308608,-2.786077],[-45.304438,-2.78585],[-45.303404,-2.786791],[-45.302211,-2.791206],[-45.301079,-2.793478],[-45.299635,-2.795535],[-45.297768,-2.797336],[-45.29408,-2.799839],[-45.29235,-2.800201],[-45.291264,-2.799756],[-45.286878,-2.800572],[-45.280803,-2.80716],[-45.275329,-2.809149],[-45.26927,-2.807611],[-45.266131,-2.806478],[-45.260962,-2.807345],[-45.258879,-2.807077],[-45.256133,-2.805028],[-45.254691,-2.804401],[-45.253216,-2.803997],[-45.250687,-2.804112],[-45.245329,-2.806371],[-45.239212,-2.809917],[-45.23696,-2.810517],[-45.231659,-2.810916],[-45.23007,-2.811691],[-45.228989,-2.812613],[-45.222808,-2.813607],[-45.219896,-2.813417],[-45.223027,-2.81572],[-45.228572,-2.824811],[-45.229777,-2.829174],[-45.22978,-2.833418],[-45.228213,-2.840448],[-45.225925,-2.844692],[-45.224361,-2.850149],[-45.225306,-2.857277],[-45.225447,-2.861906],[-45.224122,-2.866272],[-45.221593,-2.872212],[-45.219908,-2.879607],[-45.22027,-2.889792],[-45.21937,-2.904713],[-45.21889,-2.907137],[-45.218257,-2.908138],[-45.217112,-2.908289],[-45.215991,-2.908018],[-45.216113,-2.909525],[-45.215848,-2.910707],[-45.215275,-2.911452],[-45.214043,-2.911849],[-45.212513,-2.912897],[-45.210805,-2.913422],[-45.210546,-2.913989],[-45.210635,-2.914381],[-45.211553,-2.914557],[-45.212734,-2.914338],[-45.213217,-2.914774],[-45.213001,-2.91744],[-45.212475,-2.918183],[-45.211116,-2.918926],[-45.210455,-2.919563],[-45.209633,-2.920891],[-45.207914,-2.921145],[-45.205689,-2.920584],[-45.203765,-2.920323],[-45.201628,-2.918737],[-45.201365,-2.918782],[-45.201384,-2.919259],[-45.202004,-2.921055],[-45.201881,-2.922037],[-45.20139,-2.922181],[-45.200837,-2.922017],[-45.199364,-2.920973],[-45.198915,-2.920809],[-45.19867,-2.920891],[-45.198546,-2.921177],[-45.19893,-2.922223],[-45.198848,-2.922735],[-45.198602,-2.922857],[-45.197315,-2.92263],[-45.196907,-2.922773],[-45.196635,-2.923638],[-45.196447,-2.92376],[-45.194564,-2.923872],[-45.193661,-2.9236],[-45.192668,-2.922768],[-45.191373,-2.921251],[-45.189408,-2.921555],[-45.188754,-2.921829],[-45.187448,-2.921826],[-45.186737,-2.922314],[-45.186032,-2.922205],[-45.185611,-2.921569],[-45.185212,-2.921578],[-45.184263,-2.922696],[-45.184098,-2.923838],[-45.183658,-2.924364],[-45.183798,-2.924805],[-45.183596,-2.926526],[-45.183795,-2.926849],[-45.184315,-2.926758],[-45.184768,-2.926228],[-45.184423,-2.925103],[-45.184702,-2.924638],[-45.18522,-2.924275],[-45.185646,-2.923514],[-45.187127,-2.92354],[-45.188158,-2.923158],[-45.189292,-2.923076],[-45.189995,-2.923195],[-45.190665,-2.923666],[-45.190884,-2.924094],[-45.190818,-2.924351],[-45.189966,-2.925285],[-45.190126,-2.925562],[-45.191737,-2.925462],[-45.192668,-2.925623],[-45.193192,-2.92604],[-45.193291,-2.926392],[-45.193143,-2.927058],[-45.192236,-2.928359],[-45.190832,-2.928681],[-45.189953,-2.929255],[-45.189906,-2.929878],[-45.190064,-2.930149],[-45.189723,-2.930774],[-45.188385,-2.932041],[-45.187916,-2.933175],[-45.188077,-2.934414],[-45.188325,-2.934995],[-45.188743,-2.935344],[-45.18912,-2.935349],[-45.189806,-2.935035],[-45.190589,-2.935176],[-45.190887,-2.935435],[-45.190996,-2.936453],[-45.191707,-2.937043],[-45.191906,-2.936829],[-45.191885,-2.936479],[-45.19163,-2.935935],[-45.191409,-2.934526],[-45.191079,-2.933778],[-45.191339,-2.933448],[-45.191835,-2.933357],[-45.192224,-2.933538],[-45.192332,-2.93328],[-45.191941,-2.931543],[-45.192015,-2.930792],[-45.192391,-2.930535],[-45.19452,-2.930872],[-45.194825,-2.930594],[-45.194808,-2.930356],[-45.194268,-2.929582],[-45.194218,-2.929047],[-45.194308,-2.928265],[-45.194783,-2.927684],[-45.195375,-2.927441],[-45.19619,-2.927538],[-45.196668,-2.927353],[-45.197291,-2.926462],[-45.19784,-2.926453],[-45.198304,-2.926706],[-45.198598,-2.926269],[-45.198713,-2.925528],[-45.199028,-2.925217],[-45.201162,-2.924189],[-45.201904,-2.924066],[-45.202649,-2.924558],[-45.203011,-2.925553],[-45.203464,-2.92601],[-45.204083,-2.925979],[-45.204808,-2.924571],[-45.20579,-2.924327],[-45.206766,-2.924616],[-45.207151,-2.925398],[-45.207291,-2.926238],[-45.207228,-2.926966],[-45.206809,-2.927325],[-45.206831,-2.927576],[-45.205913,-2.928765],[-45.205949,-2.929128],[-45.206478,-2.92954],[-45.207715,-2.929062],[-45.208276,-2.929158],[-45.208761,-2.929641],[-45.208974,-2.929662],[-45.208899,-2.928277],[-45.208634,-2.927873],[-45.208992,-2.927495],[-45.209884,-2.927288],[-45.209364,-2.926133],[-45.209389,-2.925467],[-45.209654,-2.925278],[-45.210987,-2.926106],[-45.211827,-2.926168],[-45.213275,-2.925712],[-45.213991,-2.925763],[-45.214719,-2.926474],[-45.215347,-2.927882],[-45.215349,-2.928435],[-45.214474,-2.929614],[-45.214606,-2.930121],[-45.215633,-2.931029],[-45.21566,-2.931569],[-45.214961,-2.932222],[-45.213768,-2.932684],[-45.213689,-2.932861],[-45.214989,-2.933349],[-45.215393,-2.934653],[-45.215295,-2.935752],[-45.214889,-2.936288],[-45.213614,-2.936758],[-45.213514,-2.937124],[-45.214014,-2.937657],[-45.214881,-2.938023],[-45.215983,-2.938856],[-45.216183,-2.939556],[-45.21615,-2.940356],[-45.214112,-2.941556],[-45.214012,-2.942056],[-45.214145,-2.942356],[-45.215682,-2.94269],[-45.217285,-2.94359],[-45.217986,-2.944191],[-45.218487,-2.945325],[-45.217852,-2.946257],[-45.217752,-2.946722],[-45.218755,-2.947794],[-45.218721,-2.948161],[-45.217932,-2.949425],[-45.217443,-2.95091],[-45.218604,-2.960139],[-45.22192,-2.964538],[-45.226693,-2.968337],[-45.228416,-2.972074],[-45.22855,-2.976138],[-45.227092,-2.981608],[-45.228022,-2.985742],[-45.228157,-2.989144],[-45.228823,-2.996734],[-45.229312,-3.000288],[-45.229884,-3.002586],[-45.229804,-3.006445],[-45.230213,-3.01018],[-45.230785,-3.012396],[-45.232582,-3.014119],[-45.23666,-3.019412],[-45.239191,-3.021383],[-45.241312,-3.02212],[-45.241965,-3.023926],[-45.24474,-3.027537],[-45.247515,-3.030494],[-45.250617,-3.035169],[-45.252902,-3.03681],[-45.256165,-3.03837],[-45.258616,-3.040175],[-45.261388,-3.043951],[-45.266449,-3.05027],[-45.270203,-3.053307],[-45.273304,-3.05626],[-45.276568,-3.058558],[-45.27853,-3.063729],[-45.279018,-3.067338],[-45.278863,-3.072562]]]}},{"type":"Feature","properties":{"CD_MUN":"2100055","NM_MUN":"Açailândia"},"geometry":{"type":"Polygon","coordinates":[[[-47.060885,-5.055902],[-47.066677,-5.055631],[-47.074678,-5.057777],[-47.081315,-5.057039],[-47.084608,-5.05818],[-47.087644,-5.059909],[-47.095137,-5.065422],[-47.100158,-5.069708],[-47.100798,-5.073491],[-47.097572,-5.077572],[-47.09729,-5.080002],[-47.100434,-5.082678],[-47.10426,-5.083289],[-47.10681,-5.085248],[-47.108302,-5.087901],[-47.111068,-5.089483],[-47.113103,-5.089416],[-47.114602,-5.086175],[-47.116331,-5.08643],[-47.118601,-5.087141],[-47.120519,-5.088819],[-47.117033,-5.093348],[-47.115638,-5.098749],[-47.116049,-5.100956],[-47.117813,-5.101099],[-47.121781,-5.099147],[-47.123475,-5.101988],[-47.122861,-5.104965],[-47.124624,-5.109913],[-47.126925,-5.111637],[-47.127713,-5.114645],[-47.127509,-5.116761],[-47.1266,-5.11784],[-47.12687,-5.12197],[-47.128419,-5.123992],[-47.13125,-5.126203],[-47.133932,-5.127324],[-47.135322,-5.128878],[-47.137584,-5.133643],[-47.13768,-5.136678],[-47.136562,-5.138247],[-47.134402,-5.138951],[-47.134301,-5.140051],[-47.135553,-5.143382],[-47.196872,-5.162223],[-47.201927,-5.165145],[-47.212042,-5.168845],[-47.215037,-5.168312],[-47.219736,-5.164942],[-47.222031,-5.162051],[-47.223283,-5.158591],[-47.224596,-5.156455],[-47.228084,-5.153878],[-47.230041,-5.151608],[-47.233565,-5.144189],[-47.236794,-5.139036],[-47.239481,-5.131389],[-47.241097,-5.128094],[-47.242649,-5.122493],[-47.245413,-5.117585],[-47.247396,-5.113395],[-47.248954,-5.106722],[-47.249237,-5.103466],[-47.249578,-5.102667],[-47.250645,-5.101137],[-47.254124,-5.099449],[-47.255282,-5.097944],[-47.256696,-5.094134],[-47.260432,-5.091094],[-47.260952,-5.089606],[-47.260007,-5.087268],[-47.260287,-5.085715],[-47.262166,-5.085446],[-47.263634,-5.085794],[-47.26821,-5.088138],[-47.269061,-5.088098],[-47.269563,-5.087436],[-47.269171,-5.085458],[-47.271144,-5.081797],[-47.276842,-5.081756],[-47.280839,-5.080964],[-47.282893,-5.081234],[-47.28618,-5.083854],[-47.288225,-5.086232],[-47.290285,-5.08616],[-47.291669,-5.085256],[-47.292063,-5.084244],[-47.29101,-5.080725],[-47.29134,-5.07916],[-47.294127,-5.078602],[-47.29597,-5.078727],[-47.301297,-5.081899],[-47.304199,-5.081365],[-47.306374,-5.079224],[-47.308878,-5.078435],[-47.309452,-5.077353],[-47.309013,-5.07635],[-47.309198,-5.075625],[-47.311388,-5.076634],[-47.312581,-5.076223],[-47.312755,-5.075289],[-47.312168,-5.07347],[-47.312506,-5.070568],[-47.313156,-5.069696],[-47.315233,-5.068405],[-47.315841,-5.067216],[-47.315696,-5.066344],[-47.314323,-5.065294],[-47.314395,-5.064307],[-47.316786,-5.062961],[-47.317919,-5.060289],[-47.320739,-5.059666],[-47.321286,-5.058761],[-47.321008,-5.05613],[-47.319378,-5.053324],[-47.318758,-5.049988],[-47.31546,-5.04697],[-47.315413,-5.045069],[-47.315505,-5.044444],[-47.315784,-5.043937],[-47.317146,-5.04404],[-47.320121,-5.0461],[-47.32103,-5.046215],[-47.321866,-5.046049],[-47.32254,-5.045586],[-47.32384,-5.043473],[-47.324875,-5.043114],[-47.330728,-5.043641],[-47.332113,-5.042684],[-47.334389,-5.040033],[-47.338088,-5.039836],[-47.33949,-5.037418],[-47.341741,-5.036331],[-47.343926,-5.03309],[-47.344845,-5.028566],[-47.34617,-5.028308],[-47.348939,-5.028862],[-47.349894,-5.02797],[-47.350536,-5.026358],[-47.476731,-5.046743],[-47.475867,-5.048778],[-47.476507,-5.054807],[-47.476147,-5.063105],[-47.476972,-5.067287],[-47.478343,-5.070355],[-47.479165,-5.071394],[-47.481705,-5.073087],[-47.487623,-5.076137],[-47.491539,-5.077207],[-47.494263,-5.077193],[-47.496085,-5.076301],[-47.497722,-5.074853],[-47.498981,-5.072064],[-47.499816,-5.067079],[-47.5021,-5.064975],[-47.504813,-5.06294],[-47.507767,-5.061717],[-47.51195,-5.061999],[-47.514466,-5.063284],[-47.528122,-5.07365],[-47.530092,-5.075801],[-47.537918,-5.081993],[-47.538991,-5.083174],[-47.542359,-5.089042],[-47.554589,-5.095222],[-47.679248,-5.042061],[-47.682431,-5.038297],[-47.685403,-5.036169],[-47.691734,-5.033172],[-47.697232,-5.029629],[-47.702209,-5.02165],[-47.707819,-5.015732],[-47.708738,-5.013204],[-47.713291,-5.008349],[-47.716145,-5.000431],[-47.714482,-4.997915],[-47.713876,-4.994459],[-47.71454,-4.991832],[-47.717235,-4.986489],[-47.72079,-4.983239],[-47.725569,-4.983278],[-47.726322,-4.981917],[-47.727949,-4.98038],[-47.730703,-4.978392],[-47.734339,-4.976951],[-47.736092,-4.975495],[-47.737727,-4.973313],[-47.744925,-4.967554],[-47.747234,-4.966586],[-47.748513,-4.966772],[-47.749708,-4.965958],[-47.750345,-4.964586],[-47.75154,-4.963856],[-47.760786,-4.961971],[-47.765432,-4.96161],[-47.767093,-4.959798],[-47.769561,-4.959681],[-47.770886,-4.958626],[-47.774339,-4.957987],[-47.776097,-4.956895],[-47.775541,-4.955806],[-47.775566,-4.954161],[-47.776561,-4.953522],[-47.777232,-4.952339],[-47.777786,-4.949067],[-47.778986,-4.948887],[-47.778486,-4.945701],[-47.780487,-4.944803],[-47.78251,-4.942349],[-47.784386,-4.941543],[-47.78804,-4.941105],[-47.790513,-4.937299],[-47.792703,-4.935212],[-47.795068,-4.936135],[-47.797427,-4.934331],[-47.801599,-4.9339],[-47.802346,-4.932822],[-47.803734,-4.927926],[-47.806623,-4.929396],[-47.806817,-4.927217],[-47.806211,-4.925945],[-47.80404,-4.924293],[-47.804617,-4.922296],[-47.807795,-4.921151],[-47.809901,-4.918522],[-47.810988,-4.9199],[-47.8116,-4.921992],[-47.8136,-4.921189],[-47.817153,-4.910413],[-47.818071,-4.90852],[-47.819539,-4.906995],[-47.821099,-4.903837],[-47.823764,-4.901224],[-47.824934,-4.900595],[-47.828646,-4.900444],[-47.827348,-4.894919],[-47.827539,-4.893554],[-47.828368,-4.891844],[-47.829736,-4.891228],[-47.830593,-4.887243],[-47.832259,-4.884542],[-47.835543,-4.882217],[-47.837483,-4.877981],[-47.839456,-4.876635],[-47.844119,-4.874975],[-47.849898,-4.870065],[-47.851182,-4.869715],[-47.85384,-4.871827],[-47.855317,-4.871032],[-47.855292,-4.865778],[-47.856636,-4.861634],[-47.858843,-4.856963],[-47.860953,-4.854723],[-47.862232,-4.854382],[-47.866928,-4.855347],[-47.869984,-4.852341],[-47.871674,-4.851703],[-47.875149,-4.851482],[-47.881458,-4.847411],[-47.882566,-4.845982],[-47.884204,-4.845377],[-47.885707,-4.843502],[-47.888179,-4.842092],[-47.889896,-4.841759],[-47.891539,-4.840343],[-47.893488,-4.839377],[-47.895233,-4.836788],[-47.905125,-4.834431],[-47.910482,-4.832351],[-47.916562,-4.830764],[-47.91958,-4.829309],[-47.921839,-4.826459],[-47.926346,-4.824472],[-47.931953,-4.816487],[-47.933454,-4.815976],[-47.935264,-4.816293],[-47.939875,-4.815487],[-47.941153,-4.814165],[-47.947372,-4.809986],[-47.956406,-4.800897],[-47.962038,-4.796155],[-47.966571,-4.793091],[-47.967946,-4.791239],[-47.973293,-4.78935],[-47.977573,-4.788526],[-47.978879,-4.785386],[-47.980065,-4.784773],[-47.982069,-4.784821],[-47.984349,-4.783687],[-47.985989,-4.783818],[-47.987927,-4.782392],[-47.996734,-4.780762],[-48.000954,-4.782284],[-48.002426,-4.783252],[-48.002958,-4.784521],[-48.004322,-4.785353],[-48.006398,-4.785744],[-48.008125,-4.785027],[-48.011014,-4.784692],[-48.011128,-4.783067],[-48.012317,-4.780803],[-48.01596,-4.778754],[-48.021009,-4.778796],[-48.022539,-4.779179],[-48.024179,-4.779014],[-48.025377,-4.778296],[-48.001433,-4.75886],[-47.816153,-4.614728],[-47.812405,-4.609527],[-47.81001,-4.60696],[-47.806617,-4.601022],[-47.805128,-4.597369],[-47.801986,-4.596884],[-47.799199,-4.594945],[-47.792569,-4.586411],[-47.789921,-4.58551],[-47.786291,-4.586065],[-47.782733,-4.588839],[-47.773428,-4.59154],[-47.77087,-4.593314],[-47.764872,-4.590878],[-47.761067,-4.592186],[-47.758206,-4.590516],[-47.754041,-4.590824],[-47.751847,-4.593336],[-47.751817,-4.596509],[-47.750791,-4.600491],[-47.74798,-4.60154],[-47.745366,-4.598973],[-47.742256,-4.598619],[-47.737597,-4.602589],[-47.734512,-4.603912],[-47.731536,-4.602062],[-47.724813,-4.606418],[-47.721871,-4.604755],[-47.718067,-4.604792],[-47.715288,-4.603042],[-47.711763,-4.603271],[-47.711925,-4.606266],[-47.708953,-4.606142],[-47.705899,-4.604928],[-47.701565,-4.604782],[-47.698401,-4.605833],[-47.695403,-4.605537],[-47.68212,-4.606381],[-47.679957,-4.608617],[-47.680394,-4.609373],[-47.680284,-4.610606],[-47.68084,-4.61169],[-47.680656,-4.612859],[-47.680731,-4.613997],[-47.681087,-4.614875],[-47.681153,-4.615541],[-47.680943,-4.616682],[-47.680988,-4.616988],[-47.681374,-4.617223],[-47.681521,-4.617783],[-47.681079,-4.619603],[-47.681608,-4.62026],[-47.68169,-4.621565],[-47.682101,-4.62251],[-47.681994,-4.623],[-47.681674,-4.6233],[-47.682309,-4.624169],[-47.683782,-4.625108],[-47.683941,-4.625485],[-47.684611,-4.625552],[-47.684677,-4.626032],[-47.685228,-4.626373],[-47.685534,-4.627365],[-47.685229,-4.628261],[-47.685644,-4.629367],[-47.685372,-4.629602],[-47.685539,-4.62998],[-47.685532,-4.630256],[-47.685324,-4.630407],[-47.685487,-4.63059],[-47.685417,-4.630962],[-47.68486,-4.631637],[-47.684606,-4.632704],[-47.684475,-4.633445],[-47.684622,-4.634694],[-47.684468,-4.635017],[-47.684593,-4.635259],[-47.684497,-4.635476],[-47.684073,-4.635703],[-47.683833,-4.636192],[-47.68353,-4.636323],[-47.682769,-4.638294],[-47.682664,-4.639672],[-47.683099,-4.640064],[-47.683871,-4.639659],[-47.684096,-4.639373],[-47.685132,-4.63934],[-47.686309,-4.640486],[-47.686851,-4.640617],[-47.687317,-4.641028],[-47.687702,-4.641688],[-47.687641,-4.642241],[-47.687967,-4.642539],[-47.68824,-4.643195],[-47.688149,-4.643433],[-47.688321,-4.643597],[-47.688122,-4.644162],[-47.688348,-4.644895],[-47.688094,-4.645142],[-47.688226,-4.645984],[-47.689196,-4.646461],[-47.689153,-4.647147],[-47.68953,-4.647899],[-47.69063,-4.647658],[-47.691348,-4.648009],[-47.691976,-4.648641],[-47.692693,-4.648879],[-47.692776,-4.649981],[-47.693262,-4.650503],[-47.693257,-4.651284],[-47.693071,-4.651868],[-47.693145,-4.653176],[-47.6925,-4.653959],[-47.692511,-4.654635],[-47.692261,-4.655106],[-47.692667,-4.65584],[-47.691704,-4.656658],[-47.692325,-4.658742],[-47.692073,-4.659968],[-47.692322,-4.661478],[-47.692171,-4.662515],[-47.691679,-4.663232],[-47.691715,-4.665271],[-47.691944,-4.665608],[-47.691992,-4.666044],[-47.691784,-4.66643],[-47.691233,-4.666844],[-47.691089,-4.667345],[-47.690711,-4.667603],[-47.691101,-4.668193],[-47.691158,-4.668736],[-47.690974,-4.669026],[-47.691165,-4.669577],[-47.691006,-4.66996],[-47.691068,-4.670464],[-47.689875,-4.672452],[-47.689389,-4.6738],[-47.689411,-4.674557],[-47.690218,-4.6765],[-47.6899,-4.677148],[-47.689888,-4.678464],[-47.689605,-4.679299],[-47.690169,-4.681777],[-47.690159,-4.682931],[-47.688855,-4.685153],[-47.687957,-4.685767],[-47.687654,-4.686912],[-47.687282,-4.687545],[-47.686168,-4.688779],[-47.686147,-4.68932],[-47.686443,-4.690267],[-47.686363,-4.690843],[-47.686556,-4.691212],[-47.686913,-4.691417],[-47.688518,-4.691853],[-47.689177,-4.69233],[-47.691173,-4.693021],[-47.691629,-4.693885],[-47.692152,-4.694348],[-47.693195,-4.694736],[-47.694572,-4.694944],[-47.694738,-4.695271],[-47.695682,-4.695994],[-47.695707,-4.696638],[-47.695316,-4.69776],[-47.696136,-4.698242],[-47.696739,-4.697998],[-47.697111,-4.69803],[-47.697967,-4.69942],[-47.699224,-4.700405],[-47.699426,-4.70142],[-47.698326,-4.702845],[-47.698029,-4.703748],[-47.698862,-4.704741],[-47.698845,-4.70547],[-47.700079,-4.707175],[-47.700026,-4.707843],[-47.699684,-4.708221],[-47.698916,-4.70994],[-47.699106,-4.710461],[-47.69962,-4.7111],[-47.699857,-4.712312],[-47.699498,-4.712961],[-47.699422,-4.713585],[-47.699967,-4.71435],[-47.70054,-4.714546],[-47.70133,-4.715236],[-47.70191,-4.716271],[-47.701872,-4.716601],[-47.701402,-4.717249],[-47.699838,-4.717887],[-47.699159,-4.718467],[-47.698653,-4.718674],[-47.698128,-4.719665],[-47.698877,-4.720552],[-47.698408,-4.721101],[-47.694422,-4.7244],[-47.692452,-4.724324],[-47.691518,-4.723733],[-47.689922,-4.723171],[-47.688242,-4.723285],[-47.686999,-4.723628],[-47.685704,-4.722802],[-47.684984,-4.723085],[-47.684677,-4.72189],[-47.684834,-4.721576],[-47.685464,-4.721072],[-47.685817,-4.72047],[-47.686342,-4.720083],[-47.686538,-4.719529],[-47.684294,-4.716218],[-47.683653,-4.715644],[-47.68208,-4.713101],[-47.678139,-4.712056],[-47.677664,-4.712044],[-47.676747,-4.712414],[-47.675975,-4.712017],[-47.67508,-4.712272],[-47.674582,-4.711893],[-47.67402,-4.712039],[-47.673418,-4.712781],[-47.671634,-4.713746],[-47.671261,-4.713794],[-47.670673,-4.713512],[-47.669295,-4.713599],[-47.667515,-4.714378],[-47.666953,-4.714375],[-47.665539,-4.715087],[-47.663474,-4.715439],[-47.661296,-4.715366],[-47.660367,-4.714975],[-47.659585,-4.714858],[-47.65678,-4.715247],[-47.655786,-4.714756],[-47.654647,-4.716103],[-47.646138,-4.72765],[-47.629795,-4.713891],[-47.61682,-4.703416],[-47.615333,-4.702002],[-47.611566,-4.704086],[-47.603452,-4.705819],[-47.602656,-4.705648],[-47.601559,-4.704947],[-47.60111,-4.70482],[-47.597557,-4.705344],[-47.594527,-4.705994],[-47.593512,-4.705742],[-47.592005,-4.706273],[-47.590834,-4.706388],[-47.589557,-4.706827],[-47.587577,-4.706565],[-47.583539,-4.7071],[-47.574525,-4.707284],[-47.570937,-4.706655],[-47.561195,-4.704152],[-47.558582,-4.703691],[-47.554738,-4.703551],[-47.539107,-4.703789],[-47.536181,-4.703707],[-47.514963,-4.704117],[-47.51382,-4.703898],[-47.511811,-4.703897],[-47.50925,-4.703519],[-47.500768,-4.701427],[-47.495292,-4.700925],[-47.493097,-4.683581],[-47.49383,-4.66564],[-47.49409,-4.664351],[-47.495383,-4.660282],[-47.495605,-4.658741],[-47.495347,-4.652183],[-47.493668,-4.651258],[-47.490544,-4.65006],[-47.489762,-4.649425],[-47.48757,-4.648322],[-47.486765,-4.647536],[-47.486069,-4.647302],[-47.484064,-4.647379],[-47.482414,-4.647038],[-47.481527,-4.6471],[-47.480232,-4.647321],[-47.476359,-4.648428],[-47.473865,-4.648488],[-47.472179,-4.648992],[-47.468342,-4.649395],[-47.46421,-4.647664],[-47.462254,-4.645574],[-47.459011,-4.644531],[-47.457435,-4.644234],[-47.456616,-4.643835],[-47.45451,-4.641687],[-47.453573,-4.640213],[-47.452956,-4.639619],[-47.45149,-4.638786],[-47.44971,-4.637364],[-47.449044,-4.636637],[-47.447583,-4.635719],[-47.4469,-4.635451],[-47.445434,-4.635271],[-47.439826,-4.636148],[-47.437947,-4.636827],[-47.437135,-4.637338],[-47.435786,-4.637547],[-47.434748,-4.637209],[-47.433916,-4.636172],[-47.433534,-4.635952],[-47.433186,-4.63597],[-47.43217,-4.636659],[-47.430416,-4.636268],[-47.430043,-4.636594],[-47.429952,-4.636998],[-47.430453,-4.637767],[-47.430432,-4.638037],[-47.42937,-4.638883],[-47.428729,-4.639052],[-47.427516,-4.638884],[-47.42469,-4.63784],[-47.424268,-4.637864],[-47.422966,-4.63872],[-47.42118,-4.639064],[-47.418837,-4.640327],[-47.418035,-4.640579],[-47.416959,-4.641568],[-47.415696,-4.642377],[-47.413691,-4.64218],[-47.410351,-4.643588],[-47.408674,-4.643459],[-47.408119,-4.644341],[-47.406359,-4.645548],[-47.404543,-4.645659],[-47.403941,-4.646027],[-47.403123,-4.647118],[-47.402726,-4.647966],[-47.401661,-4.648951],[-47.400821,-4.648928],[-47.399628,-4.649311],[-47.397494,-4.649081],[-47.396386,-4.648775],[-47.395502,-4.649243],[-47.394863,-4.65008],[-47.394364,-4.650468],[-47.388885,-4.650815],[-47.387639,-4.651102],[-47.387482,-4.651363],[-47.387581,-4.651665],[-47.389343,-4.652621],[-47.390501,-4.654107],[-47.390606,-4.654487],[-47.390566,-4.654771],[-47.3899,-4.655468],[-47.389321,-4.657528],[-47.387909,-4.658869],[-47.387506,-4.658843],[-47.38622,-4.658251],[-47.385989,-4.658563],[-47.385608,-4.659885],[-47.384794,-4.660562],[-47.38177,-4.660027],[-47.375083,-4.665959],[-47.365528,-4.670085],[-47.352448,-4.672339],[-47.338323,-4.678394],[-47.335507,-4.679455],[-47.339204,-4.690697],[-47.338696,-4.69073],[-47.338155,-4.691271],[-47.336874,-4.691581],[-47.335405,-4.692475],[-47.333459,-4.693113],[-47.331992,-4.693024],[-47.331208,-4.693328],[-47.330226,-4.693194],[-47.329003,-4.692159],[-47.327186,-4.691964],[-47.32553,-4.692267],[-47.324845,-4.692681],[-47.323453,-4.692463],[-47.319987,-4.692721],[-47.319406,-4.693108],[-47.318368,-4.694734],[-47.317071,-4.695678],[-47.316502,-4.695739],[-47.315812,-4.696241],[-47.314625,-4.695916],[-47.314172,-4.696385],[-47.313438,-4.696578],[-47.312317,-4.697605],[-47.311881,-4.697798],[-47.308645,-4.698422],[-47.307861,-4.698422],[-47.306967,-4.69787],[-47.304703,-4.696965],[-47.304118,-4.697053],[-47.302671,-4.697782],[-47.299391,-4.698599],[-47.297613,-4.698577],[-47.295278,-4.698141],[-47.294466,-4.698466],[-47.294256,-4.698754],[-47.294334,-4.699538],[-47.295084,-4.699725],[-47.294974,-4.700266],[-47.291391,-4.702873],[-47.288575,-4.6989],[-47.286843,-4.696949],[-47.258277,-4.67042],[-47.256993,-4.668833],[-47.246193,-4.653412],[-47.242534,-4.648462],[-47.239898,-4.645812],[-47.229987,-4.636555],[-47.229784,-4.633021],[-47.229186,-4.629835],[-47.228874,-4.625659],[-47.228277,-4.624217],[-47.22808,-4.621372],[-47.22746,-4.618972],[-47.227205,-4.614278],[-47.226599,-4.609643],[-47.224907,-4.60075],[-47.233571,-4.559844],[-47.237209,-4.554268],[-47.242147,-4.537517],[-47.242622,-4.536906],[-47.244008,-4.536268],[-47.24565,-4.534359],[-47.245983,-4.532861],[-47.245784,-4.53133],[-47.24589,-4.530758],[-47.246703,-4.528653],[-47.247473,-4.526026],[-47.248172,-4.524753],[-47.249236,-4.520697],[-47.251926,-4.51321],[-47.253588,-4.508176],[-47.253723,-4.507312],[-47.253772,-4.504255],[-47.253005,-4.50243],[-47.252806,-4.500397],[-47.252227,-4.499436],[-47.251407,-4.496638],[-47.250733,-4.495316],[-47.248471,-4.493583],[-47.248176,-4.492971],[-47.248198,-4.491321],[-47.248968,-4.48337],[-47.248783,-4.481151],[-47.248297,-4.478209],[-47.248781,-4.475728],[-47.248696,-4.474526],[-47.248316,-4.472883],[-47.249544,-4.46917],[-47.249888,-4.467522],[-47.248735,-4.465291],[-47.247964,-4.464248],[-47.246811,-4.460703],[-47.246335,-4.458335],[-47.245731,-4.457488],[-47.244809,-4.4555],[-47.244091,-4.451421],[-47.242676,-4.446359],[-47.24269,-4.443297],[-47.242302,-4.442053],[-47.241945,-4.441496],[-47.241662,-4.437309],[-47.244015,-4.432004],[-47.231035,-4.427468],[-47.226182,-4.426812],[-47.221998,-4.425326],[-47.217961,-4.422191],[-47.216162,-4.419797],[-47.213303,-4.412313],[-47.210303,-4.406658],[-47.2014,-4.397464],[-47.196918,-4.39374],[-47.189139,-4.389858],[-47.187755,-4.388677],[-47.174837,-4.372139],[-47.138518,-4.318639],[-47.126061,-4.283987],[-47.122014,-4.279451],[-47.109814,-4.272648],[-47.100979,-4.265108],[-47.098195,-4.258243],[-47.095534,-4.247277],[-47.090127,-4.241611],[-47.078137,-4.236617],[-47.07274,-4.23663],[-47.070001,-4.245499],[-47.068835,-4.252083],[-47.068722,-4.259883],[-47.06926,-4.263454],[-47.071771,-4.267807],[-47.071782,-4.271638],[-47.072842,-4.274017],[-47.076533,-4.277051],[-47.077856,-4.279029],[-47.08062,-4.280214],[-47.081812,-4.281662],[-47.083342,-4.284352],[-47.084165,-4.286489],[-47.084258,-4.287926],[-47.083179,-4.290496],[-47.082986,-4.291627],[-47.082686,-4.292231],[-47.082074,-4.292769],[-47.081838,-4.293717],[-47.082337,-4.295245],[-47.082691,-4.295583],[-47.083718,-4.295986],[-47.084079,-4.296413],[-47.08363,-4.297361],[-47.083685,-4.297566],[-47.084742,-4.298513],[-47.084882,-4.299294],[-47.085161,-4.299427],[-47.085761,-4.299311],[-47.085903,-4.299471],[-47.085146,-4.300384],[-47.085146,-4.300939],[-47.085747,-4.301414],[-47.087187,-4.301567],[-47.087611,-4.301777],[-47.087772,-4.302551],[-47.088388,-4.303533],[-47.088189,-4.305101],[-47.087897,-4.305414],[-47.087384,-4.305597],[-47.087156,-4.306074],[-47.087435,-4.306501],[-47.087458,-4.306838],[-47.087042,-4.307816],[-47.086926,-4.308515],[-47.087462,-4.309222],[-47.08675,-4.310098],[-47.086301,-4.310399],[-47.085102,-4.310436],[-47.085024,-4.311387],[-47.085388,-4.312228],[-47.084987,-4.312638],[-47.083716,-4.313108],[-47.082412,-4.312633],[-47.081934,-4.312961],[-47.081654,-4.313878],[-47.081089,-4.314115],[-47.080392,-4.315366],[-47.079979,-4.315675],[-47.079568,-4.317045],[-47.079734,-4.317815],[-47.080019,-4.318193],[-47.07993,-4.318723],[-47.07931,-4.319597],[-47.079264,-4.320321],[-47.078699,-4.320463],[-47.078281,-4.320789],[-47.07818,-4.321692],[-47.077618,-4.321888],[-47.077186,-4.321303],[-47.076289,-4.320994],[-47.075207,-4.321427],[-47.074934,-4.321774],[-47.074079,-4.32187],[-47.073716,-4.322262],[-47.073722,-4.322836],[-47.073041,-4.3237],[-47.073094,-4.324572],[-47.07246,-4.326001],[-47.072735,-4.326648],[-47.072808,-4.32815],[-47.072383,-4.328337],[-47.072446,-4.329198],[-47.072255,-4.329522],[-47.071806,-4.329771],[-47.071929,-4.330402],[-47.071672,-4.330919],[-47.070279,-4.332449],[-47.069907,-4.333389],[-47.070122,-4.334768],[-47.069997,-4.335238],[-47.070085,-4.336639],[-47.068527,-4.337803],[-47.068555,-4.338169],[-47.069341,-4.338575],[-47.069317,-4.339169],[-47.069696,-4.339409],[-47.069986,-4.339922],[-47.069948,-4.340564],[-47.070154,-4.341021],[-47.071127,-4.341991],[-47.071048,-4.342465],[-47.070657,-4.342588],[-47.069031,-4.342309],[-47.068064,-4.342857],[-47.067697,-4.342705],[-47.067526,-4.342442],[-47.067053,-4.342409],[-47.066481,-4.34287],[-47.066148,-4.343668],[-47.06565,-4.344013],[-47.064913,-4.344274],[-47.06398,-4.344277],[-47.063631,-4.344473],[-47.06297,-4.344515],[-47.062658,-4.344812],[-47.06259,-4.346022],[-47.061957,-4.347548],[-47.062422,-4.348306],[-47.061788,-4.349861],[-47.061966,-4.350931],[-47.062151,-4.351168],[-47.061952,-4.351819],[-47.062055,-4.352494],[-47.062742,-4.353313],[-47.061912,-4.354092],[-47.062022,-4.354987],[-47.060606,-4.355636],[-47.060543,-4.356111],[-47.060951,-4.356534],[-47.061208,-4.357103],[-47.061093,-4.357606],[-47.060782,-4.357698],[-47.060181,-4.357543],[-47.059728,-4.35819],[-47.059717,-4.358588],[-47.060244,-4.359226],[-47.060455,-4.361041],[-47.060296,-4.361336],[-47.059838,-4.361598],[-47.058768,-4.361648],[-47.0585,-4.362332],[-47.058584,-4.36319],[-47.058821,-4.363758],[-47.059836,-4.364924],[-47.059998,-4.365454],[-47.059881,-4.366231],[-47.059609,-4.366405],[-47.058968,-4.366417],[-47.058729,-4.366661],[-47.058278,-4.366783],[-47.057735,-4.367318],[-47.057285,-4.368198],[-47.055923,-4.368169],[-47.055559,-4.36859],[-47.054867,-4.368209],[-47.054305,-4.367614],[-47.053838,-4.367504],[-47.053334,-4.368034],[-47.053362,-4.368381],[-47.052913,-4.3691],[-47.052573,-4.369529],[-47.052192,-4.369701],[-47.052224,-4.370437],[-47.052021,-4.371025],[-47.05099,-4.371362],[-47.050778,-4.372055],[-47.050206,-4.372383],[-47.049295,-4.371897],[-47.048948,-4.371924],[-47.048441,-4.37252],[-47.048377,-4.373265],[-47.048216,-4.373517],[-47.047664,-4.37351],[-47.047112,-4.372927],[-47.046492,-4.37323],[-47.045795,-4.374204],[-47.045074,-4.37467],[-47.044053,-4.374739],[-47.043457,-4.374545],[-47.042817,-4.374697],[-47.042605,-4.374948],[-47.042619,-4.375431],[-47.041724,-4.376347],[-47.041539,-4.377041],[-47.0423,-4.377671],[-47.042049,-4.378734],[-47.042121,-4.379492],[-47.042362,-4.38006],[-47.042313,-4.380989],[-47.041549,-4.38118],[-47.041291,-4.381487],[-47.040782,-4.381604],[-47.040332,-4.38207],[-47.039712,-4.382149],[-47.038856,-4.382863],[-47.038277,-4.384703],[-47.038129,-4.385025],[-47.037461,-4.385629],[-47.037542,-4.386177],[-47.037245,-4.386571],[-47.035646,-4.387285],[-47.035259,-4.387193],[-47.034915,-4.387533],[-47.034224,-4.387374],[-47.032998,-4.388271],[-47.032103,-4.387987],[-47.031446,-4.388255],[-47.030369,-4.389713],[-47.030519,-4.391352],[-47.029882,-4.392235],[-47.029869,-4.393525],[-47.02934,-4.394408],[-47.029784,-4.395697],[-47.029035,-4.396306],[-47.028373,-4.398533],[-47.027416,-4.399292],[-47.027052,-4.400347],[-47.025686,-4.401279],[-47.024022,-4.403156],[-47.022739,-4.403902],[-47.020763,-4.406063],[-47.020561,-4.407995],[-47.020884,-4.409767],[-47.020494,-4.411638],[-47.020057,-4.411931],[-47.018494,-4.412067],[-47.017809,-4.412382],[-47.017221,-4.413085],[-47.01685,-4.413095],[-47.016634,-4.413792],[-47.01591,-4.414641],[-47.015748,-4.415269],[-47.015972,-4.418222],[-47.016422,-4.418586],[-47.017302,-4.418798],[-47.017527,-4.419542],[-47.01699,-4.420229],[-47.015968,-4.420315],[-47.014603,-4.419925],[-47.013643,-4.420249],[-47.013503,-4.420053],[-47.013354,-4.420285],[-47.013156,-4.420205],[-47.012629,-4.420403],[-47.012114,-4.420964],[-47.011718,-4.421066],[-47.01172,-4.421319],[-47.011113,-4.421302],[-47.010644,-4.421524],[-47.009185,-4.421164],[-47.007995,-4.421723],[-47.007525,-4.422416],[-47.007269,-4.422447],[-47.007092,-4.4222],[-47.006174,-4.42233],[-47.005722,-4.423339],[-47.00509,-4.423793],[-47.003805,-4.42547],[-47.0031,-4.425646],[-47.002815,-4.426045],[-47.002378,-4.425899],[-47.001776,-4.426091],[-47.001456,-4.426341],[-47.001239,-4.426789],[-47.000104,-4.427152],[-46.99984,-4.427401],[-46.999614,-4.427173],[-46.998856,-4.427092],[-46.998068,-4.42609],[-46.997617,-4.425927],[-46.997452,-4.425462],[-46.996712,-4.424958],[-46.996203,-4.425279],[-46.995867,-4.426084],[-46.995417,-4.426314],[-46.995068,-4.426134],[-46.994681,-4.426411],[-46.994134,-4.426099],[-46.993416,-4.426319],[-46.993062,-4.425764],[-46.992657,-4.426036],[-46.992529,-4.425549],[-46.99271,-4.425192],[-46.992468,-4.425146],[-46.992326,-4.425335],[-46.991782,-4.425055],[-46.991197,-4.425039],[-46.990828,-4.424863],[-46.990664,-4.424248],[-46.990196,-4.423814],[-46.990154,-4.42359],[-46.989977,-4.423444],[-46.989755,-4.423648],[-46.989706,-4.423184],[-46.989231,-4.423426],[-46.989042,-4.423766],[-46.989098,-4.423969],[-46.988891,-4.42412],[-46.988996,-4.424387],[-46.98867,-4.424493],[-46.988438,-4.425097],[-46.98819,-4.425345],[-46.987849,-4.425371],[-46.986876,-4.426317],[-46.986035,-4.425941],[-46.984759,-4.4246],[-46.983852,-4.424896],[-46.981551,-4.424471],[-46.980348,-4.424973],[-46.979824,-4.424846],[-46.979267,-4.425532],[-46.978565,-4.425534],[-46.978263,-4.425775],[-46.977726,-4.425778],[-46.976985,-4.425449],[-46.976062,-4.425479],[-46.975867,-4.425325],[-46.975099,-4.425559],[-46.97385,-4.425574],[-46.973197,-4.425999],[-46.972712,-4.425728],[-46.971793,-4.425942],[-46.971376,-4.425742],[-46.971346,-4.425543],[-46.970781,-4.425832],[-46.970398,-4.42549],[-46.969854,-4.42543],[-46.969433,-4.425743],[-46.968767,-4.425736],[-46.968356,-4.425434],[-46.967924,-4.425553],[-46.96769,-4.425463],[-46.967225,-4.425819],[-46.966354,-4.425479],[-46.965561,-4.425529],[-46.965251,-4.425265],[-46.964641,-4.425731],[-46.964435,-4.425634],[-46.964267,-4.425761],[-46.963741,-4.426333],[-46.963639,-4.426816],[-46.962777,-4.427504],[-46.962413,-4.427559],[-46.962067,-4.428148],[-46.961152,-4.42882],[-46.961057,-4.429164],[-46.95997,-4.429965],[-46.959231,-4.430067],[-46.958803,-4.430548],[-46.958081,-4.430737],[-46.95779,-4.431046],[-46.956769,-4.431539],[-46.955875,-4.431364],[-46.955627,-4.431797],[-46.955649,-4.432168],[-46.955237,-4.432488],[-46.954464,-4.432462],[-46.953897,-4.43279],[-46.952792,-4.432559],[-46.952277,-4.432708],[-46.951303,-4.432654],[-46.950387,-4.43328],[-46.949343,-4.433687],[-46.948925,-4.434317],[-46.948213,-4.434845],[-46.94771,-4.434724],[-46.947609,-4.434281],[-46.947344,-4.434013],[-46.946866,-4.433985],[-46.946207,-4.434283],[-46.946136,-4.434628],[-46.946354,-4.435024],[-46.946071,-4.435283],[-46.945721,-4.435474],[-46.944956,-4.435487],[-46.943828,-4.434997],[-46.943576,-4.434497],[-46.943065,-4.434369],[-46.94311,-4.433782],[-46.942372,-4.433758],[-46.942011,-4.433403],[-46.941448,-4.433657],[-46.940943,-4.433248],[-46.940528,-4.433226],[-46.940428,-4.433532],[-46.939995,-4.433469],[-46.939367,-4.433675],[-46.939069,-4.433949],[-46.938906,-4.433616],[-46.938414,-4.434069],[-46.938167,-4.433933],[-46.938129,-4.433249],[-46.937188,-4.43306],[-46.936878,-4.433159],[-46.936674,-4.433073],[-46.936683,-4.432862],[-46.936513,-4.432871],[-46.936122,-4.433153],[-46.936217,-4.433853],[-46.935984,-4.434083],[-46.936583,-4.434467],[-46.936566,-4.434741],[-46.936278,-4.434921],[-46.93636,-4.435469],[-46.935783,-4.4361],[-46.935754,-4.436363],[-46.935306,-4.436439],[-46.935327,-4.437023],[-46.935552,-4.43723],[-46.935533,-4.437506],[-46.935164,-4.437684],[-46.934762,-4.438182],[-46.935668,-4.439607],[-46.935554,-4.43981],[-46.935716,-4.439989],[-46.935383,-4.440411],[-46.935528,-4.440342],[-46.935593,-4.440563],[-46.935325,-4.440639],[-46.93503,-4.441208],[-46.934488,-4.441404],[-46.934387,-4.441631],[-46.933961,-4.441595],[-46.933657,-4.441971],[-46.933793,-4.442368],[-46.933633,-4.442618],[-46.933211,-4.442864],[-46.932922,-4.442516],[-46.932201,-4.443159],[-46.931987,-4.443029],[-46.931663,-4.442314],[-46.931126,-4.441939],[-46.930878,-4.441969],[-46.930619,-4.44234],[-46.930421,-4.442028],[-46.929062,-4.442185],[-46.928845,-4.441972],[-46.9284,-4.441932],[-46.928095,-4.441244],[-46.927767,-4.441378],[-46.926789,-4.441317],[-46.925015,-4.440539],[-46.924156,-4.439831],[-46.923355,-4.439963],[-46.922794,-4.439581],[-46.923056,-4.439141],[-46.922394,-4.438615],[-46.921911,-4.438786],[-46.921799,-4.439006],[-46.921407,-4.438862],[-46.921032,-4.438924],[-46.920917,-4.438815],[-46.921017,-4.438582],[-46.920708,-4.438574],[-46.9205,-4.438294],[-46.920331,-4.438437],[-46.920314,-4.43878],[-46.919998,-4.438961],[-46.919834,-4.438712],[-46.919326,-4.439057],[-46.918256,-4.439002],[-46.918081,-4.438651],[-46.917915,-4.438873],[-46.917722,-4.438718],[-46.917218,-4.438776],[-46.916747,-4.438469],[-46.916598,-4.438665],[-46.915965,-4.438719],[-46.915783,-4.438904],[-46.915531,-4.438381],[-46.915665,-4.438074],[-46.915357,-4.437817],[-46.915395,-4.437594],[-46.915062,-4.437598],[-46.914494,-4.437018],[-46.914806,-4.435773],[-46.914499,-4.435079],[-46.914231,-4.435123],[-46.914039,-4.433956],[-46.912973,-4.433236],[-46.912717,-4.433259],[-46.912257,-4.433695],[-46.911752,-4.433089],[-46.911396,-4.432923],[-46.911276,-4.433193],[-46.910983,-4.43332],[-46.910986,-4.433569],[-46.910652,-4.433726],[-46.91026,-4.432895],[-46.909547,-4.432792],[-46.909157,-4.432552],[-46.90906,-4.432723],[-46.908439,-4.432698],[-46.908006,-4.431775],[-46.907518,-4.431566],[-46.906244,-4.431465],[-46.905901,-4.431769],[-46.905494,-4.431879],[-46.905348,-4.431607],[-46.905051,-4.431773],[-46.904475,-4.431369],[-46.904289,-4.431551],[-46.904148,-4.431416],[-46.903393,-4.431702],[-46.903286,-4.431161],[-46.903,-4.431086],[-46.902916,-4.431272],[-46.902657,-4.431109],[-46.902536,-4.431286],[-46.902333,-4.431111],[-46.902198,-4.431224],[-46.902027,-4.431052],[-46.901162,-4.431296],[-46.90066,-4.430569],[-46.900283,-4.43057],[-46.89995,-4.430342],[-46.899437,-4.430427],[-46.899126,-4.430302],[-46.898944,-4.429749],[-46.898696,-4.429498],[-46.898522,-4.42959],[-46.898356,-4.429391],[-46.898137,-4.429614],[-46.89769,-4.429592],[-46.897015,-4.429164],[-46.896686,-4.429473],[-46.896583,-4.43031],[-46.895553,-4.430094],[-46.89518,-4.430269],[-46.894735,-4.43006],[-46.893978,-4.430225],[-46.893178,-4.429675],[-46.892949,-4.429082],[-46.892385,-4.428494],[-46.8923,-4.428082],[-46.891871,-4.427988],[-46.891745,-4.428133],[-46.890823,-4.428264],[-46.890763,-4.427486],[-46.890278,-4.427695],[-46.88971,-4.427615],[-46.889421,-4.427192],[-46.887702,-4.427482],[-46.886933,-4.427133],[-46.886117,-4.427291],[-46.88582,-4.426953],[-46.885331,-4.427577],[-46.885303,-4.427967],[-46.884596,-4.427871],[-46.884307,-4.4282],[-46.883471,-4.427909],[-46.883194,-4.428047],[-46.883088,-4.427689],[-46.882969,-4.42781],[-46.882143,-4.427469],[-46.881476,-4.427598],[-46.881547,-4.427234],[-46.881418,-4.427062],[-46.88123,-4.427249],[-46.881006,-4.427206],[-46.880177,-4.428099],[-46.879861,-4.427919],[-46.879464,-4.428118],[-46.878748,-4.427993],[-46.878485,-4.428942],[-46.878268,-4.428834],[-46.878155,-4.42851],[-46.877852,-4.428716],[-46.877801,-4.428991],[-46.877696,-4.428764],[-46.877427,-4.428891],[-46.877235,-4.428685],[-46.877154,-4.429146],[-46.876764,-4.429215],[-46.876403,-4.430296],[-46.876522,-4.431139],[-46.876312,-4.431459],[-46.876103,-4.431402],[-46.875728,-4.431633],[-46.875935,-4.431862],[-46.875633,-4.432239],[-46.875661,-4.432567],[-46.875117,-4.432435],[-46.874906,-4.432573],[-46.873736,-4.431658],[-46.873836,-4.43071],[-46.8733,-4.430188],[-46.873325,-4.429968],[-46.872974,-4.429549],[-46.873033,-4.429181],[-46.873315,-4.429034],[-46.873082,-4.428513],[-46.872238,-4.428373],[-46.872114,-4.428475],[-46.871943,-4.428348],[-46.871337,-4.428544],[-46.871147,-4.428454],[-46.871061,-4.428736],[-46.871205,-4.428967],[-46.870993,-4.429183],[-46.870357,-4.429084],[-46.870057,-4.428122],[-46.869589,-4.428083],[-46.869764,-4.427871],[-46.869701,-4.427619],[-46.870256,-4.427098],[-46.869997,-4.42535],[-46.870086,-4.424714],[-46.869795,-4.424783],[-46.869658,-4.424603],[-46.869306,-4.424682],[-46.86883,-4.424417],[-46.868608,-4.424475],[-46.868363,-4.424363],[-46.86833,-4.424076],[-46.867949,-4.423917],[-46.867721,-4.424037],[-46.867515,-4.423783],[-46.867276,-4.423927],[-46.866993,-4.423591],[-46.866291,-4.423778],[-46.866054,-4.423527],[-46.865881,-4.423679],[-46.865825,-4.423445],[-46.865516,-4.423749],[-46.865162,-4.423596],[-46.864952,-4.423427],[-46.86482,-4.422924],[-46.864153,-4.42288],[-46.864035,-4.422301],[-46.863333,-4.421777],[-46.863341,-4.421436],[-46.862964,-4.421229],[-46.862917,-4.420946],[-46.862325,-4.420765],[-46.862134,-4.42055],[-46.862172,-4.420309],[-46.861921,-4.420156],[-46.86221,-4.419992],[-46.86215,-4.419746],[-46.861924,-4.41965],[-46.8621,-4.419363],[-46.862043,-4.418909],[-46.861158,-4.418368],[-46.861172,-4.4182],[-46.860789,-4.418109],[-46.860711,-4.417712],[-46.86047,-4.417662],[-46.860173,-4.417278],[-46.859476,-4.41699],[-46.859295,-4.416622],[-46.859036,-4.41648],[-46.85831,-4.416391],[-46.858061,-4.416837],[-46.85788,-4.416503],[-46.85774,-4.41666],[-46.85752,-4.41653],[-46.857036,-4.415642],[-46.857015,-4.415222],[-46.856644,-4.415185],[-46.856799,-4.414977],[-46.856551,-4.4148],[-46.856654,-4.414493],[-46.856188,-4.414437],[-46.855999,-4.414232],[-46.855904,-4.412754],[-46.856129,-4.412692],[-46.856076,-4.412378],[-46.856335,-4.412146],[-46.856145,-4.411731],[-46.856315,-4.4114],[-46.85629,-4.410905],[-46.855981,-4.410553],[-46.856179,-4.409067],[-46.855936,-4.408883],[-46.855883,-4.408584],[-46.855228,-4.408573],[-46.854864,-4.408],[-46.854712,-4.408028],[-46.854661,-4.407639],[-46.854364,-4.407674],[-46.854225,-4.406916],[-46.853893,-4.406668],[-46.853923,-4.406246],[-46.85371,-4.406015],[-46.853539,-4.406138],[-46.853459,-4.405764],[-46.852984,-4.405616],[-46.852826,-4.405314],[-46.852645,-4.405286],[-46.852809,-4.404775],[-46.852289,-4.404587],[-46.852263,-4.404188],[-46.85195,-4.403909],[-46.85198,-4.403628],[-46.851331,-4.403638],[-46.851131,-4.403449],[-46.850842,-4.403691],[-46.850569,-4.403585],[-46.850577,-4.402886],[-46.850086,-4.402596],[-46.849955,-4.402155],[-46.84963,-4.401936],[-46.849517,-4.40142],[-46.849087,-4.401133],[-46.849125,-4.40089],[-46.849541,-4.401012],[-46.84958,-4.400683],[-46.849071,-4.399863],[-46.848733,-4.399607],[-46.849254,-4.399244],[-46.849398,-4.398564],[-46.849632,-4.39827],[-46.849213,-4.397262],[-46.849658,-4.396344],[-46.84936,-4.396112],[-46.849265,-4.395399],[-46.848903,-4.395385],[-46.848777,-4.394934],[-46.847927,-4.39492],[-46.847705,-4.394585],[-46.847449,-4.394849],[-46.847267,-4.39467],[-46.846908,-4.394647],[-46.846312,-4.3939],[-46.845815,-4.393815],[-46.845673,-4.393981],[-46.84555,-4.393799],[-46.845629,-4.393526],[-46.845283,-4.39341],[-46.844849,-4.39278],[-46.844412,-4.392533],[-46.844177,-4.39303],[-46.843839,-4.393043],[-46.844002,-4.393459],[-46.843738,-4.393553],[-46.843412,-4.394118],[-46.843067,-4.394151],[-46.843079,-4.394553],[-46.842408,-4.394229],[-46.841644,-4.394397],[-46.841496,-4.394705],[-46.841182,-4.394796],[-46.84106,-4.395153],[-46.841413,-4.395756],[-46.841382,-4.396036],[-46.84104,-4.396342],[-46.840511,-4.396222],[-46.84023,-4.396661],[-46.839754,-4.396914],[-46.838891,-4.398826],[-46.839098,-4.39944],[-46.839954,-4.400472],[-46.839991,-4.401199],[-46.83963,-4.401622],[-46.840861,-4.402754],[-46.841403,-4.402794],[-46.841558,-4.402435],[-46.841737,-4.402465],[-46.842026,-4.402977],[-46.841803,-4.403049],[-46.841754,-4.403274],[-46.842062,-4.404001],[-46.842416,-4.404323],[-46.842328,-4.404631],[-46.842469,-4.405081],[-46.842751,-4.40517],[-46.842906,-4.405529],[-46.842556,-4.406522],[-46.842747,-4.407191],[-46.842151,-4.407789],[-46.841878,-4.408467],[-46.842166,-4.408703],[-46.841964,-4.40907],[-46.842035,-4.409308],[-46.842528,-4.409077],[-46.84257,-4.409594],[-46.843187,-4.409788],[-46.843385,-4.410282],[-46.84408,-4.411104],[-46.843824,-4.411536],[-46.844038,-4.412058],[-46.843959,-4.412337],[-46.843048,-4.41283],[-46.843569,-4.413152],[-46.843408,-4.413955],[-46.843529,-4.414405],[-46.843762,-4.414569],[-46.843672,-4.414945],[-46.84381,-4.415563],[-46.844118,-4.415945],[-46.844428,-4.416045],[-46.84445,-4.41636],[-46.84473,-4.416772],[-46.845002,-4.416796],[-46.845143,-4.416477],[-46.845536,-4.416316],[-46.846352,-4.416589],[-46.846819,-4.417183],[-46.847085,-4.417863],[-46.846815,-4.418078],[-46.847878,-4.418987],[-46.848135,-4.419433],[-46.848001,-4.420516],[-46.848795,-4.421409],[-46.848637,-4.421577],[-46.848356,-4.421397],[-46.848025,-4.421723],[-46.8478,-4.422962],[-46.847625,-4.423102],[-46.84776,-4.423983],[-46.848494,-4.424377],[-46.849192,-4.42438],[-46.849613,-4.424947],[-46.850047,-4.424974],[-46.850345,-4.424762],[-46.850643,-4.424829],[-46.850675,-4.425414],[-46.850223,-4.42597],[-46.850614,-4.42648],[-46.850703,-4.42719],[-46.851495,-4.427094],[-46.851669,-4.427715],[-46.852115,-4.427902],[-46.852109,-4.428338],[-46.852861,-4.428732],[-46.853873,-4.428704],[-46.854514,-4.428433],[-46.854804,-4.428534],[-46.855177,-4.429788],[-46.855815,-4.430108],[-46.855871,-4.430692],[-46.856292,-4.431099],[-46.85638,-4.431408],[-46.856617,-4.431403],[-46.856721,-4.43169],[-46.857152,-4.431884],[-46.85697,-4.43242],[-46.857901,-4.432799],[-46.857951,-4.43314],[-46.858521,-4.433443],[-46.85849,-4.433656],[-46.858171,-4.433622],[-46.858303,-4.434026],[-46.858084,-4.434347],[-46.858093,-4.434632],[-46.85768,-4.434665],[-46.857428,-4.435136],[-46.857415,-4.435503],[-46.85767,-4.436074],[-46.857646,-4.436688],[-46.858232,-4.437248],[-46.858929,-4.437268],[-46.859164,-4.4379],[-46.859732,-4.438313],[-46.859768,-4.438929],[-46.859338,-4.439358],[-46.859215,-4.44002],[-46.859709,-4.440403],[-46.86013,-4.441369],[-46.860057,-4.441856],[-46.859684,-4.442378],[-46.860075,-4.443249],[-46.859221,-4.443757],[-46.858726,-4.443762],[-46.858575,-4.444299],[-46.859043,-4.44484],[-46.858456,-4.444979],[-46.859165,-4.445474],[-46.859279,-4.445769],[-46.85926,-4.446425],[-46.85899,-4.447047],[-46.85916,-4.447805],[-46.859001,-4.448145],[-46.858655,-4.448312],[-46.858632,-4.448862],[-46.858838,-4.449137],[-46.859455,-4.449371],[-46.859472,-4.449831],[-46.859074,-4.450445],[-46.859806,-4.451901],[-46.859567,-4.451983],[-46.859335,-4.451837],[-46.859139,-4.451977],[-46.858879,-4.451827],[-46.858524,-4.45206],[-46.858756,-4.452632],[-46.858232,-4.453329],[-46.858558,-4.453577],[-46.858579,-4.454148],[-46.858824,-4.454429],[-46.858857,-4.454941],[-46.858409,-4.455661],[-46.858684,-4.455912],[-46.858418,-4.456443],[-46.858749,-4.456607],[-46.859318,-4.456229],[-46.859496,-4.456298],[-46.859581,-4.456535],[-46.860272,-4.457026],[-46.860483,-4.458164],[-46.860717,-4.458479],[-46.861083,-4.458687],[-46.861766,-4.458619],[-46.862394,-4.458782],[-46.863472,-4.459402],[-46.863971,-4.460324],[-46.864129,-4.461453],[-46.864547,-4.461753],[-46.865222,-4.461851],[-46.865567,-4.462215],[-46.865109,-4.462979],[-46.865379,-4.46323],[-46.865848,-4.463147],[-46.866003,-4.463304],[-46.865539,-4.464728],[-46.866199,-4.465969],[-46.865923,-4.466568],[-46.865954,-4.466926],[-46.86634,-4.467156],[-46.866607,-4.466903],[-46.866876,-4.46689],[-46.866868,-4.467601],[-46.867058,-4.468049],[-46.868632,-4.469294],[-46.87003,-4.469865],[-46.871309,-4.469188],[-46.87156,-4.469707],[-46.871477,-4.470151],[-46.871589,-4.470431],[-46.872319,-4.470254],[-46.872606,-4.470617],[-46.873027,-4.470605],[-46.873662,-4.470882],[-46.873672,-4.471209],[-46.873272,-4.471577],[-46.873406,-4.472177],[-46.874102,-4.472339],[-46.874657,-4.472089],[-46.874986,-4.472116],[-46.875241,-4.472361],[-46.8753,-4.473074],[-46.875543,-4.473405],[-46.876707,-4.473567],[-46.876979,-4.473768],[-46.877571,-4.475643],[-46.877901,-4.476026],[-46.879579,-4.475564],[-46.880935,-4.475833],[-46.882836,-4.474947],[-46.883653,-4.475382],[-46.884061,-4.475416],[-46.88421,-4.475598],[-46.884049,-4.4764],[-46.884329,-4.477065],[-46.884207,-4.477539],[-46.884306,-4.4778],[-46.885238,-4.477824],[-46.885841,-4.478873],[-46.886169,-4.47883],[-46.88657,-4.478322],[-46.888282,-4.479369],[-46.889466,-4.479346],[-46.89024,-4.479716],[-46.890807,-4.479614],[-46.890898,-4.480594],[-46.890582,-4.48102],[-46.890907,-4.481388],[-46.891531,-4.481381],[-46.89174,-4.481557],[-46.891967,-4.482754],[-46.892415,-4.482899],[-46.893572,-4.48279],[-46.894191,-4.483275],[-46.894553,-4.483841],[-46.895824,-4.484648],[-46.896077,-4.485093],[-46.897074,-4.485651],[-46.897164,-4.485966],[-46.897862,-4.486066],[-46.898189,-4.486456],[-46.898705,-4.487918],[-46.898778,-4.489017],[-46.898068,-4.489664],[-46.898422,-4.490146],[-46.898434,-4.490527],[-46.897849,-4.491141],[-46.897906,-4.491559],[-46.897424,-4.491858],[-46.897306,-4.492133],[-46.897395,-4.492341],[-46.898088,-4.492551],[-46.898015,-4.492845],[-46.897699,-4.493044],[-46.897673,-4.493637],[-46.897963,-4.493834],[-46.898469,-4.493604],[-46.898782,-4.493825],[-46.89924,-4.49386],[-46.899375,-4.494262],[-46.899797,-4.494614],[-46.899905,-4.495275],[-46.900278,-4.495978],[-46.900897,-4.496527],[-46.901535,-4.496311],[-46.901944,-4.496743],[-46.902135,-4.497124],[-46.901901,-4.497513],[-46.902058,-4.497895],[-46.901972,-4.498434],[-46.902128,-4.49943],[-46.902535,-4.499926],[-46.9022,-4.500394],[-46.902859,-4.501279],[-46.903118,-4.502645],[-46.903488,-4.503172],[-46.903453,-4.504336],[-46.903975,-4.505246],[-46.903368,-4.505753],[-46.903276,-4.50603],[-46.903722,-4.508061],[-46.903349,-4.508393],[-46.903017,-4.508342],[-46.902714,-4.507972],[-46.902597,-4.508027],[-46.902499,-4.508273],[-46.902842,-4.509231],[-46.902407,-4.509765],[-46.901951,-4.509928],[-46.901181,-4.509899],[-46.900875,-4.509455],[-46.900547,-4.509405],[-46.900363,-4.509872],[-46.899926,-4.509633],[-46.89972,-4.509743],[-46.899606,-4.510299],[-46.898735,-4.510425],[-46.897901,-4.510896],[-46.897894,-4.511536],[-46.897093,-4.512285],[-46.896952,-4.512742],[-46.897485,-4.51347],[-46.89741,-4.513947],[-46.897753,-4.514593],[-46.897613,-4.515561],[-46.89769,-4.516359],[-46.896869,-4.516367],[-46.896788,-4.516976],[-46.897577,-4.517251],[-46.898299,-4.517762],[-46.899366,-4.517567],[-46.899847,-4.5182],[-46.90051,-4.52186],[-46.900873,-4.52274],[-46.900848,-4.523091],[-46.900514,-4.523589],[-46.900878,-4.524217],[-46.900687,-4.524665],[-46.90086,-4.524828],[-46.901614,-4.524906],[-46.901729,-4.525533],[-46.902303,-4.526073],[-46.902379,-4.526837],[-46.902862,-4.527148],[-46.902324,-4.527332],[-46.902676,-4.527757],[-46.902463,-4.528304],[-46.902964,-4.528646],[-46.90274,-4.529279],[-46.90376,-4.529497],[-46.904181,-4.529439],[-46.90435,-4.529604],[-46.904324,-4.529809],[-46.903964,-4.530091],[-46.904122,-4.531053],[-46.90361,-4.533232],[-46.904582,-4.533919],[-46.905786,-4.534009],[-46.905975,-4.534266],[-46.906104,-4.535343],[-46.90647,-4.535462],[-46.907016,-4.535196],[-46.907265,-4.535231],[-46.907458,-4.536197],[-46.908386,-4.536613],[-46.908522,-4.536888],[-46.90807,-4.53712],[-46.908084,-4.537396],[-46.908474,-4.537999],[-46.909013,-4.538142],[-46.909366,-4.538709],[-46.909217,-4.539435],[-46.908977,-4.539716],[-46.908923,-4.540695],[-46.909875,-4.541959],[-46.910975,-4.542929],[-46.911139,-4.54349],[-46.911602,-4.5436],[-46.91172,-4.543128],[-46.912261,-4.542918],[-46.91288,-4.543281],[-46.913525,-4.543395],[-46.913815,-4.543996],[-46.914397,-4.544295],[-46.914766,-4.544818],[-46.915096,-4.546031],[-46.915601,-4.546622],[-46.915705,-4.547228],[-46.915412,-4.547881],[-46.914684,-4.548201],[-46.914079,-4.548273],[-46.914021,-4.548614],[-46.915369,-4.549379],[-46.915891,-4.550913],[-46.91655,-4.551267],[-46.916983,-4.551295],[-46.917412,-4.551056],[-46.917735,-4.551163],[-46.917974,-4.551766],[-46.917778,-4.552435],[-46.918031,-4.552739],[-46.918812,-4.552768],[-46.918763,-4.55382],[-46.919068,-4.554239],[-46.919071,-4.554755],[-46.919786,-4.555547],[-46.920234,-4.555495],[-46.920303,-4.555836],[-46.920606,-4.556033],[-46.920435,-4.556429],[-46.92057,-4.556828],[-46.92131,-4.556836],[-46.921526,-4.557327],[-46.921531,-4.557806],[-46.922035,-4.558015],[-46.922122,-4.558316],[-46.921994,-4.558558],[-46.921856,-4.558775],[-46.921357,-4.558898],[-46.921455,-4.559089],[-46.921925,-4.559346],[-46.922002,-4.559852],[-46.922191,-4.560028],[-46.922443,-4.55995],[-46.922784,-4.560083],[-46.922967,-4.559739],[-46.923279,-4.559711],[-46.923377,-4.559877],[-46.923143,-4.560476],[-46.923229,-4.560933],[-46.923758,-4.561117],[-46.924308,-4.560951],[-46.92454,-4.561227],[-46.92473,-4.561783],[-46.924336,-4.561972],[-46.924473,-4.562476],[-46.924678,-4.562607],[-46.924578,-4.563947],[-46.925225,-4.564257],[-46.925739,-4.564845],[-46.926506,-4.564735],[-46.926817,-4.565141],[-46.926956,-4.565819],[-46.927904,-4.565766],[-46.92846,-4.566617],[-46.928946,-4.566935],[-46.928946,-4.567137],[-46.928572,-4.567394],[-46.928492,-4.567646],[-46.928685,-4.568475],[-46.929059,-4.568966],[-46.928769,-4.569908],[-46.929328,-4.570675],[-46.92915,-4.571386],[-46.929264,-4.57189],[-46.928086,-4.572281],[-46.928133,-4.57275],[-46.927692,-4.573457],[-46.928088,-4.574649],[-46.928712,-4.575003],[-46.928852,-4.575284],[-46.928782,-4.575705],[-46.92929,-4.575645],[-46.929718,-4.575927],[-46.930206,-4.576635],[-46.930642,-4.576517],[-46.931005,-4.576727],[-46.931099,-4.576994],[-46.930872,-4.577243],[-46.930883,-4.577758],[-46.931256,-4.578052],[-46.93144,-4.577943],[-46.931885,-4.578344],[-46.932053,-4.578316],[-46.932322,-4.578955],[-46.932663,-4.579142],[-46.932739,-4.57955],[-46.933068,-4.57961],[-46.93321,-4.579336],[-46.93349,-4.579834],[-46.934573,-4.5801],[-46.934848,-4.58001],[-46.935587,-4.580511],[-46.936468,-4.580848],[-46.936709,-4.581459],[-46.936611,-4.582386],[-46.937488,-4.58311],[-46.937737,-4.583615],[-46.938061,-4.583695],[-46.938448,-4.584668],[-46.939201,-4.58531],[-46.939081,-4.586062],[-46.939306,-4.586841],[-46.938975,-4.587393],[-46.939226,-4.588076],[-46.938776,-4.588403],[-46.938975,-4.58937],[-46.939198,-4.589667],[-46.938977,-4.59002],[-46.939273,-4.591345],[-46.939117,-4.591696],[-46.938114,-4.592195],[-46.937919,-4.592617],[-46.938067,-4.593271],[-46.938906,-4.593549],[-46.939264,-4.59405],[-46.939,-4.595843],[-46.938345,-4.596553],[-46.937875,-4.596432],[-46.937697,-4.597176],[-46.937927,-4.597727],[-46.937319,-4.598608],[-46.936422,-4.598621],[-46.935594,-4.599372],[-46.935862,-4.600315],[-46.935829,-4.600711],[-46.935363,-4.601583],[-46.934815,-4.601613],[-46.934491,-4.602082],[-46.934902,-4.602955],[-46.934784,-4.603526],[-46.934877,-4.603847],[-46.935451,-4.604039],[-46.935534,-4.604266],[-46.935243,-4.604609],[-46.934639,-4.604555],[-46.934223,-4.604336],[-46.933951,-4.60442],[-46.934211,-4.606484],[-46.934409,-4.6068],[-46.93551,-4.607336],[-46.935804,-4.608],[-46.935729,-4.609061],[-46.936301,-4.609728],[-46.938634,-4.611752],[-46.939186,-4.61245],[-46.941036,-4.613824],[-46.945029,-4.61733],[-46.945205,-4.61763],[-46.944741,-4.618155],[-46.944814,-4.619057],[-46.944422,-4.619671],[-46.944792,-4.62017],[-46.944693,-4.62046],[-46.943689,-4.620988],[-46.943351,-4.621815],[-46.943338,-4.622224],[-46.943728,-4.622716],[-46.942491,-4.623145],[-46.942858,-4.624124],[-46.94236,-4.624546],[-46.942215,-4.624873],[-46.942425,-4.62534],[-46.942253,-4.626256],[-46.941993,-4.626463],[-46.941443,-4.626361],[-46.941314,-4.626519],[-46.941297,-4.62667],[-46.942057,-4.62732],[-46.942299,-4.627811],[-46.942034,-4.628341],[-46.941163,-4.628608],[-46.941073,-4.629067],[-46.941624,-4.630028],[-46.942115,-4.630117],[-46.942309,-4.630305],[-46.941973,-4.631948],[-46.942363,-4.633129],[-46.941901,-4.633644],[-46.941548,-4.63471],[-46.941308,-4.634672],[-46.94101,-4.634188],[-46.940649,-4.634286],[-46.940351,-4.635139],[-46.939969,-4.635543],[-46.939859,-4.635862],[-46.939961,-4.636097],[-46.940756,-4.636203],[-46.940909,-4.636499],[-46.939821,-4.636808],[-46.939438,-4.637076],[-46.939066,-4.636576],[-46.938596,-4.636897],[-46.939172,-4.63756],[-46.938938,-4.638105],[-46.938983,-4.639013],[-46.939908,-4.63897],[-46.940473,-4.639245],[-46.940191,-4.639874],[-46.940285,-4.640212],[-46.940151,-4.640566],[-46.940569,-4.640793],[-46.940568,-4.641224],[-46.941061,-4.641516],[-46.941173,-4.64195],[-46.940922,-4.642843],[-46.940672,-4.643128],[-46.940596,-4.644],[-46.939978,-4.644547],[-46.939826,-4.644491],[-46.939685,-4.643995],[-46.939178,-4.644068],[-46.93907,-4.644346],[-46.939237,-4.64484],[-46.939043,-4.645406],[-46.936454,-4.646686],[-46.936218,-4.647779],[-46.935788,-4.648258],[-46.936003,-4.648623],[-46.935533,-4.648939],[-46.935693,-4.649361],[-46.935497,-4.649676],[-46.935583,-4.650618],[-46.935423,-4.650868],[-46.935733,-4.651749],[-46.935624,-4.651862],[-46.935211,-4.651744],[-46.935102,-4.651876],[-46.935706,-4.652556],[-46.935394,-4.652878],[-46.936463,-4.653504],[-46.93602,-4.653507],[-46.935957,-4.65366],[-46.936194,-4.653972],[-46.936229,-4.654497],[-46.936718,-4.654797],[-46.936327,-4.655444],[-46.936374,-4.655945],[-46.936671,-4.656326],[-46.936366,-4.656854],[-46.9367,-4.657117],[-46.936858,-4.657507],[-46.937719,-4.657233],[-46.937876,-4.657385],[-46.937555,-4.658015],[-46.937155,-4.65814],[-46.937405,-4.658649],[-46.936961,-4.659978],[-46.936113,-4.660968],[-46.935698,-4.661057],[-46.935643,-4.661256],[-46.935654,-4.661502],[-46.935945,-4.661716],[-46.936175,-4.662259],[-46.935416,-4.663076],[-46.935804,-4.663793],[-46.935661,-4.664292],[-46.936202,-4.664105],[-46.936452,-4.664501],[-46.936985,-4.664752],[-46.937062,-4.665055],[-46.936986,-4.665306],[-46.936427,-4.665782],[-46.936534,-4.666501],[-46.935627,-4.668285],[-46.935555,-4.668698],[-46.934497,-4.670084],[-46.934518,-4.670613],[-46.934756,-4.670933],[-46.934597,-4.671112],[-46.934693,-4.671601],[-46.934579,-4.671723],[-46.934205,-4.671394],[-46.934104,-4.671502],[-46.934678,-4.673128],[-46.934569,-4.674195],[-46.933984,-4.674943],[-46.933833,-4.675624],[-46.931961,-4.676238],[-46.931951,-4.67685],[-46.931689,-4.677088],[-46.93169,-4.677475],[-46.931489,-4.677473],[-46.931321,-4.677178],[-46.931111,-4.678099],[-46.930368,-4.678139],[-46.930067,-4.678401],[-46.930064,-4.678725],[-46.930551,-4.679093],[-46.93098,-4.679753],[-46.930738,-4.680532],[-46.930234,-4.680695],[-46.929313,-4.680351],[-46.928356,-4.680274],[-46.928066,-4.680615],[-46.927316,-4.680846],[-46.926817,-4.681381],[-46.926599,-4.681958],[-46.926104,-4.682422],[-46.925959,-4.683309],[-46.925949,-4.684067],[-46.926536,-4.684451],[-46.926889,-4.685039],[-46.926988,-4.686046],[-46.92654,-4.686425],[-46.926635,-4.687031],[-46.927591,-4.688366],[-46.927791,-4.689066],[-46.928352,-4.689454],[-46.928276,-4.689656],[-46.927788,-4.689954],[-46.927683,-4.690509],[-46.927441,-4.690817],[-46.928041,-4.691759],[-46.927688,-4.692385],[-46.928352,-4.692448],[-46.929297,-4.6922],[-46.929742,-4.691982],[-46.9299,-4.691599],[-46.930501,-4.691928],[-46.931013,-4.691781],[-46.93151,-4.6921],[-46.931988,-4.69203],[-46.931999,-4.692393],[-46.932163,-4.692481],[-46.932683,-4.692428],[-46.932776,-4.693191],[-46.932312,-4.69344],[-46.932296,-4.693692],[-46.933445,-4.693538],[-46.933349,-4.693077],[-46.933611,-4.692973],[-46.933733,-4.693253],[-46.934083,-4.693412],[-46.933792,-4.693788],[-46.933857,-4.693965],[-46.934183,-4.693957],[-46.93445,-4.693704],[-46.9345,-4.694058],[-46.935066,-4.694083],[-46.934733,-4.694908],[-46.93451,-4.695093],[-46.934116,-4.695039],[-46.933907,-4.695359],[-46.9346,-4.6963],[-46.93461,-4.696929],[-46.934446,-4.697253],[-46.934655,-4.697644],[-46.934695,-4.698317],[-46.935322,-4.698774],[-46.935455,-4.69942],[-46.935172,-4.700133],[-46.935242,-4.700392],[-46.935027,-4.700639],[-46.935066,-4.70167],[-46.934808,-4.702645],[-46.934252,-4.703155],[-46.933714,-4.704854],[-46.93454,-4.70584],[-46.934961,-4.706724],[-46.935029,-4.707313],[-46.934903,-4.707747],[-46.935273,-4.70817],[-46.935225,-4.70895],[-46.935504,-4.709077],[-46.935716,-4.709605],[-46.936584,-4.710157],[-46.936602,-4.71033],[-46.936078,-4.710828],[-46.936305,-4.711481],[-46.93555,-4.711987],[-46.935184,-4.713034],[-46.934341,-4.713327],[-46.933869,-4.713737],[-46.934097,-4.714201],[-46.934003,-4.714425],[-46.934172,-4.7154],[-46.934024,-4.715854],[-46.933617,-4.715875],[-46.933559,-4.716046],[-46.934069,-4.71652],[-46.934164,-4.717096],[-46.933628,-4.717663],[-46.933073,-4.717802],[-46.932479,-4.718323],[-46.932131,-4.718262],[-46.932007,-4.719255],[-46.932542,-4.719577],[-46.933483,-4.719538],[-46.934073,-4.720244],[-46.934476,-4.720355],[-46.934602,-4.722454],[-46.935036,-4.722877],[-46.935729,-4.723084],[-46.935913,-4.723405],[-46.935749,-4.723605],[-46.936022,-4.723869],[-46.935859,-4.724163],[-46.935398,-4.724271],[-46.935454,-4.724876],[-46.93561,-4.725065],[-46.936065,-4.72516],[-46.936135,-4.72549],[-46.936466,-4.72551],[-46.936498,-4.725771],[-46.936292,-4.72605],[-46.936634,-4.726734],[-46.937138,-4.726734],[-46.937948,-4.727719],[-46.937887,-4.727861],[-46.9375,-4.727925],[-46.937426,-4.728164],[-46.937809,-4.728243],[-46.937896,-4.728682],[-46.938116,-4.72879],[-46.937986,-4.729113],[-46.938092,-4.729823],[-46.938528,-4.730812],[-46.939095,-4.731539],[-46.938772,-4.731838],[-46.938662,-4.732217],[-46.939163,-4.732733],[-46.938702,-4.732827],[-46.938708,-4.733033],[-46.938826,-4.733499],[-46.939246,-4.734098],[-46.939167,-4.734964],[-46.938929,-4.735555],[-46.939127,-4.7374],[-46.939508,-4.738606],[-46.938731,-4.740345],[-46.938203,-4.74103],[-46.937726,-4.743801],[-46.937363,-4.74433],[-46.936423,-4.744762],[-46.936306,-4.747518],[-46.9366,-4.748479],[-46.937614,-4.749813],[-46.937639,-4.750692],[-46.937379,-4.752308],[-46.936998,-4.753102],[-46.936155,-4.753533],[-46.93574,-4.753554],[-46.935311,-4.754048],[-46.934872,-4.754069],[-46.93444,-4.755187],[-46.933986,-4.755673],[-46.933578,-4.755831],[-46.933155,-4.756554],[-46.934215,-4.759225],[-46.933958,-4.760635],[-46.933307,-4.761698],[-46.9328,-4.761676],[-46.932685,-4.761911],[-46.931899,-4.762162],[-46.93035,-4.762363],[-46.928761,-4.762137],[-46.927994,-4.762766],[-46.927875,-4.763037],[-46.927499,-4.763106],[-46.927051,-4.764766],[-46.927724,-4.765419],[-46.9284,-4.76579],[-46.928577,-4.766865],[-46.928017,-4.767099],[-46.927308,-4.767787],[-46.92688,-4.767478],[-46.926472,-4.767438],[-46.92509,-4.768112],[-46.925327,-4.76861],[-46.925212,-4.76912],[-46.925663,-4.770089],[-46.926249,-4.770621],[-46.926312,-4.770949],[-46.926771,-4.771285],[-46.926568,-4.771639],[-46.92657,-4.772955],[-46.926735,-4.773597],[-46.927166,-4.774294],[-46.927048,-4.775111],[-46.92745,-4.775142],[-46.92761,-4.775376],[-46.927506,-4.776545],[-46.927643,-4.776773],[-46.927371,-4.777041],[-46.927387,-4.777338],[-46.927848,-4.77765],[-46.927802,-4.778215],[-46.928131,-4.778049],[-46.928407,-4.778551],[-46.928336,-4.779051],[-46.928537,-4.779276],[-46.928234,-4.779725],[-46.928727,-4.779938],[-46.928865,-4.780461],[-46.929616,-4.781481],[-46.929491,-4.782066],[-46.928739,-4.782302],[-46.92875,-4.782493],[-46.929199,-4.78261],[-46.92932,-4.782844],[-46.929167,-4.783445],[-46.92874,-4.783618],[-46.928385,-4.784396],[-46.928339,-4.784847],[-46.928743,-4.785199],[-46.928134,-4.785808],[-46.928518,-4.785915],[-46.929049,-4.786554],[-46.928975,-4.787175],[-46.92883,-4.787782],[-46.927898,-4.788417],[-46.927708,-4.788834],[-46.927274,-4.789037],[-46.927597,-4.79006],[-46.927407,-4.790174],[-46.927153,-4.7899],[-46.926938,-4.789947],[-46.926982,-4.790841],[-46.926352,-4.791369],[-46.926182,-4.791779],[-46.926309,-4.791956],[-46.9266,-4.791636],[-46.926795,-4.791945],[-46.926305,-4.79245],[-46.925692,-4.792599],[-46.925587,-4.793468],[-46.925399,-4.793643],[-46.924869,-4.793718],[-46.92459,-4.794201],[-46.924579,-4.794932],[-46.924951,-4.795503],[-46.925272,-4.795584],[-46.925315,-4.795992],[-46.924209,-4.797287],[-46.923703,-4.797644],[-46.924087,-4.797826],[-46.924117,-4.798],[-46.923387,-4.798672],[-46.923391,-4.798952],[-46.923625,-4.799239],[-46.923592,-4.799561],[-46.922997,-4.800129],[-46.922916,-4.800418],[-46.922528,-4.800641],[-46.922231,-4.801378],[-46.921278,-4.801949],[-46.920981,-4.801786],[-46.920938,-4.801209],[-46.92076,-4.801013],[-46.920243,-4.80084],[-46.919797,-4.801143],[-46.919796,-4.803043],[-46.919621,-4.804117],[-46.919785,-4.80462],[-46.919342,-4.805278],[-46.919487,-4.806009],[-46.91928,-4.806721],[-46.91963,-4.807061],[-46.919728,-4.807414],[-46.920455,-4.80799],[-46.920396,-4.808515],[-46.920622,-4.808964],[-46.920294,-4.809242],[-46.920704,-4.81003],[-46.921089,-4.809908],[-46.92123,-4.810919],[-46.921142,-4.811132],[-46.920468,-4.811509],[-46.920407,-4.812102],[-46.920636,-4.81216],[-46.92065,-4.812375],[-46.920132,-4.813036],[-46.920213,-4.813358],[-46.920524,-4.813493],[-46.920539,-4.813715],[-46.919991,-4.814168],[-46.919553,-4.814236],[-46.919381,-4.814476],[-46.919016,-4.814291],[-46.919075,-4.815019],[-46.918711,-4.815312],[-46.918776,-4.815736],[-46.918402,-4.816108],[-46.918959,-4.816429],[-46.918812,-4.816932],[-46.919175,-4.81719],[-46.919354,-4.817615],[-46.919945,-4.817524],[-46.920207,-4.817807],[-46.920481,-4.817644],[-46.920763,-4.817688],[-46.921279,-4.820087],[-46.921098,-4.820585],[-46.921478,-4.820779],[-46.92135,-4.821903],[-46.921477,-4.822385],[-46.921047,-4.822677],[-46.920894,-4.823209],[-46.921255,-4.824278],[-46.921215,-4.824661],[-46.921775,-4.824756],[-46.921923,-4.825114],[-46.921704,-4.825489],[-46.921736,-4.825842],[-46.921425,-4.826061],[-46.921509,-4.826704],[-46.921025,-4.827906],[-46.92129,-4.828289],[-46.920325,-4.828815],[-46.920262,-4.829565],[-46.920807,-4.830029],[-46.920806,-4.830362],[-46.921217,-4.830867],[-46.921227,-4.831698],[-46.921636,-4.831983],[-46.92207,-4.831737],[-46.922242,-4.831794],[-46.922174,-4.832342],[-46.922773,-4.832112],[-46.92281,-4.832447],[-46.923434,-4.83305],[-46.923658,-4.833599],[-46.924124,-4.833895],[-46.924265,-4.83459],[-46.924658,-4.834872],[-46.924551,-4.83576],[-46.924101,-4.836397],[-46.923609,-4.83672],[-46.923697,-4.837169],[-46.923506,-4.837469],[-46.923483,-4.837991],[-46.924573,-4.839203],[-46.924405,-4.839573],[-46.924797,-4.839659],[-46.925191,-4.839603],[-46.925312,-4.839369],[-46.925488,-4.839441],[-46.925543,-4.839649],[-46.925049,-4.841143],[-46.925332,-4.841339],[-46.925393,-4.841615],[-46.925212,-4.842289],[-46.925519,-4.842394],[-46.925575,-4.841853],[-46.925871,-4.841917],[-46.926052,-4.842533],[-46.925996,-4.843049],[-46.926735,-4.84382],[-46.926587,-4.844404],[-46.92682,-4.844685],[-46.926172,-4.845128],[-46.926093,-4.845607],[-46.926644,-4.845722],[-46.926741,-4.846316],[-46.927531,-4.847524],[-46.92816,-4.84738],[-46.928375,-4.847492],[-46.928465,-4.84804],[-46.928199,-4.848146],[-46.928625,-4.848897],[-46.929189,-4.848703],[-46.929596,-4.849672],[-46.930286,-4.849994],[-46.930316,-4.850624],[-46.930087,-4.850889],[-46.930075,-4.851353],[-46.92983,-4.851478],[-46.929956,-4.851889],[-46.929454,-4.852306],[-46.92946,-4.852796],[-46.929748,-4.853399],[-46.929448,-4.854739],[-46.929791,-4.855467],[-46.929407,-4.855859],[-46.929837,-4.857457],[-46.929774,-4.857966],[-46.929446,-4.858384],[-46.929054,-4.858548],[-46.929383,-4.858984],[-46.929352,-4.859449],[-46.929071,-4.859986],[-46.928902,-4.860105],[-46.928181,-4.860058],[-46.92802,-4.860281],[-46.928327,-4.86052],[-46.928156,-4.860923],[-46.928415,-4.861273],[-46.928379,-4.861691],[-46.92874,-4.862289],[-46.928707,-4.862665],[-46.928114,-4.863715],[-46.928136,-4.864108],[-46.928967,-4.864263],[-46.929464,-4.865257],[-46.929758,-4.866481],[-46.92955,-4.8668],[-46.929237,-4.866709],[-46.929058,-4.866828],[-46.929038,-4.86727],[-46.928597,-4.867353],[-46.928536,-4.867672],[-46.928269,-4.867557],[-46.928142,-4.867665],[-46.928238,-4.868131],[-46.927983,-4.868496],[-46.928132,-4.869048],[-46.928364,-4.869301],[-46.927585,-4.869897],[-46.927957,-4.870494],[-46.927818,-4.870849],[-46.92826,-4.871046],[-46.928111,-4.871835],[-46.928501,-4.871963],[-46.928665,-4.872206],[-46.928008,-4.872774],[-46.926963,-4.872565],[-46.926744,-4.873223],[-46.92575,-4.873764],[-46.92597,-4.874411],[-46.92537,-4.875517],[-46.925516,-4.876387],[-46.92584,-4.876928],[-46.925576,-4.877641],[-46.925728,-4.877825],[-46.925995,-4.877722],[-46.926337,-4.878217],[-46.926107,-4.878215],[-46.925851,-4.878574],[-46.925399,-4.878351],[-46.924774,-4.878553],[-46.924587,-4.879342],[-46.92488,-4.87989],[-46.924278,-4.880531],[-46.924412,-4.880882],[-46.924159,-4.881148],[-46.924178,-4.881467],[-46.923308,-4.882003],[-46.92352,-4.882618],[-46.923234,-4.883008],[-46.923486,-4.883786],[-46.923793,-4.883395],[-46.924039,-4.883527],[-46.924221,-4.883393],[-46.92452,-4.883738],[-46.924912,-4.883771],[-46.925191,-4.884054],[-46.925314,-4.884372],[-46.924728,-4.884557],[-46.924695,-4.884782],[-46.925465,-4.884978],[-46.925599,-4.884695],[-46.926046,-4.884688],[-46.926445,-4.88514],[-46.926261,-4.885489],[-46.926527,-4.88596],[-46.927015,-4.886093],[-46.92744,-4.885914],[-46.92756,-4.88651],[-46.928261,-4.886336],[-46.928662,-4.886555],[-46.928652,-4.887244],[-46.929068,-4.887262],[-46.929401,-4.887961],[-46.929375,-4.888498],[-46.929673,-4.888618],[-46.929628,-4.88903],[-46.929154,-4.888854],[-46.928947,-4.889577],[-46.929061,-4.889936],[-46.929451,-4.889692],[-46.929708,-4.889879],[-46.929697,-4.890184],[-46.929924,-4.890525],[-46.929667,-4.891339],[-46.930063,-4.891732],[-46.930134,-4.892549],[-46.930473,-4.893252],[-46.930591,-4.893959],[-46.93026,-4.894426],[-46.929316,-4.894671],[-46.929362,-4.895391],[-46.929607,-4.895512],[-46.930049,-4.895393],[-46.930246,-4.895706],[-46.930097,-4.89621],[-46.929605,-4.896576],[-46.929529,-4.897046],[-46.92901,-4.89719],[-46.92934,-4.897548],[-46.928876,-4.898111],[-46.929209,-4.898457],[-46.929217,-4.900313],[-46.929017,-4.902033],[-46.928205,-4.902039],[-46.928024,-4.90265],[-46.926917,-4.903642],[-46.926727,-4.904034],[-46.926816,-4.90488],[-46.92563,-4.905916],[-46.924865,-4.905901],[-46.924405,-4.906122],[-46.924251,-4.905819],[-46.92409,-4.90603],[-46.923418,-4.906263],[-46.92324,-4.906916],[-46.923043,-4.907058],[-46.922406,-4.907034],[-46.922489,-4.906466],[-46.921966,-4.906664],[-46.921821,-4.906171],[-46.921469,-4.9064],[-46.920668,-4.906337],[-46.920294,-4.906834],[-46.920459,-4.90758],[-46.920207,-4.909264],[-46.919241,-4.909518],[-46.918259,-4.909342],[-46.917989,-4.909594],[-46.918051,-4.910133],[-46.917838,-4.910981],[-46.918186,-4.911825],[-46.918032,-4.912425],[-46.918313,-4.912734],[-46.918746,-4.912714],[-46.919412,-4.913111],[-46.919884,-4.913043],[-46.920328,-4.912639],[-46.920834,-4.912951],[-46.921197,-4.912703],[-46.921231,-4.912365],[-46.921502,-4.912295],[-46.921777,-4.912778],[-46.922627,-4.913011],[-46.923216,-4.912088],[-46.924065,-4.911882],[-46.925153,-4.912496],[-46.925143,-4.913174],[-46.925526,-4.913494],[-46.925673,-4.913883],[-46.925067,-4.914323],[-46.925426,-4.914888],[-46.925304,-4.915285],[-46.925684,-4.915966],[-46.925635,-4.916515],[-46.925895,-4.916729],[-46.925813,-4.917661],[-46.926014,-4.918761],[-46.925841,-4.919013],[-46.925829,-4.919838],[-46.925144,-4.920163],[-46.924472,-4.920979],[-46.92434,-4.922396],[-46.924048,-4.922536],[-46.923903,-4.922931],[-46.923666,-4.922919],[-46.923365,-4.923193],[-46.92337,-4.923425],[-46.92375,-4.923608],[-46.923021,-4.924285],[-46.923047,-4.925241],[-46.922459,-4.925558],[-46.922475,-4.925824],[-46.922946,-4.926029],[-46.923332,-4.926888],[-46.922136,-4.927255],[-46.921784,-4.928531],[-46.921468,-4.928552],[-46.921259,-4.928835],[-46.92111,-4.928466],[-46.920454,-4.929289],[-46.920293,-4.930774],[-46.919836,-4.931429],[-46.919393,-4.931398],[-46.918918,-4.931832],[-46.918397,-4.931809],[-46.918278,-4.932183],[-46.917535,-4.933082],[-46.916983,-4.933074],[-46.91663,-4.933752],[-46.916192,-4.933947],[-46.915848,-4.933874],[-46.915736,-4.934889],[-46.915368,-4.93519],[-46.915752,-4.935488],[-46.915095,-4.935717],[-46.914808,-4.936435],[-46.914352,-4.936277],[-46.914352,-4.936524],[-46.913914,-4.936744],[-46.913645,-4.937508],[-46.913062,-4.937971],[-46.912577,-4.938622],[-46.912647,-4.939319],[-46.9128,-4.939476],[-46.913212,-4.939489],[-46.913407,-4.940626],[-46.913891,-4.940935],[-46.913194,-4.942342],[-46.912546,-4.942762],[-46.912436,-4.943094],[-46.913384,-4.943423],[-46.913449,-4.944077],[-46.913875,-4.944309],[-46.913963,-4.945192],[-46.914185,-4.945654],[-46.914827,-4.945669],[-46.915041,-4.94626],[-46.914919,-4.946664],[-46.915734,-4.947057],[-46.915832,-4.947528],[-46.916575,-4.94767],[-46.917221,-4.948223],[-46.918,-4.947719],[-46.91836,-4.94791],[-46.918645,-4.948465],[-46.919098,-4.948577],[-46.919704,-4.949667],[-46.919446,-4.950738],[-46.920053,-4.951161],[-46.920126,-4.951751],[-46.920651,-4.952367],[-46.920883,-4.953871],[-46.920633,-4.954507],[-46.920196,-4.954639],[-46.920009,-4.95532],[-46.919613,-4.955561],[-46.9193,-4.955457],[-46.919298,-4.955777],[-46.919521,-4.956047],[-46.919154,-4.95693],[-46.918794,-4.95692],[-46.918438,-4.957546],[-46.918067,-4.957613],[-46.917865,-4.958024],[-46.917108,-4.958019],[-46.916993,-4.958239],[-46.916705,-4.958311],[-46.916877,-4.959266],[-46.91636,-4.959822],[-46.916011,-4.959568],[-46.915854,-4.959634],[-46.915852,-4.960593],[-46.916206,-4.960443],[-46.916362,-4.960583],[-46.91636,-4.960841],[-46.916055,-4.961209],[-46.915992,-4.961834],[-46.915909,-4.9619],[-46.915843,-4.961591],[-46.915644,-4.961563],[-46.915468,-4.962209],[-46.914662,-4.962646],[-46.914628,-4.96306],[-46.914786,-4.963151],[-46.914493,-4.965365],[-46.914786,-4.965895],[-46.914797,-4.966662],[-46.915087,-4.967121],[-46.914926,-4.967573],[-46.914463,-4.96823],[-46.913791,-4.968725],[-46.913419,-4.969641],[-46.912759,-4.96984],[-46.912525,-4.970226],[-46.91083,-4.970618],[-46.910868,-4.971281],[-46.911346,-4.971678],[-46.911297,-4.972026],[-46.911694,-4.972241],[-46.911233,-4.973006],[-46.911368,-4.973279],[-46.911298,-4.97355],[-46.911057,-4.973752],[-46.911085,-4.974015],[-46.910869,-4.974107],[-46.910857,-4.974391],[-46.910647,-4.974411],[-46.910306,-4.975348],[-46.910297,-4.975612],[-46.910646,-4.975448],[-46.910687,-4.975566],[-46.910505,-4.976194],[-46.910052,-4.976201],[-46.910027,-4.976894],[-46.909676,-4.978085],[-46.910473,-4.97952],[-46.910478,-4.980987],[-46.910195,-4.981471],[-46.91076,-4.981667],[-46.910904,-4.982084],[-46.91041,-4.982651],[-46.910613,-4.983144],[-46.910274,-4.98371],[-46.910194,-4.984229],[-46.910513,-4.984326],[-46.910584,-4.984066],[-46.91086,-4.984188],[-46.91109,-4.985027],[-46.910791,-4.985074],[-46.910729,-4.985337],[-46.910478,-4.985319],[-46.910451,-4.985492],[-46.910538,-4.985724],[-46.911,-4.985806],[-46.911223,-4.986365],[-46.911571,-4.986458],[-46.911358,-4.986883],[-46.911647,-4.987347],[-46.911666,-4.987712],[-46.911332,-4.988264],[-46.910978,-4.988172],[-46.910818,-4.98856],[-46.91036,-4.988974],[-46.909799,-4.988737],[-46.909354,-4.988955],[-46.90911,-4.989866],[-46.90892,-4.989971],[-46.908631,-4.989793],[-46.908453,-4.990041],[-46.908437,-4.990292],[-46.908828,-4.990469],[-46.908764,-4.990683],[-46.908483,-4.99076],[-46.90811,-4.990523],[-46.907933,-4.990632],[-46.908144,-4.991103],[-46.907992,-4.991578],[-46.908213,-4.992157],[-46.908171,-4.992489],[-46.908533,-4.992604],[-46.908593,-4.993246],[-46.90798,-4.994005],[-46.907217,-4.994388],[-46.907469,-4.994816],[-46.907457,-4.99535],[-46.907009,-4.996136],[-46.906876,-4.99689],[-46.907027,-4.997206],[-46.906955,-4.997607],[-46.90889,-5.002229],[-46.913139,-5.005256],[-46.914675,-5.007106],[-46.915117,-5.00847],[-46.919175,-5.009226],[-46.921485,-5.010675],[-46.926505,-5.015486],[-46.928684,-5.019587],[-46.931615,-5.020557],[-46.934724,-5.023338],[-46.938539,-5.024994],[-46.948342,-5.032431],[-46.9551,-5.03508],[-46.958654,-5.037625],[-46.981366,-5.042348],[-46.984296,-5.044461],[-46.990545,-5.046516],[-46.995509,-5.049101],[-47.004754,-5.046928],[-47.00925,-5.046676],[-47.01737,-5.048143],[-47.020881,-5.048238],[-47.025435,-5.049454],[-47.030643,-5.052044],[-47.034044,-5.054574],[-47.036941,-5.057609],[-47.042153,-5.06056],[-47.045183,-5.060262],[-47.05687,-5.056673],[-47.060885,-5.055902]]]}},{"type":"Feature","properties":{"CD_MUN":"2108306","NM_MUN":"Penalva"},"geometry":{"type":"Polygon","coordinates":[[[-45.260338,-3.371348],[-45.335316,-3.34071],[-45.336658,-3.341073],[-45.337511,-3.340867],[-45.338448,-3.340902],[-45.342337,-3.344089],[-45.343063,-3.345264],[-45.344431,-3.346701],[-45.345396,-3.34844],[-45.348648,-3.351169],[-45.350204,-3.351825],[-45.350456,-3.352447],[-45.350431,-3.352987],[-45.350821,-3.353485],[-45.351131,-3.353635],[-45.352733,-3.353635],[-45.353647,-3.353876],[-45.35459,-3.35386],[-45.355466,-3.354581],[-45.357358,-3.355546],[-45.357478,-3.356351],[-45.358068,-3.358038],[-45.358142,-3.35964],[-45.3585,-3.360489],[-45.359201,-3.361483],[-45.360666,-3.36241],[-45.362221,-3.36404],[-45.363585,-3.366183],[-45.39041,-3.349021],[-45.450869,-3.296335],[-45.579703,-3.240844],[-45.580192,-3.238917],[-45.579331,-3.239236],[-45.499573,-3.217662],[-45.431533,-3.197615],[-45.358724,-3.177237],[-45.319434,-3.125661],[-45.318483,-3.126673],[-45.314356,-3.126307],[-45.313044,-3.126337],[-45.311839,-3.126616],[-45.310768,-3.127366],[-45.309434,-3.129252],[-45.30765,-3.129965],[-45.305185,-3.130073],[-45.304365,-3.13043],[-45.303791,-3.131108],[-45.303117,-3.131427],[-45.302152,-3.131214],[-45.301329,-3.13068],[-45.29946,-3.130575],[-45.298455,-3.130718],[-45.297278,-3.131182],[-45.295832,-3.132257],[-45.293109,-3.133686],[-45.291858,-3.133864],[-45.290647,-3.133611],[-45.288941,-3.132609],[-45.287804,-3.132607],[-45.286244,-3.132925],[-45.283717,-3.133846],[-45.280093,-3.135906],[-45.277639,-3.136936],[-45.273547,-3.13723],[-45.267524,-3.136321],[-45.266005,-3.136849],[-45.260219,-3.141673],[-45.223146,-3.156484],[-45.222116,-3.155925],[-45.220961,-3.155956],[-45.220313,-3.156311],[-45.219531,-3.157484],[-45.217924,-3.158597],[-45.216396,-3.158896],[-45.213282,-3.158934],[-45.211469,-3.158576],[-45.210002,-3.158953],[-45.208416,-3.158854],[-45.205818,-3.159578],[-45.20484,-3.160613],[-45.202747,-3.161797],[-45.201254,-3.163086],[-45.200302,-3.163369],[-45.199778,-3.164156],[-45.19938,-3.165186],[-45.198431,-3.166131],[-45.197105,-3.166971],[-45.196508,-3.167658],[-45.194722,-3.168437],[-45.192862,-3.168456],[-45.190753,-3.168819],[-45.189885,-3.169192],[-45.187837,-3.169703],[-45.187286,-3.170052],[-45.184874,-3.170675],[-45.182075,-3.169535],[-45.18089,-3.169493],[-45.18014,-3.169002],[-45.179318,-3.168726],[-45.176287,-3.169042],[-45.175333,-3.168653],[-45.173847,-3.168418],[-45.172558,-3.169279],[-45.171545,-3.169342],[-45.16992,-3.169863],[-45.168752,-3.170014],[-45.166849,-3.171059],[-45.166096,-3.171004],[-45.165429,-3.171272],[-45.16508,-3.171535],[-45.164903,-3.172041],[-45.163457,-3.173743],[-45.161507,-3.174257],[-45.15915,-3.173847],[-45.158159,-3.174493],[-45.157087,-3.174786],[-45.156061,-3.176393],[-45.155397,-3.177041],[-45.153418,-3.177704],[-45.150541,-3.177891],[-45.148141,-3.180072],[-45.147216,-3.180301],[-45.146605,-3.180684],[-45.145013,-3.180774],[-45.144483,-3.182062],[-45.144322,-3.1837],[-45.143722,-3.185273],[-45.140272,-3.188669],[-45.139108,-3.191467],[-45.138871,-3.193809],[-45.138988,-3.196088],[-45.139919,-3.198205],[-45.141855,-3.200704],[-45.144722,-3.203603],[-45.145442,-3.204795],[-45.145792,-3.205771],[-45.146001,-3.206891],[-45.145646,-3.207342],[-45.144544,-3.206946],[-45.14355,-3.205738],[-45.143095,-3.204551],[-45.142121,-3.203682],[-45.14046,-3.203032],[-45.138537,-3.201507],[-45.137651,-3.200319],[-45.136838,-3.199972],[-45.136014,-3.200124],[-45.135211,-3.200645],[-45.134268,-3.201359],[-45.132735,-3.203577],[-45.111735,-3.226075],[-45.101726,-3.236311],[-45.092656,-3.244253],[-45.088317,-3.247844],[-45.088064,-3.248518],[-45.088389,-3.248987],[-45.089086,-3.249299],[-45.092027,-3.249914],[-45.093341,-3.250385],[-45.093809,-3.25092],[-45.094127,-3.251729],[-45.093828,-3.25421],[-45.093557,-3.254971],[-45.092534,-3.256275],[-45.091582,-3.257094],[-45.089562,-3.257838],[-45.088837,-3.257763],[-45.08842,-3.257497],[-45.087832,-3.256511],[-45.087816,-3.255658],[-45.088073,-3.255166],[-45.089121,-3.254696],[-45.090902,-3.254411],[-45.091463,-3.25392],[-45.091729,-3.25323],[-45.091776,-3.252582],[-45.09155,-3.251965],[-45.088867,-3.250689],[-45.088144,-3.2506],[-45.087178,-3.250803],[-45.084507,-3.252352],[-45.0826,-3.253693],[-45.082092,-3.25391],[-45.081743,-3.253867],[-45.081193,-3.253519],[-45.081139,-3.252634],[-45.081355,-3.251803],[-45.081998,-3.251047],[-45.082604,-3.249981],[-45.082682,-3.248833],[-45.082454,-3.248563],[-45.081717,-3.248444],[-45.079377,-3.248828],[-45.078226,-3.24957],[-45.077592,-3.250694],[-45.076886,-3.255198],[-45.076098,-3.256514],[-45.074921,-3.257794],[-45.073592,-3.260095],[-45.073026,-3.264431],[-45.077165,-3.267625],[-45.079835,-3.268037],[-45.082917,-3.269639],[-45.086816,-3.272946],[-45.088872,-3.276949],[-45.090103,-3.280252],[-45.091749,-3.282856],[-45.098118,-3.291769],[-45.101197,-3.295176],[-45.105922,-3.301084],[-45.10921,-3.302186],[-45.112702,-3.303587],[-45.114342,-3.304787],[-45.11455,-3.306892],[-45.116193,-3.309895],[-45.117836,-3.313902],[-45.122462,-3.320903],[-45.127084,-3.324918],[-45.129958,-3.326522],[-45.136325,-3.326018],[-45.140023,-3.326013],[-45.145365,-3.326518],[-45.146391,-3.327719],[-45.146803,-3.328918],[-45.1505,-3.332225],[-45.153055,-3.332447],[-45.165627,-3.332252],[-45.178044,-3.332585],[-45.187154,-3.332581],[-45.193584,-3.332096],[-45.195134,-3.331017],[-45.200115,-3.329882],[-45.203214,-3.329992],[-45.211298,-3.331984],[-45.213403,-3.33198],[-45.215172,-3.332201],[-45.221156,-3.330415],[-45.222593,-3.330957],[-45.226024,-3.331336],[-45.231119,-3.330793],[-45.235216,-3.329333],[-45.237099,-3.327715],[-45.238647,-3.325553],[-45.24241,-3.322801],[-45.243628,-3.321721],[-45.254684,-3.321316],[-45.25581,-3.336865],[-45.257517,-3.337493],[-45.258594,-3.339289],[-45.258864,-3.34369],[-45.258235,-3.347282],[-45.259492,-3.355454],[-45.259403,-3.359584],[-45.259941,-3.361919],[-45.261109,-3.363266],[-45.260211,-3.370989],[-45.260338,-3.371348]]]}},{"type":"Feature","properties":{"CD_MUN":"2107001","NM_MUN":"Montes Altos"},"geometry":{"type":"Polygon","coordinates":[[[-47.096395,-6.019431],[-47.098302,-6.019269],[-47.100403,-6.021475],[-47.102134,-6.021643],[-47.104375,-6.021418],[-47.106307,-6.021616],[-47.107646,-6.021374],[-47.10878,-6.020109],[-47.110256,-6.019896],[-47.113426,-6.01897],[-47.114847,-6.019143],[-47.115356,-6.019463],[-47.116205,-6.02184],[-47.116345,-6.022793],[-47.11698,-6.023301],[-47.11733,-6.023424],[-47.118819,-6.023293],[-47.121102,-6.022912],[-47.123818,-6.022913],[-47.125236,-6.023147],[-47.125821,-6.023931],[-47.126224,-6.025457],[-47.126957,-6.026772],[-47.128635,-6.027962],[-47.131499,-6.028969],[-47.132147,-6.030125],[-47.132369,-6.031928],[-47.132771,-6.032654],[-47.133485,-6.032979],[-47.134984,-6.032933],[-47.136491,-6.033381],[-47.139344,-6.033132],[-47.139934,-6.032841],[-47.14041,-6.032829],[-47.142575,-6.034036],[-47.144109,-6.034],[-47.145576,-6.033765],[-47.14711,-6.033897],[-47.147986,-6.033588],[-47.148526,-6.033023],[-47.150079,-6.032141],[-47.150277,-6.031735],[-47.150222,-6.030902],[-47.150535,-6.030621],[-47.150884,-6.029868],[-47.151766,-6.029112],[-47.152524,-6.027974],[-47.153087,-6.027423],[-47.154243,-6.027651],[-47.156576,-6.027553],[-47.157323,-6.027829],[-47.158579,-6.027797],[-47.160915,-6.026967],[-47.161343,-6.027181],[-47.161623,-6.027746],[-47.162449,-6.028493],[-47.162697,-6.02902],[-47.162243,-6.031668],[-47.162082,-6.031842],[-47.161529,-6.031526],[-47.161265,-6.031542],[-47.16117,-6.031698],[-47.161431,-6.032739],[-47.161271,-6.033938],[-47.161751,-6.034572],[-47.162132,-6.033769],[-47.162396,-6.033625],[-47.162918,-6.033814],[-47.163047,-6.034119],[-47.162462,-6.035056],[-47.162758,-6.035708],[-47.162695,-6.036076],[-47.162303,-6.036391],[-47.161073,-6.036643],[-47.160764,-6.037176],[-47.161033,-6.037578],[-47.161951,-6.038302],[-47.16219,-6.038711],[-47.162174,-6.040723],[-47.162852,-6.0411],[-47.163726,-6.041062],[-47.165158,-6.040007],[-47.166605,-6.039597],[-47.168278,-6.037981],[-47.169411,-6.037502],[-47.170628,-6.037218],[-47.171757,-6.034564],[-47.172599,-6.033015],[-47.173924,-6.03238],[-47.176205,-6.032916],[-47.176489,-6.033666],[-47.176912,-6.03408],[-47.179648,-6.034378],[-47.179937,-6.034559],[-47.18,-6.03503],[-47.179816,-6.036034],[-47.179435,-6.036908],[-47.179237,-6.038375],[-47.180608,-6.040659],[-47.181083,-6.042645],[-47.181604,-6.042979],[-47.182749,-6.043082],[-47.184585,-6.042647],[-47.185213,-6.042757],[-47.185358,-6.042528],[-47.185277,-6.041095],[-47.185744,-6.039686],[-47.185986,-6.039635],[-47.18732,-6.040311],[-47.187932,-6.039541],[-47.187652,-6.038916],[-47.187773,-6.038796],[-47.188962,-6.038997],[-47.190596,-6.038566],[-47.191862,-6.039223],[-47.192356,-6.039907],[-47.192306,-6.040251],[-47.19253,-6.040497],[-47.193167,-6.040339],[-47.193599,-6.039773],[-47.19443,-6.039136],[-47.194856,-6.038518],[-47.195031,-6.038054],[-47.194834,-6.036875],[-47.193888,-6.036758],[-47.193264,-6.036278],[-47.191728,-6.036795],[-47.191572,-6.036679],[-47.192025,-6.034918],[-47.191699,-6.033096],[-47.191399,-6.032376],[-47.18676,-6.02786],[-47.186861,-6.027491],[-47.187409,-6.02698],[-47.188721,-6.025981],[-47.190365,-6.02511],[-47.190902,-6.024662],[-47.191776,-6.023543],[-47.191686,-6.02293],[-47.190425,-6.021813],[-47.190508,-6.021294],[-47.190878,-6.020776],[-47.189977,-6.019864],[-47.188761,-6.019128],[-47.187863,-6.018338],[-47.185311,-6.017062],[-47.184247,-6.016245],[-47.181989,-6.013857],[-47.18001,-6.010683],[-47.17861,-6.007613],[-47.178146,-6.005399],[-47.178382,-6.003214],[-47.178731,-6.00249],[-47.179754,-6.001363],[-47.180654,-6.000523],[-47.181986,-5.999804],[-47.185057,-5.99922],[-47.186238,-5.998301],[-47.18732,-5.996816],[-47.187673,-5.994786],[-47.188042,-5.990631],[-47.18793,-5.986672],[-47.187474,-5.983954],[-47.186517,-5.98058],[-47.185496,-5.978803],[-47.18351,-5.977816],[-47.182137,-5.976725],[-47.181573,-5.973605],[-47.181394,-5.969326],[-47.180577,-5.96669],[-47.179997,-5.965513],[-47.178051,-5.962909],[-47.176179,-5.961576],[-47.174864,-5.961096],[-47.200574,-5.964399],[-47.201262,-5.96387],[-47.202925,-5.961989],[-47.203321,-5.960126],[-47.202583,-5.956981],[-47.202234,-5.956114],[-47.201086,-5.954243],[-47.198656,-5.952188],[-47.194876,-5.951279],[-47.193216,-5.950685],[-47.191714,-5.949583],[-47.191181,-5.948524],[-47.19124,-5.946247],[-47.191555,-5.944126],[-47.1926,-5.940804],[-47.192785,-5.935032],[-47.193218,-5.934025],[-47.19358,-5.932418],[-47.192171,-5.931275],[-47.189657,-5.930222],[-47.187373,-5.929029],[-47.185314,-5.926704],[-47.184494,-5.923335],[-47.184017,-5.919225],[-47.183228,-5.917518],[-47.178472,-5.914095],[-47.176805,-5.911838],[-47.173128,-5.907717],[-47.170136,-5.902047],[-47.166533,-5.899161],[-47.162507,-5.893887],[-47.161744,-5.893093],[-47.162654,-5.890318],[-47.162921,-5.887916],[-47.166335,-5.878282],[-47.173927,-5.865728],[-47.174798,-5.864662],[-47.17668,-5.863314],[-47.18039,-5.861088],[-47.181491,-5.861943],[-47.181496,-5.862557],[-47.181721,-5.862943],[-47.18199,-5.864149],[-47.182431,-5.864525],[-47.182204,-5.86479],[-47.182234,-5.864969],[-47.183005,-5.866157],[-47.183326,-5.866501],[-47.183915,-5.866615],[-47.184621,-5.866194],[-47.185238,-5.867198],[-47.185462,-5.867226],[-47.186641,-5.866232],[-47.187013,-5.86625],[-47.187705,-5.86557],[-47.189195,-5.865001],[-47.189748,-5.865745],[-47.190004,-5.865649],[-47.190075,-5.865142],[-47.190239,-5.865008],[-47.190746,-5.8652],[-47.191283,-5.865156],[-47.192019,-5.865437],[-47.192479,-5.865372],[-47.193153,-5.864612],[-47.193551,-5.863749],[-47.193361,-5.862763],[-47.193403,-5.862044],[-47.19378,-5.861706],[-47.193882,-5.861314],[-47.194283,-5.861193],[-47.195045,-5.86154],[-47.195748,-5.861446],[-47.19619,-5.861164],[-47.196875,-5.861621],[-47.197518,-5.861774],[-47.197684,-5.862926],[-47.197588,-5.863754],[-47.198199,-5.865748],[-47.198388,-5.865895],[-47.199112,-5.865908],[-47.19995,-5.866664],[-47.200447,-5.866496],[-47.201028,-5.866011],[-47.201574,-5.865129],[-47.202191,-5.864593],[-47.202557,-5.864736],[-47.204241,-5.86655],[-47.205521,-5.867142],[-47.206641,-5.866741],[-47.207266,-5.866127],[-47.207432,-5.866143],[-47.207529,-5.867393],[-47.207869,-5.867852],[-47.210391,-5.867132],[-47.211887,-5.866884],[-47.212214,-5.866995],[-47.212809,-5.867897],[-47.213326,-5.867899],[-47.21403,-5.867259],[-47.214603,-5.865227],[-47.214977,-5.86475],[-47.215849,-5.864839],[-47.217062,-5.86561],[-47.217879,-5.865258],[-47.218103,-5.864951],[-47.21823,-5.86408],[-47.218927,-5.863043],[-47.218067,-5.862159],[-47.21808,-5.861975],[-47.218411,-5.861704],[-47.21938,-5.861467],[-47.220229,-5.86221],[-47.220628,-5.862115],[-47.221167,-5.861667],[-47.221965,-5.861526],[-47.222543,-5.860583],[-47.222855,-5.859381],[-47.22325,-5.859072],[-47.22478,-5.859805],[-47.226206,-5.860034],[-47.225802,-5.858466],[-47.224378,-5.856259],[-47.22438,-5.855628],[-47.225335,-5.855676],[-47.225927,-5.855489],[-47.226385,-5.856281],[-47.227318,-5.856572],[-47.227707,-5.856189],[-47.227786,-5.855829],[-47.228122,-5.855666],[-47.228513,-5.855736],[-47.228615,-5.857515],[-47.228913,-5.858319],[-47.229223,-5.858527],[-47.232515,-5.858257],[-47.23382,-5.857336],[-47.23517,-5.856886],[-47.236134,-5.856967],[-47.236628,-5.857305],[-47.237829,-5.857433],[-47.238397,-5.857988],[-47.240144,-5.858435],[-47.241949,-5.858403],[-47.243124,-5.857513],[-47.244168,-5.857143],[-47.24601,-5.857083],[-47.246937,-5.856559],[-47.247327,-5.85613],[-47.247454,-5.855666],[-47.246941,-5.85496],[-47.24659,-5.854931],[-47.246146,-5.854572],[-47.245126,-5.853219],[-47.243844,-5.852626],[-47.243067,-5.852445],[-47.242647,-5.851943],[-47.242794,-5.851555],[-47.243845,-5.851002],[-47.245993,-5.850518],[-47.246285,-5.849763],[-47.247118,-5.849469],[-47.247528,-5.848313],[-47.247171,-5.846287],[-47.247308,-5.845958],[-47.247673,-5.845856],[-47.249618,-5.846135],[-47.250293,-5.846482],[-47.250643,-5.846903],[-47.251325,-5.848073],[-47.251686,-5.84912],[-47.251596,-5.849269],[-47.250992,-5.849377],[-47.250935,-5.849776],[-47.251164,-5.850377],[-47.251739,-5.851058],[-47.253065,-5.850195],[-47.253786,-5.849427],[-47.254413,-5.848357],[-47.253985,-5.846689],[-47.254389,-5.846013],[-47.255456,-5.84588],[-47.257312,-5.846274],[-47.258164,-5.847772],[-47.259144,-5.848117],[-47.259816,-5.848073],[-47.260101,-5.847923],[-47.260391,-5.847443],[-47.261386,-5.847197],[-47.261686,-5.847606],[-47.261682,-5.848374],[-47.262961,-5.849744],[-47.26366,-5.850062],[-47.264349,-5.850033],[-47.265207,-5.850315],[-47.265748,-5.85101],[-47.266356,-5.852785],[-47.266235,-5.854867],[-47.266652,-5.856947],[-47.266924,-5.857442],[-47.267949,-5.857077],[-47.269449,-5.855659],[-47.269782,-5.855029],[-47.269996,-5.853747],[-47.272421,-5.851606],[-47.273066,-5.851485],[-47.273714,-5.850995],[-47.274675,-5.850738],[-47.276999,-5.851211],[-47.277451,-5.851456],[-47.278343,-5.852817],[-47.278952,-5.85328],[-47.279133,-5.853715],[-47.279097,-5.854246],[-47.278738,-5.854465],[-47.278178,-5.854154],[-47.277845,-5.854148],[-47.277615,-5.854469],[-47.278015,-5.855025],[-47.279277,-5.855848],[-47.279235,-5.856157],[-47.278791,-5.856649],[-47.278982,-5.857235],[-47.280095,-5.857309],[-47.28048,-5.85775],[-47.280936,-5.857973],[-47.282373,-5.857859],[-47.283524,-5.858458],[-47.284131,-5.858492],[-47.284689,-5.858853],[-47.285365,-5.858557],[-47.286504,-5.858616],[-47.287127,-5.858234],[-47.287492,-5.857629],[-47.288276,-5.856912],[-47.288866,-5.855131],[-47.288535,-5.853586],[-47.288855,-5.853139],[-47.289135,-5.853119],[-47.289246,-5.852829],[-47.289211,-5.852608],[-47.288416,-5.851779],[-47.286942,-5.850759],[-47.286582,-5.850249],[-47.286386,-5.849637],[-47.286592,-5.84879],[-47.286961,-5.848613],[-47.287329,-5.848685],[-47.287862,-5.84914],[-47.288863,-5.849494],[-47.289985,-5.850346],[-47.290525,-5.850206],[-47.291067,-5.849727],[-47.291753,-5.848483],[-47.292007,-5.847514],[-47.29192,-5.847029],[-47.29272,-5.844971],[-47.29299,-5.844822],[-47.293748,-5.844872],[-47.294395,-5.845508],[-47.294982,-5.845451],[-47.296678,-5.844509],[-47.298088,-5.844003],[-47.298872,-5.843397],[-47.299205,-5.843534],[-47.30027,-5.844583],[-47.300547,-5.844537],[-47.300785,-5.844234],[-47.300887,-5.844599],[-47.301096,-5.844679],[-47.301468,-5.845319],[-47.302551,-5.845883],[-47.303956,-5.846395],[-47.304713,-5.846135],[-47.306028,-5.845243],[-47.305885,-5.845011],[-47.30506,-5.844523],[-47.304894,-5.843982],[-47.306334,-5.843381],[-47.306929,-5.842898],[-47.306986,-5.842065],[-47.307444,-5.841351],[-47.307346,-5.840995],[-47.306525,-5.84019],[-47.306457,-5.839541],[-47.306807,-5.838998],[-47.306936,-5.838458],[-47.307642,-5.838101],[-47.30812,-5.837993],[-47.308619,-5.838248],[-47.308852,-5.837729],[-47.309267,-5.837437],[-47.310154,-5.837655],[-47.310753,-5.837949],[-47.313176,-5.839958],[-47.315433,-5.841393],[-47.316921,-5.841569],[-47.317625,-5.841306],[-47.317853,-5.84158],[-47.318286,-5.84166],[-47.318764,-5.841335],[-47.319461,-5.839076],[-47.319746,-5.838915],[-47.320154,-5.839221],[-47.320889,-5.840567],[-47.321706,-5.840997],[-47.322186,-5.84101],[-47.322913,-5.840045],[-47.324261,-5.839368],[-47.324289,-5.838743],[-47.323695,-5.838041],[-47.323747,-5.837777],[-47.32418,-5.837643],[-47.324108,-5.837333],[-47.324936,-5.837088],[-47.325061,-5.836675],[-47.325572,-5.836355],[-47.326151,-5.836453],[-47.327302,-5.836996],[-47.327469,-5.83719],[-47.327247,-5.837575],[-47.327575,-5.837893],[-47.328296,-5.837854],[-47.328894,-5.838694],[-47.329445,-5.839012],[-47.329874,-5.838922],[-47.330084,-5.838597],[-47.330096,-5.837837],[-47.330649,-5.837682],[-47.331099,-5.837243],[-47.330866,-5.836441],[-47.330976,-5.836187],[-47.331929,-5.835323],[-47.332142,-5.834888],[-47.332709,-5.834658],[-47.333182,-5.83496],[-47.333938,-5.833378],[-47.334526,-5.832531],[-47.33526,-5.831926],[-47.335481,-5.83144],[-47.334694,-5.829383],[-47.334542,-5.828108],[-47.334697,-5.827294],[-47.334548,-5.826737],[-47.333619,-5.824998],[-47.333032,-5.824874],[-47.332505,-5.825039],[-47.332326,-5.824497],[-47.332802,-5.823776],[-47.333288,-5.823663],[-47.335154,-5.824325],[-47.336093,-5.824328],[-47.33657,-5.823928],[-47.336982,-5.824057],[-47.337957,-5.823137],[-47.338081,-5.822746],[-47.337736,-5.82191],[-47.337828,-5.821688],[-47.337252,-5.82141],[-47.337209,-5.820842],[-47.336826,-5.820334],[-47.33696,-5.82009],[-47.336859,-5.819569],[-47.336297,-5.819005],[-47.336037,-5.818432],[-47.336249,-5.818074],[-47.336421,-5.817949],[-47.336994,-5.818041],[-47.338561,-5.818867],[-47.339419,-5.819137],[-47.340544,-5.818873],[-47.342372,-5.81915],[-47.344963,-5.820529],[-47.345691,-5.820537],[-47.345984,-5.820255],[-47.345998,-5.820039],[-47.345537,-5.819588],[-47.344454,-5.819137],[-47.343288,-5.818367],[-47.343026,-5.817556],[-47.342516,-5.817143],[-47.342369,-5.816461],[-47.34165,-5.815185],[-47.34433,-5.813036],[-47.339754,-5.809642],[-47.338206,-5.811013],[-47.336481,-5.810922],[-47.337231,-5.80847],[-47.336957,-5.806571],[-47.333955,-5.806201],[-47.332592,-5.808468],[-47.3307,-5.808103],[-47.32943,-5.806919],[-47.328872,-5.805112],[-47.326706,-5.803836],[-47.323176,-5.802841],[-47.322077,-5.801289],[-47.319372,-5.800751],[-47.316122,-5.801385],[-47.315839,-5.799476],[-47.317729,-5.797657],[-47.322175,-5.795939],[-47.324262,-5.793581],[-47.325094,-5.791859],[-47.326342,-5.79086],[-47.327171,-5.788775],[-47.327622,-5.785603],[-47.325899,-5.784779],[-47.323175,-5.785325],[-47.321817,-5.784778],[-47.320018,-5.782702],[-47.318209,-5.782687],[-47.31656,-5.784321],[-47.315204,-5.784415],[-47.314119,-5.78368],[-47.313206,-5.782415],[-47.315119,-5.779418],[-47.31729,-5.778329],[-47.317625,-5.776241],[-47.314398,-5.776148],[-47.312309,-5.777241],[-47.311144,-5.778692],[-47.311231,-5.782137],[-47.309315,-5.783139],[-47.30806,-5.782139],[-47.305704,-5.781228],[-47.304866,-5.778148],[-47.294016,-5.775418],[-47.29204,-5.77024],[-47.293005,-5.767249],[-47.292117,-5.76598],[-47.29048,-5.766248],[-47.289119,-5.767518],[-47.28795,-5.769512],[-47.286225,-5.769788],[-47.284393,-5.771694],[-47.283673,-5.76924],[-47.281699,-5.765885],[-47.280507,-5.765881],[-47.280061,-5.767699],[-47.280061,-5.772235],[-47.279256,-5.773322],[-47.277983,-5.773042],[-47.276812,-5.771594],[-47.275173,-5.771597],[-47.273811,-5.770869],[-47.272906,-5.769051],[-47.268946,-5.770132],[-47.267376,-5.770954],[-47.26429,-5.773585],[-47.259809,-5.775841],[-47.252449,-5.774407],[-47.250705,-5.774668],[-47.246101,-5.771218],[-47.243891,-5.771298],[-47.242091,-5.770208],[-47.242169,-5.768125],[-47.243454,-5.767124],[-47.249986,-5.766038],[-47.250261,-5.764133],[-47.249346,-5.763132],[-47.246177,-5.763771],[-47.243497,-5.7635],[-47.239819,-5.765228],[-47.233774,-5.766296],[-47.231596,-5.767478],[-47.231118,-5.769024],[-47.234397,-5.770206],[-47.235029,-5.771658],[-47.234312,-5.772926],[-47.232121,-5.773377],[-47.231121,-5.774556],[-47.228834,-5.775802],[-47.225559,-5.773538],[-47.221894,-5.770192],[-47.215474,-5.771906],[-47.211859,-5.773718],[-47.2084,-5.772726],[-47.207313,-5.770819],[-47.205228,-5.77146],[-47.203313,-5.773815],[-47.200788,-5.774172],[-47.198789,-5.77318],[-47.198224,-5.771906],[-47.197621,-5.767182],[-47.195261,-5.766634],[-47.191618,-5.76464],[-47.190899,-5.762644],[-47.19145,-5.759831],[-47.191007,-5.758467],[-47.186398,-5.757316],[-47.184282,-5.756105],[-47.183378,-5.752836],[-47.183313,-5.750216],[-47.181396,-5.748562],[-47.180033,-5.749206],[-47.178143,-5.749197],[-47.176145,-5.748106],[-47.175064,-5.745658],[-47.172345,-5.743478],[-47.173417,-5.741214],[-47.169582,-5.738568],[-47.162762,-5.737566],[-47.159415,-5.734237],[-47.152394,-5.734559],[-47.146812,-5.732834],[-47.143341,-5.732278],[-47.136279,-5.729564],[-47.134567,-5.729472],[-47.130949,-5.725291],[-47.126517,-5.722001],[-47.124253,-5.718833],[-47.123073,-5.71282],[-47.120727,-5.709225],[-47.113234,-5.707898],[-47.1107,-5.702609],[-47.110451,-5.69691],[-47.109507,-5.695632],[-47.103668,-5.691271],[-47.098707,-5.685769],[-47.094506,-5.681888],[-47.091946,-5.678647],[-47.086558,-5.673391],[-47.085326,-5.670918],[-46.983539,-5.643548],[-46.979282,-5.642097],[-46.97516,-5.641311],[-46.97236,-5.639054],[-46.967104,-5.636876],[-46.962451,-5.63689],[-46.954589,-5.630246],[-46.951923,-5.628788],[-46.947667,-5.627472],[-46.945467,-5.624973],[-46.944308,-5.625967],[-46.943968,-5.626977],[-46.944063,-5.62897],[-46.945372,-5.629035],[-46.946052,-5.630871],[-46.945884,-5.631399],[-46.944943,-5.63146],[-46.943918,-5.631992],[-46.943895,-5.632482],[-46.94414,-5.632719],[-46.944736,-5.634127],[-46.944675,-5.635618],[-46.944453,-5.636322],[-46.943852,-5.636708],[-46.942281,-5.636543],[-46.938619,-5.634935],[-46.93674,-5.6344],[-46.935669,-5.634507],[-46.934919,-5.635043],[-46.934636,-5.638072],[-46.934384,-5.638363],[-46.933136,-5.638646],[-46.932739,-5.63909],[-46.933056,-5.639775],[-46.934192,-5.640719],[-46.933982,-5.642246],[-46.933668,-5.642475],[-46.934257,-5.64272],[-46.93459,-5.643531],[-46.934403,-5.64482],[-46.934173,-5.645176],[-46.934322,-5.645482],[-46.933645,-5.646025],[-46.932999,-5.647467],[-46.93298,-5.648741],[-46.932406,-5.65065],[-46.931545,-5.65205],[-46.930348,-5.652593],[-46.929667,-5.653202],[-46.928374,-5.653504],[-46.92723,-5.65415],[-46.925819,-5.655217],[-46.92515,-5.656193],[-46.925295,-5.656705],[-46.925494,-5.65682],[-46.92878,-5.657085],[-46.931286,-5.65696],[-46.932838,-5.656396],[-46.933993,-5.656334],[-46.935768,-5.657061],[-46.93622,-5.657666],[-46.936348,-5.658644],[-46.936073,-5.659451],[-46.935162,-5.660381],[-46.93468,-5.661456],[-46.934493,-5.66434],[-46.933919,-5.66711],[-46.934111,-5.668096],[-46.934126,-5.66994],[-46.933348,-5.671065],[-46.93223,-5.671429],[-46.930636,-5.671493],[-46.92981,-5.671907],[-46.926902,-5.675227],[-46.92678,-5.678777],[-46.926398,-5.679557],[-46.925388,-5.680215],[-46.925082,-5.680582],[-46.925036,-5.680949],[-46.925173,-5.681439],[-46.925602,-5.681653],[-46.926719,-5.6815],[-46.927331,-5.681607],[-46.927836,-5.682112],[-46.928035,-5.682648],[-46.927882,-5.683061],[-46.927055,-5.683092],[-46.926487,-5.682865],[-46.923739,-5.682513],[-46.922224,-5.683615],[-46.921856,-5.684824],[-46.921688,-5.688848],[-46.923509,-5.690256],[-46.92282,-5.693347],[-46.923539,-5.693943],[-46.923892,-5.695198],[-46.920847,-5.698702],[-46.920219,-5.699146],[-46.916348,-5.697562],[-46.915361,-5.696514],[-46.913992,-5.696215],[-46.911513,-5.696215],[-46.911314,-5.697937],[-46.911345,-5.700775],[-46.91201,-5.703621],[-46.912469,-5.704776],[-46.913517,-5.705954],[-46.914145,-5.708777],[-46.914803,-5.709894],[-46.916302,-5.710522],[-46.918582,-5.71297],[-46.922254,-5.714615],[-46.923234,-5.715663],[-46.923241,-5.717361],[-46.921114,-5.719794],[-46.9195,-5.720184],[-46.917794,-5.72033],[-46.917128,-5.720804],[-46.916968,-5.721974],[-46.918919,-5.724017],[-46.919202,-5.726435],[-46.919194,-5.727835],[-46.919906,-5.730336],[-46.920587,-5.731722],[-46.919314,-5.733236],[-46.916031,-5.734351],[-46.914474,-5.735422],[-46.913146,-5.737669],[-46.91367,-5.73904],[-46.914954,-5.739688],[-46.916008,-5.740525],[-46.916727,-5.741545],[-46.916695,-5.74272],[-46.917199,-5.744264],[-46.919087,-5.745749],[-46.918058,-5.747823],[-46.916392,-5.748876],[-46.915645,-5.750238],[-46.915539,-5.752135],[-46.916143,-5.753139],[-46.917421,-5.752527],[-46.918695,-5.752461],[-46.919788,-5.753117],[-46.917759,-5.755167],[-46.916365,-5.756138],[-46.917864,-5.759072],[-46.917036,-5.760333],[-46.915921,-5.760671],[-46.914566,-5.760646],[-46.913036,-5.760254],[-46.909754,-5.760655],[-46.90884,-5.761644],[-46.907642,-5.762071],[-46.906593,-5.761416],[-46.905586,-5.760398],[-46.904341,-5.759561],[-46.903173,-5.759086],[-46.902013,-5.759604],[-46.901417,-5.760961],[-46.901509,-5.762228],[-46.90234,-5.765063],[-46.903315,-5.766435],[-46.903482,-5.767618],[-46.902648,-5.768698],[-46.901726,-5.769497],[-46.900813,-5.770839],[-46.900475,-5.773372],[-46.902341,-5.77577],[-46.904393,-5.777074],[-46.906923,-5.777573],[-46.907086,-5.779027],[-46.904232,-5.782155],[-46.904148,-5.786595],[-46.903481,-5.787862],[-46.902029,-5.788475],[-46.899838,-5.789702],[-46.895362,-5.790802],[-46.894448,-5.791781],[-46.895724,-5.796704],[-46.895862,-5.79853],[-46.895677,-5.800341],[-46.894892,-5.803227],[-46.894948,-5.804411],[-46.895474,-5.806326],[-46.894592,-5.808942],[-46.893677,-5.810011],[-46.892202,-5.810883],[-46.891008,-5.811865],[-46.890616,-5.813584],[-46.890583,-5.815401],[-46.890756,-5.816766],[-46.890281,-5.817935],[-46.889335,-5.819186],[-46.887309,-5.820875],[-46.887086,-5.823497],[-46.886368,-5.824585],[-46.884532,-5.824907],[-46.882583,-5.822519],[-46.881142,-5.822323],[-46.879307,-5.823821],[-46.87909,-5.825269],[-46.877247,-5.828746],[-46.877639,-5.831467],[-46.87827,-5.83311],[-46.881403,-5.834439],[-46.882469,-5.83522],[-46.883162,-5.836068],[-46.883265,-5.838537],[-46.883581,-5.839747],[-46.884775,-5.840901],[-46.88572,-5.842905],[-46.885352,-5.844976],[-46.886047,-5.847227],[-46.888091,-5.849739],[-46.889033,-5.851193],[-46.888735,-5.855699],[-46.889246,-5.858254],[-46.888786,-5.861086],[-46.887483,-5.86467],[-46.885862,-5.866692],[-46.885743,-5.868511],[-46.886859,-5.874438],[-46.887803,-5.876017],[-46.888184,-5.877416],[-46.888315,-5.879361],[-46.888537,-5.880363],[-46.889295,-5.882313],[-46.889489,-5.884012],[-46.889933,-5.885837],[-46.891191,-5.887714],[-46.89232,-5.88838],[-46.893421,-5.889803],[-46.892988,-5.891514],[-46.891554,-5.893101],[-46.889993,-5.893649],[-46.888119,-5.895366],[-46.88722,-5.897827],[-46.885911,-5.899722],[-46.881475,-5.902286],[-46.87973,-5.904849],[-46.878205,-5.907622],[-46.877461,-5.909505],[-46.875965,-5.911156],[-46.874904,-5.911648],[-46.873336,-5.911228],[-46.867527,-5.905742],[-46.859758,-5.90394],[-46.859226,-5.904024],[-46.858256,-5.904543],[-46.854131,-5.906138],[-46.850002,-5.90646],[-46.846868,-5.905431],[-46.842257,-5.903167],[-46.839055,-5.900257],[-46.83736,-5.898374],[-46.836508,-5.896523],[-46.833684,-5.89446],[-46.831742,-5.893989],[-46.830926,-5.893322],[-46.830298,-5.892348],[-46.823756,-5.892586],[-46.821188,-5.89235],[-46.813958,-5.89222],[-46.807193,-5.89151],[-46.804503,-5.891764],[-46.803471,-5.891674],[-46.802282,-5.892167],[-46.799284,-5.894303],[-46.79772,-5.894732],[-46.79666,-5.895469],[-46.795656,-5.895652],[-46.793315,-5.897398],[-46.79169,-5.898133],[-46.782365,-5.898832],[-46.78109,-5.902011],[-46.780593,-5.9028],[-46.778721,-5.905056],[-46.776475,-5.907378],[-46.776165,-5.908354],[-46.775705,-5.911486],[-46.775903,-5.914343],[-46.776599,-5.916471],[-46.779176,-5.918958],[-46.78209,-5.920561],[-46.784096,-5.921466],[-46.787542,-5.922367],[-46.789171,-5.92297],[-46.790586,-5.924459],[-46.790838,-5.925307],[-46.790464,-5.926159],[-46.789087,-5.92647],[-46.787903,-5.927749],[-46.786033,-5.93028],[-46.784732,-5.934361],[-46.783158,-5.941082],[-46.782799,-5.946121],[-46.783436,-5.949824],[-46.785682,-5.95708],[-46.785816,-5.959816],[-46.784953,-5.963431],[-46.783361,-5.967088],[-46.784066,-5.9672],[-46.785104,-5.966907],[-46.785672,-5.967271],[-46.786368,-5.967143],[-46.788286,-5.967533],[-46.789749,-5.9674],[-46.790687,-5.967798],[-46.792235,-5.9678],[-46.793449,-5.968989],[-46.794907,-5.969783],[-46.796774,-5.971294],[-46.797098,-5.971406],[-46.798653,-5.971289],[-46.79999,-5.971813],[-46.800868,-5.971835],[-46.802899,-5.972402],[-46.804295,-5.972277],[-46.806767,-5.971529],[-46.808443,-5.970725],[-46.809694,-5.969903],[-46.811543,-5.969232],[-46.813193,-5.969289],[-46.814704,-5.969948],[-46.815545,-5.970032],[-46.817049,-5.969552],[-46.819106,-5.969348],[-46.82008,-5.969432],[-46.821658,-5.969071],[-46.823071,-5.969315],[-46.824567,-5.969305],[-46.825683,-5.969498],[-46.826146,-5.969413],[-46.828288,-5.968946],[-46.829949,-5.967409],[-46.830956,-5.967095],[-46.832739,-5.966091],[-46.834135,-5.965623],[-46.834815,-5.965668],[-46.837012,-5.966359],[-46.838396,-5.966176],[-46.838835,-5.966384],[-46.839176,-5.966929],[-46.839535,-5.967147],[-46.840092,-5.967053],[-46.841069,-5.967284],[-46.841864,-5.967228],[-46.843059,-5.96751],[-46.843366,-5.967808],[-46.843592,-5.968534],[-46.844371,-5.968613],[-46.844702,-5.96882],[-46.844772,-5.969931],[-46.843843,-5.970651],[-46.844572,-5.971524],[-46.844566,-5.972296],[-46.844799,-5.972726],[-46.845602,-5.973137],[-46.846903,-5.972927],[-46.848412,-5.973449],[-46.848823,-5.974598],[-46.848562,-5.975354],[-46.84807,-5.975996],[-46.848504,-5.976629],[-46.848494,-5.977275],[-46.84985,-5.97762],[-46.850929,-5.978332],[-46.851811,-5.978663],[-46.852384,-5.979215],[-46.853037,-5.979421],[-46.853885,-5.97928],[-46.854262,-5.979021],[-46.854561,-5.978215],[-46.854993,-5.977781],[-46.85565,-5.977747],[-46.856531,-5.978392],[-46.857104,-5.979539],[-46.857984,-5.98008],[-46.858473,-5.980685],[-46.858804,-5.981935],[-46.858269,-5.983385],[-46.858693,-5.984872],[-46.859289,-5.985922],[-46.859261,-5.986333],[-46.858081,-5.987068],[-46.856773,-5.988729],[-46.856243,-5.988796],[-46.855407,-5.989195],[-46.854551,-5.989889],[-46.85266,-5.991017],[-46.852894,-5.992219],[-46.853361,-5.992459],[-46.854167,-5.992469],[-46.85526,-5.991879],[-46.857071,-5.991346],[-46.858473,-5.990413],[-46.859482,-5.990658],[-46.859332,-5.99248],[-46.85991,-5.993783],[-46.861782,-5.994911],[-46.862954,-5.994988],[-46.863419,-5.995254],[-46.863739,-5.995573],[-46.863745,-5.996844],[-46.864077,-5.997299],[-46.864409,-5.997456],[-46.864671,-5.997489],[-46.865131,-5.997233],[-46.86589,-5.996496],[-46.86613,-5.996025],[-46.866358,-5.995994],[-46.867538,-5.997692],[-46.868772,-6.000643],[-46.870138,-6.000983],[-46.871188,-6.001837],[-46.871758,-6.00277],[-46.872038,-6.002932],[-46.8731,-6.002819],[-46.875184,-6.003658],[-46.875646,-6.003645],[-46.875821,-6.003951],[-46.875719,-6.004279],[-46.876066,-6.00463],[-46.876245,-6.005261],[-46.876889,-6.005541],[-46.877573,-6.005157],[-46.877647,-6.004065],[-46.877857,-6.003496],[-46.878591,-6.004094],[-46.878856,-6.004683],[-46.879597,-6.005293],[-46.881525,-6.004638],[-46.88169,-6.004986],[-46.881476,-6.005658],[-46.881433,-6.006699],[-46.88221,-6.00758],[-46.883298,-6.00756],[-46.883732,-6.007283],[-46.88428,-6.00722],[-46.88453,-6.006973],[-46.885093,-6.006946],[-46.885229,-6.007537],[-46.885092,-6.007803],[-46.885269,-6.008011],[-46.885282,-6.008569],[-46.88424,-6.009826],[-46.884784,-6.010601],[-46.886474,-6.011369],[-46.887091,-6.011168],[-46.887206,-6.010624],[-46.890695,-6.010665],[-46.891682,-6.010277],[-46.892206,-6.009749],[-46.892026,-6.00919],[-46.891557,-6.008607],[-46.891724,-6.007923],[-46.891967,-6.007761],[-46.89259,-6.008048],[-46.893035,-6.009366],[-46.893836,-6.009544],[-46.89454,-6.01022],[-46.894655,-6.010953],[-46.895019,-6.011229],[-46.895335,-6.011901],[-46.895769,-6.012286],[-46.896232,-6.011844],[-46.896837,-6.011897],[-46.897353,-6.011653],[-46.897535,-6.010534],[-46.898111,-6.010447],[-46.898765,-6.01133],[-46.898834,-6.012369],[-46.899745,-6.012606],[-46.901061,-6.014097],[-46.901653,-6.014241],[-46.902285,-6.01377],[-46.902552,-6.012757],[-46.903806,-6.011885],[-46.904305,-6.011298],[-46.90426,-6.010618],[-46.903901,-6.010202],[-46.903858,-6.009918],[-46.904065,-6.0098],[-46.905215,-6.009879],[-46.905812,-6.009705],[-46.90597,-6.009481],[-46.905836,-6.00885],[-46.906044,-6.008526],[-46.906985,-6.008566],[-46.908017,-6.00888],[-46.908859,-6.010574],[-46.909567,-6.010747],[-46.909925,-6.010479],[-46.910494,-6.009344],[-46.911854,-6.009117],[-46.912824,-6.009443],[-46.913863,-6.010304],[-46.915101,-6.010777],[-46.915343,-6.010515],[-46.915354,-6.010172],[-46.915695,-6.009826],[-46.916219,-6.00963],[-46.917113,-6.008944],[-46.917793,-6.008795],[-46.917957,-6.009102],[-46.917683,-6.009984],[-46.918688,-6.010909],[-46.918872,-6.013081],[-46.920327,-6.014707],[-46.92061,-6.016303],[-46.920844,-6.01685],[-46.92116,-6.017016],[-46.921332,-6.016856],[-46.921434,-6.015874],[-46.921887,-6.014428],[-46.922495,-6.014183],[-46.923222,-6.013113],[-46.923881,-6.012701],[-46.924649,-6.012721],[-46.925267,-6.01357],[-46.925825,-6.013856],[-46.926956,-6.013824],[-46.928101,-6.013459],[-46.929578,-6.01202],[-46.932576,-6.011092],[-46.934371,-6.010881],[-46.935312,-6.01095],[-46.935663,-6.01117],[-46.936697,-6.011326],[-46.937015,-6.011669],[-46.937368,-6.013092],[-46.937719,-6.013172],[-46.938132,-6.012662],[-46.938577,-6.012599],[-46.938852,-6.012993],[-46.939448,-6.013254],[-46.939737,-6.013672],[-46.940177,-6.01384],[-46.940303,-6.014398],[-46.940052,-6.014918],[-46.940564,-6.015344],[-46.940455,-6.015542],[-46.938932,-6.015428],[-46.938385,-6.015672],[-46.93837,-6.016006],[-46.937596,-6.017119],[-46.937445,-6.019111],[-46.937211,-6.019612],[-46.937314,-6.019802],[-46.937897,-6.019932],[-46.938513,-6.020346],[-46.938788,-6.021156],[-46.939987,-6.021942],[-46.939907,-6.022296],[-46.940126,-6.022688],[-46.939967,-6.023661],[-46.940487,-6.024019],[-46.94069,-6.024636],[-46.940306,-6.025672],[-46.939411,-6.026807],[-46.939773,-6.027591],[-46.938989,-6.028118],[-46.938927,-6.028669],[-46.939677,-6.029549],[-46.942192,-6.031328],[-46.944255,-6.031585],[-46.945002,-6.032442],[-46.945318,-6.033146],[-46.946371,-6.034565],[-46.947243,-6.035247],[-46.948042,-6.036174],[-46.948848,-6.037998],[-46.948658,-6.038348],[-46.946628,-6.037766],[-46.945998,-6.03841],[-46.945271,-6.038842],[-46.944648,-6.040408],[-46.945063,-6.04167],[-46.945473,-6.042254],[-46.947145,-6.042802],[-46.947953,-6.042709],[-46.947571,-6.043388],[-46.948068,-6.043499],[-46.948716,-6.043984],[-46.94874,-6.043049],[-46.9492,-6.042497],[-46.949361,-6.041809],[-46.949609,-6.04161],[-46.950418,-6.041474],[-46.9506,-6.04102],[-46.950615,-6.04072],[-46.950147,-6.040013],[-46.950264,-6.039535],[-46.951026,-6.039219],[-46.951984,-6.039142],[-46.953455,-6.040071],[-46.953914,-6.03966],[-46.954693,-6.039699],[-46.955291,-6.038868],[-46.955743,-6.038651],[-46.956039,-6.038734],[-46.956678,-6.039592],[-46.957383,-6.039871],[-46.958021,-6.040032],[-46.958745,-6.039719],[-46.959246,-6.039841],[-46.960419,-6.042018],[-46.960878,-6.042145],[-46.962251,-6.041949],[-46.962259,-6.042529],[-46.962525,-6.042831],[-46.963218,-6.0428],[-46.964679,-6.04219],[-46.965317,-6.041597],[-46.965357,-6.041085],[-46.965823,-6.040853],[-46.966099,-6.041008],[-46.966219,-6.041313],[-46.966559,-6.041189],[-46.966793,-6.041327],[-46.966521,-6.042074],[-46.96719,-6.04258],[-46.967078,-6.043087],[-46.967454,-6.043634],[-46.966668,-6.044066],[-46.966611,-6.044342],[-46.966764,-6.044512],[-46.966077,-6.045017],[-46.965965,-6.045607],[-46.967567,-6.045854],[-46.967593,-6.046401],[-46.967973,-6.046618],[-46.968516,-6.04729],[-46.969332,-6.047572],[-46.969978,-6.047166],[-46.970492,-6.045499],[-46.969776,-6.044339],[-46.969565,-6.043655],[-46.969686,-6.043228],[-46.970084,-6.042762],[-46.971339,-6.042391],[-46.972665,-6.042635],[-46.973127,-6.042566],[-46.973485,-6.042094],[-46.973536,-6.04107],[-46.974018,-6.039183],[-46.974792,-6.03868],[-46.975772,-6.038474],[-46.976405,-6.038806],[-46.976874,-6.038795],[-46.977869,-6.038305],[-46.97815,-6.038403],[-46.978061,-6.038796],[-46.978404,-6.039067],[-46.979374,-6.039073],[-46.981009,-6.040761],[-46.981993,-6.043066],[-46.982048,-6.043891],[-46.981865,-6.044875],[-46.981317,-6.046022],[-46.981703,-6.046256],[-46.982634,-6.045879],[-46.982993,-6.045913],[-46.983349,-6.04649],[-46.983199,-6.046931],[-46.983514,-6.047737],[-46.984124,-6.048448],[-46.984229,-6.048896],[-46.984737,-6.049192],[-46.984931,-6.049582],[-46.984655,-6.050381],[-46.985667,-6.051021],[-46.986318,-6.050366],[-46.986353,-6.049985],[-46.986605,-6.049831],[-46.986878,-6.049214],[-46.987261,-6.048966],[-46.987566,-6.049072],[-46.98777,-6.049934],[-46.988404,-6.050233],[-46.990169,-6.050423],[-46.9907,-6.050289],[-46.991342,-6.050508],[-46.992044,-6.050435],[-46.992637,-6.05068],[-46.993695,-6.050411],[-46.994573,-6.049541],[-46.99498,-6.048536],[-46.996383,-6.048047],[-46.996528,-6.047684],[-46.997156,-6.047343],[-46.997483,-6.046826],[-46.99927,-6.04674],[-46.99959,-6.046299],[-47.000586,-6.045513],[-47.001982,-6.045977],[-47.002024,-6.045331],[-47.001681,-6.044685],[-47.001371,-6.043294],[-47.001586,-6.042983],[-47.005091,-6.044305],[-47.007012,-6.043029],[-47.007317,-6.042445],[-47.00795,-6.041853],[-47.008522,-6.041558],[-47.008864,-6.041051],[-47.009575,-6.041127],[-47.009811,-6.042163],[-47.010439,-6.042595],[-47.010484,-6.042972],[-47.009753,-6.043454],[-47.009587,-6.043443],[-47.009296,-6.043029],[-47.009175,-6.043077],[-47.008432,-6.044097],[-47.008278,-6.044894],[-47.007263,-6.045285],[-47.007305,-6.045592],[-47.007457,-6.045896],[-47.008267,-6.046594],[-47.010956,-6.046619],[-47.011479,-6.047485],[-47.012024,-6.049301],[-47.013091,-6.050901],[-47.013422,-6.050844],[-47.013836,-6.049545],[-47.014339,-6.046425],[-47.015022,-6.045882],[-47.016281,-6.045371],[-47.016786,-6.0449],[-47.016873,-6.042887],[-47.017214,-6.042542],[-47.017609,-6.042687],[-47.018081,-6.043427],[-47.01864,-6.043743],[-47.020615,-6.044067],[-47.020193,-6.045838],[-47.019324,-6.047358],[-47.019476,-6.047739],[-47.019982,-6.047714],[-47.020819,-6.047292],[-47.02224,-6.04743],[-47.022778,-6.047157],[-47.023466,-6.046419],[-47.02412,-6.046172],[-47.025297,-6.046525],[-47.025962,-6.046465],[-47.026236,-6.045832],[-47.026605,-6.04548],[-47.027531,-6.045341],[-47.027382,-6.044452],[-47.027516,-6.044081],[-47.027876,-6.043536],[-47.029344,-6.042763],[-47.029643,-6.041963],[-47.029015,-6.040687],[-47.028299,-6.039998],[-47.02776,-6.039683],[-47.027201,-6.039879],[-47.026481,-6.039096],[-47.025423,-6.038368],[-47.025305,-6.038056],[-47.025752,-6.037339],[-47.026169,-6.037072],[-47.02911,-6.037226],[-47.030443,-6.036796],[-47.031055,-6.035646],[-47.031673,-6.035614],[-47.032075,-6.035339],[-47.032457,-6.034841],[-47.032579,-6.034093],[-47.033087,-6.034414],[-47.033508,-6.034942],[-47.034184,-6.034869],[-47.034679,-6.035783],[-47.035051,-6.035768],[-47.035487,-6.035004],[-47.035661,-6.034971],[-47.036139,-6.035122],[-47.036767,-6.035742],[-47.037449,-6.03552],[-47.038148,-6.035598],[-47.038785,-6.034151],[-47.039522,-6.03348],[-47.039135,-6.032809],[-47.039404,-6.032559],[-47.039998,-6.032372],[-47.040297,-6.031956],[-47.040273,-6.031051],[-47.039958,-6.029865],[-47.04011,-6.029278],[-47.040045,-6.028643],[-47.040738,-6.028003],[-47.041133,-6.026992],[-47.041447,-6.026739],[-47.042901,-6.026962],[-47.043443,-6.027808],[-47.045428,-6.028589],[-47.046089,-6.029102],[-47.046888,-6.029335],[-47.047636,-6.029079],[-47.049259,-6.029557],[-47.050384,-6.029491],[-47.05157,-6.029777],[-47.052951,-6.029699],[-47.056868,-6.030366],[-47.05733,-6.030262],[-47.058366,-6.029599],[-47.058786,-6.02961],[-47.059126,-6.029716],[-47.059655,-6.030369],[-47.060291,-6.030776],[-47.062024,-6.030138],[-47.062403,-6.029598],[-47.063321,-6.029242],[-47.064349,-6.027643],[-47.065292,-6.026893],[-47.068873,-6.02754],[-47.070329,-6.028103],[-47.070814,-6.028034],[-47.071816,-6.028326],[-47.073484,-6.029372],[-47.074328,-6.030357],[-47.07516,-6.03057],[-47.075859,-6.030308],[-47.076526,-6.029518],[-47.077561,-6.029276],[-47.080864,-6.029359],[-47.081835,-6.028876],[-47.083324,-6.029118],[-47.084887,-6.028453],[-47.085472,-6.028527],[-47.086423,-6.029011],[-47.08703,-6.029048],[-47.087855,-6.028564],[-47.087876,-6.027409],[-47.088102,-6.026933],[-47.088957,-6.026426],[-47.089602,-6.026402],[-47.09056,-6.025996],[-47.091185,-6.025585],[-47.092415,-6.022591],[-47.093012,-6.02213],[-47.094894,-6.021521],[-47.095691,-6.021044],[-47.096395,-6.019431]]]}},{"type":"Feature","properties":{"CD_MUN":"2106508","NM_MUN":"Matinha"},"geometry":{"type":"Polygon","coordinates":[[[-45.005406,-3.151706],[-45.004318,-3.149505],[-45.004254,-3.148683],[-45.005036,-3.147719],[-45.005473,-3.147732],[-45.005563,-3.147963],[-45.00542,-3.148323],[-45.005419,-3.14961],[-45.005725,-3.150203],[-45.006356,-3.150577],[-45.007131,-3.150498],[-45.008818,-3.149742],[-45.009283,-3.149097],[-45.009258,-3.148221],[-45.009528,-3.14732],[-45.010992,-3.146048],[-45.011483,-3.144966],[-45.011405,-3.144129],[-45.010607,-3.143589],[-45.008644,-3.143781],[-45.008392,-3.143344],[-45.008449,-3.142959],[-45.008794,-3.142688],[-45.008945,-3.142327],[-45.00884,-3.141863],[-45.009019,-3.14145],[-45.010696,-3.142068],[-45.011792,-3.142043],[-45.011921,-3.141759],[-45.011654,-3.140902],[-45.012079,-3.139861],[-45.011735,-3.138804],[-45.012725,-3.138573],[-45.013266,-3.138612],[-45.013639,-3.137351],[-45.014236,-3.137406],[-45.014492,-3.138025],[-45.014866,-3.138437],[-45.015394,-3.138618],[-45.015871,-3.138375],[-45.016052,-3.137743],[-45.015679,-3.136866],[-45.015955,-3.13568],[-45.015735,-3.13509],[-45.014185,-3.132967],[-45.014299,-3.132583],[-45.015691,-3.131553],[-45.016414,-3.129106],[-45.017111,-3.128001],[-45.017793,-3.127785],[-45.018167,-3.128029],[-45.018502,-3.129661],[-45.019043,-3.130163],[-45.019147,-3.130807],[-45.018966,-3.131302],[-45.017987,-3.131765],[-45.017393,-3.132305],[-45.017265,-3.132898],[-45.017626,-3.133631],[-45.018798,-3.133542],[-45.019261,-3.133774],[-45.019249,-3.134141],[-45.018837,-3.134666],[-45.018116,-3.134948],[-45.017496,-3.135734],[-45.017535,-3.137472],[-45.017818,-3.137872],[-45.018399,-3.137872],[-45.019623,-3.13719],[-45.019855,-3.137241],[-45.01992,-3.137524],[-45.018763,-3.138912],[-45.018622,-3.139878],[-45.018029,-3.140808],[-45.017293,-3.141079],[-45.015371,-3.142431],[-45.014727,-3.143654],[-45.014018,-3.145638],[-45.013245,-3.147129],[-45.013115,-3.148106],[-45.013269,-3.149329],[-45.013836,-3.149663],[-45.014468,-3.149483],[-45.014942,-3.149046],[-45.015305,-3.148956],[-45.01658,-3.149677],[-45.018075,-3.150192],[-45.018935,-3.149497],[-45.019412,-3.148156],[-45.019771,-3.1479],[-45.020141,-3.147864],[-45.020758,-3.148355],[-45.021364,-3.148484],[-45.021945,-3.14829],[-45.022952,-3.147504],[-45.024242,-3.147041],[-45.024564,-3.146693],[-45.024628,-3.146332],[-45.023739,-3.144839],[-45.02388,-3.144299],[-45.024719,-3.143989],[-45.025067,-3.144092],[-45.025196,-3.144839],[-45.025802,-3.145457],[-45.026615,-3.145624],[-45.02895,-3.145496],[-45.032808,-3.144821],[-45.034095,-3.145159],[-45.03558,-3.145181],[-45.036157,-3.144804],[-45.036506,-3.144094],[-45.03659,-3.143318],[-45.036458,-3.142526],[-45.03669,-3.142031],[-45.037135,-3.14159],[-45.038125,-3.141279],[-45.038372,-3.140503],[-45.038173,-3.13958],[-45.03684,-3.137977],[-45.036456,-3.136416],[-45.036488,-3.135278],[-45.036853,-3.13427],[-45.037156,-3.131449],[-45.037602,-3.13074],[-45.038316,-3.130593],[-45.038944,-3.130676],[-45.039701,-3.131664],[-45.038705,-3.133065],[-45.038538,-3.133528],[-45.038592,-3.134549],[-45.040109,-3.13602],[-45.040534,-3.1389],[-45.041275,-3.139906],[-45.04294,-3.141343],[-45.043864,-3.141592],[-45.04486,-3.141411],[-45.046916,-3.140604],[-45.049306,-3.139897],[-45.050259,-3.139783],[-45.050927,-3.139846],[-45.052246,-3.140701],[-45.055054,-3.141035],[-45.055632,-3.140722],[-45.055597,-3.139932],[-45.054707,-3.138874],[-45.054774,-3.138429],[-45.055006,-3.138329],[-45.056777,-3.138759],[-45.0579,-3.138446],[-45.058743,-3.137918],[-45.05924,-3.137077],[-45.059474,-3.135791],[-45.059457,-3.134983],[-45.059934,-3.134174],[-45.060628,-3.134257],[-45.061639,-3.135154],[-45.061554,-3.136077],[-45.060595,-3.138535],[-45.06036,-3.140334],[-45.060906,-3.141374],[-45.061471,-3.14129],[-45.061971,-3.140711],[-45.062465,-3.138587],[-45.064711,-3.136988],[-45.06544,-3.135305],[-45.06624,-3.131741],[-45.067709,-3.128153],[-45.070152,-3.126512],[-45.072549,-3.123915],[-45.072986,-3.12214],[-45.072938,-3.116322],[-45.073938,-3.113908],[-45.077489,-3.11013],[-45.078515,-3.107674],[-45.077821,-3.10591],[-45.076518,-3.103567],[-45.075517,-3.100726],[-45.075384,-3.098498],[-45.07557,-3.096337],[-45.078486,-3.094729],[-45.080157,-3.092015],[-45.081674,-3.090348],[-45.083607,-3.089552],[-45.087536,-3.089274],[-45.088903,-3.088601],[-45.090696,-3.086346],[-45.091935,-3.085584],[-45.094487,-3.08496],[-45.09621,-3.085651],[-45.098143,-3.085896],[-45.101519,-3.083952],[-45.104003,-3.083466],[-45.10483,-3.082807],[-45.105727,-3.080795],[-45.109311,-3.07816],[-45.111658,-3.074586],[-45.113379,-3.072713],[-45.115242,-3.07195],[-45.117654,-3.071637],[-45.118276,-3.070943],[-45.118827,-3.069131],[-45.119033,-3.065047],[-45.119788,-3.064036],[-45.120535,-3.064004],[-45.123862,-3.065169],[-45.126303,-3.065173],[-45.127188,-3.065339],[-45.128498,-3.066374],[-45.129754,-3.068608],[-45.130462,-3.069242],[-45.131879,-3.069509],[-45.133081,-3.069377],[-45.140698,-3.067574],[-45.145797,-3.014464],[-45.095402,-2.931053],[-45.091414,-2.930605],[-45.085181,-2.930507],[-45.083525,-2.931028],[-45.082422,-2.934475],[-45.081698,-2.938441],[-45.081975,-2.940003],[-45.080043,-2.942799],[-45.079761,-2.943501],[-45.080108,-2.943767],[-45.080256,-2.944331],[-45.07909,-2.945748],[-45.078857,-2.9463],[-45.080196,-2.95032],[-45.080138,-2.952721],[-45.080287,-2.954756],[-45.079641,-2.956827],[-45.079636,-2.958267],[-45.078835,-2.962441],[-45.078113,-2.963832],[-45.076391,-2.964053],[-45.075277,-2.964482],[-45.074747,-2.96489],[-45.07476,-2.965969],[-45.075175,-2.966807],[-45.075116,-2.967613],[-45.074802,-2.968302],[-45.073701,-2.969473],[-45.07336,-2.970078],[-45.073074,-2.972612],[-45.072373,-2.973533],[-45.070579,-2.976678],[-45.070393,-2.977191],[-45.070464,-2.97778],[-45.069849,-2.97872],[-45.070198,-2.979821],[-45.06932,-2.982341],[-45.070528,-2.985397],[-45.059479,-3.000188],[-45.045921,-3.013634],[-45.013404,-3.022983],[-44.89291,-3.077914],[-44.903028,-3.061999],[-44.903023,-3.059149],[-44.903264,-3.056238],[-44.904044,-3.055441],[-44.906264,-3.055702],[-44.908264,-3.056353],[-44.908883,-3.055492],[-44.90899,-3.054482],[-44.909933,-3.052679],[-44.913239,-3.052188],[-44.914408,-3.051243],[-44.914379,-3.050276],[-44.914099,-3.049345],[-44.913066,-3.049025],[-44.911134,-3.049417],[-44.909712,-3.051033],[-44.908434,-3.051209],[-44.907682,-3.050702],[-44.907772,-3.049729],[-44.908348,-3.048716],[-44.908994,-3.048066],[-44.9106,-3.047181],[-44.914021,-3.047067],[-44.914659,-3.046072],[-44.914766,-3.042742],[-44.913827,-3.042234],[-44.910798,-3.041834],[-44.909514,-3.041492],[-44.909249,-3.040134],[-44.85785,-3.040433],[-44.843847,-3.046264],[-44.806554,-3.065559],[-44.810411,-3.0661],[-44.810438,-3.065636],[-44.812005,-3.064761],[-44.81322,-3.065548],[-44.816787,-3.066992],[-44.826965,-3.068569],[-44.832356,-3.069838],[-44.835836,-3.069489],[-44.839749,-3.068308],[-44.84123,-3.06822],[-44.841924,-3.069271],[-44.841924,-3.07159],[-44.839836,-3.075089],[-44.804408,-3.123061],[-44.865186,-3.090678],[-44.924575,-3.16008],[-44.93826,-3.166188],[-44.949429,-3.165175],[-44.968197,-3.186492],[-44.969022,-3.186052],[-44.969668,-3.184663],[-44.970211,-3.182817],[-44.970665,-3.181987],[-44.970851,-3.180855],[-44.971145,-3.18099],[-44.971465,-3.180714],[-44.971462,-3.180447],[-44.972297,-3.179975],[-44.972756,-3.179015],[-44.972523,-3.177425],[-44.972181,-3.177024],[-44.971871,-3.176982],[-44.970859,-3.176267],[-44.970833,-3.176041],[-44.972017,-3.175189],[-44.97285,-3.174043],[-44.972786,-3.173197],[-44.972352,-3.172848],[-44.972589,-3.172023],[-44.974584,-3.171427],[-44.976496,-3.169664],[-44.978334,-3.168326],[-44.978381,-3.168068],[-44.97814,-3.167805],[-44.977676,-3.167746],[-44.977573,-3.167033],[-44.97918,-3.165743],[-44.979702,-3.163627],[-44.980124,-3.162788],[-44.981084,-3.162526],[-44.981771,-3.162891],[-44.982696,-3.16226],[-44.983152,-3.16146],[-44.98301,-3.16071],[-44.983339,-3.160385],[-44.983514,-3.159814],[-44.981539,-3.153175],[-44.981601,-3.152189],[-44.982075,-3.151713],[-44.982768,-3.152426],[-44.984124,-3.156269],[-44.985486,-3.157299],[-44.987576,-3.157028],[-44.988361,-3.156437],[-44.988477,-3.155871],[-44.987616,-3.153367],[-44.987501,-3.152481],[-44.987834,-3.151838],[-44.988504,-3.151697],[-44.989586,-3.153073],[-44.989998,-3.153369],[-44.990911,-3.153368],[-44.991816,-3.152907],[-44.992524,-3.151929],[-44.992719,-3.151379],[-44.992566,-3.150878],[-44.9917,-3.149911],[-44.991946,-3.148457],[-44.992632,-3.147649],[-44.992781,-3.146885],[-44.992497,-3.145934],[-44.991685,-3.144995],[-44.990001,-3.144093],[-44.989769,-3.143165],[-44.98919,-3.142661],[-44.98821,-3.142547],[-44.986883,-3.142006],[-44.986427,-3.141517],[-44.986338,-3.140371],[-44.986736,-3.140126],[-44.987566,-3.14023],[-44.988279,-3.140052],[-44.989566,-3.139426],[-44.990094,-3.139336],[-44.99039,-3.139593],[-44.990775,-3.141073],[-44.991185,-3.141692],[-44.992049,-3.141898],[-44.992627,-3.141862],[-44.993214,-3.141565],[-44.993717,-3.140947],[-44.994245,-3.140767],[-44.995081,-3.140123],[-44.995301,-3.138758],[-44.996684,-3.13747],[-44.997497,-3.136749],[-44.998209,-3.136841],[-44.998519,-3.137343],[-44.998388,-3.138038],[-44.99787,-3.138798],[-44.997884,-3.139919],[-44.998895,-3.140461],[-44.999346,-3.141027],[-44.99964,-3.141799],[-45.000674,-3.142273],[-45.000713,-3.142517],[-44.999331,-3.14374],[-44.999065,-3.144809],[-44.999655,-3.146843],[-44.998862,-3.147946],[-44.998419,-3.149167],[-44.998352,-3.149978],[-44.998661,-3.150608],[-45.000042,-3.151367],[-45.000284,-3.151938],[-45.000312,-3.153236],[-45.000608,-3.153981],[-45.001288,-3.154317],[-45.002034,-3.154396],[-45.002755,-3.15419],[-45.003927,-3.153483],[-45.005286,-3.152209],[-45.005406,-3.151706]]]}},{"type":"Feature","properties":{"CD_MUN":"2106904","NM_MUN":"Monção"},"geometry":{"type":"Polygon","coordinates":[[[-45.330718,-3.673292],[-45.326279,-3.667942],[-45.324117,-3.664072],[-45.323662,-3.660999],[-45.325417,-3.656036],[-45.324567,-3.655023],[-45.323337,-3.652075],[-45.322203,-3.65014],[-45.321192,-3.648008],[-45.318436,-3.637603],[-45.316525,-3.637237],[-45.311985,-3.637905],[-45.307529,-3.637901],[-45.30568,-3.637648],[-45.30463,-3.636767],[-45.303706,-3.635424],[-45.303287,-3.633913],[-45.303457,-3.630893],[-45.303879,-3.629131],[-45.303922,-3.627327],[-45.303709,-3.621567],[-45.303381,-3.61893],[-45.302641,-3.615386],[-45.301156,-3.612748],[-45.29728,-3.607472],[-45.295088,-3.605495],[-45.291351,-3.603024],[-45.288155,-3.601698],[-45.285442,-3.601214],[-45.282728,-3.600069],[-45.280679,-3.598924],[-45.279715,-3.597178],[-45.279054,-3.594469],[-45.278275,-3.592121],[-45.277905,-3.590323],[-45.277883,-3.589396],[-45.278339,-3.588763],[-45.278859,-3.588402],[-45.279489,-3.588365],[-45.280503,-3.588648],[-45.281308,-3.588256],[-45.281643,-3.58864],[-45.281619,-3.589156],[-45.282745,-3.589072],[-45.282837,-3.588111],[-45.283176,-3.587511],[-45.283119,-3.587139],[-45.283476,-3.586704],[-45.283533,-3.586386],[-45.283392,-3.5858],[-45.282676,-3.585685],[-45.282765,-3.584697],[-45.283389,-3.58453],[-45.283299,-3.584279],[-45.28288,-3.584014],[-45.28212,-3.584169],[-45.281996,-3.583995],[-45.282219,-3.58341],[-45.282009,-3.583059],[-45.281991,-3.582544],[-45.282479,-3.582044],[-45.283113,-3.581812],[-45.283069,-3.581542],[-45.28251,-3.580662],[-45.282168,-3.580509],[-45.281471,-3.580584],[-45.281645,-3.580107],[-45.281545,-3.57981],[-45.280326,-3.580074],[-45.28003,-3.580009],[-45.280297,-3.579282],[-45.280989,-3.57937],[-45.281206,-3.579161],[-45.28109,-3.578866],[-45.280305,-3.57872],[-45.279962,-3.577776],[-45.280241,-3.577532],[-45.280732,-3.577669],[-45.28054,-3.576342],[-45.280741,-3.576002],[-45.281601,-3.575451],[-45.281513,-3.575276],[-45.28041,-3.57545],[-45.279939,-3.575238],[-45.279898,-3.574842],[-45.280426,-3.574003],[-45.280049,-3.572787],[-45.280091,-3.57246],[-45.28036,-3.572326],[-45.281156,-3.573041],[-45.281442,-3.573118],[-45.28162,-3.572823],[-45.281915,-3.572747],[-45.28189,-3.572579],[-45.281444,-3.572369],[-45.281469,-3.57205],[-45.281764,-3.571806],[-45.282126,-3.571815],[-45.282286,-3.57158],[-45.28216,-3.571219],[-45.281689,-3.570891],[-45.281293,-3.571537],[-45.281092,-3.571529],[-45.280353,-3.571109],[-45.280345,-3.570681],[-45.281637,-3.56985],[-45.282709,-3.568846],[-45.283549,-3.568736],[-45.28489,-3.569043],[-45.28518,-3.569457],[-45.285221,-3.570161],[-45.28439,-3.572099],[-45.28437,-3.573407],[-45.285057,-3.574199],[-45.28715,-3.575686],[-45.288549,-3.577568],[-45.289225,-3.577847],[-45.289926,-3.577607],[-45.29196,-3.576013],[-45.293681,-3.575202],[-45.294482,-3.57458],[-45.295582,-3.572945],[-45.297459,-3.569099],[-45.297511,-3.56828],[-45.297237,-3.567526],[-45.29606,-3.566124],[-45.294852,-3.565149],[-45.293142,-3.564049],[-45.291525,-3.563549],[-45.290032,-3.563484],[-45.289374,-3.563276],[-45.289198,-3.56272],[-45.289348,-3.561586],[-45.289731,-3.559984],[-45.290274,-3.559188],[-45.290918,-3.559083],[-45.291493,-3.559323],[-45.293002,-3.561176],[-45.294229,-3.562112],[-45.294956,-3.562128],[-45.296332,-3.561714],[-45.297577,-3.561725],[-45.300118,-3.562527],[-45.302259,-3.563759],[-45.304651,-3.564773],[-45.305743,-3.566008],[-45.306311,-3.566944],[-45.306455,-3.567934],[-45.305462,-3.570721],[-45.305501,-3.571673],[-45.306524,-3.573401],[-45.307834,-3.57469],[-45.308082,-3.575631],[-45.307885,-3.576506],[-45.307546,-3.576917],[-45.306531,-3.577594],[-45.303075,-3.578656],[-45.301434,-3.578759],[-45.299318,-3.578475],[-45.298908,-3.57851],[-45.298568,-3.578811],[-45.298352,-3.579201],[-45.298367,-3.580232],[-45.298687,-3.58306],[-45.298776,-3.583665],[-45.299418,-3.584838],[-45.300208,-3.58537],[-45.300653,-3.585281],[-45.302515,-3.583703],[-45.303048,-3.583455],[-45.303475,-3.583473],[-45.303868,-3.583812],[-45.30401,-3.584363],[-45.303994,-3.585109],[-45.303727,-3.58605],[-45.303892,-3.586842],[-45.304727,-3.587259],[-45.306066,-3.587359],[-45.306884,-3.588162],[-45.307396,-3.591049],[-45.308115,-3.59302],[-45.308833,-3.594214],[-45.310402,-3.595334],[-45.311462,-3.595783],[-45.313787,-3.595609],[-45.314728,-3.59572],[-45.316374,-3.59614],[-45.317074,-3.596545],[-45.31767,-3.596967],[-45.320079,-3.5999],[-45.321626,-3.6014],[-45.32304,-3.602583],[-45.323651,-3.602803],[-45.324349,-3.602709],[-45.326565,-3.601802],[-45.328278,-3.601475],[-45.334704,-3.601552],[-45.337069,-3.601765],[-45.343925,-3.603499],[-45.344738,-3.603604],[-45.345071,-3.603431],[-45.345404,-3.603162],[-45.345772,-3.602258],[-45.345935,-3.600613],[-45.345921,-3.599556],[-45.345399,-3.597303],[-45.345374,-3.596064],[-45.345677,-3.595367],[-45.347229,-3.594044],[-45.347486,-3.593458],[-45.347316,-3.592809],[-45.346631,-3.592286],[-45.345696,-3.590833],[-45.345613,-3.589512],[-45.345794,-3.588797],[-45.347242,-3.586396],[-45.350778,-3.582881],[-45.352823,-3.579261],[-45.353375,-3.578608],[-45.355594,-3.577212],[-45.359876,-3.576163],[-45.360927,-3.576443],[-45.361549,-3.57695],[-45.362418,-3.578008],[-45.363607,-3.578556],[-45.364247,-3.578509],[-45.366169,-3.577827],[-45.368306,-3.577314],[-45.36929,-3.577212],[-45.370075,-3.577397],[-45.370826,-3.577832],[-45.372172,-3.579153],[-45.372964,-3.57922],[-45.373386,-3.579097],[-45.374122,-3.578568],[-45.375376,-3.577133],[-45.376169,-3.575681],[-45.376491,-3.574527],[-45.376251,-3.573603],[-45.375757,-3.572671],[-45.375699,-3.572088],[-45.375836,-3.5717],[-45.376481,-3.57135],[-45.3786,-3.571507],[-45.379168,-3.571702],[-45.380802,-3.572752],[-45.381211,-3.573121],[-45.381779,-3.574129],[-45.382244,-3.574363],[-45.383333,-3.574364],[-45.385474,-3.573781],[-45.387068,-3.572696],[-45.387982,-3.571785],[-45.388527,-3.571145],[-45.389188,-3.569962],[-45.389565,-3.56846],[-45.389389,-3.567963],[-45.38826,-3.566657],[-45.387406,-3.565932],[-45.387099,-3.565497],[-45.387051,-3.564901],[-45.38752,-3.563019],[-45.388553,-3.561004],[-45.388845,-3.560608],[-45.38978,-3.560271],[-45.39049,-3.560286],[-45.391005,-3.560479],[-45.391521,-3.561089],[-45.391924,-3.562054],[-45.39234,-3.56473],[-45.392307,-3.566547],[-45.391902,-3.568461],[-45.392063,-3.569313],[-45.39295,-3.56983],[-45.39551,-3.570251],[-45.396202,-3.570542],[-45.396451,-3.570819],[-45.396631,-3.571523],[-45.396519,-3.572862],[-45.396671,-3.573415],[-45.396961,-3.573732],[-45.397757,-3.57408],[-45.400056,-3.574221],[-45.401836,-3.574518],[-45.403815,-3.575422],[-45.404268,-3.576599],[-45.40515,-3.575337],[-45.40603,-3.575018],[-45.406682,-3.575312],[-45.408233,-3.575318],[-45.409512,-3.57625],[-45.410967,-3.576748],[-45.415725,-3.577291],[-45.417162,-3.577961],[-45.421076,-3.581769],[-45.422921,-3.582866],[-45.425384,-3.58354],[-45.429295,-3.583595],[-45.430447,-3.584053],[-45.431273,-3.584643],[-45.43238,-3.586355],[-45.43297,-3.586783],[-45.434917,-3.587019],[-45.437038,-3.586846],[-45.43782,-3.587054],[-45.438502,-3.587697],[-45.439131,-3.588984],[-45.440259,-3.592459],[-45.44102,-3.593697],[-45.442122,-3.594527],[-45.443538,-3.595262],[-45.44557,-3.595589],[-45.44707,-3.595361],[-45.448484,-3.594858],[-45.449154,-3.595031],[-45.450272,-3.595834],[-45.451039,-3.596091],[-45.452283,-3.59583],[-45.453646,-3.595795],[-45.454961,-3.595372],[-45.458168,-3.593188],[-45.458801,-3.593177],[-45.459301,-3.593371],[-45.460322,-3.59433],[-45.460689,-3.594412],[-45.461385,-3.593913],[-45.462867,-3.591939],[-45.464049,-3.592063],[-45.46459,-3.592571],[-45.464858,-3.593562],[-45.464869,-3.594687],[-45.464434,-3.595479],[-45.464421,-3.596408],[-45.464172,-3.597335],[-45.464271,-3.597607],[-45.464465,-3.597805],[-45.464825,-3.597751],[-45.466766,-3.596427],[-45.467341,-3.59632],[-45.468562,-3.596751],[-45.469279,-3.597827],[-45.469458,-3.598491],[-45.469204,-3.600839],[-45.468574,-3.602344],[-45.468448,-3.603079],[-45.468842,-3.604085],[-45.469372,-3.604243],[-45.470512,-3.603773],[-45.471547,-3.603797],[-45.472418,-3.604811],[-45.473979,-3.605117],[-45.47444,-3.605415],[-45.474822,-3.605868],[-45.475198,-3.606786],[-45.475863,-3.607044],[-45.475941,-3.607582],[-45.476153,-3.60772],[-45.477464,-3.607573],[-45.478794,-3.607005],[-45.47954,-3.607147],[-45.480194,-3.608777],[-45.480911,-3.609097],[-45.481818,-3.610175],[-45.483481,-3.61007],[-45.484003,-3.609879],[-45.484321,-3.609426],[-45.484305,-3.608708],[-45.484746,-3.608313],[-45.4874,-3.607231],[-45.487651,-3.607462],[-45.48755,-3.608374],[-45.488069,-3.609754],[-45.489272,-3.610458],[-45.490882,-3.611135],[-45.49163,-3.610417],[-45.492221,-3.609394],[-45.492172,-3.609144],[-45.491783,-3.608971],[-45.491738,-3.608796],[-45.492457,-3.606831],[-45.493058,-3.605831],[-45.494217,-3.604677],[-45.495552,-3.60407],[-45.49596,-3.603642],[-45.496083,-3.602442],[-45.495384,-3.601185],[-45.495407,-3.600753],[-45.495618,-3.600404],[-45.496304,-3.600105],[-45.499563,-3.600282],[-45.501443,-3.599799],[-45.501949,-3.599477],[-45.502208,-3.598924],[-45.501815,-3.596746],[-45.50193,-3.596368],[-45.502805,-3.595466],[-45.502343,-3.592384],[-45.503606,-3.589242],[-45.504338,-3.588052],[-45.505439,-3.587573],[-45.506968,-3.58777],[-45.507439,-3.587366],[-45.507449,-3.586983],[-45.507131,-3.586198],[-45.504766,-3.585004],[-45.504632,-3.584607],[-45.504754,-3.584142],[-45.505224,-3.5836],[-45.506565,-3.582563],[-45.506826,-3.582615],[-45.508034,-3.582159],[-45.508916,-3.582289],[-45.509448,-3.581787],[-45.509169,-3.581141],[-45.508269,-3.580923],[-45.507649,-3.580581],[-45.506909,-3.579984],[-45.506754,-3.579656],[-45.506892,-3.579235],[-45.507464,-3.578807],[-45.508335,-3.577625],[-45.508749,-3.575764],[-45.508975,-3.575463],[-45.509587,-3.575288],[-45.509965,-3.57565],[-45.51067,-3.578293],[-45.510592,-3.579058],[-45.510914,-3.579422],[-45.511901,-3.579531],[-45.513709,-3.578763],[-45.514941,-3.578636],[-45.515241,-3.578884],[-45.515289,-3.579324],[-45.514774,-3.580197],[-45.514822,-3.580808],[-45.51517,-3.581117],[-45.516099,-3.581316],[-45.516471,-3.581552],[-45.517563,-3.582552],[-45.518274,-3.582573],[-45.518865,-3.582357],[-45.5201,-3.581225],[-45.520457,-3.58067],[-45.52083,-3.578669],[-45.520474,-3.576556],[-45.520665,-3.576144],[-45.521244,-3.575935],[-45.521358,-3.57559],[-45.520652,-3.574332],[-45.521275,-3.573879],[-45.522011,-3.572589],[-45.521653,-3.572262],[-45.520955,-3.572395],[-45.520756,-3.572259],[-45.520406,-3.570629],[-45.52083,-3.57002],[-45.521567,-3.570209],[-45.522589,-3.570835],[-45.523061,-3.571634],[-45.523883,-3.572096],[-45.5239,-3.571578],[-45.52442,-3.571175],[-45.524748,-3.570647],[-45.524367,-3.569519],[-45.524862,-3.569514],[-45.524908,-3.568872],[-45.525389,-3.568966],[-45.525672,-3.568659],[-45.526101,-3.567777],[-45.525985,-3.567212],[-45.526508,-3.567171],[-45.526769,-3.566888],[-45.526677,-3.566311],[-45.527636,-3.565901],[-45.527934,-3.565331],[-45.528502,-3.564937],[-45.528416,-3.564168],[-45.528106,-3.563844],[-45.527914,-3.562999],[-45.52735,-3.562587],[-45.526776,-3.562444],[-45.526735,-3.561717],[-45.522987,-3.561302],[-45.523191,-3.560546],[-45.52284,-3.559706],[-45.52294,-3.558514],[-45.523436,-3.557966],[-45.523587,-3.557178],[-45.523308,-3.556723],[-45.522928,-3.556514],[-45.522102,-3.556794],[-45.521741,-3.556521],[-45.521868,-3.55615],[-45.523067,-3.555039],[-45.523319,-3.554534],[-45.523113,-3.553803],[-45.522584,-3.553017],[-45.522672,-3.552307],[-45.522293,-3.551802],[-45.522075,-3.551774],[-45.520883,-3.55287],[-45.520427,-3.553012],[-45.520065,-3.552759],[-45.520178,-3.552265],[-45.520879,-3.551392],[-45.521322,-3.549956],[-45.521167,-3.549648],[-45.520348,-3.549338],[-45.519681,-3.54867],[-45.51965,-3.548343],[-45.519918,-3.547607],[-45.519821,-3.546338],[-45.520295,-3.545431],[-45.520149,-3.545115],[-45.519545,-3.544785],[-45.519455,-3.544587],[-45.520313,-3.544135],[-45.52115,-3.542585],[-45.521116,-3.542009],[-45.520444,-3.54189],[-45.520306,-3.54152],[-45.520835,-3.540672],[-45.52075,-3.540194],[-45.520988,-3.539525],[-45.52076,-3.538562],[-45.520928,-3.538257],[-45.521116,-3.538215],[-45.521604,-3.538438],[-45.522737,-3.539804],[-45.523245,-3.540771],[-45.52427,-3.540795],[-45.52449,-3.539357],[-45.524189,-3.537108],[-45.524333,-3.536247],[-45.524981,-3.534926],[-45.525851,-3.534414],[-45.526039,-3.534139],[-45.526611,-3.533995],[-45.52706,-3.533527],[-45.527406,-3.532762],[-45.527659,-3.532796],[-45.527896,-3.533123],[-45.528024,-3.533754],[-45.528759,-3.533742],[-45.529143,-3.533532],[-45.529197,-3.533197],[-45.528968,-3.532645],[-45.529073,-3.532391],[-45.52874,-3.531799],[-45.529195,-3.53168],[-45.529212,-3.530921],[-45.529386,-3.530581],[-45.53022,-3.530835],[-45.530159,-3.530477],[-45.530474,-3.529876],[-45.52993,-3.529771],[-45.529674,-3.529375],[-45.530046,-3.528661],[-45.530444,-3.528509],[-45.530607,-3.528706],[-45.530555,-3.528936],[-45.530811,-3.529043],[-45.531236,-3.528372],[-45.53157,-3.528678],[-45.531973,-3.528327],[-45.532736,-3.528612],[-45.534153,-3.528174],[-45.534818,-3.527654],[-45.534777,-3.527412],[-45.534454,-3.527125],[-45.534391,-3.526747],[-45.534586,-3.526447],[-45.535214,-3.52612],[-45.535221,-3.525905],[-45.533301,-3.524561],[-45.533495,-3.52376],[-45.533329,-3.523],[-45.53354,-3.521994],[-45.534141,-3.521652],[-45.534778,-3.520461],[-45.535339,-3.519953],[-45.535674,-3.519292],[-45.535402,-3.51868],[-45.5356,-3.518249],[-45.535365,-3.517871],[-45.534278,-3.517605],[-45.533346,-3.517124],[-45.533451,-3.514743],[-45.533602,-3.514565],[-45.53408,-3.515045],[-45.535102,-3.514849],[-45.535436,-3.51458],[-45.535407,-3.51425],[-45.536061,-3.513952],[-45.536131,-3.513556],[-45.536547,-3.513588],[-45.53681,-3.513439],[-45.536789,-3.51295],[-45.537783,-3.51264],[-45.537706,-3.512214],[-45.536698,-3.511715],[-45.536724,-3.511312],[-45.537203,-3.511037],[-45.537284,-3.510636],[-45.537229,-3.510053],[-45.536837,-3.509298],[-45.536945,-3.50896],[-45.537282,-3.508836],[-45.53762,-3.509068],[-45.53808,-3.509092],[-45.538265,-3.50932],[-45.538873,-3.509301],[-45.540533,-3.508593],[-45.540434,-3.508018],[-45.540544,-3.507677],[-45.542405,-3.505416],[-45.541468,-3.50395],[-45.541427,-3.50336],[-45.541614,-3.502738],[-45.542024,-3.502168],[-45.543375,-3.501832],[-45.543611,-3.501467],[-45.543565,-3.501333],[-45.540923,-3.5002],[-45.540688,-3.499506],[-45.540862,-3.499153],[-45.54137,-3.498876],[-45.543383,-3.498848],[-45.54388,-3.497756],[-45.544399,-3.497284],[-45.544297,-3.496276],[-45.543849,-3.496272],[-45.54373,-3.495993],[-45.542176,-3.495373],[-45.541359,-3.494639],[-45.541129,-3.494105],[-45.541459,-3.493482],[-45.54142,-3.492469],[-45.542131,-3.49259],[-45.542714,-3.492341],[-45.542761,-3.49216],[-45.54249,-3.491898],[-45.542855,-3.491812],[-45.542844,-3.491368],[-45.543421,-3.490855],[-45.543371,-3.490249],[-45.543086,-3.490055],[-45.543226,-3.489882],[-45.541688,-3.487975],[-45.541944,-3.485385],[-45.54224,-3.485021],[-45.504523,-3.451061],[-45.50033,-3.44771],[-45.484155,-3.435651],[-45.46549,-3.418963],[-45.44409,-3.399424],[-45.449085,-3.388723],[-45.483665,-3.319047],[-45.490324,-3.306817],[-45.49405,-3.303266],[-45.500322,-3.298795],[-45.500559,-3.299384],[-45.509819,-3.29771],[-45.518837,-3.293646],[-45.522872,-3.29251],[-45.537708,-3.286593],[-45.552185,-3.279483],[-45.558947,-3.273031],[-45.564524,-3.26497],[-45.570709,-3.256652],[-45.579347,-3.242245],[-45.579703,-3.240844],[-45.450869,-3.296335],[-45.39041,-3.349021],[-45.363585,-3.366183],[-45.362221,-3.36404],[-45.360666,-3.36241],[-45.359201,-3.361483],[-45.3585,-3.360489],[-45.358142,-3.35964],[-45.358068,-3.358038],[-45.357478,-3.356351],[-45.357358,-3.355546],[-45.355466,-3.354581],[-45.35459,-3.35386],[-45.353647,-3.353876],[-45.352733,-3.353635],[-45.351131,-3.353635],[-45.350821,-3.353485],[-45.350431,-3.352987],[-45.350456,-3.352447],[-45.350204,-3.351825],[-45.348648,-3.351169],[-45.345396,-3.34844],[-45.344431,-3.346701],[-45.343063,-3.345264],[-45.342337,-3.344089],[-45.340424,-3.342393],[-45.338448,-3.340902],[-45.337511,-3.340867],[-45.336658,-3.341073],[-45.335316,-3.34071],[-45.260338,-3.371348],[-45.261648,-3.37503],[-45.262276,-3.379969],[-45.263533,-3.384729],[-45.265779,-3.389219],[-45.271705,-3.392452],[-45.083523,-3.420334],[-45.082589,-3.421423],[-45.082113,-3.422244],[-45.08193,-3.422876],[-45.081798,-3.425325],[-45.081057,-3.42689],[-45.080416,-3.427544],[-45.078916,-3.42817],[-45.078396,-3.428639],[-45.078163,-3.429083],[-45.078219,-3.429896],[-45.080543,-3.433977],[-45.081139,-3.434612],[-45.084393,-3.435952],[-45.085017,-3.43637],[-45.085106,-3.436964],[-45.084967,-3.437814],[-45.084238,-3.439204],[-45.082655,-3.441049],[-45.078349,-3.444253],[-45.07789,-3.444957],[-45.077348,-3.447459],[-45.07666,-3.448985],[-45.076012,-3.449743],[-45.074333,-3.450835],[-45.073892,-3.451339],[-45.074144,-3.452476],[-45.078682,-3.457033],[-45.079851,-3.458443],[-45.081517,-3.45931],[-45.082935,-3.459012],[-45.083994,-3.457284],[-45.084154,-3.454652],[-45.084462,-3.453396],[-45.084626,-3.451233],[-45.087299,-3.450344],[-45.088683,-3.450691],[-45.088799,-3.453374],[-45.086383,-3.456914],[-45.086297,-3.459191],[-45.08716,-3.463235],[-45.08891,-3.468556],[-45.090796,-3.469101],[-45.093683,-3.468145],[-45.092709,-3.464638],[-45.093182,-3.462804],[-45.094269,-3.461509],[-45.095475,-3.460411],[-45.097744,-3.460394],[-45.098129,-3.462412],[-45.097824,-3.464411],[-45.096713,-3.466601],[-45.095134,-3.46821],[-45.094157,-3.470508],[-45.094801,-3.471898],[-45.096741,-3.472283],[-45.098602,-3.472436],[-45.100242,-3.473285],[-45.100631,-3.474893],[-45.101654,-3.477012],[-45.102575,-3.478028],[-45.105937,-3.475343],[-45.10726,-3.475415],[-45.10437,-3.479499],[-45.103223,-3.48237],[-45.104532,-3.485562],[-45.108136,-3.487559],[-45.111244,-3.489631],[-45.114355,-3.491865],[-45.117465,-3.494497],[-45.119923,-3.498171],[-45.122542,-3.50168],[-45.125487,-3.504948],[-45.128432,-3.507823],[-45.129741,-3.508618],[-45.127616,-3.509018],[-45.12565,-3.510295],[-45.124506,-3.513167],[-45.125978,-3.514283],[-45.127614,-3.516755],[-45.124997,-3.522027],[-45.123851,-3.525611],[-45.119925,-3.526733],[-45.118451,-3.528489],[-45.118615,-3.532235],[-45.120415,-3.53798],[-45.122546,-3.54285],[-45.122872,-3.545722],[-45.121564,-3.552028],[-45.121728,-3.554417],[-45.123038,-3.557133],[-45.122711,-3.560724],[-45.123856,-3.561999],[-45.124346,-3.563274],[-45.122665,-3.567261],[-45.123232,-3.567646],[-45.124106,-3.568693],[-45.12504,-3.570232],[-45.126119,-3.571306],[-45.12682,-3.572789],[-45.126996,-3.574441],[-45.125889,-3.578621],[-45.125599,-3.580382],[-45.125917,-3.581729],[-45.127961,-3.583378],[-45.130295,-3.583873],[-45.130822,-3.584809],[-45.130005,-3.586185],[-45.130063,-3.587283],[-45.130939,-3.588324],[-45.135232,-3.588797],[-45.136631,-3.589183],[-45.140162,-3.591133],[-45.141331,-3.592014],[-45.141974,-3.59361],[-45.142558,-3.594544],[-45.143491,-3.595589],[-45.144426,-3.595974],[-45.144892,-3.596524],[-45.145944,-3.597074],[-45.147783,-3.597045],[-45.150234,-3.597542],[-45.151927,-3.59831],[-45.152804,-3.598969],[-45.15403,-3.600733],[-45.155434,-3.601505],[-45.156453,-3.603454],[-45.157037,-3.604113],[-45.158204,-3.604388],[-45.160422,-3.604169],[-45.161592,-3.604279],[-45.162349,-3.604936],[-45.163255,-3.607054],[-45.16343,-3.608376],[-45.162846,-3.611402],[-45.162847,-3.614097],[-45.163315,-3.614592],[-45.163899,-3.614866],[-45.165737,-3.614343],[-45.167956,-3.614013],[-45.168714,-3.614288],[-45.169124,-3.615004],[-45.169124,-3.617479],[-45.169649,-3.61825],[-45.170058,-3.618359],[-45.170875,-3.618248],[-45.174407,-3.615302],[-45.175634,-3.615195],[-45.176684,-3.61558],[-45.177734,-3.616514],[-45.178465,-3.620666],[-45.178932,-3.621437],[-45.180158,-3.622373],[-45.180918,-3.624022],[-45.181795,-3.624847],[-45.183019,-3.625508],[-45.185004,-3.625892],[-45.186377,-3.625699],[-45.187427,-3.625204],[-45.18953,-3.624598],[-45.190638,-3.624543],[-45.194199,-3.625807],[-45.198901,-3.62556],[-45.200242,-3.625835],[-45.202169,-3.62666],[-45.203396,-3.627374],[-45.205118,-3.629216],[-45.208329,-3.631471],[-45.20979,-3.63521],[-45.210351,-3.636124],[-45.211394,-3.636832],[-45.21344,-3.638813],[-45.215365,-3.639418],[-45.216883,-3.640461],[-45.218898,-3.6406],[-45.220942,-3.641809],[-45.222168,-3.642965],[-45.223102,-3.643459],[-45.225673,-3.644064],[-45.226488,-3.644778],[-45.227104,-3.645795],[-45.227686,-3.647335],[-45.227862,-3.648655],[-45.227804,-3.65135],[-45.228038,-3.652342],[-45.229088,-3.653],[-45.229965,-3.653221],[-45.230666,-3.65311],[-45.231803,-3.652642],[-45.232855,-3.652644],[-45.233965,-3.652972],[-45.234664,-3.653412],[-45.23554,-3.654403],[-45.236067,-3.656493],[-45.236067,-3.658143],[-45.235746,-3.659656],[-45.234931,-3.661196],[-45.234697,-3.662352],[-45.234989,-3.663947],[-45.235048,-3.668568],[-45.236128,-3.67074],[-45.236946,-3.67162],[-45.238114,-3.672224],[-45.239224,-3.673874],[-45.240452,-3.677393],[-45.240714,-3.677586],[-45.241181,-3.679679],[-45.241941,-3.680832],[-45.242817,-3.681492],[-45.244802,-3.681766],[-45.245853,-3.682536],[-45.247226,-3.683993],[-45.24997,-3.687788],[-45.250264,-3.688668],[-45.250673,-3.693235],[-45.251169,-3.693977],[-45.251579,-3.694197],[-45.252337,-3.693977],[-45.253388,-3.693977],[-45.254438,-3.694856],[-45.255778,-3.695186],[-45.256365,-3.694912],[-45.257301,-3.693921],[-45.258319,-3.692298],[-45.258554,-3.691253],[-45.259429,-3.690097],[-45.260363,-3.689272],[-45.261296,-3.688942],[-45.26251,-3.688994],[-45.263457,-3.689271],[-45.265589,-3.691058],[-45.269676,-3.693752],[-45.27426,-3.696033],[-45.27531,-3.696363],[-45.277997,-3.696418],[-45.27934,-3.696693],[-45.2808,-3.697297],[-45.282319,-3.698232],[-45.283281,-3.699193],[-45.283867,-3.700293],[-45.284277,-3.704916],[-45.284512,-3.706068],[-45.286409,-3.708957],[-45.286526,-3.711102],[-45.286118,-3.712697],[-45.286119,-3.715393],[-45.286411,-3.716109],[-45.287698,-3.717757],[-45.288221,-3.718201],[-45.323743,-3.695722],[-45.323434,-3.684787],[-45.330718,-3.673292]]]}},{"type":"Feature","properties":{"CD_MUN":"2106359","NM_MUN":"Marajá do Sena"},"geometry":{"type":"Polygon","coordinates":[[[-45.424969,-4.759647],[-45.424971,-4.76344],[-45.42543,-4.766785],[-45.426804,-4.767008],[-45.427035,-4.768347],[-45.425936,-4.770014],[-45.426441,-4.77071],[-45.427014,-4.772034],[-45.426835,-4.776365],[-45.427314,-4.777988],[-45.427914,-4.778531],[-45.429563,-4.778889],[-45.431479,-4.776663],[-45.432138,-4.776843],[-45.433937,-4.779969],[-45.434567,-4.780452],[-45.435285,-4.77973],[-45.435465,-4.779007],[-45.436006,-4.778404],[-45.436783,-4.778283],[-45.437322,-4.779306],[-45.43846,-4.779365],[-45.440769,-4.779062],[-45.442806,-4.781647],[-45.444876,-4.782248],[-45.448114,-4.784051],[-45.449292,-4.784531],[-45.452469,-4.783869],[-45.453158,-4.785672],[-45.454356,-4.78531],[-45.455017,-4.786935],[-45.455856,-4.788077],[-45.455946,-4.789473],[-45.455589,-4.792116],[-45.45409,-4.791577],[-45.453853,-4.79308],[-45.454512,-4.79332],[-45.454555,-4.795549],[-45.453344,-4.795879],[-45.454338,-4.796985],[-45.452411,-4.799306],[-45.452745,-4.803946],[-45.453795,-4.807922],[-45.454675,-4.810352],[-45.455779,-4.811013],[-45.456656,-4.809578],[-45.457427,-4.809687],[-45.458253,-4.812448],[-45.459135,-4.813553],[-45.461117,-4.813993],[-45.461447,-4.81543],[-45.461008,-4.817419],[-45.460958,-4.822279],[-45.460301,-4.827141],[-45.458817,-4.829795],[-45.456947,-4.833993],[-45.457059,-4.836646],[-45.456566,-4.838523],[-45.456456,-4.839849],[-45.456677,-4.841727],[-45.460694,-4.840951],[-45.462565,-4.841171],[-45.464987,-4.841942],[-45.466308,-4.841832],[-45.467463,-4.839843],[-45.468453,-4.840283],[-45.470434,-4.839729],[-45.472415,-4.839505],[-45.474119,-4.83851],[-45.474229,-4.837294],[-45.474117,-4.835308],[-45.476097,-4.835306],[-45.476485,-4.837184],[-45.476268,-4.84094],[-45.475057,-4.842267],[-45.474617,-4.843041],[-45.475777,-4.846906],[-45.476877,-4.846794],[-45.477757,-4.845801],[-45.478858,-4.845688],[-45.479298,-4.847567],[-45.477814,-4.848673],[-45.477264,-4.849888],[-45.477376,-4.851656],[-45.476275,-4.852209],[-45.476167,-4.853314],[-45.480077,-4.857068],[-45.480518,-4.859167],[-45.479969,-4.860602],[-45.479089,-4.860604],[-45.479364,-4.862116],[-45.483857,-4.861996],[-45.48358,-4.862418],[-45.483472,-4.864355],[-45.483957,-4.865228],[-45.484046,-4.8661],[-45.485133,-4.866102],[-45.485712,-4.864163],[-45.486684,-4.863775],[-45.487657,-4.86426],[-45.488241,-4.865036],[-45.488532,-4.866006],[-45.487366,-4.867654],[-45.486752,-4.869687],[-45.48717,-4.870459],[-45.488153,-4.870465],[-45.489015,-4.870661],[-45.48921,-4.869691],[-45.490279,-4.869692],[-45.49125,-4.869983],[-45.492223,-4.869499],[-45.492612,-4.868626],[-45.49339,-4.867947],[-45.496505,-4.867949],[-45.497283,-4.868628],[-45.49777,-4.869501],[-45.498548,-4.86989],[-45.499133,-4.869114],[-45.498744,-4.868144],[-45.499232,-4.867271],[-45.500599,-4.865915],[-45.501089,-4.865043],[-45.501189,-4.864074],[-45.502066,-4.863493],[-45.503134,-4.863493],[-45.503425,-4.864365],[-45.503034,-4.865334],[-45.503808,-4.867176],[-45.504489,-4.867758],[-45.504685,-4.866789],[-45.505367,-4.86611],[-45.506146,-4.866402],[-45.505561,-4.867274],[-45.505755,-4.86805],[-45.506728,-4.867953],[-45.507605,-4.867469],[-45.50848,-4.868051],[-45.511399,-4.870865],[-45.513345,-4.870671],[-45.514027,-4.869993],[-45.515,-4.869605],[-45.515974,-4.869412],[-45.51792,-4.869413],[-45.518795,-4.869898],[-45.520838,-4.872031],[-45.521324,-4.872904],[-45.52142,-4.876006],[-45.52171,-4.877071],[-45.522487,-4.877652],[-45.52346,-4.877944],[-45.524239,-4.878623],[-45.524529,-4.879495],[-45.523459,-4.879493],[-45.522584,-4.879881],[-45.522584,-4.880851],[-45.522778,-4.881724],[-45.523653,-4.88153],[-45.523751,-4.880657],[-45.524431,-4.881433],[-45.524529,-4.882306],[-45.525015,-4.883081],[-45.523556,-4.88444],[-45.523652,-4.885407],[-45.524519,-4.887231],[-45.526075,-4.888688],[-45.526458,-4.889645],[-45.527975,-4.889582],[-45.527486,-4.888511],[-45.528076,-4.887938],[-45.528952,-4.88852],[-45.530119,-4.88852],[-45.531189,-4.888812],[-45.533232,-4.889006],[-45.533718,-4.889782],[-45.533329,-4.890752],[-45.532746,-4.891625],[-45.533816,-4.893274],[-45.534788,-4.893274],[-45.535664,-4.892789],[-45.537609,-4.892595],[-45.538582,-4.892692],[-45.53936,-4.893371],[-45.539358,-4.896374],[-45.540233,-4.897149],[-45.541984,-4.896663],[-45.542762,-4.896953],[-45.543346,-4.897728],[-45.546363,-4.897736],[-45.547239,-4.897446],[-45.547337,-4.896479],[-45.548115,-4.895801],[-45.549088,-4.895708],[-45.549964,-4.895221],[-45.550839,-4.895219],[-45.55152,-4.895898],[-45.552493,-4.895897],[-45.55473,-4.898128],[-45.556284,-4.900748],[-45.555604,-4.901522],[-45.555118,-4.902489],[-45.555993,-4.905203],[-45.556674,-4.904525],[-45.557063,-4.903654],[-45.557937,-4.903074],[-45.559395,-4.904626],[-45.560271,-4.906564],[-45.560564,-4.908405],[-45.561536,-4.908987],[-45.562022,-4.909956],[-45.562119,-4.910925],[-45.562799,-4.911701],[-45.56445,-4.912962],[-45.564353,-4.913931],[-45.563963,-4.9149],[-45.565521,-4.915763],[-45.56552,-4.916636],[-45.564838,-4.917406],[-45.565325,-4.918378],[-45.566685,-4.919732],[-45.566977,-4.920702],[-45.566978,-4.922742],[-45.566587,-4.92361],[-45.565711,-4.923125],[-45.564836,-4.92332],[-45.564447,-4.924291],[-45.564545,-4.926522],[-45.565517,-4.926812],[-45.565808,-4.925841],[-45.566392,-4.925064],[-45.567365,-4.925064],[-45.56824,-4.925452],[-45.568337,-4.927584],[-45.569115,-4.928166],[-45.569699,-4.927293],[-45.570477,-4.926615],[-45.57145,-4.92613],[-45.572423,-4.926034],[-45.574077,-4.927101],[-45.57359,-4.927973],[-45.574271,-4.928652],[-45.575147,-4.928943],[-45.574368,-4.929621],[-45.574173,-4.930494],[-45.575146,-4.930494],[-45.575146,-4.93156],[-45.574951,-4.93253],[-45.57427,-4.931754],[-45.573297,-4.931172],[-45.572324,-4.931172],[-45.571449,-4.931462],[-45.572032,-4.932238],[-45.572908,-4.932432],[-45.573977,-4.934178],[-45.572226,-4.93505],[-45.572031,-4.935923],[-45.570183,-4.936603],[-45.570183,-4.937573],[-45.570961,-4.938154],[-45.570966,-4.942048],[-45.571445,-4.944028],[-45.572725,-4.943542],[-45.573313,-4.943632],[-45.57367,-4.944002],[-45.574855,-4.943955],[-45.57588,-4.944278],[-45.576811,-4.943446],[-45.577742,-4.942107],[-45.578167,-4.940446],[-45.579995,-4.938967],[-45.57996,-4.938207],[-45.582964,-4.938341],[-45.582168,-4.937189],[-45.581604,-4.936889],[-45.58051,-4.9356],[-45.579209,-4.935346],[-45.578668,-4.93477],[-45.577352,-4.929973],[-45.576741,-4.92882],[-45.57477,-4.92596],[-45.574228,-4.924276],[-45.573018,-4.921971],[-45.571901,-4.920864],[-45.572233,-4.919664],[-45.573234,-4.919202],[-45.574511,-4.917978],[-45.576108,-4.915392],[-45.578635,-4.91186],[-45.58012,-4.910684],[-45.581719,-4.909943],[-45.583558,-4.907196],[-45.583132,-4.905859],[-45.58427,-4.905051],[-45.585293,-4.903873],[-45.586017,-4.902557],[-45.586303,-4.901356],[-45.58712,-4.900526],[-45.587269,-4.899604],[-45.588995,-4.898079],[-45.589509,-4.89711],[-45.589543,-4.896533],[-45.590154,-4.895887],[-45.590879,-4.895816],[-45.59181,-4.894408],[-45.593731,-4.893599],[-45.595055,-4.893575],[-45.598093,-4.894034],[-45.600612,-4.892486],[-45.608262,-4.888649],[-45.609583,-4.887448],[-45.662659,-4.857206],[-45.707021,-4.833577],[-45.712249,-4.775166],[-45.849039,-4.743947],[-45.867497,-4.627522],[-45.869725,-4.630121],[-45.872138,-4.630678],[-45.875851,-4.631049],[-45.878822,-4.630492],[-45.881049,-4.631049],[-45.885319,-4.629936],[-45.888104,-4.631421],[-45.892188,-4.631792],[-45.894601,-4.633463],[-45.898871,-4.63402],[-45.902584,-4.635876],[-45.907596,-4.637361],[-45.91168,-4.63829],[-45.914279,-4.63996],[-45.917992,-4.640332],[-45.923005,-4.639775],[-45.920063,-4.558623],[-45.838812,-4.5591],[-45.714292,-4.559051],[-45.709314,-4.566055],[-45.708299,-4.56715],[-45.705468,-4.572145],[-45.70472,-4.573667],[-45.704186,-4.575457],[-45.70277,-4.577807],[-45.701114,-4.579517],[-45.699805,-4.581707],[-45.697375,-4.584779],[-45.696279,-4.58574],[-45.693929,-4.587236],[-45.693261,-4.58793],[-45.692113,-4.59151],[-45.692406,-4.593673],[-45.693395,-4.596264],[-45.693625,-4.598881],[-45.680208,-4.61305],[-45.681199,-4.616227],[-45.681628,-4.616928],[-45.683264,-4.618409],[-45.683966,-4.618759],[-45.684355,-4.619266],[-45.685836,-4.62515],[-45.6864,-4.626283],[-45.645918,-4.625956],[-45.609787,-4.590972],[-45.607935,-4.597968],[-45.60054,-4.605944],[-45.600059,-4.606165],[-45.59162,-4.607822],[-45.585853,-4.607791],[-45.583116,-4.608253],[-45.566528,-4.609666],[-45.566086,-4.609248],[-45.565775,-4.607601],[-45.558363,-4.598364],[-45.556255,-4.597477],[-45.554805,-4.597379],[-45.55344,-4.596144],[-45.552258,-4.595606],[-45.549524,-4.599018],[-45.547877,-4.601473],[-45.546174,-4.602583],[-45.545336,-4.603423],[-45.544314,-4.604099],[-45.539931,-4.605445],[-45.538396,-4.605302],[-45.537858,-4.604826],[-45.536618,-4.604721],[-45.536167,-4.604459],[-45.534813,-4.604118],[-45.53317,-4.604345],[-45.531502,-4.604301],[-45.530362,-4.605157],[-45.529596,-4.605322],[-45.528509,-4.605791],[-45.528183,-4.606083],[-45.527887,-4.606029],[-45.523129,-4.606953],[-45.521107,-4.607867],[-45.51861,-4.608394],[-45.517953,-4.608781],[-45.516403,-4.610603],[-45.51285,-4.611851],[-45.511259,-4.613719],[-45.509358,-4.614445],[-45.506702,-4.615087],[-45.503677,-4.614564],[-45.502622,-4.614074],[-45.499693,-4.614377],[-45.498518,-4.613088],[-45.497152,-4.612902],[-45.496596,-4.612948],[-45.494373,-4.613839],[-45.492732,-4.614139],[-45.492341,-4.613844],[-45.491624,-4.61252],[-45.490641,-4.611701],[-45.48944,-4.610893],[-45.486546,-4.609864],[-45.486151,-4.609921],[-45.48367,-4.61196],[-45.483387,-4.612045],[-45.481946,-4.612033],[-45.479273,-4.611173],[-45.478229,-4.611768],[-45.477628,-4.611542],[-45.477373,-4.611609],[-45.476734,-4.612606],[-45.437154,-4.572146],[-45.388137,-4.585129],[-45.365706,-4.606541],[-45.365581,-4.607458],[-45.364946,-4.609114],[-45.3652,-4.609623],[-45.366153,-4.610451],[-45.366469,-4.611151],[-45.366534,-4.61217],[-45.366851,-4.612807],[-45.36774,-4.612934],[-45.368122,-4.615162],[-45.368947,-4.615862],[-45.3699,-4.61618],[-45.370027,-4.617199],[-45.369837,-4.618409],[-45.36781,-4.624333],[-45.367238,-4.624333],[-45.365333,-4.621978],[-45.364443,-4.620194],[-45.363999,-4.61975],[-45.363555,-4.619559],[-45.363174,-4.619686],[-45.362857,-4.620132],[-45.363048,-4.621979],[-45.362922,-4.623444],[-45.362098,-4.624654],[-45.36121,-4.625483],[-45.360196,-4.625802],[-45.35937,-4.626694],[-45.359116,-4.627522],[-45.359116,-4.628477],[-45.359942,-4.629304],[-45.361402,-4.630387],[-45.361593,-4.630832],[-45.361316,-4.632458],[-45.362173,-4.633846],[-45.363958,-4.63551],[-45.360232,-4.638866],[-45.352564,-4.643123],[-45.345165,-4.648513],[-45.39497,-4.68368],[-45.398817,-4.686491],[-45.401567,-4.689387],[-45.404543,-4.688269],[-45.408665,-4.687598],[-45.411642,-4.685812],[-45.414619,-4.686703],[-45.415307,-4.689603],[-45.418285,-4.689377],[-45.418743,-4.691385],[-45.416226,-4.694734],[-45.416688,-4.699641],[-45.41852,-4.700755],[-45.421038,-4.700754],[-45.421498,-4.703207],[-45.420356,-4.705884],[-45.421729,-4.707891],[-45.421733,-4.711238],[-45.419216,-4.715033],[-45.416926,-4.71548],[-45.417614,-4.718155],[-45.415556,-4.72329],[-45.415559,-4.726413],[-45.416474,-4.727303],[-45.418306,-4.726188],[-45.420596,-4.726187],[-45.420598,-4.729534],[-45.421747,-4.735332],[-45.42175,-4.739349],[-45.421293,-4.743365],[-45.42061,-4.747379],[-45.421985,-4.748941],[-45.421986,-4.752288],[-45.420613,-4.752288],[-45.420613,-4.754296],[-45.422218,-4.758088],[-45.424969,-4.759647]]]}},{"type":"Feature","properties":{"CD_MUN":"2105427","NM_MUN":"Itinga do Maranhão"},"geometry":{"type":"Polygon","coordinates":[[[-47.259574,-4.671699],[-47.286843,-4.696949],[-47.288575,-4.6989],[-47.291391,-4.702873],[-47.294974,-4.700266],[-47.295084,-4.699725],[-47.294334,-4.699538],[-47.294256,-4.698754],[-47.294466,-4.698466],[-47.295278,-4.698141],[-47.297613,-4.698577],[-47.299391,-4.698599],[-47.302671,-4.697782],[-47.304118,-4.697053],[-47.304703,-4.696965],[-47.306967,-4.69787],[-47.307861,-4.698422],[-47.308645,-4.698422],[-47.311881,-4.697798],[-47.312317,-4.697605],[-47.313438,-4.696578],[-47.314172,-4.696385],[-47.314625,-4.695916],[-47.315812,-4.696241],[-47.316502,-4.695739],[-47.317071,-4.695678],[-47.318368,-4.694734],[-47.319406,-4.693108],[-47.319987,-4.692721],[-47.323453,-4.692463],[-47.324845,-4.692681],[-47.32553,-4.692267],[-47.327186,-4.691964],[-47.329003,-4.692159],[-47.330226,-4.693194],[-47.331208,-4.693328],[-47.331992,-4.693024],[-47.333459,-4.693113],[-47.335405,-4.692475],[-47.336874,-4.691581],[-47.338155,-4.691271],[-47.338696,-4.69073],[-47.339204,-4.690697],[-47.335507,-4.679455],[-47.338323,-4.678394],[-47.352448,-4.672339],[-47.365528,-4.670085],[-47.375083,-4.665959],[-47.38177,-4.660027],[-47.384794,-4.660562],[-47.385608,-4.659885],[-47.385989,-4.658563],[-47.38622,-4.658251],[-47.387506,-4.658843],[-47.387909,-4.658869],[-47.389321,-4.657528],[-47.3899,-4.655468],[-47.390566,-4.654771],[-47.390606,-4.654487],[-47.390501,-4.654107],[-47.389343,-4.652621],[-47.387581,-4.651665],[-47.387482,-4.651363],[-47.387639,-4.651102],[-47.388885,-4.650815],[-47.394364,-4.650468],[-47.394863,-4.65008],[-47.395502,-4.649243],[-47.396386,-4.648775],[-47.397494,-4.649081],[-47.399628,-4.649311],[-47.400821,-4.648928],[-47.401661,-4.648951],[-47.402726,-4.647966],[-47.403123,-4.647118],[-47.403941,-4.646027],[-47.404543,-4.645659],[-47.406359,-4.645548],[-47.408119,-4.644341],[-47.408674,-4.643459],[-47.410351,-4.643588],[-47.413691,-4.64218],[-47.415696,-4.642377],[-47.416959,-4.641568],[-47.418035,-4.640579],[-47.418837,-4.640327],[-47.42118,-4.639064],[-47.422966,-4.63872],[-47.424268,-4.637864],[-47.42469,-4.63784],[-47.427516,-4.638884],[-47.428729,-4.639052],[-47.42937,-4.638883],[-47.430432,-4.638037],[-47.430453,-4.637767],[-47.429952,-4.636998],[-47.430043,-4.636594],[-47.430416,-4.636268],[-47.43217,-4.636659],[-47.433186,-4.63597],[-47.433534,-4.635952],[-47.433916,-4.636172],[-47.434748,-4.637209],[-47.435786,-4.637547],[-47.437135,-4.637338],[-47.437947,-4.636827],[-47.439826,-4.636148],[-47.445562,-4.635281],[-47.4469,-4.635451],[-47.447583,-4.635719],[-47.449044,-4.636637],[-47.44971,-4.637364],[-47.45149,-4.638786],[-47.452956,-4.639619],[-47.453573,-4.640213],[-47.45451,-4.641687],[-47.456616,-4.643835],[-47.457435,-4.644234],[-47.459011,-4.644531],[-47.462254,-4.645574],[-47.46421,-4.647664],[-47.468342,-4.649395],[-47.472179,-4.648992],[-47.473865,-4.648488],[-47.476359,-4.648428],[-47.480232,-4.647321],[-47.481527,-4.6471],[-47.482414,-4.647038],[-47.484064,-4.647379],[-47.486069,-4.647302],[-47.486765,-4.647536],[-47.48757,-4.648322],[-47.489762,-4.649425],[-47.490544,-4.65006],[-47.493668,-4.651258],[-47.495347,-4.652183],[-47.495605,-4.658741],[-47.495383,-4.660282],[-47.49409,-4.664351],[-47.49383,-4.66564],[-47.493097,-4.683581],[-47.495292,-4.700925],[-47.500768,-4.701427],[-47.50925,-4.703519],[-47.511811,-4.703897],[-47.51382,-4.703898],[-47.514963,-4.704117],[-47.536181,-4.703707],[-47.539107,-4.703789],[-47.554738,-4.703551],[-47.558582,-4.703691],[-47.561195,-4.704152],[-47.570937,-4.706655],[-47.574525,-4.707284],[-47.583539,-4.7071],[-47.587577,-4.706565],[-47.589557,-4.706827],[-47.590834,-4.706388],[-47.592005,-4.706273],[-47.593512,-4.705742],[-47.594527,-4.705994],[-47.597557,-4.705344],[-47.60111,-4.70482],[-47.601559,-4.704947],[-47.602656,-4.705648],[-47.603452,-4.705819],[-47.611566,-4.704086],[-47.615333,-4.702002],[-47.61682,-4.703416],[-47.629795,-4.713891],[-47.646138,-4.72765],[-47.654647,-4.716103],[-47.655819,-4.714745],[-47.65678,-4.715247],[-47.659585,-4.714858],[-47.660367,-4.714975],[-47.661296,-4.715366],[-47.663474,-4.715439],[-47.665539,-4.715087],[-47.666953,-4.714375],[-47.667515,-4.714378],[-47.669295,-4.713599],[-47.670673,-4.713512],[-47.671261,-4.713794],[-47.671634,-4.713746],[-47.673418,-4.712781],[-47.67402,-4.712039],[-47.674582,-4.711893],[-47.67508,-4.712272],[-47.675975,-4.712017],[-47.676747,-4.712414],[-47.677646,-4.712049],[-47.6781,-4.71205],[-47.68135,-4.71281],[-47.68208,-4.713101],[-47.683653,-4.715644],[-47.684294,-4.716218],[-47.686429,-4.71921],[-47.686551,-4.719666],[-47.686355,-4.720064],[-47.685817,-4.72047],[-47.685464,-4.721072],[-47.684834,-4.721576],[-47.684677,-4.72189],[-47.684966,-4.723072],[-47.685704,-4.722802],[-47.686999,-4.723628],[-47.688242,-4.723285],[-47.689922,-4.723171],[-47.691518,-4.723733],[-47.692452,-4.724324],[-47.694422,-4.7244],[-47.698408,-4.721101],[-47.698877,-4.720552],[-47.698128,-4.719665],[-47.698653,-4.718674],[-47.699159,-4.718467],[-47.699838,-4.717887],[-47.701402,-4.717249],[-47.701911,-4.716503],[-47.701838,-4.716012],[-47.701434,-4.715584],[-47.70133,-4.715236],[-47.70054,-4.714546],[-47.699967,-4.71435],[-47.699422,-4.713585],[-47.699498,-4.712961],[-47.699857,-4.712312],[-47.69962,-4.7111],[-47.699106,-4.710461],[-47.698916,-4.70994],[-47.699684,-4.708221],[-47.700026,-4.707843],[-47.700079,-4.707175],[-47.698845,-4.70547],[-47.698862,-4.704741],[-47.698029,-4.703748],[-47.698326,-4.702845],[-47.699426,-4.70142],[-47.699224,-4.700405],[-47.697967,-4.69942],[-47.697111,-4.69803],[-47.696739,-4.697998],[-47.696136,-4.698242],[-47.695316,-4.69776],[-47.695707,-4.696638],[-47.695682,-4.695994],[-47.694738,-4.695271],[-47.694572,-4.694944],[-47.693195,-4.694736],[-47.692152,-4.694348],[-47.691629,-4.693885],[-47.691173,-4.693021],[-47.689177,-4.69233],[-47.688518,-4.691853],[-47.686913,-4.691417],[-47.686556,-4.691212],[-47.686363,-4.690843],[-47.686443,-4.690267],[-47.686147,-4.68932],[-47.686168,-4.688779],[-47.687282,-4.687545],[-47.687654,-4.686912],[-47.687957,-4.685767],[-47.688855,-4.685153],[-47.690159,-4.682931],[-47.690169,-4.681777],[-47.689605,-4.679299],[-47.689888,-4.678464],[-47.6899,-4.677148],[-47.690218,-4.6765],[-47.689411,-4.674557],[-47.689389,-4.6738],[-47.689875,-4.672452],[-47.691068,-4.670464],[-47.691006,-4.66996],[-47.691165,-4.669577],[-47.690974,-4.669026],[-47.691158,-4.668736],[-47.691101,-4.668193],[-47.690711,-4.667603],[-47.691089,-4.667345],[-47.691233,-4.666844],[-47.691784,-4.66643],[-47.691992,-4.666044],[-47.691944,-4.665608],[-47.691715,-4.665271],[-47.691679,-4.663232],[-47.692171,-4.662515],[-47.692322,-4.661478],[-47.692073,-4.659968],[-47.692325,-4.658742],[-47.691704,-4.656658],[-47.692667,-4.65584],[-47.692261,-4.655106],[-47.692511,-4.654635],[-47.6925,-4.653959],[-47.693145,-4.653176],[-47.693071,-4.651868],[-47.693257,-4.651284],[-47.693262,-4.650503],[-47.692776,-4.649981],[-47.692693,-4.648879],[-47.691976,-4.648641],[-47.691348,-4.648009],[-47.69063,-4.647658],[-47.68953,-4.647899],[-47.689153,-4.647147],[-47.689196,-4.646461],[-47.688226,-4.645984],[-47.688094,-4.645142],[-47.688348,-4.644895],[-47.688122,-4.644162],[-47.688321,-4.643597],[-47.688149,-4.643433],[-47.68824,-4.643195],[-47.687967,-4.642539],[-47.687641,-4.642241],[-47.687702,-4.641688],[-47.687317,-4.641028],[-47.686851,-4.640617],[-47.686309,-4.640486],[-47.685132,-4.63934],[-47.684096,-4.639373],[-47.683871,-4.639659],[-47.683099,-4.640064],[-47.682664,-4.639672],[-47.682769,-4.638294],[-47.68353,-4.636323],[-47.683833,-4.636192],[-47.684073,-4.635703],[-47.684497,-4.635476],[-47.684593,-4.635259],[-47.684468,-4.635017],[-47.684622,-4.634694],[-47.684475,-4.633445],[-47.684606,-4.632704],[-47.68486,-4.631637],[-47.685417,-4.630962],[-47.685487,-4.63059],[-47.685324,-4.630407],[-47.685532,-4.630256],[-47.685539,-4.62998],[-47.685372,-4.629602],[-47.685644,-4.629367],[-47.685229,-4.628261],[-47.685534,-4.627365],[-47.685228,-4.626373],[-47.684677,-4.626032],[-47.684611,-4.625552],[-47.683941,-4.625485],[-47.683782,-4.625108],[-47.682309,-4.624169],[-47.681674,-4.6233],[-47.681994,-4.623],[-47.682092,-4.622401],[-47.68169,-4.621565],[-47.681608,-4.62026],[-47.681079,-4.619603],[-47.681518,-4.617702],[-47.681358,-4.617198],[-47.680977,-4.616954],[-47.681131,-4.615113],[-47.680739,-4.614038],[-47.680655,-4.612902],[-47.68084,-4.61169],[-47.680259,-4.610508],[-47.68041,-4.609479],[-47.680256,-4.609002],[-47.679957,-4.608617],[-47.677631,-4.607785],[-47.676293,-4.606411],[-47.674722,-4.60559],[-47.671341,-4.603293],[-47.666503,-4.599334],[-47.663024,-4.5972],[-47.662118,-4.595865],[-47.660464,-4.593942],[-47.657555,-4.592141],[-47.656018,-4.589903],[-47.653996,-4.589181],[-47.652809,-4.586666],[-47.649499,-4.58211],[-47.646038,-4.579225],[-47.644801,-4.578934],[-47.644368,-4.578463],[-47.644013,-4.577599],[-47.643618,-4.577087],[-47.642754,-4.5765],[-47.642124,-4.575755],[-47.640787,-4.574932],[-47.640313,-4.573714],[-47.638899,-4.573325],[-47.638505,-4.572933],[-47.638228,-4.572068],[-47.637676,-4.5714],[-47.637009,-4.571048],[-47.635557,-4.570935],[-47.634791,-4.570485],[-47.634121,-4.569582],[-47.63141,-4.568174],[-47.630781,-4.567704],[-47.630582,-4.566917],[-47.627877,-4.567045],[-47.626973,-4.566458],[-47.625129,-4.566189],[-47.623834,-4.565722],[-47.62344,-4.56529],[-47.622985,-4.564169],[-47.622472,-4.563384],[-47.621764,-4.562914],[-47.620038,-4.562565],[-47.619684,-4.562173],[-47.619643,-4.561661],[-47.618855,-4.560797],[-47.618384,-4.560642],[-47.617562,-4.561157],[-47.61717,-4.560882],[-47.616618,-4.560058],[-47.615166,-4.559984],[-47.614733,-4.559474],[-47.611942,-4.557358],[-47.611115,-4.556337],[-47.610895,-4.555215],[-47.610146,-4.554115],[-47.609319,-4.553331],[-47.608963,-4.552308],[-47.608879,-4.550812],[-47.608601,-4.54971],[-47.607969,-4.548728],[-47.602814,-4.543525],[-47.596187,-4.537898],[-47.595163,-4.536602],[-47.591699,-4.532953],[-47.591302,-4.531615],[-47.587978,-4.528457],[-47.587185,-4.526255],[-47.586399,-4.52547],[-47.585374,-4.523938],[-47.58392,-4.523313],[-47.583567,-4.52296],[-47.583169,-4.521386],[-47.581478,-4.519935],[-47.580089,-4.517328],[-47.580085,-4.515843],[-47.579286,-4.513024],[-47.578246,-4.511939],[-47.577549,-4.509763],[-47.577641,-4.507783],[-47.577046,-4.506795],[-47.576107,-4.506056],[-47.575758,-4.505018],[-47.57504,-4.504253],[-47.575037,-4.503065],[-47.574688,-4.502125],[-47.573652,-4.501684],[-47.573057,-4.500893],[-47.56869,-4.492247],[-47.567987,-4.48875],[-47.566771,-4.486056],[-47.566367,-4.483484],[-47.56616,-4.480564],[-47.565709,-4.478535],[-47.563776,-4.47535],[-47.563724,-4.474557],[-47.561868,-4.472411],[-47.559696,-4.471428],[-47.558661,-4.47163],[-47.55812,-4.471533],[-47.557475,-4.470644],[-47.557276,-4.4701],[-47.556535,-4.469558],[-47.556337,-4.469163],[-47.556435,-4.468965],[-47.555842,-4.468373],[-47.55569,-4.467482],[-47.55416,-4.466943],[-47.553765,-4.466549],[-47.553467,-4.465758],[-47.552701,-4.465488],[-47.551961,-4.464995],[-47.551663,-4.464402],[-47.551267,-4.464057],[-47.550331,-4.464061],[-47.549985,-4.463765],[-47.549784,-4.462677],[-47.548894,-4.461838],[-47.548547,-4.461294],[-47.547659,-4.461001],[-47.547115,-4.460458],[-47.545436,-4.459474],[-47.545236,-4.458683],[-47.542863,-4.456513],[-47.541651,-4.455106],[-47.540366,-4.45417],[-47.539823,-4.453925],[-47.539132,-4.453878],[-47.538735,-4.453037],[-47.5376,-4.452595],[-47.537301,-4.451557],[-47.536113,-4.450125],[-47.535069,-4.449299],[-47.534431,-4.448201],[-47.533442,-4.447462],[-47.532675,-4.446252],[-47.531588,-4.445463],[-47.531288,-4.444178],[-47.530444,-4.442448],[-47.525594,-4.436524],[-47.522054,-4.431809],[-47.520323,-4.430082],[-47.519578,-4.428352],[-47.518737,-4.427365],[-47.518144,-4.42702],[-47.518139,-4.425189],[-47.517294,-4.42336],[-47.516009,-4.422225],[-47.515561,-4.421088],[-47.514893,-4.420224],[-47.514053,-4.419534],[-47.513459,-4.418496],[-47.512172,-4.416967],[-47.511184,-4.416376],[-47.510293,-4.415191],[-47.507766,-4.411239],[-47.506975,-4.41045],[-47.506479,-4.40961],[-47.505856,-4.407459],[-47.504571,-4.406225],[-47.502788,-4.403707],[-47.502489,-4.402668],[-47.501449,-4.401087],[-47.501247,-4.3999],[-47.501242,-4.398267],[-47.500348,-4.39619],[-47.50032,-4.395225],[-47.500758,-4.39359],[-47.500755,-4.392649],[-47.499766,-4.391762],[-47.498917,-4.388151],[-47.498471,-4.387558],[-47.496447,-4.386426],[-47.49615,-4.386081],[-47.4959,-4.385042],[-47.495503,-4.38435],[-47.49323,-4.382526],[-47.490339,-4.379838],[-47.489102,-4.378456],[-47.488159,-4.376726],[-47.487861,-4.375886],[-47.487954,-4.374153],[-47.488627,-4.369052],[-47.488525,-4.368032],[-47.488103,-4.367167],[-47.485189,-4.364999],[-47.481976,-4.36199],[-47.478761,-4.358486],[-47.476315,-4.356439],[-47.476213,-4.355301],[-47.476406,-4.354112],[-47.476846,-4.353319],[-47.47783,-4.352574],[-47.481961,-4.350134],[-47.482648,-4.349191],[-47.482694,-4.348151],[-47.48215,-4.347609],[-47.480572,-4.347267],[-47.479042,-4.34653],[-47.478423,-4.345417],[-47.478122,-4.343983],[-47.476437,-4.341018],[-47.475934,-4.337951],[-47.475925,-4.335179],[-47.476361,-4.333147],[-47.477221,-4.331812],[-47.479206,-4.329451],[-47.479541,-4.3285],[-47.477638,-4.32518],[-47.476621,-4.324098],[-47.472426,-4.321804],[-47.471747,-4.32072],[-47.472249,-4.319463],[-47.473596,-4.318237],[-47.474403,-4.31708],[-47.474805,-4.315994],[-47.474734,-4.315043],[-47.474193,-4.314638],[-47.472705,-4.314235],[-47.471893,-4.313696],[-47.47135,-4.312815],[-47.471008,-4.311595],[-47.470329,-4.310715],[-47.469044,-4.310243],[-47.466308,-4.31015],[-47.463671,-4.309412],[-47.459341,-4.30773],[-47.458664,-4.307189],[-47.457983,-4.305766],[-47.455821,-4.305501],[-47.454938,-4.303876],[-47.453546,-4.302014],[-47.449958,-4.299514],[-47.449079,-4.299178],[-47.448465,-4.297347],[-47.447922,-4.296602],[-47.446636,-4.296063],[-47.446026,-4.295115],[-47.445547,-4.293284],[-47.445473,-4.291452],[-47.444693,-4.290199],[-47.443205,-4.28966],[-47.442931,-4.28844],[-47.442049,-4.287425],[-47.440561,-4.286818],[-47.439119,-4.286442],[-47.437852,-4.285367],[-47.437179,-4.28518],[-47.436507,-4.285236],[-47.435353,-4.285779],[-47.434708,-4.2857],[-47.434115,-4.285271],[-47.433238,-4.284283],[-47.432539,-4.284446],[-47.431976,-4.284772],[-47.430796,-4.285991],[-47.429258,-4.286841],[-47.428956,-4.285942],[-47.429548,-4.284292],[-47.428056,-4.284147],[-47.427751,-4.2822],[-47.428496,-4.281898],[-47.428941,-4.280848],[-47.428787,-4.279649],[-47.428932,-4.27845],[-47.429676,-4.277399],[-47.429671,-4.2762],[-47.428775,-4.275603],[-47.426835,-4.275609],[-47.425047,-4.276065],[-47.421475,-4.279074],[-47.420358,-4.279451],[-47.41752,-4.278411],[-47.415427,-4.27707],[-47.414077,-4.274675],[-47.413474,-4.27273],[-47.412425,-4.271384],[-47.411378,-4.270488],[-47.409438,-4.270045],[-47.407349,-4.270051],[-47.406902,-4.269903],[-47.406302,-4.269306],[-47.405706,-4.269457],[-47.40556,-4.270357],[-47.404815,-4.270509],[-47.404217,-4.270061],[-47.403617,-4.269014],[-47.40272,-4.268417],[-47.401077,-4.267824],[-47.401149,-4.267149],[-47.401446,-4.266548],[-47.401146,-4.26595],[-47.399652,-4.265505],[-47.398754,-4.264459],[-47.39875,-4.26326],[-47.398448,-4.262062],[-47.397104,-4.261467],[-47.396804,-4.261168],[-47.396951,-4.260269],[-47.396353,-4.259821],[-47.395457,-4.259674],[-47.393366,-4.258781],[-47.391872,-4.257887],[-47.391717,-4.256239],[-47.390671,-4.255643],[-47.389772,-4.254296],[-47.389239,-4.251077],[-47.388639,-4.249879],[-47.386397,-4.248538],[-47.383563,-4.248397],[-47.382071,-4.24885],[-47.381472,-4.247953],[-47.38147,-4.247204],[-47.380276,-4.246908],[-47.378927,-4.244964],[-47.377733,-4.244818],[-47.375497,-4.245575],[-47.373259,-4.245281],[-47.373113,-4.246031],[-47.372666,-4.246183],[-47.372068,-4.246034],[-47.371768,-4.245586],[-47.372513,-4.244984],[-47.37236,-4.244085],[-47.371539,-4.243714],[-47.371239,-4.243114],[-47.371685,-4.242514],[-47.372129,-4.241464],[-47.373916,-4.240559],[-47.374212,-4.239509],[-47.374496,-4.234862],[-47.374046,-4.233965],[-47.372402,-4.23322],[-47.371802,-4.232323],[-47.3721,-4.231873],[-47.374336,-4.231416],[-47.374779,-4.230066],[-47.376271,-4.229911],[-47.376117,-4.228263],[-47.376337,-4.227139],[-47.376782,-4.226389],[-47.37678,-4.225939],[-47.376179,-4.224592],[-47.376326,-4.223542],[-47.37841,-4.222188],[-47.379152,-4.221136],[-47.379002,-4.220537],[-47.377954,-4.219341],[-47.375712,-4.218],[-47.374368,-4.217555],[-47.372729,-4.218159],[-47.37169,-4.21966],[-47.370346,-4.219215],[-47.370192,-4.217717],[-47.371154,-4.215541],[-47.371751,-4.215389],[-47.372945,-4.215536],[-47.373541,-4.215383],[-47.373539,-4.214784],[-47.372192,-4.21314],[-47.37204,-4.212391],[-47.370696,-4.212096],[-47.369951,-4.212098],[-47.370246,-4.211048],[-47.370096,-4.210749],[-47.369052,-4.210901],[-47.368154,-4.209855],[-47.368151,-4.208807],[-47.369639,-4.207453],[-47.369188,-4.206555],[-47.367695,-4.205961],[-47.366353,-4.206265],[-47.365457,-4.205818],[-47.365223,-4.202446],[-47.365519,-4.201696],[-47.366263,-4.201244],[-47.365961,-4.199897],[-47.366407,-4.199296],[-47.366256,-4.198696],[-47.366551,-4.197497],[-47.367593,-4.197044],[-47.368188,-4.196443],[-47.368185,-4.195544],[-47.367883,-4.194196],[-47.366834,-4.19255],[-47.364296,-4.191959],[-47.360867,-4.192419],[-47.360267,-4.191372],[-47.360926,-4.187548],[-47.362859,-4.185294],[-47.3645,-4.18514],[-47.36554,-4.183938],[-47.365829,-4.18064],[-47.364931,-4.179893],[-47.362247,-4.180051],[-47.361945,-4.179003],[-47.361497,-4.178854],[-47.360454,-4.179157],[-47.359259,-4.178862],[-47.358512,-4.178264],[-47.357763,-4.177218],[-47.356867,-4.176771],[-47.356122,-4.177223],[-47.355826,-4.177823],[-47.353883,-4.17678],[-47.353138,-4.176782],[-47.353364,-4.177606],[-47.352917,-4.177906],[-47.352021,-4.17761],[-47.350085,-4.178664],[-47.348897,-4.180466],[-47.349051,-4.182115],[-47.348755,-4.182715],[-47.348009,-4.182717],[-47.347411,-4.182419],[-47.347413,-4.183168],[-47.347714,-4.183767],[-47.347266,-4.183768],[-47.34622,-4.183171],[-47.344873,-4.181677],[-47.344569,-4.18003],[-47.34382,-4.178683],[-47.342774,-4.178087],[-47.341132,-4.177792],[-47.340235,-4.177046],[-47.340158,-4.176371],[-47.341196,-4.17427],[-47.341632,-4.170072],[-47.34193,-4.170071],[-47.343271,-4.169468],[-47.343865,-4.169017],[-47.343864,-4.168268],[-47.343264,-4.167221],[-47.34371,-4.166919],[-47.344456,-4.166917],[-47.344604,-4.166617],[-47.344604,-4.166467],[-47.343559,-4.16617],[-47.343405,-4.164822],[-47.344148,-4.163771],[-47.344744,-4.163319],[-47.346378,-4.161067],[-47.346822,-4.159867],[-47.345849,-4.158746],[-47.346146,-4.158145],[-47.34689,-4.157693],[-47.347187,-4.157243],[-47.347036,-4.156344],[-47.345238,-4.153952],[-47.344043,-4.153206],[-47.343742,-4.152458],[-47.34389,-4.152007],[-47.342546,-4.151412],[-47.342545,-4.151112],[-47.342843,-4.150962],[-47.342687,-4.149014],[-47.343283,-4.148563],[-47.342536,-4.148115],[-47.343129,-4.146915],[-47.344319,-4.145712],[-47.346553,-4.144656],[-47.348342,-4.144202],[-47.34916,-4.143225],[-47.349752,-4.141874],[-47.349446,-4.139178],[-47.348098,-4.137383],[-47.346008,-4.13679],[-47.345855,-4.135442],[-47.344959,-4.135145],[-47.344361,-4.134548],[-47.346289,-4.130945],[-47.345837,-4.129448],[-47.344192,-4.127954],[-47.343447,-4.127657],[-47.343292,-4.126159],[-47.344257,-4.124732],[-47.345299,-4.123979],[-47.350204,-4.117821],[-47.350644,-4.115271],[-47.349743,-4.113476],[-47.347951,-4.112582],[-47.347648,-4.111234],[-47.348238,-4.108685],[-47.347045,-4.108688],[-47.346145,-4.107192],[-47.345617,-4.10502],[-47.34606,-4.10382],[-47.346502,-4.101721],[-47.345602,-4.100075],[-47.343658,-4.098282],[-47.343057,-4.097085],[-47.339025,-4.095149],[-47.336937,-4.095155],[-47.336486,-4.094108],[-47.335439,-4.093062],[-47.334095,-4.092466],[-47.33305,-4.092319],[-47.331407,-4.091425],[-47.330881,-4.090152],[-47.330726,-4.088055],[-47.333841,-4.081752],[-47.334133,-4.079802],[-47.333226,-4.075609],[-47.331269,-4.06947],[-47.330522,-4.068873],[-47.329031,-4.069177],[-47.325824,-4.068962],[-47.325225,-4.068364],[-47.32477,-4.065667],[-47.324614,-4.063271],[-47.323864,-4.061624],[-47.323711,-4.060576],[-47.324454,-4.059674],[-47.324599,-4.058026],[-47.324448,-4.057276],[-47.322954,-4.056382],[-47.321162,-4.055638],[-47.320409,-4.053092],[-47.320101,-4.049646],[-47.319424,-4.047774],[-47.318678,-4.047626],[-47.315699,-4.049133],[-47.314355,-4.048688],[-47.313614,-4.049889],[-47.313317,-4.050939],[-47.311826,-4.050943],[-47.31004,-4.052147],[-47.309149,-4.053649],[-47.309898,-4.054845],[-47.310796,-4.055742],[-47.310351,-4.056643],[-47.308268,-4.058447],[-47.306331,-4.059202],[-47.305062,-4.05883],[-47.304613,-4.058083],[-47.304158,-4.055386],[-47.303407,-4.05374],[-47.302212,-4.053144],[-47.300421,-4.052549],[-47.298481,-4.052106],[-47.29684,-4.05226],[-47.294754,-4.053166],[-47.293111,-4.052271],[-47.292354,-4.048376],[-47.293466,-4.04575],[-47.293762,-4.044701],[-47.293906,-4.043201],[-47.292859,-4.042305],[-47.291219,-4.04216],[-47.289878,-4.042913],[-47.287796,-4.045017],[-47.286754,-4.045619],[-47.286156,-4.045172],[-47.286005,-4.044572],[-47.285835,-4.03708],[-47.285384,-4.036182],[-47.28307,-4.035214],[-47.281424,-4.033421],[-47.280081,-4.033125],[-47.277996,-4.03388],[-47.277101,-4.034032],[-47.276503,-4.033584],[-47.27724,-4.030585],[-47.276344,-4.030137],[-47.27426,-4.031493],[-47.271283,-4.033898],[-47.270091,-4.034202],[-47.267405,-4.03346],[-47.266281,-4.031889],[-47.265829,-4.030092],[-47.267309,-4.025892],[-47.266709,-4.024694],[-47.258939,-4.019621],[-47.254613,-4.019483],[-47.253717,-4.018885],[-47.253264,-4.017088],[-47.251846,-4.016718],[-47.250504,-4.016721],[-47.248856,-4.013879],[-47.247959,-4.013131],[-47.24587,-4.013137],[-47.244674,-4.012241],[-47.244969,-4.010592],[-47.244363,-4.007596],[-47.242265,-4.003855],[-47.240541,-4.000364],[-47.238929,-3.998631],[-47.236438,-3.998031],[-47.234264,-3.999452],[-47.232298,-4.000972],[-47.228153,-4.001894],[-47.226388,-4.001191],[-47.222656,-4.001302],[-47.221513,-4.000396],[-47.220516,-3.995952],[-47.220714,-3.992516],[-47.221226,-3.990089],[-47.219976,-3.988172],[-47.215309,-3.987781],[-47.209919,-3.988301],[-47.206498,-3.988815],[-47.204474,-3.988315],[-47.203433,-3.986803],[-47.202381,-3.981045],[-47.204132,-3.976493],[-47.203299,-3.975485],[-47.202469,-3.974779],[-47.201739,-3.973569],[-47.199458,-3.973474],[-47.1978,-3.974084],[-47.196511,-3.976614],[-47.195893,-3.978334],[-47.195895,-3.979041],[-47.196517,-3.97904],[-47.197448,-3.977926],[-47.198587,-3.977619],[-47.199004,-3.978426],[-47.199008,-3.97974],[-47.199736,-3.980749],[-47.199844,-3.982164],[-47.198601,-3.982571],[-47.197255,-3.983484],[-47.197363,-3.985404],[-47.196432,-3.986012],[-47.195187,-3.985612],[-47.192744,-3.983698],[-47.191291,-3.983197],[-47.190256,-3.983705],[-47.188593,-3.982295],[-47.187549,-3.979569],[-47.188684,-3.977645],[-47.193448,-3.975309],[-47.19396,-3.972478],[-47.192809,-3.968843],[-47.189953,-3.967132],[-47.185806,-3.967144],[-47.183628,-3.967352],[-47.181554,-3.967053],[-47.180096,-3.964734],[-47.178427,-3.960897],[-47.178526,-3.958877],[-47.180281,-3.956143],[-47.181473,-3.956039],[-47.182303,-3.956441],[-47.181273,-3.958869],[-47.181379,-3.959677],[-47.182621,-3.958765],[-47.183551,-3.95765],[-47.183543,-3.954416],[-47.18333,-3.952295],[-47.182598,-3.950074],[-47.183527,-3.948556],[-47.183732,-3.947645],[-47.18098,-3.946238],[-47.179626,-3.943513],[-47.179621,-3.941795],[-47.178791,-3.941594],[-47.177759,-3.943417],[-47.175067,-3.945041],[-47.172476,-3.94525],[-47.172162,-3.94424],[-47.171539,-3.94414],[-47.169882,-3.944448],[-47.169256,-3.943439],[-47.168731,-3.940611],[-47.169089,-3.938589],[-47.170328,-3.936968],[-47.172709,-3.935245],[-47.17364,-3.934333],[-47.17374,-3.932917],[-47.174358,-3.931501],[-47.175601,-3.930689],[-47.175806,-3.92988],[-47.174042,-3.929581],[-47.170829,-3.930096],[-47.170101,-3.929187],[-47.169891,-3.928279],[-47.170666,-3.926963],[-47.172425,-3.925645],[-47.173459,-3.924429],[-47.173146,-3.923823],[-47.171072,-3.92393],[-47.169414,-3.923833],[-47.16941,-3.922621],[-47.167853,-3.921918],[-47.166194,-3.921719],[-47.162772,-3.92183],[-47.161419,-3.920014],[-47.160688,-3.917793],[-47.159493,-3.916886],[-47.157833,-3.916486],[-47.157106,-3.915882],[-47.156902,-3.917297],[-47.157008,-3.918308],[-47.156283,-3.918411],[-47.154933,-3.917706],[-47.15327,-3.916094],[-47.152955,-3.914882],[-47.152022,-3.914683],[-47.150675,-3.915191],[-47.149742,-3.915295],[-47.148496,-3.91449],[-47.148386,-3.912064],[-47.147963,-3.908933],[-47.148008,-3.906204],[-47.149349,-3.90327],[-47.149347,-3.902562],[-47.14976,-3.901955],[-47.149757,-3.900944],[-47.147056,-3.899031],[-47.146951,-3.898223],[-47.147676,-3.897817],[-47.148609,-3.897814],[-47.148711,-3.896905],[-47.147465,-3.8962],[-47.146946,-3.896202],[-47.145601,-3.897418],[-47.143531,-3.898737],[-47.139645,-3.899858],[-47.138919,-3.89986],[-47.1383,-3.901277],[-47.138928,-3.903397],[-47.13893,-3.904307],[-47.138101,-3.904309],[-47.135192,-3.901992],[-47.13384,-3.90048],[-47.133939,-3.898863],[-47.133421,-3.898864],[-47.133111,-3.899269],[-47.133009,-3.899774],[-47.132438,-3.899573],[-47.132747,-3.898663],[-47.133676,-3.897246],[-47.133571,-3.89664],[-47.132844,-3.89644],[-47.130978,-3.896343],[-47.130976,-3.895636],[-47.132838,-3.893812],[-47.132524,-3.8926],[-47.132522,-3.89169],[-47.13335,-3.891183],[-47.133866,-3.890273],[-47.133345,-3.889162],[-47.133548,-3.887343],[-47.13479,-3.886329],[-47.135516,-3.886529],[-47.13572,-3.885518],[-47.136706,-3.885717],[-47.137017,-3.885616],[-47.137015,-3.884908],[-47.135042,-3.883802],[-47.134829,-3.88168],[-47.133792,-3.881481],[-47.133067,-3.881786],[-47.132854,-3.879462],[-47.132541,-3.878654],[-47.131296,-3.878758],[-47.130678,-3.880074],[-47.129954,-3.880783],[-47.129436,-3.880885],[-47.129225,-3.879471],[-47.129635,-3.877449],[-47.12953,-3.876943],[-47.128751,-3.876643],[-47.127507,-3.876646],[-47.122016,-3.878378],[-47.122021,-3.880297],[-47.123991,-3.880495],[-47.124616,-3.881403],[-47.124411,-3.882313],[-47.123168,-3.882922],[-47.122131,-3.883026],[-47.120991,-3.882928],[-47.119433,-3.882123],[-47.11756,-3.879501],[-47.116364,-3.87819],[-47.113771,-3.87769],[-47.11232,-3.877897],[-47.108285,-3.88114],[-47.107869,-3.881243],[-47.106625,-3.880943],[-47.105999,-3.879327],[-47.106303,-3.876497],[-47.105882,-3.873971],[-47.103702,-3.873067],[-47.103337,-3.872259],[-47.10333,-3.869632],[-47.10219,-3.869432],[-47.102086,-3.86923],[-47.102085,-3.868826],[-47.102806,-3.867107],[-47.102906,-3.865691],[-47.102694,-3.86367],[-47.101346,-3.863674],[-47.101034,-3.863473],[-47.101033,-3.863069],[-47.10186,-3.862157],[-47.101859,-3.861348],[-47.101027,-3.860845],[-47.100198,-3.860747],[-47.092111,-3.860767],[-47.090401,-3.861478],[-47.088743,-3.861583],[-47.087702,-3.859868],[-47.085205,-3.85664],[-47.084994,-3.855125],[-47.084991,-3.85371],[-47.084469,-3.852195],[-47.084154,-3.850478],[-47.084354,-3.847748],[-47.083938,-3.847143],[-47.082797,-3.847146],[-47.081088,-3.847454],[-47.079425,-3.846144],[-47.07942,-3.84392],[-47.081695,-3.841691],[-47.082836,-3.841487],[-47.083974,-3.840574],[-47.084076,-3.839866],[-47.08397,-3.839058],[-47.082724,-3.838455],[-47.082101,-3.837648],[-47.082513,-3.836838],[-47.082098,-3.836333],[-47.08189,-3.836334],[-47.081165,-3.837043],[-47.080233,-3.837147],[-47.080232,-3.836742],[-47.080386,-3.836035],[-47.081525,-3.835426],[-47.082345,-3.831381],[-47.083999,-3.82976],[-47.085759,-3.828341],[-47.086795,-3.828137],[-47.086794,-3.827429],[-47.086274,-3.827127],[-47.086376,-3.826419],[-47.086788,-3.825509],[-47.086683,-3.824903],[-47.085853,-3.824399],[-47.083571,-3.824405],[-47.082329,-3.824913],[-47.079845,-3.826536],[-47.078964,-3.826942],[-47.077405,-3.825229],[-47.076883,-3.824017],[-47.076882,-3.823208],[-47.077711,-3.823206],[-47.078646,-3.824114],[-47.078853,-3.82381],[-47.07885,-3.822799],[-47.078017,-3.821083],[-47.072617,-3.817862],[-47.073031,-3.817154],[-47.075925,-3.813812],[-47.077479,-3.812797],[-47.078254,-3.811684],[-47.077836,-3.81027],[-47.077003,-3.808958],[-47.075551,-3.808962],[-47.074408,-3.807853],[-47.074508,-3.806336],[-47.074919,-3.805022],[-47.075748,-3.804312],[-47.075747,-3.804009],[-47.075228,-3.803707],[-47.070044,-3.804124],[-47.068073,-3.80332],[-47.067032,-3.801705],[-47.066458,-3.800292],[-47.066456,-3.799281],[-47.063241,-3.798885],[-47.063136,-3.798178],[-47.064583,-3.796355],[-47.064582,-3.795647],[-47.063751,-3.795245],[-47.063438,-3.79464],[-47.064162,-3.793829],[-47.06416,-3.793021],[-47.063642,-3.79282],[-47.063536,-3.79191],[-47.06405,-3.790596],[-47.06176,-3.786356],[-47.06041,-3.785551],[-47.059215,-3.784442],[-47.059315,-3.783027],[-47.060247,-3.782722],[-47.063871,-3.780085],[-47.064592,-3.778568],[-47.064694,-3.777759],[-47.064381,-3.77685],[-47.06407,-3.776649],[-47.063032,-3.77645],[-47.0621,-3.776957],[-47.061687,-3.777564],[-47.060857,-3.777465],[-47.060647,-3.776151],[-47.060023,-3.775345],[-47.059193,-3.775246],[-47.058675,-3.775347],[-47.058312,-3.774844],[-47.05831,-3.774237],[-47.056132,-3.774444],[-47.055716,-3.773536],[-47.055921,-3.772626],[-47.05706,-3.772218],[-47.05789,-3.772116],[-47.058201,-3.771912],[-47.058717,-3.7708],[-47.059131,-3.770698],[-47.059648,-3.769989],[-47.059646,-3.769282],[-47.058092,-3.76969],[-47.056329,-3.769694],[-47.055291,-3.76909],[-47.05529,-3.768281],[-47.056014,-3.768078],[-47.05757,-3.768074],[-47.058395,-3.766353],[-47.06207,-3.764324],[-47.062067,-3.762909],[-47.063206,-3.762299],[-47.065068,-3.760577],[-47.065273,-3.759364],[-47.064233,-3.758356],[-47.062053,-3.757047],[-47.059977,-3.756042],[-47.059661,-3.753515],[-47.05722,-3.7515],[-47.057425,-3.75059],[-47.057112,-3.749681],[-47.055556,-3.749381],[-47.055346,-3.748371],[-47.055139,-3.74817],[-47.054412,-3.747868],[-47.053583,-3.747769],[-47.053372,-3.746557],[-47.057203,-3.744223],[-47.059274,-3.743308],[-47.059373,-3.741186],[-47.058749,-3.740581],[-47.058231,-3.740583],[-47.057457,-3.742302],[-47.056732,-3.742304],[-47.056521,-3.74089],[-47.056002,-3.740689],[-47.054449,-3.741299],[-47.054137,-3.740895],[-47.054133,-3.73948],[-47.053093,-3.738068],[-47.053297,-3.736855],[-47.054228,-3.73564],[-47.056299,-3.734523],[-47.057232,-3.734723],[-47.058473,-3.733508],[-47.060334,-3.731178],[-47.06085,-3.729763],[-47.060377,-3.727338],[-47.057362,-3.723606],[-47.05736,-3.722595],[-47.05715,-3.721686],[-47.055906,-3.721689],[-47.054974,-3.721893],[-47.054451,-3.720277],[-47.052894,-3.719068],[-47.052167,-3.718766],[-47.050923,-3.718567],[-47.048124,-3.718877],[-47.048588,-3.717764],[-47.049622,-3.71655],[-47.050553,-3.715941],[-47.05055,-3.714728],[-47.048786,-3.71352],[-47.049304,-3.713316],[-47.05013,-3.712],[-47.049916,-3.709373],[-47.048359,-3.708164],[-47.046596,-3.707764],[-47.046281,-3.706451],[-47.046279,-3.70544],[-47.047623,-3.703719],[-47.048555,-3.703616],[-47.049331,-3.702704],[-47.049225,-3.701693],[-47.049327,-3.700885],[-47.050259,-3.700377],[-47.050774,-3.698961],[-47.050247,-3.695526],[-47.049416,-3.694618],[-47.049101,-3.693103],[-47.049825,-3.691889],[-47.049823,-3.691383],[-47.049094,-3.690071],[-47.048781,-3.68896],[-47.049505,-3.688251],[-47.05044,-3.688754],[-47.05054,-3.687744],[-47.05116,-3.68663],[-47.05235,-3.686021],[-47.053803,-3.686625],[-47.054525,-3.685005],[-47.053274,-3.681774],[-47.052341,-3.681574],[-47.051717,-3.680768],[-47.051714,-3.679655],[-47.051402,-3.679151],[-47.050884,-3.679152],[-47.050885,-3.680062],[-47.050575,-3.680264],[-47.049434,-3.680065],[-47.04964,-3.679357],[-47.049634,-3.677032],[-47.049116,-3.676832],[-47.048909,-3.676933],[-47.04891,-3.677742],[-47.048393,-3.677945],[-47.048025,-3.675722],[-47.047092,-3.675724],[-47.046473,-3.676737],[-47.045435,-3.676739],[-47.043566,-3.674924],[-47.041699,-3.674928],[-47.040765,-3.674324],[-47.039206,-3.672812],[-47.037019,-3.667966],[-47.037536,-3.667459],[-47.038263,-3.668064],[-47.039043,-3.669174],[-47.04008,-3.669576],[-47.041739,-3.669572],[-47.04277,-3.666841],[-47.043805,-3.666536],[-47.044739,-3.666533],[-47.047334,-3.668346],[-47.04889,-3.668646],[-47.04951,-3.667836],[-47.050336,-3.666015],[-47.051473,-3.665001],[-47.052714,-3.66318],[-47.052139,-3.661463],[-47.049233,-3.659751],[-47.046743,-3.658948],[-47.045911,-3.657636],[-47.046632,-3.656018],[-47.049117,-3.654193],[-47.050877,-3.65338],[-47.052743,-3.653578],[-47.056169,-3.655693],[-47.057048,-3.654579],[-47.054447,-3.650947],[-47.053719,-3.649736],[-47.053509,-3.648826],[-47.055167,-3.648115],[-47.05558,-3.647306],[-47.055578,-3.646699],[-47.054541,-3.646399],[-47.052571,-3.646302],[-47.050603,-3.646812],[-47.049878,-3.647622],[-47.047495,-3.647627],[-47.042666,-3.644],[-47.040075,-3.644107],[-47.039658,-3.643097],[-47.039656,-3.642086],[-47.040688,-3.64067],[-47.046074,-3.638433],[-47.046589,-3.636917],[-47.045965,-3.636109],[-47.0442,-3.635001],[-47.044095,-3.634295],[-47.044767,-3.633384],[-47.04601,-3.632775],[-47.046943,-3.632873],[-47.048396,-3.633678],[-47.050369,-3.63519],[-47.052339,-3.635387],[-47.052441,-3.634579],[-47.051918,-3.632862],[-47.049633,-3.630745],[-47.046726,-3.628629],[-47.045268,-3.625499],[-47.045368,-3.623882],[-47.047595,-3.622967],[-47.048628,-3.62155],[-47.048624,-3.619629],[-47.046753,-3.617512],[-47.044989,-3.616404],[-47.042708,-3.61651],[-47.041153,-3.616312],[-47.040425,-3.615404],[-47.039696,-3.614091],[-47.040106,-3.611462],[-47.039163,-3.607119],[-47.038174,-3.605504],[-47.037759,-3.605505],[-47.037346,-3.606112],[-47.036309,-3.606114],[-47.035893,-3.605105],[-47.035269,-3.604601],[-47.034233,-3.604603],[-47.032991,-3.605415],[-47.031747,-3.605418],[-47.030591,-3.604611],[-47.029032,-3.604046],[-47.026968,-3.607136],[-47.02695,-3.607489],[-47.027243,-3.608134],[-47.028354,-3.608095],[-47.028315,-3.609117],[-47.027964,-3.609432],[-47.028047,-3.609709],[-47.028746,-3.610093],[-47.030215,-3.609769],[-47.030437,-3.609966],[-47.030445,-3.610782],[-47.029008,-3.612137],[-47.027589,-3.612893],[-47.0251,-3.613848],[-47.024659,-3.614269],[-47.024455,-3.614737],[-47.024506,-3.615754],[-47.02473,-3.616453],[-47.024682,-3.619323],[-47.026872,-3.619365],[-47.02736,-3.619931],[-47.027591,-3.620554],[-47.027561,-3.621043],[-47.028473,-3.622557],[-47.028034,-3.623632],[-47.026535,-3.624396],[-47.025835,-3.625406],[-47.024626,-3.62555],[-47.024103,-3.625848],[-47.023669,-3.625601],[-47.023531,-3.626228],[-47.023728,-3.62683],[-47.024394,-3.627565],[-47.025337,-3.627608],[-47.02564,-3.627782],[-47.025388,-3.628156],[-47.025531,-3.628357],[-47.027673,-3.628645],[-47.027772,-3.628859],[-47.027288,-3.62936],[-47.026329,-3.629912],[-47.02616,-3.630964],[-47.025542,-3.631252],[-47.02546,-3.631894],[-47.025742,-3.632635],[-47.02554,-3.634236],[-47.025635,-3.634621],[-47.025802,-3.634647],[-47.025679,-3.635299],[-47.025944,-3.63555],[-47.026081,-3.63614],[-47.025957,-3.636347],[-47.026169,-3.636448],[-47.026067,-3.636699],[-47.026222,-3.637093],[-47.025857,-3.637582],[-47.026106,-3.637834],[-47.026836,-3.637939],[-47.026924,-3.638324],[-47.026678,-3.638706],[-47.025536,-3.638862],[-47.025184,-3.639062],[-47.025139,-3.639309],[-47.026048,-3.640134],[-47.027727,-3.639587],[-47.028766,-3.639888],[-47.029287,-3.6411],[-47.029289,-3.642009],[-47.030431,-3.642411],[-47.031467,-3.642408],[-47.033024,-3.643416],[-47.03272,-3.646245],[-47.030866,-3.651],[-47.026984,-3.654243],[-47.026364,-3.655457],[-47.026539,-3.657199],[-47.026203,-3.658515],[-47.025227,-3.660677],[-47.025155,-3.661216],[-47.025455,-3.661472],[-47.026378,-3.661421],[-47.027108,-3.661165],[-47.028279,-3.661789],[-47.028063,-3.662294],[-47.027501,-3.662453],[-47.02605,-3.662136],[-47.025406,-3.66232],[-47.026161,-3.663112],[-47.02831,-3.663748],[-47.028667,-3.663995],[-47.028749,-3.665607],[-47.028546,-3.666943],[-47.027804,-3.667159],[-47.026741,-3.668509],[-47.024519,-3.670332],[-47.024234,-3.670853],[-47.024409,-3.671451],[-47.024705,-3.671759],[-47.02553,-3.672214],[-47.026367,-3.672426],[-47.026964,-3.672821],[-47.027136,-3.673272],[-47.028033,-3.673796],[-47.02807,-3.673954],[-47.027805,-3.674022],[-47.027561,-3.67438],[-47.026946,-3.674313],[-47.026797,-3.674478],[-47.027368,-3.675472],[-47.0277,-3.675632],[-47.028518,-3.675622],[-47.029245,-3.675363],[-47.029515,-3.675429],[-47.029476,-3.675955],[-47.028887,-3.676582],[-47.02856,-3.676701],[-47.028427,-3.677258],[-47.028188,-3.677244],[-47.028097,-3.677451],[-47.028171,-3.677578],[-47.028539,-3.677538],[-47.02876,-3.677997],[-47.028597,-3.680269],[-47.02885,-3.680633],[-47.028912,-3.681226],[-47.029491,-3.681846],[-47.029491,-3.682163],[-47.028837,-3.682672],[-47.027524,-3.682866],[-47.026539,-3.683725],[-47.026272,-3.684054],[-47.026229,-3.684432],[-47.02664,-3.685176],[-47.026654,-3.685662],[-47.026395,-3.685886],[-47.025593,-3.685756],[-47.024833,-3.684604],[-47.024461,-3.684552],[-47.02289,-3.689102],[-47.022863,-3.690543],[-47.022642,-3.691171],[-47.021574,-3.691558],[-47.020962,-3.691234],[-47.020354,-3.690285],[-47.01939,-3.689416],[-47.018875,-3.689319],[-47.017841,-3.690304],[-47.01761,-3.690906],[-47.017711,-3.691517],[-47.01725,-3.69191],[-47.016707,-3.691949],[-47.016386,-3.692624],[-47.015907,-3.693139],[-47.01556,-3.69316],[-47.014865,-3.692627],[-47.014482,-3.69277],[-47.014052,-3.693079],[-47.011872,-3.695539],[-47.011297,-3.695663],[-47.01056,-3.695294],[-47.009866,-3.695329],[-47.00922,-3.695713],[-47.008663,-3.697082],[-47.008823,-3.698046],[-47.0085,-3.699476],[-47.007914,-3.700142],[-47.006304,-3.70056],[-47.005827,-3.701313],[-47.006793,-3.703583],[-47.006631,-3.703964],[-47.00632,-3.704008],[-47.005613,-3.703405],[-47.002242,-3.702752],[-47.001644,-3.702197],[-47.001044,-3.702512],[-47.000737,-3.704811],[-47.000333,-3.7056],[-46.999847,-3.705787],[-46.997629,-3.705942],[-46.996769,-3.705343],[-46.996582,-3.705677],[-46.996669,-3.706796],[-46.997977,-3.708255],[-46.998007,-3.70854],[-46.995894,-3.709037],[-46.995392,-3.710335],[-46.996026,-3.712506],[-46.996522,-3.713503],[-46.998056,-3.714968],[-46.998105,-3.71575],[-46.996774,-3.717977],[-46.996416,-3.718124],[-46.996117,-3.717962],[-46.995569,-3.715205],[-46.995033,-3.714398],[-46.993284,-3.713368],[-46.992907,-3.71328],[-46.992643,-3.713452],[-46.992432,-3.713817],[-46.993372,-3.714549],[-46.993717,-3.714606],[-46.993835,-3.714828],[-46.993405,-3.714973],[-46.992838,-3.714865],[-46.99127,-3.716379],[-46.991107,-3.716849],[-46.991385,-3.717384],[-46.991437,-3.717877],[-46.990998,-3.718798],[-46.98927,-3.720423],[-46.988199,-3.722195],[-46.987988,-3.723022],[-46.987553,-3.723651],[-46.983882,-3.725752],[-46.983614,-3.72614],[-46.984014,-3.727076],[-46.983625,-3.728088],[-46.983253,-3.733094],[-46.983061,-3.733943],[-46.982486,-3.734382],[-46.982017,-3.734412],[-46.980514,-3.733821],[-46.97795,-3.733403],[-46.97707,-3.734174],[-46.977242,-3.735792],[-46.977189,-3.736911],[-46.977696,-3.737372],[-46.977772,-3.737639],[-46.977459,-3.738153],[-46.977064,-3.738369],[-46.976486,-3.738354],[-46.97651,-3.738703],[-46.97686,-3.738789],[-46.978068,-3.738422],[-46.978948,-3.738388],[-46.979796,-3.739015],[-46.980135,-3.739829],[-46.978076,-3.741255],[-46.976776,-3.741397],[-46.976188,-3.742086],[-46.975777,-3.743529],[-46.976273,-3.743568],[-46.976497,-3.743095],[-46.977143,-3.742457],[-46.978473,-3.741907],[-46.979011,-3.742182],[-46.979131,-3.74299],[-46.978857,-3.744691],[-46.97837,-3.745541],[-46.978568,-3.745756],[-46.97929,-3.74568],[-46.980022,-3.745807],[-46.980398,-3.746175],[-46.979106,-3.746961],[-46.977232,-3.747305],[-46.97702,-3.747536],[-46.976964,-3.748054],[-46.977085,-3.748202],[-46.977707,-3.748252],[-46.977318,-3.748624],[-46.976803,-3.749818],[-46.976233,-3.75047],[-46.975504,-3.750696],[-46.974831,-3.750546],[-46.973915,-3.749761],[-46.973518,-3.749858],[-46.973209,-3.750309],[-46.973225,-3.750544],[-46.974007,-3.751188],[-46.974415,-3.75216],[-46.974461,-3.752925],[-46.973912,-3.753298],[-46.973127,-3.753205],[-46.972521,-3.753358],[-46.972267,-3.753642],[-46.972075,-3.756378],[-46.971715,-3.757658],[-46.970946,-3.758635],[-46.971048,-3.75914],[-46.972988,-3.759615],[-46.973317,-3.760033],[-46.973669,-3.761112],[-46.973572,-3.762322],[-46.973321,-3.762899],[-46.970857,-3.763807],[-46.970652,-3.764093],[-46.970834,-3.764377],[-46.972238,-3.764897],[-46.972639,-3.765273],[-46.972064,-3.767287],[-46.97171,-3.767785],[-46.967344,-3.769094],[-46.966983,-3.769638],[-46.966726,-3.770288],[-46.966479,-3.773446],[-46.966044,-3.774668],[-46.965525,-3.775175],[-46.964675,-3.775244],[-46.964161,-3.775452],[-46.963734,-3.775897],[-46.963406,-3.776582],[-46.963562,-3.779315],[-46.963054,-3.779592],[-46.962605,-3.780527],[-46.962646,-3.781374],[-46.962919,-3.781894],[-46.962648,-3.783853],[-46.96204,-3.784568],[-46.961499,-3.784881],[-46.960282,-3.785218],[-46.959661,-3.785204],[-46.958988,-3.784907],[-46.958255,-3.785041],[-46.958189,-3.785203],[-46.958469,-3.785561],[-46.959361,-3.786431],[-46.95951,-3.786962],[-46.959394,-3.787526],[-46.958921,-3.787258],[-46.95851,-3.787345],[-46.958411,-3.789125],[-46.957654,-3.78964],[-46.957416,-3.789984],[-46.95722,-3.791037],[-46.956332,-3.792208],[-46.956284,-3.79295],[-46.955923,-3.793498],[-46.954731,-3.794383],[-46.955643,-3.795245],[-46.955632,-3.795588],[-46.954118,-3.79537],[-46.952923,-3.795817],[-46.952738,-3.796124],[-46.953965,-3.797299],[-46.954286,-3.797872],[-46.95427,-3.798206],[-46.954035,-3.798343],[-46.952332,-3.797431],[-46.952049,-3.797603],[-46.951042,-3.799226],[-46.951147,-3.799487],[-46.953438,-3.800645],[-46.953565,-3.801083],[-46.952989,-3.80139],[-46.952585,-3.801884],[-46.952756,-3.802309],[-46.953069,-3.802542],[-46.954425,-3.802847],[-46.955839,-3.804428],[-46.956195,-3.805135],[-46.955595,-3.805959],[-46.954487,-3.806025],[-46.953463,-3.806631],[-46.953296,-3.806951],[-46.95323,-3.807262],[-46.953572,-3.807668],[-46.955593,-3.808631],[-46.955542,-3.809728],[-46.955068,-3.8103],[-46.955292,-3.810594],[-46.955329,-3.810971],[-46.954438,-3.811237],[-46.95374,-3.811699],[-46.953572,-3.812725],[-46.953956,-3.813272],[-46.953673,-3.815064],[-46.953434,-3.818477],[-46.951248,-3.820598],[-46.950499,-3.821886],[-46.949055,-3.827832],[-46.948471,-3.831481],[-46.947038,-3.833663],[-46.947183,-3.83404],[-46.948256,-3.834982],[-46.948987,-3.835191],[-46.949483,-3.835764],[-46.949313,-3.836682],[-46.948875,-3.836812],[-46.947457,-3.836537],[-46.946986,-3.836812],[-46.947678,-3.839492],[-46.947324,-3.840196],[-46.947542,-3.841505],[-46.947343,-3.842135],[-46.946822,-3.842236],[-46.946199,-3.842135],[-46.945749,-3.842438],[-46.945714,-3.842906],[-46.947291,-3.843751],[-46.947536,-3.844152],[-46.947324,-3.844676],[-46.946796,-3.844842],[-46.946335,-3.844501],[-46.945722,-3.844599],[-46.94535,-3.84497],[-46.944751,-3.84657],[-46.944331,-3.846824],[-46.944408,-3.847107],[-46.945621,-3.847491],[-46.947015,-3.849137],[-46.947007,-3.849554],[-46.94652,-3.849873],[-46.946074,-3.849969],[-46.945414,-3.849735],[-46.944895,-3.849768],[-46.944651,-3.850106],[-46.945548,-3.851292],[-46.944832,-3.854146],[-46.944461,-3.854737],[-46.94491,-3.854963],[-46.946555,-3.854562],[-46.946929,-3.854615],[-46.947196,-3.854724],[-46.947305,-3.855285],[-46.946761,-3.855907],[-46.945442,-3.855867],[-46.945108,-3.856073],[-46.945002,-3.85695],[-46.943775,-3.857838],[-46.942496,-3.85961],[-46.942603,-3.860178],[-46.943948,-3.860529],[-46.944143,-3.860961],[-46.944039,-3.861177],[-46.943427,-3.861353],[-46.9428,-3.86098],[-46.94169,-3.860729],[-46.94144,-3.860864],[-46.941347,-3.861311],[-46.94149,-3.862567],[-46.941369,-3.862727],[-46.940648,-3.86313],[-46.93977,-3.862648],[-46.939497,-3.862911],[-46.939428,-3.863082],[-46.939713,-3.863486],[-46.940258,-3.863887],[-46.940226,-3.865706],[-46.939998,-3.866074],[-46.939145,-3.866392],[-46.938617,-3.867297],[-46.93949,-3.867876],[-46.939654,-3.868307],[-46.939123,-3.868596],[-46.939049,-3.869222],[-46.938053,-3.86965],[-46.937569,-3.869672],[-46.936938,-3.870178],[-46.936787,-3.870552],[-46.936876,-3.870997],[-46.93758,-3.872069],[-46.93753,-3.872329],[-46.936737,-3.872608],[-46.936415,-3.873079],[-46.936846,-3.873623],[-46.937935,-3.874109],[-46.937833,-3.874458],[-46.937329,-3.874751],[-46.937262,-3.876173],[-46.937896,-3.877041],[-46.93795,-3.877469],[-46.93782,-3.877703],[-46.936539,-3.877743],[-46.936286,-3.878036],[-46.936285,-3.878386],[-46.936508,-3.878773],[-46.936066,-3.879541],[-46.936306,-3.879752],[-46.936623,-3.879794],[-46.936915,-3.879594],[-46.937889,-3.879864],[-46.938562,-3.880195],[-46.938885,-3.880664],[-46.93935,-3.88432],[-46.938952,-3.885889],[-46.938991,-3.886262],[-46.939999,-3.887071],[-46.939328,-3.887686],[-46.939272,-3.888017],[-46.939841,-3.889011],[-46.939747,-3.889325],[-46.939067,-3.889928],[-46.939063,-3.890391],[-46.939653,-3.891265],[-46.940153,-3.891568],[-46.939852,-3.892051],[-46.939939,-3.892254],[-46.940333,-3.892367],[-46.94064,-3.891976],[-46.940966,-3.892255],[-46.941402,-3.892056],[-46.941768,-3.892552],[-46.941598,-3.892955],[-46.941584,-3.894115],[-46.941887,-3.8948],[-46.942336,-3.895126],[-46.942346,-3.895332],[-46.942172,-3.895554],[-46.941229,-3.895837],[-46.940827,-3.896139],[-46.940614,-3.897247],[-46.940827,-3.898749],[-46.940357,-3.899089],[-46.940469,-3.899261],[-46.941662,-3.899697],[-46.941845,-3.899943],[-46.94162,-3.900741],[-46.941738,-3.900859],[-46.942265,-3.900625],[-46.94266,-3.900676],[-46.94282,-3.902027],[-46.94303,-3.902577],[-46.943903,-3.903675],[-46.943484,-3.90427],[-46.943812,-3.905016],[-46.943754,-3.905177],[-46.943597,-3.905369],[-46.942681,-3.90558],[-46.943222,-3.906219],[-46.943471,-3.906921],[-46.943429,-3.907767],[-46.942693,-3.908928],[-46.94356,-3.909576],[-46.944445,-3.909814],[-46.945832,-3.911032],[-46.945842,-3.911303],[-46.945551,-3.911597],[-46.945404,-3.912069],[-46.944137,-3.912793],[-46.944056,-3.913078],[-46.944361,-3.914055],[-46.944798,-3.914768],[-46.946152,-3.91555],[-46.945915,-3.915729],[-46.944418,-3.915394],[-46.943157,-3.916371],[-46.944161,-3.918833],[-46.945035,-3.923496],[-46.94411,-3.925897],[-46.941057,-3.928822],[-46.939143,-3.933316],[-46.940047,-3.937902],[-46.937594,-3.940371],[-46.936936,-3.944587],[-46.934752,-3.949388],[-46.935024,-3.951268],[-46.936058,-3.953275],[-46.934933,-3.955806],[-46.935003,-3.956714],[-46.936002,-3.957684],[-46.936143,-3.96099],[-46.933421,-3.962812],[-46.932756,-3.96385],[-46.932769,-3.969036],[-46.930149,-3.972285],[-46.927691,-3.974041],[-46.927294,-3.974821],[-46.927497,-3.975986],[-46.928563,-3.97735],[-46.925641,-3.986187],[-46.925301,-3.987042],[-46.920383,-3.991887],[-46.919853,-3.993119],[-46.920015,-3.996359],[-46.918214,-3.998849],[-46.920146,-4.000879],[-46.91807,-4.005654],[-46.917678,-4.009878],[-46.919131,-4.01316],[-46.919539,-4.016835],[-46.916059,-4.020677],[-46.9155,-4.02201],[-46.915586,-4.024119],[-46.916601,-4.027446],[-46.916438,-4.029179],[-46.916597,-4.029784],[-46.916385,-4.030258],[-46.915216,-4.030929],[-46.914596,-4.031628],[-46.914292,-4.032836],[-46.914391,-4.035334],[-46.913434,-4.03632],[-46.912519,-4.038309],[-46.912415,-4.040709],[-46.913051,-4.042715],[-46.913463,-4.043297],[-46.913943,-4.045564],[-46.913834,-4.045924],[-46.914012,-4.046215],[-46.914038,-4.047155],[-46.913867,-4.047528],[-46.913432,-4.047901],[-46.913205,-4.048685],[-46.912258,-4.05956],[-46.912741,-4.060731],[-46.917771,-4.065882],[-46.917774,-4.067446],[-46.916898,-4.069951],[-46.916196,-4.077219],[-46.923606,-4.083777],[-46.927103,-4.086647],[-46.948485,-4.080655],[-46.953089,-4.083335],[-46.957523,-4.086914],[-46.961956,-4.090855],[-46.963163,-4.093034],[-46.963413,-4.094472],[-46.961706,-4.100704],[-46.961651,-4.103857],[-46.964381,-4.112722],[-46.967779,-4.119128],[-46.97228,-4.122774],[-46.975042,-4.127506],[-46.987942,-4.145309],[-47.00076,-4.161997],[-47.010195,-4.17469],[-47.010646,-4.177921],[-47.01035,-4.182273],[-47.010977,-4.186919],[-47.012918,-4.193286],[-47.014153,-4.195084],[-47.017931,-4.198299],[-47.020558,-4.20129],[-47.022877,-4.206232],[-47.025438,-4.213798],[-47.02829,-4.216265],[-47.029686,-4.220461],[-47.07274,-4.23663],[-47.078137,-4.236617],[-47.090127,-4.241611],[-47.095534,-4.247277],[-47.098195,-4.258243],[-47.100979,-4.265108],[-47.109814,-4.272648],[-47.122014,-4.279451],[-47.126061,-4.283987],[-47.138518,-4.318639],[-47.174837,-4.372139],[-47.187755,-4.388677],[-47.189139,-4.389858],[-47.196918,-4.39374],[-47.2014,-4.397464],[-47.210303,-4.406658],[-47.213303,-4.412313],[-47.216162,-4.419797],[-47.217961,-4.422191],[-47.221998,-4.425326],[-47.226182,-4.426812],[-47.231035,-4.427468],[-47.244015,-4.432004],[-47.241662,-4.437309],[-47.241945,-4.441496],[-47.242302,-4.442053],[-47.24269,-4.443297],[-47.242676,-4.446359],[-47.244091,-4.451421],[-47.244809,-4.4555],[-47.245731,-4.457488],[-47.246335,-4.458335],[-47.246811,-4.460703],[-47.247964,-4.464248],[-47.248735,-4.465291],[-47.249888,-4.467522],[-47.249544,-4.46917],[-47.248316,-4.472883],[-47.248696,-4.474526],[-47.248781,-4.475728],[-47.248297,-4.478209],[-47.248783,-4.481151],[-47.248968,-4.48337],[-47.248198,-4.491321],[-47.248176,-4.492971],[-47.248471,-4.493583],[-47.250733,-4.495316],[-47.251407,-4.496638],[-47.252227,-4.499436],[-47.252806,-4.500397],[-47.253005,-4.50243],[-47.253772,-4.504255],[-47.253857,-4.505087],[-47.253712,-4.507424],[-47.253588,-4.508176],[-47.251387,-4.514815],[-47.249236,-4.520697],[-47.248172,-4.524753],[-47.247473,-4.526026],[-47.246703,-4.528653],[-47.24589,-4.530758],[-47.245784,-4.53133],[-47.245983,-4.532861],[-47.24565,-4.534359],[-47.244008,-4.536268],[-47.242622,-4.536906],[-47.242147,-4.537517],[-47.237209,-4.554268],[-47.233571,-4.559844],[-47.224907,-4.60075],[-47.226599,-4.609643],[-47.227205,-4.614278],[-47.22746,-4.618972],[-47.22808,-4.621372],[-47.228277,-4.624217],[-47.228874,-4.625659],[-47.229186,-4.629835],[-47.229784,-4.633021],[-47.229987,-4.636555],[-47.239898,-4.645812],[-47.242534,-4.648462],[-47.246193,-4.653412],[-47.25732,-4.66928],[-47.259574,-4.671699]]]}},{"type":"Feature","properties":{"CD_MUN":"2105500","NM_MUN":"João Lisboa"},"geometry":{"type":"Polygon","coordinates":[[[-47.330298,-5.432615],[-47.330683,-5.433215],[-47.332109,-5.434033],[-47.332659,-5.435038],[-47.334202,-5.435573],[-47.336286,-5.437135],[-47.336437,-5.440268],[-47.337003,-5.44076],[-47.338057,-5.441605],[-47.339056,-5.441677],[-47.339335,-5.442007],[-47.340606,-5.442002],[-47.341589,-5.442288],[-47.343789,-5.443614],[-47.34437,-5.444481],[-47.345078,-5.448364],[-47.345601,-5.449173],[-47.346354,-5.449925],[-47.348208,-5.451309],[-47.350918,-5.451888],[-47.351869,-5.452762],[-47.352813,-5.453868],[-47.353012,-5.454597],[-47.353063,-5.456361],[-47.353426,-5.457054],[-47.353818,-5.457427],[-47.355009,-5.457647],[-47.356562,-5.457439],[-47.35776,-5.456068],[-47.358872,-5.454356],[-47.359289,-5.453363],[-47.359788,-5.451275],[-47.360233,-5.451173],[-47.361041,-5.451505],[-47.36229,-5.452758],[-47.36312,-5.455364],[-47.363648,-5.455828],[-47.366597,-5.455916],[-47.368503,-5.456358],[-47.370228,-5.457271],[-47.370902,-5.458244],[-47.371312,-5.459614],[-47.371893,-5.46007],[-47.373819,-5.460494],[-47.376123,-5.463566],[-47.376734,-5.463778],[-47.380095,-5.463392],[-47.380842,-5.463671],[-47.38154,-5.464228],[-47.383008,-5.467792],[-47.383504,-5.468577],[-47.386401,-5.470245],[-47.38765,-5.471444],[-47.388511,-5.472756],[-47.38954,-5.473559],[-47.390402,-5.473937],[-47.391148,-5.474898],[-47.392069,-5.478366],[-47.392707,-5.480126],[-47.39406,-5.480166],[-47.395345,-5.47992],[-47.396295,-5.479966],[-47.397089,-5.480533],[-47.397676,-5.481312],[-47.398035,-5.482266],[-47.398014,-5.483068],[-47.399567,-5.482426],[-47.400768,-5.479938],[-47.401638,-5.479244],[-47.403883,-5.47921],[-47.407258,-5.479936],[-47.408682,-5.479611],[-47.412098,-5.476609],[-47.415517,-5.470435],[-47.417248,-5.465854],[-47.417394,-5.464301],[-47.417789,-5.4642],[-47.417653,-5.462391],[-47.417762,-5.461326],[-47.418267,-5.459785],[-47.418962,-5.458662],[-47.41924,-5.45752],[-47.418116,-5.453738],[-47.418642,-5.452783],[-47.418473,-5.450775],[-47.420517,-5.447628],[-47.431248,-5.333048],[-47.42953,-5.332548],[-47.425787,-5.330284],[-47.420822,-5.325898],[-47.420314,-5.324989],[-47.418896,-5.32378],[-47.417683,-5.32338],[-47.414441,-5.320101],[-47.413124,-5.320033],[-47.410196,-5.318802],[-47.410391,-5.317435],[-47.411993,-5.313782],[-47.412685,-5.31019],[-47.411772,-5.309177],[-47.408945,-5.308579],[-47.408522,-5.305494],[-47.406007,-5.305604],[-47.404274,-5.301309],[-47.400734,-5.2999],[-47.400011,-5.297114],[-47.398193,-5.294674],[-47.398187,-5.293384],[-47.393636,-5.291527],[-47.390393,-5.286738],[-47.388266,-5.286334],[-47.387051,-5.285174],[-47.381704,-5.285701],[-47.376347,-5.284151],[-47.374019,-5.282642],[-47.371486,-5.279968],[-47.369858,-5.277133],[-47.368739,-5.273564],[-47.365494,-5.270421],[-47.364468,-5.265818],[-47.364661,-5.263894],[-47.364041,-5.258773],[-47.359948,-5.255575],[-47.358211,-5.25261],[-47.355363,-5.249898],[-47.353142,-5.249783],[-47.350375,-5.252084],[-47.349029,-5.255431],[-47.346203,-5.257919],[-47.343982,-5.257803],[-47.342621,-5.256818],[-47.340645,-5.256453],[-47.339291,-5.257201],[-47.339174,-5.258937],[-47.340288,-5.259922],[-47.343624,-5.260777],[-47.34449,-5.261888],[-47.344126,-5.263499],[-47.343388,-5.264369],[-47.342214,-5.263568],[-47.340115,-5.263081],[-47.338879,-5.262343],[-47.337522,-5.262347],[-47.336415,-5.263218],[-47.336049,-5.264582],[-47.335813,-5.267678],[-47.335447,-5.268299],[-47.33446,-5.267931],[-47.333342,-5.266326],[-47.33223,-5.266083],[-47.331246,-5.266704],[-47.330517,-5.269803],[-47.32899,-5.273351],[-47.325998,-5.279585],[-47.32367,-5.283856],[-47.321189,-5.285777],[-47.319724,-5.286224],[-47.318849,-5.291878],[-47.31714,-5.300878],[-47.315323,-5.304782],[-47.312845,-5.307439],[-47.311234,-5.307739],[-47.307129,-5.307167],[-47.304786,-5.30791],[-47.302735,-5.307625],[-47.301998,-5.306745],[-47.302577,-5.304682],[-47.302278,-5.303067],[-47.301543,-5.302628],[-47.295465,-5.303019],[-47.293111,-5.30435],[-47.287263,-5.304225],[-47.284335,-5.303941],[-47.279949,-5.307046],[-47.277475,-5.311613],[-47.276532,-5.314074],[-47.2256,-5.265949],[-47.225129,-5.26385],[-47.225353,-5.261921],[-47.225196,-5.258451],[-47.221694,-5.25461],[-47.221516,-5.253327],[-47.220812,-5.251579],[-47.218379,-5.249679],[-47.216806,-5.248808],[-47.215818,-5.248753],[-47.213136,-5.246778],[-47.210807,-5.245852],[-47.209206,-5.245595],[-47.208317,-5.244963],[-47.207752,-5.244059],[-47.207184,-5.241927],[-47.206306,-5.240203],[-47.205863,-5.238489],[-47.205416,-5.238244],[-47.204455,-5.237279],[-47.204361,-5.23571],[-47.20492,-5.235303],[-47.205019,-5.234722],[-47.204268,-5.234257],[-47.203444,-5.234095],[-47.202513,-5.233301],[-47.202428,-5.231342],[-47.202311,-5.23082],[-47.201841,-5.229993],[-47.201107,-5.229443],[-47.198538,-5.228089],[-47.194386,-5.226727],[-47.188754,-5.224111],[-47.186356,-5.222759],[-47.185069,-5.221477],[-47.185421,-5.219184],[-47.184981,-5.217618],[-47.183729,-5.216508],[-47.183065,-5.215027],[-47.183205,-5.213526],[-47.184373,-5.212547],[-47.184063,-5.211459],[-47.183691,-5.211019],[-47.182049,-5.210391],[-47.18072,-5.208942],[-47.180061,-5.204137],[-47.180665,-5.202746],[-47.18001,-5.200571],[-47.180017,-5.199661],[-47.177261,-5.198198],[-47.177227,-5.197088],[-47.178939,-5.197106],[-47.180163,-5.195061],[-47.179516,-5.193437],[-47.177039,-5.192567],[-47.175822,-5.193568],[-47.172079,-5.192814],[-47.169839,-5.188985],[-47.169712,-5.187294],[-47.170353,-5.185555],[-47.170263,-5.184249],[-47.168865,-5.182292],[-47.166706,-5.182774],[-47.166152,-5.183205],[-47.1656,-5.183936],[-47.165305,-5.185308],[-47.164453,-5.186213],[-47.162956,-5.185703],[-47.161842,-5.184678],[-47.159265,-5.181169],[-47.156543,-5.178798],[-47.155383,-5.1767],[-47.155378,-5.175411],[-47.156568,-5.173504],[-47.157076,-5.171706],[-47.156214,-5.16948],[-47.155569,-5.168454],[-47.154488,-5.167292],[-47.153084,-5.166305],[-47.152257,-5.165481],[-47.151434,-5.165401],[-47.151019,-5.164574],[-47.149613,-5.163174],[-47.149445,-5.161686],[-47.151119,-5.157607],[-47.151274,-5.154881],[-47.150445,-5.152985],[-47.148464,-5.151505],[-47.145579,-5.150773],[-47.142388,-5.150644],[-47.139188,-5.148426],[-47.137378,-5.14662],[-47.135553,-5.143382],[-47.134301,-5.140051],[-47.134402,-5.138951],[-47.136562,-5.138247],[-47.13768,-5.136678],[-47.137584,-5.133643],[-47.135322,-5.128878],[-47.133932,-5.127324],[-47.13125,-5.126203],[-47.128419,-5.123992],[-47.12687,-5.12197],[-47.1266,-5.11784],[-47.127509,-5.116761],[-47.127713,-5.114645],[-47.126925,-5.111637],[-47.124624,-5.109913],[-47.122861,-5.104965],[-47.123475,-5.101988],[-47.121781,-5.099147],[-47.117813,-5.101099],[-47.116049,-5.100956],[-47.115638,-5.098749],[-47.117033,-5.093348],[-47.120519,-5.088819],[-47.118601,-5.087141],[-47.116331,-5.08643],[-47.114602,-5.086175],[-47.113103,-5.089416],[-47.111068,-5.089483],[-47.108302,-5.087901],[-47.10681,-5.085248],[-47.10426,-5.083289],[-47.100434,-5.082678],[-47.09729,-5.080002],[-47.097572,-5.077572],[-47.100798,-5.073491],[-47.100158,-5.069708],[-47.095137,-5.065422],[-47.087644,-5.059909],[-47.084608,-5.05818],[-47.081315,-5.057039],[-47.074678,-5.057777],[-47.066677,-5.055631],[-47.060885,-5.055902],[-47.05687,-5.056673],[-47.045183,-5.060262],[-47.042153,-5.06056],[-47.036941,-5.057609],[-47.034044,-5.054574],[-47.030643,-5.052044],[-47.025435,-5.049454],[-47.020881,-5.048238],[-47.01737,-5.048143],[-47.00925,-5.046676],[-47.004754,-5.046928],[-46.995509,-5.049101],[-46.990545,-5.046516],[-46.984296,-5.044461],[-46.981366,-5.042348],[-46.958654,-5.037625],[-46.9551,-5.03508],[-46.948342,-5.032431],[-46.938539,-5.024994],[-46.934724,-5.023338],[-46.931615,-5.020557],[-46.928684,-5.019587],[-46.926505,-5.015486],[-46.921485,-5.010675],[-46.919175,-5.009226],[-46.915117,-5.00847],[-46.914675,-5.007106],[-46.913139,-5.005256],[-46.90889,-5.002229],[-46.906955,-4.997607],[-46.9068,-4.997798],[-46.906402,-4.997625],[-46.905649,-4.997792],[-46.905213,-4.99848],[-46.904642,-4.998411],[-46.904246,-4.997983],[-46.903695,-4.998359],[-46.902828,-4.998295],[-46.901924,-4.998776],[-46.901296,-5.000033],[-46.90257,-5.003762],[-46.901887,-5.005262],[-46.901896,-5.005908],[-46.902249,-5.005845],[-46.90235,-5.006229],[-46.901317,-5.007007],[-46.901406,-5.007477],[-46.900439,-5.009027],[-46.900631,-5.009296],[-46.901105,-5.009371],[-46.901007,-5.009942],[-46.900511,-5.010266],[-46.900818,-5.010716],[-46.900852,-5.011127],[-46.900287,-5.0117],[-46.899897,-5.012601],[-46.89871,-5.014278],[-46.898893,-5.015023],[-46.898342,-5.015823],[-46.897205,-5.016185],[-46.897426,-5.016752],[-46.897308,-5.017304],[-46.897753,-5.017131],[-46.897919,-5.017235],[-46.897863,-5.017514],[-46.897226,-5.017978],[-46.897291,-5.018508],[-46.89753,-5.018839],[-46.897994,-5.019067],[-46.898626,-5.020124],[-46.898724,-5.021421],[-46.899171,-5.021432],[-46.899361,-5.021719],[-46.899395,-5.022379],[-46.898965,-5.023619],[-46.899386,-5.024703],[-46.899409,-5.025242],[-46.899231,-5.02565],[-46.899742,-5.027033],[-46.89881,-5.027533],[-46.898546,-5.028348],[-46.898629,-5.029447],[-46.899206,-5.029868],[-46.898857,-5.030663],[-46.899051,-5.030972],[-46.898814,-5.031172],[-46.899041,-5.031913],[-46.899031,-5.03256],[-46.899774,-5.033242],[-46.900019,-5.03451],[-46.900256,-5.034992],[-46.899818,-5.035935],[-46.899778,-5.036352],[-46.899916,-5.036428],[-46.89995,-5.03679],[-46.89954,-5.037059],[-46.899379,-5.038109],[-46.900025,-5.039524],[-46.900174,-5.040209],[-46.899847,-5.040528],[-46.899715,-5.040975],[-46.899262,-5.041188],[-46.898943,-5.041595],[-46.898619,-5.042792],[-46.898897,-5.043187],[-46.898597,-5.044033],[-46.898196,-5.044214],[-46.897604,-5.044906],[-46.897329,-5.04633],[-46.896605,-5.047233],[-46.895823,-5.047692],[-46.895823,-5.048673],[-46.895588,-5.048925],[-46.895559,-5.049356],[-46.895198,-5.04933],[-46.894968,-5.049768],[-46.892426,-5.049585],[-46.891562,-5.050353],[-46.891143,-5.050411],[-46.891166,-5.050658],[-46.890938,-5.050679],[-46.890701,-5.051225],[-46.891052,-5.051436],[-46.890745,-5.051727],[-46.890994,-5.05216],[-46.89062,-5.052297],[-46.890753,-5.052521],[-46.890544,-5.052861],[-46.890688,-5.053033],[-46.890035,-5.053535],[-46.890124,-5.054229],[-46.890755,-5.055629],[-46.89181,-5.055136],[-46.891835,-5.055837],[-46.89202,-5.056291],[-46.891725,-5.056683],[-46.892111,-5.057016],[-46.892614,-5.057094],[-46.893073,-5.058001],[-46.893083,-5.058453],[-46.893442,-5.058668],[-46.89338,-5.05906],[-46.893078,-5.059431],[-46.893264,-5.060475],[-46.892868,-5.06076],[-46.892864,-5.061201],[-46.89265,-5.061467],[-46.892393,-5.06168],[-46.892037,-5.06165],[-46.891977,-5.062174],[-46.89161,-5.062128],[-46.891366,-5.06191],[-46.890523,-5.062331],[-46.889975,-5.062122],[-46.889942,-5.062373],[-46.889583,-5.062367],[-46.889217,-5.062575],[-46.889257,-5.063017],[-46.888925,-5.062988],[-46.889001,-5.063836],[-46.888873,-5.064784],[-46.888994,-5.064987],[-46.88921,-5.064982],[-46.889738,-5.064563],[-46.889904,-5.064724],[-46.88991,-5.065114],[-46.890254,-5.065384],[-46.890346,-5.065694],[-46.88979,-5.066308],[-46.889916,-5.067277],[-46.889755,-5.068063],[-46.889325,-5.068454],[-46.888745,-5.068649],[-46.888854,-5.069544],[-46.889105,-5.069755],[-46.889024,-5.070044],[-46.888511,-5.069802],[-46.888062,-5.070467],[-46.887596,-5.070804],[-46.887677,-5.071392],[-46.887445,-5.071977],[-46.887907,-5.072987],[-46.887273,-5.075133],[-46.886498,-5.075787],[-46.886246,-5.076261],[-46.886025,-5.076295],[-46.88585,-5.076028],[-46.885625,-5.076028],[-46.884943,-5.076645],[-46.884628,-5.07653],[-46.884637,-5.076014],[-46.884395,-5.075958],[-46.884412,-5.076767],[-46.884207,-5.076945],[-46.883221,-5.076887],[-46.88281,-5.076668],[-46.881852,-5.076723],[-46.881611,-5.077197],[-46.880601,-5.078274],[-46.879819,-5.078172],[-46.879581,-5.078628],[-46.878897,-5.079122],[-46.878672,-5.078985],[-46.878719,-5.078403],[-46.878442,-5.078254],[-46.877529,-5.078459],[-46.876583,-5.078993],[-46.876365,-5.08024],[-46.87586,-5.080707],[-46.875892,-5.081575],[-46.876268,-5.082034],[-46.876106,-5.082775],[-46.875764,-5.083201],[-46.876127,-5.083534],[-46.875725,-5.083959],[-46.875987,-5.084445],[-46.875482,-5.085364],[-46.875304,-5.085382],[-46.874979,-5.085075],[-46.874848,-5.08527],[-46.874955,-5.085653],[-46.87443,-5.085436],[-46.873797,-5.086438],[-46.873909,-5.086897],[-46.874296,-5.087221],[-46.87427,-5.087439],[-46.873949,-5.08768],[-46.874072,-5.088039],[-46.873725,-5.088467],[-46.874153,-5.088596],[-46.874227,-5.089607],[-46.873788,-5.090103],[-46.873843,-5.090588],[-46.873304,-5.09103],[-46.873318,-5.091265],[-46.873633,-5.091371],[-46.873659,-5.091598],[-46.873088,-5.091885],[-46.873259,-5.092236],[-46.873087,-5.092434],[-46.872322,-5.092547],[-46.872182,-5.092745],[-46.872515,-5.093778],[-46.872472,-5.094269],[-46.872262,-5.094624],[-46.871634,-5.094888],[-46.87129,-5.095617],[-46.871324,-5.095981],[-46.871662,-5.096426],[-46.871451,-5.096968],[-46.871616,-5.097262],[-46.872234,-5.09762],[-46.872548,-5.097601],[-46.872843,-5.097372],[-46.873152,-5.097472],[-46.873359,-5.097842],[-46.873292,-5.098116],[-46.873634,-5.098706],[-46.87454,-5.098992],[-46.874849,-5.099396],[-46.874804,-5.099892],[-46.874321,-5.100301],[-46.874545,-5.100719],[-46.873998,-5.101342],[-46.873502,-5.102571],[-46.873455,-5.103627],[-46.873525,-5.104169],[-46.873933,-5.104591],[-46.874405,-5.105761],[-46.874214,-5.106208],[-46.874296,-5.106806],[-46.873923,-5.106956],[-46.873965,-5.107198],[-46.87567,-5.108339],[-46.875568,-5.108929],[-46.875057,-5.109023],[-46.87516,-5.109583],[-46.875602,-5.109697],[-46.875813,-5.109972],[-46.875479,-5.110342],[-46.876199,-5.111023],[-46.876235,-5.111777],[-46.876912,-5.112213],[-46.877275,-5.113342],[-46.877947,-5.113541],[-46.878582,-5.11425],[-46.87868,-5.114127],[-46.878566,-5.113781],[-46.878759,-5.113703],[-46.879923,-5.114762],[-46.880683,-5.114851],[-46.880821,-5.115051],[-46.880336,-5.116392],[-46.880161,-5.116194],[-46.879814,-5.116308],[-46.879541,-5.116685],[-46.880153,-5.117689],[-46.879888,-5.118017],[-46.880089,-5.118174],[-46.880046,-5.118592],[-46.880298,-5.118565],[-46.880552,-5.119445],[-46.87995,-5.119646],[-46.879567,-5.120557],[-46.879027,-5.120937],[-46.879108,-5.121614],[-46.878989,-5.122253],[-46.87869,-5.122465],[-46.87886,-5.122749],[-46.879576,-5.122882],[-46.879877,-5.123381],[-46.880455,-5.125995],[-46.8808,-5.126835],[-46.88057,-5.127564],[-46.8808,-5.127452],[-46.880883,-5.127708],[-46.880784,-5.128851],[-46.880058,-5.128764],[-46.880002,-5.129234],[-46.879265,-5.130061],[-46.879006,-5.130949],[-46.87824,-5.131379],[-46.878252,-5.131549],[-46.877179,-5.131419],[-46.876889,-5.131524],[-46.876524,-5.131307],[-46.876563,-5.130979],[-46.876432,-5.130925],[-46.875619,-5.130909],[-46.87519,-5.13148],[-46.874707,-5.130994],[-46.874387,-5.131451],[-46.874623,-5.131775],[-46.874469,-5.131942],[-46.87456,-5.132328],[-46.874321,-5.132587],[-46.874322,-5.132994],[-46.873905,-5.132986],[-46.873776,-5.133175],[-46.874204,-5.134546],[-46.873945,-5.134666],[-46.873565,-5.1345],[-46.872792,-5.134554],[-46.872198,-5.134868],[-46.871714,-5.134866],[-46.871107,-5.135747],[-46.871133,-5.136676],[-46.871322,-5.137054],[-46.870739,-5.137279],[-46.870474,-5.138078],[-46.869983,-5.138262],[-46.869927,-5.138446],[-46.870189,-5.139083],[-46.870648,-5.139253],[-46.870216,-5.140073],[-46.870183,-5.140687],[-46.870434,-5.140794],[-46.870672,-5.140379],[-46.870957,-5.140907],[-46.871157,-5.140962],[-46.871315,-5.140684],[-46.871416,-5.1408],[-46.871321,-5.141212],[-46.870956,-5.141644],[-46.871077,-5.142219],[-46.870972,-5.143201],[-46.871513,-5.143596],[-46.871308,-5.143817],[-46.871289,-5.144171],[-46.870939,-5.144386],[-46.870941,-5.144846],[-46.870774,-5.145014],[-46.870841,-5.14577],[-46.871132,-5.146229],[-46.870945,-5.146574],[-46.871107,-5.146746],[-46.871116,-5.147566],[-46.871511,-5.148079],[-46.871465,-5.149206],[-46.872507,-5.148895],[-46.873376,-5.14994],[-46.873458,-5.150954],[-46.872973,-5.150862],[-46.872889,-5.151031],[-46.873383,-5.151942],[-46.874304,-5.151679],[-46.874518,-5.15216],[-46.875464,-5.152667],[-46.875193,-5.153124],[-46.875315,-5.1535],[-46.876735,-5.153835],[-46.87657,-5.154236],[-46.876785,-5.154591],[-46.876635,-5.155179],[-46.876789,-5.15548],[-46.876728,-5.155953],[-46.876077,-5.156479],[-46.875863,-5.156965],[-46.876675,-5.158515],[-46.877311,-5.158932],[-46.877586,-5.159411],[-46.879045,-5.160587],[-46.878792,-5.160963],[-46.877786,-5.16121],[-46.877512,-5.161635],[-46.877215,-5.162768],[-46.877634,-5.163216],[-46.877142,-5.16358],[-46.876934,-5.163222],[-46.8767,-5.163261],[-46.875996,-5.164445],[-46.876144,-5.165191],[-46.876455,-5.165153],[-46.877178,-5.166119],[-46.877964,-5.166271],[-46.878285,-5.166707],[-46.878079,-5.167527],[-46.877516,-5.168052],[-46.877654,-5.169076],[-46.87737,-5.169183],[-46.877493,-5.169372],[-46.877952,-5.169295],[-46.878258,-5.169987],[-46.879276,-5.170487],[-46.879368,-5.171858],[-46.879001,-5.17207],[-46.879133,-5.172449],[-46.878935,-5.172886],[-46.8789,-5.1735],[-46.87903,-5.173685],[-46.878878,-5.173809],[-46.879228,-5.173972],[-46.879105,-5.174453],[-46.879501,-5.174421],[-46.879838,-5.174674],[-46.879574,-5.175212],[-46.879638,-5.175601],[-46.880396,-5.175717],[-46.880733,-5.17618],[-46.880993,-5.176184],[-46.881768,-5.176863],[-46.88226,-5.176979],[-46.882469,-5.177425],[-46.883391,-5.176801],[-46.88384,-5.177045],[-46.883982,-5.177397],[-46.884418,-5.177622],[-46.884181,-5.178213],[-46.884854,-5.179986],[-46.885401,-5.180569],[-46.88601,-5.180872],[-46.886509,-5.1821],[-46.887049,-5.182043],[-46.887797,-5.181506],[-46.888475,-5.181268],[-46.889711,-5.18167],[-46.88992,-5.182278],[-46.889754,-5.182625],[-46.888219,-5.182915],[-46.88786,-5.183391],[-46.887665,-5.184283],[-46.887955,-5.185049],[-46.888406,-5.185511],[-46.888974,-5.185752],[-46.889573,-5.185362],[-46.890311,-5.185574],[-46.890468,-5.185706],[-46.890371,-5.186185],[-46.89087,-5.186836],[-46.891134,-5.186971],[-46.892181,-5.186676],[-46.892729,-5.186905],[-46.892852,-5.18735],[-46.893223,-5.18768],[-46.893386,-5.188311],[-46.893016,-5.188681],[-46.893025,-5.188939],[-46.893489,-5.188971],[-46.893682,-5.189476],[-46.893515,-5.189863],[-46.893851,-5.190311],[-46.894166,-5.191493],[-46.893865,-5.19176],[-46.893039,-5.191432],[-46.892901,-5.192439],[-46.893048,-5.192761],[-46.892666,-5.192973],[-46.892368,-5.193736],[-46.892494,-5.19404],[-46.892382,-5.194947],[-46.891484,-5.195268],[-46.891254,-5.195865],[-46.890342,-5.196351],[-46.890494,-5.196732],[-46.89011,-5.197504],[-46.89048,-5.197771],[-46.890211,-5.197898],[-46.890379,-5.19856],[-46.890146,-5.198713],[-46.890291,-5.199234],[-46.889998,-5.199518],[-46.889983,-5.199975],[-46.890223,-5.201391],[-46.890429,-5.201709],[-46.890143,-5.20245],[-46.890201,-5.202817],[-46.890571,-5.202913],[-46.890753,-5.203195],[-46.890421,-5.203709],[-46.890625,-5.204427],[-46.890438,-5.205319],[-46.889732,-5.206378],[-46.889873,-5.206797],[-46.889692,-5.207421],[-46.892445,-5.209089],[-46.895603,-5.211832],[-46.89692,-5.213353],[-46.89775,-5.214043],[-46.89955,-5.21501],[-46.901071,-5.21556],[-46.908016,-5.216821],[-46.911056,-5.21688],[-46.913816,-5.21597],[-46.915751,-5.215896],[-46.917224,-5.216585],[-46.918539,-5.217689],[-46.919167,-5.21956],[-46.920206,-5.220666],[-46.921106,-5.221149],[-46.922279,-5.220938],[-46.923932,-5.219753],[-46.925931,-5.217945],[-46.927103,-5.217248],[-46.928691,-5.217034],[-46.930796,-5.21637],[-46.934176,-5.214973],[-46.93604,-5.214551],[-46.939184,-5.214888],[-46.941048,-5.214674],[-46.942774,-5.214184],[-46.944152,-5.213347],[-46.946153,-5.212925],[-46.947744,-5.213545],[-46.949614,-5.215133],[-46.951278,-5.217208],[-46.952491,-5.218972],[-46.952771,-5.219664],[-46.953532,-5.220148],[-46.955259,-5.220767],[-46.956712,-5.221523],[-46.958652,-5.222905],[-46.96355,-5.227646],[-46.965288,-5.231593],[-46.96626,-5.232629],[-46.967918,-5.232971],[-46.968783,-5.233418],[-46.97031,-5.236187],[-46.972162,-5.238172],[-46.973615,-5.239068],[-46.974791,-5.240035],[-46.975348,-5.241142],[-46.976804,-5.242732],[-46.977634,-5.243144],[-46.978808,-5.24321],[-46.981016,-5.242441],[-46.981916,-5.242715],[-46.983368,-5.243544],[-46.987349,-5.246352],[-46.989978,-5.248006],[-46.99233,-5.249038],[-46.994269,-5.250347],[-46.995724,-5.251935],[-46.9958,-5.254357],[-46.99556,-5.255512],[-46.996118,-5.258157],[-46.997771,-5.260135],[-46.998767,-5.262558],[-46.999322,-5.26476],[-47.001699,-5.26638],[-47.002896,-5.266892],[-47.00475,-5.268008],[-47.009562,-5.272577],[-47.011199,-5.273897],[-47.012948,-5.274967],[-47.014892,-5.275065],[-47.019657,-5.274312],[-47.023522,-5.273979],[-47.023332,-5.274518],[-47.023942,-5.275401],[-47.027796,-5.278195],[-47.028679,-5.278581],[-47.029144,-5.280299],[-47.029305,-5.281776],[-47.029739,-5.282017],[-47.031585,-5.282051],[-47.030816,-5.293865],[-47.041273,-5.292713],[-47.041386,-5.293767],[-47.041711,-5.294401],[-47.041637,-5.29491],[-47.042143,-5.295776],[-47.041934,-5.296072],[-47.04148,-5.296085],[-47.041531,-5.296688],[-47.041857,-5.296584],[-47.042658,-5.29737],[-47.043217,-5.297163],[-47.04364,-5.297997],[-47.044369,-5.298165],[-47.046534,-5.297992],[-47.049287,-5.298031],[-47.051812,-5.298366],[-47.054252,-5.29938],[-47.055643,-5.30036],[-47.056394,-5.301451],[-47.056512,-5.302278],[-47.056057,-5.304994],[-47.057141,-5.306379],[-47.057068,-5.309009],[-47.057342,-5.310287],[-47.057643,-5.310748],[-47.060643,-5.311878],[-47.06234,-5.312696],[-47.063254,-5.313341],[-47.064171,-5.313523],[-47.065447,-5.313269],[-47.067758,-5.31316],[-47.068891,-5.312669],[-47.070121,-5.31237],[-47.071474,-5.312438],[-47.074812,-5.313212],[-47.075896,-5.313088],[-47.077202,-5.312521],[-47.07923,-5.310952],[-47.080557,-5.31059],[-47.082277,-5.310591],[-47.086677,-5.31152],[-47.08798,-5.312074],[-47.090363,-5.313599],[-47.093595,-5.314974],[-47.094503,-5.315146],[-47.096373,-5.315069],[-47.097424,-5.314603],[-47.099399,-5.31327],[-47.100591,-5.312987],[-47.102285,-5.313195],[-47.104228,-5.313744],[-47.107647,-5.313766],[-47.111232,-5.313528],[-47.112983,-5.313842],[-47.11983,-5.315665],[-47.122698,-5.316796],[-47.124842,-5.317098],[-47.126424,-5.318463],[-47.127011,-5.319241],[-47.12731,-5.319953],[-47.128478,-5.321242],[-47.130169,-5.322338],[-47.132983,-5.323348],[-47.135844,-5.324098],[-47.137584,-5.3248],[-47.142428,-5.325913],[-47.145287,-5.327541],[-47.14661,-5.328482],[-47.147923,-5.329126],[-47.150921,-5.329714],[-47.152315,-5.330144],[-47.153697,-5.330797],[-47.155806,-5.333008],[-47.158259,-5.334278],[-47.163334,-5.33861],[-47.166316,-5.341567],[-47.167453,-5.342406],[-47.170757,-5.345444],[-47.171925,-5.346732],[-47.173179,-5.348488],[-47.175138,-5.350349],[-47.176179,-5.350389],[-47.178812,-5.349717],[-47.180282,-5.349805],[-47.181171,-5.350138],[-47.183924,-5.351768],[-47.186061,-5.351817],[-47.189232,-5.351354],[-47.19062,-5.351591],[-47.193954,-5.353638],[-47.19506,-5.353947],[-47.198092,-5.353917],[-47.199425,-5.354255],[-47.201004,-5.354955],[-47.202013,-5.355155],[-47.204256,-5.354641],[-47.205285,-5.353853],[-47.206787,-5.353402],[-47.211206,-5.352877],[-47.212842,-5.352437],[-47.215727,-5.35025],[-47.217448,-5.349685],[-47.219423,-5.347308],[-47.221035,-5.345055],[-47.223749,-5.343012],[-47.225258,-5.342657],[-47.226474,-5.342716],[-47.230119,-5.343609],[-47.233282,-5.344039],[-47.234677,-5.344377],[-47.240506,-5.345097],[-47.242068,-5.345114],[-47.24487,-5.346339],[-47.247252,-5.34782],[-47.248368,-5.3483],[-47.25123,-5.350441],[-47.252114,-5.35196],[-47.253064,-5.352636],[-47.255372,-5.352748],[-47.256477,-5.353203],[-47.257731,-5.354122],[-47.259648,-5.356181],[-47.26073,-5.357039],[-47.262928,-5.358177],[-47.263739,-5.358784],[-47.265417,-5.359321],[-47.269123,-5.361633],[-47.273522,-5.364884],[-47.25875,-5.369245],[-47.259693,-5.371074],[-47.262909,-5.374279],[-47.265529,-5.376299],[-47.267307,-5.377134],[-47.268345,-5.377972],[-47.269782,-5.379947],[-47.270771,-5.380785],[-47.272943,-5.381618],[-47.27482,-5.3827],[-47.277484,-5.383185],[-47.278718,-5.383775],[-47.280594,-5.384163],[-47.283453,-5.38435],[-47.28567,-5.384045],[-47.286804,-5.384041],[-47.292875,-5.385998],[-47.294206,-5.386191],[-47.298642,-5.386076],[-47.300564,-5.385821],[-47.303815,-5.385016],[-47.304899,-5.385111],[-47.308505,-5.385875],[-47.310176,-5.386529],[-47.311704,-5.387955],[-47.31257,-5.389024],[-47.313345,-5.391325],[-47.313814,-5.392129],[-47.314565,-5.39273],[-47.31745,-5.393884],[-47.318398,-5.394622],[-47.319172,-5.395656],[-47.31931,-5.396223],[-47.318728,-5.399828],[-47.318758,-5.4006],[-47.330318,-5.430518],[-47.330298,-5.432615]]]}},{"type":"Feature","properties":{"CD_MUN":"2114007","NM_MUN":"Zé Doca"},"geometry":{"type":"Polygon","coordinates":[[[-45.567454,-3.45354],[-45.568396,-3.453894],[-45.569316,-3.453941],[-45.570049,-3.453754],[-45.570507,-3.453223],[-45.571172,-3.450155],[-45.571193,-3.448871],[-45.570889,-3.446459],[-45.573503,-3.443904],[-45.578941,-3.440127],[-45.5841,-3.436115],[-45.593475,-3.4263],[-45.596193,-3.421722],[-45.601722,-3.411057],[-45.602846,-3.40818],[-45.607722,-3.403461],[-45.613815,-3.397042],[-45.617845,-3.390483],[-45.621969,-3.386141],[-45.625908,-3.380478],[-45.628624,-3.373638],[-45.632279,-3.36892],[-45.641843,-3.362169],[-45.644189,-3.361506],[-45.647658,-3.358673],[-45.653937,-3.349659],[-45.65778,-3.346828],[-45.660875,-3.345694],[-45.660214,-3.338667],[-45.798669,-3.335531],[-45.878542,-3.315965],[-45.909393,-3.378663],[-45.939581,-3.365996],[-45.941401,-3.365771],[-45.949402,-3.366571],[-45.952002,-3.367497],[-45.959988,-3.369524],[-45.964013,-3.370309],[-45.966364,-3.370305],[-45.967098,-3.370689],[-45.968247,-3.370765],[-45.969805,-3.371316],[-45.971176,-3.371449],[-45.97591,-3.373406],[-45.976734,-3.373082],[-45.977282,-3.372462],[-45.978721,-3.371486],[-45.979306,-3.371468],[-45.980977,-3.370907],[-45.981846,-3.370792],[-45.984234,-3.371197],[-45.984914,-3.371157],[-45.986382,-3.370606],[-45.987844,-3.369803],[-45.989102,-3.369405],[-45.990771,-3.369202],[-45.992128,-3.36885],[-45.99545,-3.367665],[-45.995969,-3.367636],[-45.998203,-3.368996],[-46.000936,-3.37023],[-46.002918,-3.370582],[-46.006367,-3.372996],[-46.009432,-3.374371],[-46.011523,-3.374653],[-46.015517,-3.376852],[-46.017834,-3.377237],[-46.019731,-3.377886],[-46.020769,-3.378016],[-46.022144,-3.377895],[-46.024694,-3.377376],[-46.025274,-3.37666],[-46.025379,-3.376134],[-46.026459,-3.375153],[-46.027319,-3.375087],[-46.027697,-3.374903],[-46.028245,-3.374318],[-46.031098,-3.372785],[-46.032416,-3.373044],[-46.032953,-3.37282],[-46.03356,-3.372805],[-46.035117,-3.370806],[-46.036951,-3.37011],[-46.038012,-3.369527],[-46.04047,-3.369152],[-46.041195,-3.369278],[-46.041824,-3.36968],[-46.045016,-3.369304],[-46.04677,-3.369612],[-46.049093,-3.369693],[-46.050217,-3.369977],[-46.051371,-3.369443],[-46.052306,-3.369297],[-46.052931,-3.368429],[-46.053664,-3.36786],[-46.057806,-3.366288],[-46.060645,-3.363107],[-46.197008,-3.362948],[-46.228478,-3.340729],[-46.228783,-3.339916],[-46.229877,-3.33941],[-46.230256,-3.33859],[-46.231044,-3.338332],[-46.231711,-3.33777],[-46.234622,-3.336268],[-46.235514,-3.335543],[-46.237777,-3.33543],[-46.238844,-3.334467],[-46.239776,-3.333106],[-46.240892,-3.331834],[-46.241197,-3.331675],[-46.241651,-3.330753],[-46.242613,-3.330076],[-46.243268,-3.328831],[-46.244323,-3.328306],[-46.244975,-3.327733],[-46.245443,-3.327644],[-46.24682,-3.32675],[-46.250861,-3.324622],[-46.250735,-3.324221],[-46.250864,-3.323436],[-46.250118,-3.322834],[-46.249964,-3.322457],[-46.24993,-3.321348],[-46.250154,-3.320799],[-46.251629,-3.319082],[-46.252719,-3.318666],[-46.25438,-3.317342],[-46.255494,-3.316893],[-46.256995,-3.317061],[-46.263202,-3.318936],[-46.264056,-3.319307],[-46.265512,-3.320858],[-46.265684,-3.321295],[-46.26549,-3.321941],[-46.266284,-3.322794],[-46.266503,-3.323484],[-46.26685,-3.323705],[-46.26729,-3.32363],[-46.26763,-3.323771],[-46.269373,-3.326997],[-46.271387,-3.330037],[-46.274418,-3.333806],[-46.275514,-3.335715],[-46.277531,-3.337738],[-46.277769,-3.338424],[-46.278804,-3.339609],[-46.279458,-3.340046],[-46.280125,-3.340997],[-46.279573,-3.343112],[-46.279811,-3.343657],[-46.279708,-3.344387],[-46.279879,-3.345309],[-46.279635,-3.34566],[-46.278371,-3.346449],[-46.395676,-3.291366],[-46.394092,-3.280877],[-46.390814,-3.275151],[-46.391162,-3.273745],[-46.367186,-3.236841],[-46.349728,-3.21394],[-46.326807,-3.19799],[-46.310809,-3.190764],[-46.295413,-3.191277],[-46.281202,-3.192985],[-46.278833,-3.191698],[-46.274485,-3.188129],[-46.271123,-3.181383],[-46.270124,-3.172352],[-46.269721,-3.166794],[-46.268533,-3.162725],[-46.267843,-3.16093],[-46.266713,-3.159141],[-46.265231,-3.159145],[-46.262979,-3.160718],[-46.259539,-3.160424],[-46.256751,-3.161261],[-46.254084,-3.162578],[-46.252186,-3.162669],[-46.250998,-3.161478],[-46.249571,-3.158378],[-46.247672,-3.157247],[-46.246368,-3.157785],[-46.244058,-3.161158],[-46.241869,-3.166112],[-46.240624,-3.166412],[-46.237123,-3.164419],[-46.234274,-3.163168],[-46.232611,-3.161142],[-46.229286,-3.158881],[-46.225016,-3.158317],[-46.220686,-3.159515],[-46.212447,-3.162568],[-46.206221,-3.165289],[-46.204917,-3.166544],[-46.201124,-3.167085],[-46.197267,-3.166702],[-46.189374,-3.16337],[-46.185458,-3.162361],[-46.182314,-3.162334],[-46.175911,-3.164369],[-46.16796,-3.161486],[-46.166121,-3.161368],[-46.16102,-3.161851],[-46.155919,-3.161201],[-46.152241,-3.161473],[-46.147435,-3.15933],[-46.140725,-3.153283],[-46.126547,-3.15133],[-46.117825,-3.148864],[-46.113079,-3.148151],[-46.110587,-3.148306],[-46.107978,-3.149739],[-46.104599,-3.1501],[-46.098962,-3.148018],[-46.09617,-3.145785],[-46.092847,-3.142327],[-46.091003,-3.138632],[-46.093187,-3.128337],[-46.094548,-3.125294],[-46.094131,-3.123713],[-46.092885,-3.123178],[-46.089922,-3.123777],[-46.088141,-3.123362],[-46.084875,-3.120322],[-46.081255,-3.117999],[-46.079237,-3.115347],[-46.078281,-3.110574],[-46.076913,-3.106221],[-46.075368,-3.104284],[-46.07347,-3.104583],[-46.070922,-3.105959],[-46.069618,-3.10596],[-46.069262,-3.107033],[-46.068434,-3.107541],[-46.065942,-3.107723],[-46.064225,-3.110828],[-46.062683,-3.110949],[-46.061318,-3.110711],[-46.057993,-3.108477],[-46.055382,-3.105975],[-46.055495,-3.100367],[-46.056677,-3.096726],[-46.055725,-3.094072],[-46.053113,-3.09139],[-46.048605,-3.090022],[-46.045518,-3.088653],[-46.04457,-3.088386],[-46.042373,-3.087313],[-46.037453,-3.082493],[-46.035488,-3.08204],[-46.03371,-3.082758],[-46.03199,-3.083237],[-46.031278,-3.082521],[-46.030683,-3.080793],[-46.030561,-3.07769],[-46.029967,-3.07605],[-46.027889,-3.07462],[-46.025873,-3.074501],[-46.023382,-3.07552],[-46.023206,-3.077727],[-46.023562,-3.079905],[-46.023091,-3.081338],[-46.022321,-3.081814],[-46.018821,-3.081341],[-46.01627,-3.080568],[-46.015378,-3.078748],[-46.014485,-3.075708],[-46.006828,-3.069152],[-46.005106,-3.067393],[-46.004272,-3.063457],[-46.003737,-3.062681],[-46.00172,-3.061731],[-46.000298,-3.062267],[-45.999348,-3.06367],[-45.999472,-3.068324],[-45.997219,-3.069816],[-45.995914,-3.069281],[-45.994667,-3.067941],[-45.992651,-3.068477],[-45.991229,-3.069314],[-45.989808,-3.071584],[-45.989336,-3.073673],[-45.98898,-3.073943],[-45.987494,-3.071676],[-45.98589,-3.069709],[-45.983874,-3.069531],[-45.982393,-3.070726],[-45.982279,-3.07532],[-45.982043,-3.077855],[-45.981154,-3.078571],[-45.979967,-3.078036],[-45.977771,-3.07589],[-45.976166,-3.071],[-45.972485,-3.067962],[-45.97023,-3.067277],[-45.968273,-3.067756],[-45.965368,-3.06901],[-45.963234,-3.070504],[-45.96282,-3.070983],[-45.960801,-3.069463],[-45.960207,-3.068032],[-45.960204,-3.064631],[-45.959669,-3.063497],[-45.958779,-3.063559],[-45.958128,-3.064126],[-45.958011,-3.068421],[-45.957421,-3.068959],[-45.956114,-3.067707],[-45.954748,-3.064726],[-45.952552,-3.063653],[-45.949825,-3.06452],[-45.947513,-3.06661],[-45.945912,-3.06709],[-45.945259,-3.066613],[-45.944367,-3.064586],[-45.944366,-3.062884],[-45.946794,-3.058528],[-45.945725,-3.056977],[-45.944834,-3.056261],[-45.944834,-3.055695],[-45.945308,-3.055039],[-45.943947,-3.052128],[-45.943522,-3.048715],[-45.943343,-3.045734],[-45.942691,-3.045585],[-45.941088,-3.046421],[-45.940082,-3.047437],[-45.938365,-3.050003],[-45.936824,-3.051675],[-45.935637,-3.051558],[-45.934153,-3.050931],[-45.933383,-3.050992],[-45.931782,-3.052485],[-45.930537,-3.052605],[-45.929884,-3.051472],[-45.930061,-3.049325],[-45.931185,-3.04819],[-45.931718,-3.046491],[-45.931537,-3.043686],[-45.930944,-3.042552],[-45.926672,-3.040706],[-45.924475,-3.039396],[-45.923288,-3.03728],[-45.923583,-3.035189],[-45.924826,-3.033697],[-45.929334,-3.032741],[-45.932297,-3.03041],[-45.932296,-3.028352],[-45.92915,-3.025848],[-45.927486,-3.021793],[-45.926536,-3.021018],[-45.925053,-3.021049],[-45.923988,-3.022781],[-45.923157,-3.024631],[-45.920611,-3.027796],[-45.918773,-3.028691],[-45.916637,-3.028366],[-45.914855,-3.026279],[-45.913608,-3.023357],[-45.913074,-3.023295],[-45.911296,-3.023836],[-45.909991,-3.024703],[-45.907859,-3.026672],[-45.904893,-3.027988],[-45.902397,-3.02756],[-45.903346,-3.028555],[-45.904773,-3.03297],[-45.907148,-3.035594],[-45.909759,-3.036785],[-45.91071,-3.037561],[-45.911426,-3.039947],[-45.911306,-3.041738],[-45.911547,-3.045079],[-45.911318,-3.053376],[-45.913573,-3.055642],[-45.915475,-3.057073],[-45.9169,-3.060773],[-45.920352,-3.071691],[-45.921894,-3.073063],[-45.922845,-3.074256],[-45.924036,-3.078313],[-45.925821,-3.085593],[-45.927369,-3.088576],[-45.927843,-3.090067],[-45.929744,-3.091737],[-45.930814,-3.094959],[-45.930936,-3.098182],[-45.927378,-3.101527],[-45.923465,-3.104455],[-45.921569,-3.107558],[-45.91921,-3.124809],[-45.920639,-3.130538],[-45.926463,-3.141636],[-45.930861,-3.146584],[-45.934306,-3.15231],[-45.935973,-3.1578],[-45.937637,-3.161081],[-45.943457,-3.165612],[-45.948445,-3.169783],[-45.950823,-3.174855],[-45.951066,-3.181302],[-45.950598,-3.18703],[-45.948228,-3.192225],[-45.945028,-3.196407],[-45.941829,-3.202617],[-45.936616,-3.211393],[-45.935905,-3.214377],[-45.933178,-3.217903],[-45.931401,-3.221126],[-45.930102,-3.228588],[-45.926668,-3.236351],[-45.807844,-3.229896],[-45.806951,-3.230693],[-45.806568,-3.231259],[-45.805779,-3.231522],[-45.782436,-3.238026],[-45.782309,-3.229191],[-45.781473,-3.221373],[-45.780638,-3.216718],[-45.776121,-3.208366],[-45.772795,-3.204848],[-45.763884,-3.191366],[-45.758298,-3.1814],[-45.753884,-3.174055],[-45.750017,-3.171831],[-45.751619,-3.168364],[-45.752337,-3.167146],[-45.748942,-3.165428],[-45.748524,-3.166233],[-45.740238,-3.154795],[-45.724077,-3.125561],[-45.716235,-3.110107],[-45.711157,-3.101307],[-45.68407,-3.10983],[-45.657964,-3.115516],[-45.649657,-3.116895],[-45.641944,-3.119526],[-45.640028,-3.090387],[-45.639074,-3.083048],[-45.623985,-3.053249],[-45.623515,-3.061905],[-45.622331,-3.067039],[-45.621501,-3.069366],[-45.62174,-3.072588],[-45.620319,-3.07641],[-45.614634,-3.097661],[-45.612622,-3.106079],[-45.610611,-3.116823],[-45.610613,-3.119391],[-45.609785,-3.126195],[-45.609078,-3.136821],[-45.6092,-3.139146],[-45.608132,-3.141417],[-45.608373,-3.148458],[-45.606954,-3.155385],[-45.606125,-3.157355],[-45.606353,-3.159092],[-45.603523,-3.173949],[-45.601152,-3.181052],[-45.599732,-3.187141],[-45.595581,-3.195023],[-45.590721,-3.205229],[-45.588468,-3.20959],[-45.585624,-3.21771],[-45.582308,-3.227858],[-45.580887,-3.236156],[-45.579347,-3.242245],[-45.570709,-3.256652],[-45.564524,-3.26497],[-45.558947,-3.273031],[-45.552185,-3.279483],[-45.537708,-3.286593],[-45.522872,-3.29251],[-45.518837,-3.293646],[-45.509819,-3.29771],[-45.500559,-3.299384],[-45.500322,-3.298795],[-45.49405,-3.303266],[-45.490324,-3.306817],[-45.483665,-3.319047],[-45.449085,-3.388723],[-45.44409,-3.399424],[-45.46549,-3.418963],[-45.484155,-3.435651],[-45.50033,-3.44771],[-45.504523,-3.451061],[-45.542189,-3.484976],[-45.544067,-3.483307],[-45.54472,-3.478872],[-45.544249,-3.474156],[-45.545277,-3.470287],[-45.549028,-3.467219],[-45.55632,-3.458186],[-45.559531,-3.457542],[-45.563939,-3.455936],[-45.567454,-3.45354]]]}},{"type":"Feature","properties":{"CD_MUN":"2105153","NM_MUN":"Igarapé do Meio"},"geometry":{"type":"Polygon","coordinates":[[[-45.085673,-3.721609],[-45.087783,-3.722095],[-45.08833,-3.722506],[-45.088541,-3.722956],[-45.088468,-3.723773],[-45.08776,-3.725018],[-45.088107,-3.72634],[-45.088599,-3.727459],[-45.088589,-3.728075],[-45.088016,-3.728921],[-45.086948,-3.72978],[-45.086821,-3.730146],[-45.087941,-3.732583],[-45.088479,-3.734271],[-45.088881,-3.734382],[-45.090151,-3.733923],[-45.09111,-3.733241],[-45.091147,-3.732887],[-45.090823,-3.73225],[-45.090493,-3.73196],[-45.089676,-3.731647],[-45.089271,-3.730855],[-45.08938,-3.730552],[-45.090077,-3.730158],[-45.091012,-3.729965],[-45.091462,-3.730172],[-45.091758,-3.730589],[-45.092127,-3.73268],[-45.093114,-3.734866],[-45.09387,-3.735375],[-45.094978,-3.73526],[-45.096596,-3.734175],[-45.097495,-3.732818],[-45.097253,-3.731041],[-45.096473,-3.729758],[-45.096833,-3.7289],[-45.097333,-3.728377],[-45.098481,-3.727876],[-45.099663,-3.72841],[-45.100634,-3.72914],[-45.100898,-3.729576],[-45.100889,-3.730218],[-45.100418,-3.731312],[-45.100292,-3.732149],[-45.100884,-3.734258],[-45.101368,-3.735259],[-45.101779,-3.735543],[-45.102232,-3.735618],[-45.105298,-3.73499],[-45.105758,-3.735526],[-45.105362,-3.736255],[-45.104168,-3.737067],[-45.102771,-3.73857],[-45.102247,-3.73984],[-45.102311,-3.740373],[-45.102829,-3.740784],[-45.103837,-3.740793],[-45.105861,-3.739814],[-45.107835,-3.738312],[-45.10844,-3.738079],[-45.108854,-3.738179],[-45.108872,-3.739003],[-45.107486,-3.741334],[-45.107068,-3.742435],[-45.107083,-3.742961],[-45.107743,-3.743298],[-45.111115,-3.743194],[-45.111996,-3.743525],[-45.112177,-3.743992],[-45.111836,-3.744435],[-45.110222,-3.744783],[-45.10867,-3.745506],[-45.10802,-3.746098],[-45.107957,-3.746653],[-45.108429,-3.747362],[-45.109608,-3.748321],[-45.110406,-3.748693],[-45.111436,-3.748854],[-45.114996,-3.748099],[-45.119048,-3.746401],[-45.12039,-3.745162],[-45.123616,-3.740649],[-45.126169,-3.738508],[-45.128108,-3.737379],[-45.129833,-3.736124],[-45.130544,-3.735133],[-45.13237,-3.733555],[-45.13363,-3.732896],[-45.134294,-3.731908],[-45.135045,-3.730103],[-45.13605,-3.729094],[-45.136937,-3.728572],[-45.138683,-3.728547],[-45.139554,-3.728687],[-45.141366,-3.729572],[-45.143354,-3.731089],[-45.144668,-3.731597],[-45.145407,-3.731661],[-45.146316,-3.731311],[-45.148206,-3.729473],[-45.149383,-3.729952],[-45.15125,-3.729855],[-45.152525,-3.728993],[-45.15381,-3.729195],[-45.154589,-3.729495],[-45.288221,-3.718201],[-45.287698,-3.717757],[-45.286411,-3.716109],[-45.286119,-3.715393],[-45.286118,-3.712697],[-45.286526,-3.711102],[-45.286409,-3.708957],[-45.284512,-3.706068],[-45.284277,-3.704916],[-45.283867,-3.700293],[-45.283281,-3.699193],[-45.282319,-3.698232],[-45.2808,-3.697297],[-45.27934,-3.696693],[-45.277997,-3.696418],[-45.27531,-3.696363],[-45.27426,-3.696033],[-45.269676,-3.693752],[-45.265589,-3.691058],[-45.263457,-3.689271],[-45.26251,-3.688994],[-45.261296,-3.688942],[-45.260363,-3.689272],[-45.259429,-3.690097],[-45.258554,-3.691253],[-45.258319,-3.692298],[-45.257301,-3.693921],[-45.256365,-3.694912],[-45.255778,-3.695186],[-45.254438,-3.694856],[-45.253388,-3.693977],[-45.252337,-3.693977],[-45.251579,-3.694197],[-45.251169,-3.693977],[-45.250673,-3.693235],[-45.250264,-3.688668],[-45.24997,-3.687788],[-45.247226,-3.683993],[-45.245853,-3.682536],[-45.244802,-3.681766],[-45.242817,-3.681492],[-45.241941,-3.680832],[-45.241181,-3.679679],[-45.240714,-3.677586],[-45.240452,-3.677393],[-45.239224,-3.673874],[-45.238114,-3.672224],[-45.236946,-3.67162],[-45.236128,-3.67074],[-45.235048,-3.668568],[-45.234989,-3.663947],[-45.234697,-3.662352],[-45.234931,-3.661196],[-45.235746,-3.659656],[-45.236067,-3.658143],[-45.236067,-3.656493],[-45.23554,-3.654403],[-45.234664,-3.653412],[-45.233965,-3.652972],[-45.232855,-3.652644],[-45.231803,-3.652642],[-45.230666,-3.65311],[-45.229965,-3.653221],[-45.229088,-3.653],[-45.228038,-3.652342],[-45.227804,-3.65135],[-45.227862,-3.648655],[-45.227686,-3.647335],[-45.227104,-3.645795],[-45.226488,-3.644778],[-45.225673,-3.644064],[-45.223102,-3.643459],[-45.222168,-3.642965],[-45.220942,-3.641809],[-45.218898,-3.6406],[-45.216883,-3.640461],[-45.215365,-3.639418],[-45.21344,-3.638813],[-45.211394,-3.636832],[-45.210351,-3.636124],[-45.20979,-3.63521],[-45.208329,-3.631471],[-45.205118,-3.629216],[-45.203396,-3.627374],[-45.202169,-3.62666],[-45.200242,-3.625835],[-45.198901,-3.62556],[-45.194199,-3.625807],[-45.190638,-3.624543],[-45.18953,-3.624598],[-45.187427,-3.625204],[-45.186377,-3.625699],[-45.185004,-3.625892],[-45.183019,-3.625508],[-45.181795,-3.624847],[-45.180918,-3.624022],[-45.180158,-3.622373],[-45.178932,-3.621437],[-45.178465,-3.620666],[-45.177734,-3.616514],[-45.176684,-3.61558],[-45.175634,-3.615195],[-45.174407,-3.615302],[-45.170875,-3.618248],[-45.170058,-3.618359],[-45.169649,-3.61825],[-45.169124,-3.617479],[-45.169124,-3.615004],[-45.168714,-3.614288],[-45.167956,-3.614013],[-45.165737,-3.614343],[-45.163899,-3.614866],[-45.163315,-3.614592],[-45.162847,-3.614097],[-45.162846,-3.611402],[-45.16343,-3.608376],[-45.163255,-3.607054],[-45.162349,-3.604936],[-45.161592,-3.604279],[-45.160422,-3.604169],[-45.158204,-3.604388],[-45.157037,-3.604113],[-45.156453,-3.603454],[-45.155434,-3.601505],[-45.15403,-3.600733],[-45.152804,-3.598969],[-45.151927,-3.59831],[-45.150234,-3.597542],[-45.147783,-3.597045],[-45.145944,-3.597074],[-45.144892,-3.596524],[-45.144426,-3.595974],[-45.143491,-3.595589],[-45.142558,-3.594544],[-45.141974,-3.59361],[-45.141331,-3.592014],[-45.140162,-3.591133],[-45.136631,-3.589183],[-45.135232,-3.588797],[-45.130939,-3.588324],[-45.130063,-3.587283],[-45.130005,-3.586185],[-45.130822,-3.584809],[-45.130295,-3.583873],[-45.127961,-3.583378],[-45.125917,-3.581729],[-45.125599,-3.580382],[-45.125889,-3.578621],[-45.126996,-3.574441],[-45.12682,-3.572789],[-45.126119,-3.571306],[-45.12504,-3.570232],[-45.124106,-3.568693],[-45.123232,-3.567646],[-45.122665,-3.567261],[-45.119622,-3.565806],[-45.116814,-3.564171],[-45.112596,-3.562924],[-45.111223,-3.562065],[-45.110352,-3.561157],[-45.109653,-3.560018],[-45.10884,-3.559365],[-45.107433,-3.558872],[-45.106027,-3.557568],[-45.099549,-3.558944],[-45.097755,-3.560007],[-45.09636,-3.561535],[-45.095064,-3.562664],[-45.093802,-3.562764],[-45.092373,-3.56313],[-45.090845,-3.563993],[-45.08935,-3.564126],[-45.087922,-3.563296],[-45.08656,-3.563329],[-45.084965,-3.563628],[-45.083637,-3.564757],[-45.077856,-3.565289],[-45.077501,-3.56705],[-45.073267,-3.568891],[-45.065168,-3.571008],[-45.062866,-3.569167],[-45.060289,-3.57018],[-45.05808,-3.572297],[-45.045102,-3.572021],[-45.040684,-3.572481],[-45.038199,-3.571192],[-45.031358,-3.571045],[-45.030654,-3.571087],[-45.029343,-3.571836],[-45.02863,-3.571553],[-45.026757,-3.571554],[-45.024423,-3.57261],[-45.023717,-3.572731],[-45.022405,-3.572224],[-45.021362,-3.572102],[-45.019571,-3.572915],[-45.018777,-3.573527],[-45.017511,-3.575281],[-45.015965,-3.575974],[-45.01377,-3.577711],[-45.008867,-3.57908],[-45.008075,-3.579405],[-45.006641,-3.580427],[-45.004681,-3.581126],[-45.003054,-3.580887],[-45.001471,-3.581702],[-45.000535,-3.582655],[-44.999619,-3.584208],[-44.998277,-3.585513],[-44.997273,-3.587146],[-45.034143,-3.681395],[-45.047358,-3.716887],[-45.047872,-3.717233],[-45.049481,-3.719108],[-45.049287,-3.720401],[-45.048295,-3.722504],[-45.048287,-3.723274],[-45.048531,-3.723864],[-45.048944,-3.724316],[-45.050097,-3.724887],[-45.050696,-3.724781],[-45.051274,-3.724401],[-45.051609,-3.723334],[-45.051524,-3.722362],[-45.050484,-3.721059],[-45.050231,-3.720202],[-45.050283,-3.71877],[-45.050594,-3.717973],[-45.051647,-3.716406],[-45.052168,-3.715955],[-45.054679,-3.715348],[-45.05528,-3.715052],[-45.055366,-3.714285],[-45.055199,-3.712535],[-45.05546,-3.711827],[-45.055905,-3.711248],[-45.057374,-3.710211],[-45.058675,-3.709684],[-45.059787,-3.709457],[-45.060095,-3.70951],[-45.060803,-3.710047],[-45.061551,-3.711174],[-45.061609,-3.711628],[-45.060927,-3.713117],[-45.060933,-3.713506],[-45.06175,-3.714142],[-45.062883,-3.714633],[-45.064441,-3.71693],[-45.064722,-3.71712],[-45.068799,-3.716426],[-45.070316,-3.71656],[-45.073188,-3.717179],[-45.074855,-3.717201],[-45.076196,-3.716737],[-45.076805,-3.716172],[-45.076927,-3.715383],[-45.076794,-3.713991],[-45.077045,-3.713388],[-45.082256,-3.714059],[-45.082545,-3.714405],[-45.082566,-3.715042],[-45.082388,-3.716045],[-45.081935,-3.716958],[-45.079662,-3.718352],[-45.077619,-3.71827],[-45.077335,-3.718616],[-45.077295,-3.719378],[-45.077583,-3.719701],[-45.077883,-3.719778],[-45.080116,-3.719479],[-45.082022,-3.719846],[-45.085673,-3.721609]]]}},{"type":"Feature","properties":{"CD_MUN":"2104552","NM_MUN":"Governador Edison Lobão"},"geometry":{"type":"Polygon","coordinates":[[[-47.29204,-5.77024],[-47.294016,-5.775418],[-47.304866,-5.778148],[-47.305704,-5.781228],[-47.30806,-5.782139],[-47.309315,-5.783139],[-47.311231,-5.782137],[-47.311144,-5.778692],[-47.312309,-5.777241],[-47.314398,-5.776148],[-47.317625,-5.776241],[-47.31729,-5.778329],[-47.315119,-5.779418],[-47.313206,-5.782415],[-47.314119,-5.78368],[-47.315204,-5.784415],[-47.31656,-5.784321],[-47.318209,-5.782687],[-47.320018,-5.782702],[-47.321817,-5.784778],[-47.323175,-5.785325],[-47.325899,-5.784779],[-47.327622,-5.785603],[-47.327171,-5.788775],[-47.326342,-5.79086],[-47.325094,-5.791859],[-47.324262,-5.793581],[-47.322175,-5.795939],[-47.317729,-5.797657],[-47.315839,-5.799476],[-47.316122,-5.801385],[-47.319372,-5.800751],[-47.322077,-5.801289],[-47.323176,-5.802841],[-47.326706,-5.803836],[-47.328872,-5.805112],[-47.32943,-5.806919],[-47.3307,-5.808103],[-47.332592,-5.808468],[-47.333955,-5.806201],[-47.336957,-5.806571],[-47.337231,-5.80847],[-47.336481,-5.810922],[-47.338206,-5.811013],[-47.339754,-5.809642],[-47.34433,-5.813036],[-47.34165,-5.815185],[-47.342369,-5.816461],[-47.345088,-5.814641],[-47.349727,-5.814831],[-47.352261,-5.815831],[-47.353064,-5.818185],[-47.352703,-5.821997],[-47.354338,-5.823366],[-47.355422,-5.824996],[-47.356785,-5.8259],[-47.359234,-5.825633],[-47.362314,-5.820278],[-47.36332,-5.819186],[-47.36457,-5.818922],[-47.366649,-5.821551],[-47.365651,-5.823632],[-47.363482,-5.826176],[-47.368478,-5.828992],[-47.372811,-5.829905],[-47.375368,-5.829083],[-47.376534,-5.828091],[-47.377622,-5.826179],[-47.379342,-5.820206],[-47.38015,-5.815384],[-47.379706,-5.814121],[-47.380344,-5.812026],[-47.383784,-5.808949],[-47.384709,-5.811662],[-47.384865,-5.813749],[-47.387312,-5.818477],[-47.388681,-5.82029],[-47.394033,-5.824378],[-47.394115,-5.825824],[-47.395368,-5.826737],[-47.396365,-5.825206],[-47.398928,-5.82429],[-47.398564,-5.821384],[-47.399094,-5.817023],[-47.398286,-5.815118],[-47.397847,-5.812489],[-47.399088,-5.812036],[-47.402816,-5.813032],[-47.405456,-5.814303],[-47.4087,-5.814854],[-47.409512,-5.817207],[-47.410867,-5.81866],[-47.411235,-5.819752],[-47.411425,-5.821209],[-47.410871,-5.824652],[-47.411422,-5.826016],[-47.414397,-5.824201],[-47.416318,-5.823654],[-47.418956,-5.818943],[-47.420405,-5.818664],[-47.422926,-5.820033],[-47.425732,-5.824834],[-47.427815,-5.831284],[-47.429455,-5.833008],[-47.43318,-5.832738],[-47.436875,-5.831103],[-47.442279,-5.830786],[-47.446928,-5.81974],[-47.44829,-5.818673],[-47.452651,-5.812594],[-47.454653,-5.807513],[-47.456735,-5.800348],[-47.460539,-5.79164],[-47.46445,-5.784305],[-47.466509,-5.7783],[-47.471608,-5.770044],[-47.482622,-5.759306],[-47.493375,-5.730531],[-47.494167,-5.724781],[-47.49437,-5.71682],[-47.493094,-5.710038],[-47.484312,-5.684115],[-47.479328,-5.673043],[-47.473704,-5.66198],[-47.473898,-5.658254],[-47.4755,-5.649015],[-47.47723,-5.63504],[-47.479689,-5.621709],[-47.477258,-5.620794],[-47.475311,-5.622848],[-47.47379,-5.622802],[-47.471551,-5.621142],[-47.47031,-5.621026],[-47.468568,-5.62125],[-47.467229,-5.621841],[-47.46529,-5.624086],[-47.46379,-5.624347],[-47.458703,-5.629349],[-47.454981,-5.628767],[-47.45368,-5.62904],[-47.452203,-5.631954],[-47.449873,-5.630327],[-47.447706,-5.627669],[-47.445979,-5.628147],[-47.446367,-5.631386],[-47.44604,-5.631678],[-47.44493,-5.631801],[-47.440066,-5.628531],[-47.4382,-5.628788],[-47.436006,-5.631154],[-47.435207,-5.633318],[-47.434894,-5.636147],[-47.435484,-5.639918],[-47.434537,-5.643777],[-47.433201,-5.64387],[-47.431568,-5.643133],[-47.429759,-5.640877],[-47.429705,-5.63916],[-47.429291,-5.638472],[-47.425952,-5.6398],[-47.423512,-5.637807],[-47.420951,-5.637489],[-47.417955,-5.639191],[-47.415372,-5.638316],[-47.410635,-5.641659],[-47.40979,-5.642035],[-47.408805,-5.642265],[-47.40718,-5.641268],[-47.406311,-5.641277],[-47.405705,-5.642215],[-47.405957,-5.643853],[-47.402871,-5.64532],[-47.400955,-5.645477],[-47.398702,-5.64503],[-47.396286,-5.645706],[-47.395862,-5.645352],[-47.395622,-5.645723],[-47.394835,-5.645132],[-47.395197,-5.643572],[-47.395053,-5.643172],[-47.395106,-5.642164],[-47.394634,-5.641984],[-47.394281,-5.642489],[-47.393627,-5.642746],[-47.392809,-5.642323],[-47.390969,-5.642659],[-47.390202,-5.644296],[-47.389923,-5.644447],[-47.389893,-5.644759],[-47.389605,-5.644867],[-47.389514,-5.644616],[-47.389084,-5.644484],[-47.388992,-5.644285],[-47.388434,-5.644211],[-47.387294,-5.643008],[-47.386872,-5.642959],[-47.385988,-5.644086],[-47.385307,-5.644575],[-47.383669,-5.645444],[-47.383287,-5.645437],[-47.383013,-5.645763],[-47.381653,-5.645942],[-47.381461,-5.645422],[-47.380984,-5.645694],[-47.380732,-5.645585],[-47.380653,-5.645319],[-47.380968,-5.645165],[-47.381035,-5.644692],[-47.380452,-5.645001],[-47.380278,-5.644937],[-47.380303,-5.643945],[-47.379814,-5.643818],[-47.379712,-5.643227],[-47.379114,-5.642534],[-47.378956,-5.64262],[-47.379002,-5.643262],[-47.378803,-5.643293],[-47.378086,-5.641821],[-47.37751,-5.641739],[-47.376015,-5.641962],[-47.37513,-5.641712],[-47.375064,-5.641265],[-47.374662,-5.64088],[-47.374661,-5.640457],[-47.374105,-5.640699],[-47.373475,-5.640379],[-47.373328,-5.640446],[-47.373372,-5.640697],[-47.373134,-5.641228],[-47.372527,-5.641302],[-47.371945,-5.641727],[-47.371375,-5.64129],[-47.371365,-5.640323],[-47.371135,-5.6403],[-47.37088,-5.640885],[-47.370738,-5.640843],[-47.370818,-5.640463],[-47.37069,-5.640097],[-47.370988,-5.63967],[-47.370527,-5.639383],[-47.370383,-5.639446],[-47.37018,-5.640398],[-47.36909,-5.639975],[-47.36871,-5.640502],[-47.36837,-5.640685],[-47.367735,-5.640582],[-47.367836,-5.640018],[-47.366274,-5.639924],[-47.365845,-5.640537],[-47.366163,-5.640941],[-47.366635,-5.64099],[-47.366684,-5.641488],[-47.366298,-5.642695],[-47.366363,-5.64312],[-47.365746,-5.643053],[-47.365489,-5.643865],[-47.364792,-5.644316],[-47.364164,-5.644187],[-47.363215,-5.644553],[-47.362315,-5.64441],[-47.362252,-5.64453],[-47.362654,-5.644989],[-47.362393,-5.645775],[-47.361221,-5.646866],[-47.360412,-5.647012],[-47.359072,-5.646892],[-47.358904,-5.64742],[-47.358736,-5.647417],[-47.358626,-5.6471],[-47.357922,-5.647828],[-47.357426,-5.647707],[-47.357245,-5.648175],[-47.35668,-5.648211],[-47.356481,-5.648425],[-47.356315,-5.648375],[-47.356072,-5.647724],[-47.355699,-5.64777],[-47.355466,-5.647512],[-47.354829,-5.648603],[-47.354823,-5.648135],[-47.354441,-5.647716],[-47.354657,-5.647129],[-47.354198,-5.647058],[-47.354057,-5.646864],[-47.354132,-5.646634],[-47.354475,-5.6465],[-47.354886,-5.645995],[-47.354623,-5.645147],[-47.354884,-5.644743],[-47.354935,-5.644306],[-47.354419,-5.643829],[-47.353868,-5.643853],[-47.353302,-5.643156],[-47.35317,-5.643162],[-47.352968,-5.643635],[-47.352354,-5.643644],[-47.352251,-5.644661],[-47.352015,-5.644754],[-47.352003,-5.644457],[-47.351761,-5.64443],[-47.35161,-5.645151],[-47.350753,-5.645311],[-47.35077,-5.645489],[-47.350536,-5.645691],[-47.349644,-5.645838],[-47.348848,-5.646325],[-47.348293,-5.646136],[-47.347946,-5.64692],[-47.346751,-5.646697],[-47.345773,-5.646847],[-47.344352,-5.646459],[-47.343832,-5.64669],[-47.343187,-5.646374],[-47.343034,-5.646628],[-47.34261,-5.646742],[-47.341931,-5.646036],[-47.341636,-5.646248],[-47.341574,-5.645612],[-47.341786,-5.645263],[-47.341537,-5.645193],[-47.341202,-5.644621],[-47.340656,-5.645],[-47.339762,-5.644307],[-47.33957,-5.644775],[-47.33932,-5.644821],[-47.339402,-5.645259],[-47.339273,-5.645371],[-47.338046,-5.644819],[-47.337182,-5.644829],[-47.337174,-5.644654],[-47.337921,-5.643981],[-47.33798,-5.643656],[-47.337529,-5.64329],[-47.337046,-5.643259],[-47.33682,-5.642674],[-47.336849,-5.641869],[-47.336469,-5.641752],[-47.336294,-5.64126],[-47.33575,-5.641306],[-47.335505,-5.641094],[-47.334031,-5.641496],[-47.333833,-5.640938],[-47.333399,-5.640714],[-47.332054,-5.641088],[-47.331498,-5.640881],[-47.330644,-5.641254],[-47.329786,-5.640286],[-47.32927,-5.640638],[-47.328517,-5.640849],[-47.327916,-5.640668],[-47.327462,-5.64078],[-47.327275,-5.640518],[-47.326594,-5.640798],[-47.325688,-5.639722],[-47.325615,-5.63909],[-47.325203,-5.638887],[-47.324258,-5.639399],[-47.323871,-5.639938],[-47.323836,-5.640137],[-47.324142,-5.640614],[-47.323468,-5.640453],[-47.322509,-5.640708],[-47.321726,-5.640629],[-47.3214,-5.641067],[-47.321209,-5.641087],[-47.320567,-5.640692],[-47.320397,-5.641114],[-47.319626,-5.641658],[-47.319609,-5.641816],[-47.319893,-5.642002],[-47.319643,-5.642597],[-47.318826,-5.642573],[-47.318709,-5.642252],[-47.317907,-5.642905],[-47.317281,-5.642881],[-47.317062,-5.643026],[-47.316985,-5.643625],[-47.31648,-5.643538],[-47.316185,-5.643992],[-47.315678,-5.644037],[-47.315644,-5.644388],[-47.314231,-5.645343],[-47.314119,-5.646138],[-47.313462,-5.646561],[-47.313586,-5.647033],[-47.313328,-5.647464],[-47.313492,-5.647718],[-47.313145,-5.648036],[-47.31308,-5.648765],[-47.312608,-5.649429],[-47.311565,-5.650011],[-47.309,-5.650026],[-47.308896,-5.650409],[-47.30848,-5.650311],[-47.308393,-5.650762],[-47.307507,-5.65162],[-47.307532,-5.652389],[-47.307005,-5.652749],[-47.307102,-5.653149],[-47.306879,-5.653347],[-47.306235,-5.653477],[-47.306222,-5.653719],[-47.305894,-5.653686],[-47.305736,-5.654135],[-47.305973,-5.654347],[-47.305632,-5.654718],[-47.304457,-5.65479],[-47.303402,-5.655331],[-47.303291,-5.656078],[-47.304065,-5.658118],[-47.303674,-5.658789],[-47.302918,-5.659034],[-47.302652,-5.658815],[-47.302535,-5.658435],[-47.116531,-5.654207],[-47.085861,-5.671058],[-47.08602,-5.672311],[-47.086558,-5.673391],[-47.091946,-5.678647],[-47.094506,-5.681888],[-47.098707,-5.685769],[-47.103668,-5.691271],[-47.109507,-5.695632],[-47.110451,-5.69691],[-47.1107,-5.702609],[-47.113234,-5.707898],[-47.120727,-5.709225],[-47.123073,-5.71282],[-47.124253,-5.718833],[-47.126517,-5.722001],[-47.130949,-5.725291],[-47.134567,-5.729472],[-47.136279,-5.729564],[-47.143341,-5.732278],[-47.146812,-5.732834],[-47.152394,-5.734559],[-47.159415,-5.734237],[-47.162762,-5.737566],[-47.169582,-5.738568],[-47.173417,-5.741214],[-47.172345,-5.743478],[-47.175064,-5.745658],[-47.176145,-5.748106],[-47.178143,-5.749197],[-47.180033,-5.749206],[-47.181396,-5.748562],[-47.183313,-5.750216],[-47.183378,-5.752836],[-47.184282,-5.756105],[-47.186398,-5.757316],[-47.191007,-5.758467],[-47.19145,-5.759831],[-47.190899,-5.762644],[-47.191618,-5.76464],[-47.195261,-5.766634],[-47.197621,-5.767182],[-47.198224,-5.771906],[-47.198789,-5.77318],[-47.200788,-5.774172],[-47.203313,-5.773815],[-47.205228,-5.77146],[-47.207313,-5.770819],[-47.2084,-5.772726],[-47.211859,-5.773718],[-47.215474,-5.771906],[-47.221894,-5.770192],[-47.225559,-5.773538],[-47.228834,-5.775802],[-47.231121,-5.774556],[-47.232121,-5.773377],[-47.234312,-5.772926],[-47.235029,-5.771658],[-47.234397,-5.770206],[-47.231118,-5.769024],[-47.231596,-5.767478],[-47.233774,-5.766296],[-47.239819,-5.765228],[-47.243497,-5.7635],[-47.246177,-5.763771],[-47.249346,-5.763132],[-47.250261,-5.764133],[-47.249986,-5.766038],[-47.243454,-5.767124],[-47.242169,-5.768125],[-47.242091,-5.770208],[-47.243891,-5.771298],[-47.246101,-5.771218],[-47.250705,-5.774668],[-47.252449,-5.774407],[-47.259809,-5.775841],[-47.26429,-5.773585],[-47.267376,-5.770954],[-47.268946,-5.770132],[-47.272906,-5.769051],[-47.273811,-5.770869],[-47.275173,-5.771597],[-47.276812,-5.771594],[-47.277983,-5.773042],[-47.279256,-5.773322],[-47.280061,-5.772235],[-47.280061,-5.767699],[-47.280507,-5.765881],[-47.281699,-5.765885],[-47.283673,-5.76924],[-47.284393,-5.771694],[-47.286225,-5.769788],[-47.28795,-5.769512],[-47.289119,-5.767518],[-47.29048,-5.766248],[-47.292117,-5.76598],[-47.293005,-5.767249],[-47.29204,-5.77024]]]}},{"type":"Feature","properties":{"CD_MUN":"2112803","NM_MUN":"Viana"},"geometry":{"type":"Polygon","coordinates":[[[-44.894186,-3.293648],[-44.896217,-3.294026],[-44.896795,-3.295828],[-44.895903,-3.297765],[-44.895408,-3.299815],[-44.89638,-3.301618],[-44.89763,-3.301656],[-44.899653,-3.300732],[-44.901601,-3.300326],[-44.902791,-3.300316],[-44.904275,-3.300633],[-44.906936,-3.301766],[-44.916048,-3.306921],[-44.918599,-3.307348],[-44.920769,-3.307431],[-44.922966,-3.307068],[-44.925743,-3.305692],[-44.927902,-3.304387],[-44.930549,-3.3024],[-44.932155,-3.300978],[-44.931634,-3.29898],[-44.92938,-3.296612],[-44.927989,-3.294222],[-44.928157,-3.292404],[-44.929046,-3.291671],[-44.93085,-3.291435],[-44.935403,-3.293094],[-44.939516,-3.294059],[-44.940491,-3.292603],[-44.939271,-3.289324],[-44.939272,-3.287164],[-44.939927,-3.286178],[-44.941968,-3.285991],[-44.94332,-3.28742],[-44.945817,-3.290561],[-44.945826,-3.292612],[-44.94519,-3.293653],[-44.944186,-3.295986],[-44.944711,-3.298537],[-44.944572,-3.300858],[-44.943794,-3.30435],[-44.943248,-3.305576],[-44.939324,-3.310462],[-44.938603,-3.31229],[-44.938766,-3.314224],[-44.939855,-3.316044],[-44.941466,-3.316996],[-44.942516,-3.316442],[-44.944491,-3.313845],[-44.946375,-3.313478],[-44.946797,-3.315644],[-44.944879,-3.320495],[-44.943188,-3.323506],[-44.941938,-3.325192],[-44.940488,-3.326547],[-44.93899,-3.326139],[-44.937352,-3.325007],[-44.935768,-3.326165],[-44.935686,-3.328262],[-44.937162,-3.330122],[-44.939963,-3.332491],[-44.942211,-3.333849],[-44.944967,-3.336303],[-44.946604,-3.336715],[-44.94827,-3.335548],[-44.950213,-3.33463],[-44.950959,-3.336409],[-44.950517,-3.338588],[-44.951463,-3.340233],[-44.95338,-3.340473],[-44.954597,-3.340091],[-44.956409,-3.339053],[-44.960086,-3.336284],[-44.964432,-3.334246],[-44.966244,-3.333069],[-44.968433,-3.330891],[-44.970213,-3.330069],[-44.972272,-3.330292],[-44.978115,-3.333361],[-44.982848,-3.335227],[-44.986298,-3.335524],[-44.988441,-3.335288],[-44.991914,-3.335462],[-44.99349,-3.335117],[-44.994879,-3.333813],[-44.996104,-3.332055],[-44.997744,-3.330684],[-44.998899,-3.328983],[-44.999235,-3.32786],[-45.000321,-3.326286],[-45.002828,-3.325736],[-45.005295,-3.322353],[-45.00827,-3.319507],[-45.009862,-3.319773],[-45.01277,-3.317955],[-45.01396,-3.319591],[-45.015822,-3.316],[-45.017937,-3.315821],[-45.019828,-3.31481],[-45.020327,-3.313268],[-45.021104,-3.312],[-45.022689,-3.312851],[-45.023679,-3.311468],[-45.020658,-3.30851],[-45.019358,-3.305135],[-45.018656,-3.303973],[-45.018853,-3.302035],[-45.018206,-3.298849],[-45.016294,-3.298554],[-45.017744,-3.296378],[-45.017988,-3.293899],[-45.020544,-3.294188],[-45.021852,-3.293619],[-45.01905,-3.291327],[-45.020125,-3.290709],[-45.022741,-3.291163],[-45.022607,-3.287917],[-45.023518,-3.285618],[-45.023883,-3.283849],[-45.022331,-3.282281],[-45.019994,-3.281494],[-45.019327,-3.279203],[-45.033127,-3.239363],[-45.067002,-3.260124],[-45.073026,-3.264431],[-45.073592,-3.260095],[-45.074921,-3.257794],[-45.076098,-3.256514],[-45.076886,-3.255198],[-45.077592,-3.250694],[-45.078226,-3.24957],[-45.079377,-3.248828],[-45.081717,-3.248444],[-45.082454,-3.248563],[-45.082682,-3.248833],[-45.082604,-3.249981],[-45.081998,-3.251047],[-45.081355,-3.251803],[-45.081139,-3.252634],[-45.081193,-3.253519],[-45.081743,-3.253867],[-45.082092,-3.25391],[-45.0826,-3.253693],[-45.084507,-3.252352],[-45.087178,-3.250803],[-45.088144,-3.2506],[-45.088867,-3.250689],[-45.09155,-3.251965],[-45.091776,-3.252582],[-45.091729,-3.25323],[-45.091463,-3.25392],[-45.090902,-3.254411],[-45.089121,-3.254696],[-45.088073,-3.255166],[-45.087816,-3.255658],[-45.087832,-3.256511],[-45.08842,-3.257497],[-45.088837,-3.257763],[-45.089562,-3.257838],[-45.090524,-3.257562],[-45.091582,-3.257094],[-45.092534,-3.256275],[-45.093557,-3.254971],[-45.093828,-3.25421],[-45.094127,-3.251729],[-45.093809,-3.25092],[-45.093341,-3.250385],[-45.092027,-3.249914],[-45.089086,-3.249299],[-45.088389,-3.248987],[-45.088064,-3.248518],[-45.088317,-3.247844],[-45.092656,-3.244253],[-45.101726,-3.236311],[-45.111735,-3.226075],[-45.132735,-3.203577],[-45.134268,-3.201359],[-45.136014,-3.200124],[-45.136838,-3.199972],[-45.137651,-3.200319],[-45.138537,-3.201507],[-45.14046,-3.203032],[-45.142121,-3.203682],[-45.143095,-3.204551],[-45.14355,-3.205738],[-45.144544,-3.206946],[-45.145646,-3.207342],[-45.146001,-3.206891],[-45.145442,-3.204795],[-45.144722,-3.203603],[-45.141855,-3.200704],[-45.139919,-3.198205],[-45.138988,-3.196088],[-45.138871,-3.193809],[-45.139108,-3.191467],[-45.140272,-3.188669],[-45.143722,-3.185273],[-45.144322,-3.1837],[-45.144483,-3.182062],[-45.145013,-3.180774],[-45.146605,-3.180684],[-45.147216,-3.180301],[-45.148141,-3.180072],[-45.150541,-3.177891],[-45.153418,-3.177704],[-45.155397,-3.177041],[-45.156061,-3.176393],[-45.157087,-3.174786],[-45.158159,-3.174493],[-45.15915,-3.173847],[-45.161507,-3.174257],[-45.163457,-3.173743],[-45.164903,-3.172041],[-45.16508,-3.171535],[-45.165429,-3.171272],[-45.166096,-3.171004],[-45.166849,-3.171059],[-45.168752,-3.170014],[-45.16992,-3.169863],[-45.171545,-3.169342],[-45.172558,-3.169279],[-45.173847,-3.168418],[-45.175333,-3.168653],[-45.176287,-3.169042],[-45.179318,-3.168726],[-45.18014,-3.169002],[-45.18089,-3.169493],[-45.182075,-3.169535],[-45.184874,-3.170675],[-45.187286,-3.170052],[-45.187837,-3.169703],[-45.189885,-3.169192],[-45.190753,-3.168819],[-45.192862,-3.168456],[-45.194722,-3.168437],[-45.196508,-3.167658],[-45.197105,-3.166971],[-45.198431,-3.166131],[-45.19938,-3.165186],[-45.199778,-3.164156],[-45.200302,-3.163369],[-45.201254,-3.163086],[-45.202747,-3.161797],[-45.20484,-3.160613],[-45.205818,-3.159578],[-45.208416,-3.158854],[-45.210002,-3.158953],[-45.211469,-3.158576],[-45.213282,-3.158934],[-45.216396,-3.158896],[-45.217924,-3.158597],[-45.219531,-3.157484],[-45.220313,-3.156311],[-45.220961,-3.155956],[-45.222116,-3.155925],[-45.223146,-3.156484],[-45.260219,-3.141673],[-45.266005,-3.136849],[-45.267524,-3.136321],[-45.273547,-3.13723],[-45.277639,-3.136936],[-45.280093,-3.135906],[-45.283717,-3.133846],[-45.286244,-3.132925],[-45.287804,-3.132607],[-45.288941,-3.132609],[-45.290647,-3.133611],[-45.291858,-3.133864],[-45.293109,-3.133686],[-45.295832,-3.132257],[-45.297278,-3.131182],[-45.298455,-3.130718],[-45.29946,-3.130575],[-45.301329,-3.13068],[-45.302152,-3.131214],[-45.303117,-3.131427],[-45.303791,-3.131108],[-45.304365,-3.13043],[-45.305185,-3.130073],[-45.30765,-3.129965],[-45.309434,-3.129252],[-45.310768,-3.127366],[-45.311839,-3.126616],[-45.313044,-3.126337],[-45.314356,-3.126307],[-45.318483,-3.126673],[-45.318762,-3.126386],[-45.31913,-3.125988],[-45.278669,-3.079388],[-45.278275,-3.077016],[-45.278863,-3.072562],[-45.279018,-3.067338],[-45.27853,-3.063729],[-45.276568,-3.058558],[-45.273304,-3.05626],[-45.270203,-3.053307],[-45.266449,-3.05027],[-45.261388,-3.043951],[-45.258616,-3.040175],[-45.256165,-3.03837],[-45.252902,-3.03681],[-45.250617,-3.035169],[-45.247515,-3.030494],[-45.24474,-3.027537],[-45.241965,-3.023926],[-45.241312,-3.02212],[-45.239191,-3.021383],[-45.23666,-3.019412],[-45.232582,-3.014119],[-45.230785,-3.012396],[-45.230213,-3.01018],[-45.229804,-3.006445],[-45.229884,-3.002586],[-45.229312,-3.000288],[-45.228823,-2.996734],[-45.228157,-2.989144],[-45.228022,-2.985742],[-45.227092,-2.981608],[-45.22855,-2.976138],[-45.228416,-2.972074],[-45.226693,-2.968337],[-45.22192,-2.964538],[-45.218604,-2.960139],[-45.217675,-2.953337],[-45.125695,-2.920496],[-45.126534,-2.922671],[-45.126663,-2.924038],[-45.12621,-2.926449],[-45.12524,-2.927036],[-45.122519,-2.928176],[-45.120966,-2.930263],[-45.120059,-2.932086],[-45.119865,-2.936483],[-45.095663,-2.931484],[-45.145797,-3.014464],[-45.140698,-3.067574],[-45.133081,-3.069377],[-45.131879,-3.069509],[-45.130462,-3.069242],[-45.129754,-3.068608],[-45.128498,-3.066374],[-45.127188,-3.065339],[-45.126303,-3.065173],[-45.123862,-3.065169],[-45.120535,-3.064004],[-45.119788,-3.064036],[-45.119033,-3.065047],[-45.118827,-3.069131],[-45.118276,-3.070943],[-45.117654,-3.071637],[-45.115242,-3.07195],[-45.113379,-3.072713],[-45.111658,-3.074586],[-45.109311,-3.07816],[-45.105727,-3.080795],[-45.10483,-3.082807],[-45.104003,-3.083466],[-45.101519,-3.083952],[-45.098143,-3.085896],[-45.09621,-3.085651],[-45.094487,-3.08496],[-45.091935,-3.085584],[-45.090696,-3.086346],[-45.088903,-3.088601],[-45.087536,-3.089274],[-45.083607,-3.089552],[-45.081674,-3.090348],[-45.080157,-3.092015],[-45.078486,-3.094729],[-45.07557,-3.096337],[-45.075384,-3.098498],[-45.075517,-3.100726],[-45.076518,-3.103567],[-45.077821,-3.10591],[-45.078515,-3.107674],[-45.077489,-3.11013],[-45.073938,-3.113908],[-45.072938,-3.116322],[-45.072986,-3.12214],[-45.072549,-3.123915],[-45.070152,-3.126512],[-45.067709,-3.128153],[-45.06624,-3.131741],[-45.06544,-3.135305],[-45.064711,-3.136988],[-45.062465,-3.138587],[-45.061971,-3.140711],[-45.061471,-3.14129],[-45.060906,-3.141374],[-45.06036,-3.140334],[-45.060595,-3.138535],[-45.061554,-3.136077],[-45.061639,-3.135154],[-45.060628,-3.134257],[-45.059934,-3.134174],[-45.059457,-3.134983],[-45.059474,-3.135791],[-45.05924,-3.137077],[-45.058743,-3.137918],[-45.0579,-3.138446],[-45.056777,-3.138759],[-45.055006,-3.138329],[-45.054774,-3.138429],[-45.054707,-3.138874],[-45.055597,-3.139932],[-45.055632,-3.140722],[-45.055054,-3.141035],[-45.052246,-3.140701],[-45.050927,-3.139846],[-45.050259,-3.139783],[-45.049306,-3.139897],[-45.046916,-3.140604],[-45.04486,-3.141411],[-45.043864,-3.141592],[-45.04294,-3.141343],[-45.041275,-3.139906],[-45.040534,-3.1389],[-45.040109,-3.13602],[-45.038592,-3.134549],[-45.038538,-3.133528],[-45.038705,-3.133065],[-45.039701,-3.131664],[-45.038944,-3.130676],[-45.038316,-3.130593],[-45.037602,-3.13074],[-45.037156,-3.131449],[-45.036853,-3.13427],[-45.036488,-3.135278],[-45.036456,-3.136416],[-45.03684,-3.137977],[-45.038173,-3.13958],[-45.038372,-3.140503],[-45.038125,-3.141279],[-45.037135,-3.14159],[-45.03669,-3.142031],[-45.036458,-3.142526],[-45.03659,-3.143318],[-45.036506,-3.144094],[-45.036157,-3.144804],[-45.03558,-3.145181],[-45.034095,-3.145159],[-45.032808,-3.144821],[-45.02895,-3.145496],[-45.026615,-3.145624],[-45.025802,-3.145457],[-45.025196,-3.144839],[-45.025067,-3.144092],[-45.024719,-3.143989],[-45.02388,-3.144299],[-45.023739,-3.144839],[-45.024628,-3.146332],[-45.024564,-3.146693],[-45.024242,-3.147041],[-45.022952,-3.147504],[-45.021945,-3.14829],[-45.021364,-3.148484],[-45.020758,-3.148355],[-45.020141,-3.147864],[-45.019771,-3.1479],[-45.019412,-3.148156],[-45.018935,-3.149497],[-45.018075,-3.150192],[-45.01658,-3.149677],[-45.015305,-3.148956],[-45.014942,-3.149046],[-45.014468,-3.149483],[-45.013836,-3.149663],[-45.013269,-3.149329],[-45.013115,-3.148106],[-45.013245,-3.147129],[-45.014018,-3.145638],[-45.014727,-3.143654],[-45.015371,-3.142431],[-45.017293,-3.141079],[-45.018029,-3.140808],[-45.018622,-3.139878],[-45.018763,-3.138912],[-45.01992,-3.137524],[-45.019855,-3.137241],[-45.019623,-3.13719],[-45.018399,-3.137872],[-45.017818,-3.137872],[-45.017535,-3.137472],[-45.017496,-3.135734],[-45.018116,-3.134948],[-45.018837,-3.134666],[-45.019249,-3.134141],[-45.019261,-3.133774],[-45.018798,-3.133542],[-45.017626,-3.133631],[-45.017265,-3.132898],[-45.017393,-3.132305],[-45.017987,-3.131765],[-45.018966,-3.131302],[-45.019147,-3.130807],[-45.019043,-3.130163],[-45.018502,-3.129661],[-45.018167,-3.128029],[-45.017793,-3.127785],[-45.017111,-3.128001],[-45.016414,-3.129106],[-45.015691,-3.131553],[-45.014299,-3.132583],[-45.014185,-3.132967],[-45.015735,-3.13509],[-45.015955,-3.13568],[-45.015679,-3.136866],[-45.016052,-3.137743],[-45.015871,-3.138375],[-45.015394,-3.138618],[-45.014866,-3.138437],[-45.014492,-3.138025],[-45.014236,-3.137406],[-45.013639,-3.137351],[-45.013266,-3.138612],[-45.012725,-3.138573],[-45.011735,-3.138804],[-45.012079,-3.139861],[-45.011654,-3.140902],[-45.011921,-3.141759],[-45.011792,-3.142043],[-45.010696,-3.142068],[-45.009019,-3.14145],[-45.00884,-3.141863],[-45.008945,-3.142327],[-45.008794,-3.142688],[-45.008449,-3.142959],[-45.008392,-3.143344],[-45.008722,-3.143807],[-45.010607,-3.143589],[-45.011405,-3.144129],[-45.011483,-3.144966],[-45.010992,-3.146048],[-45.009528,-3.14732],[-45.009258,-3.148221],[-45.009283,-3.149097],[-45.008818,-3.149742],[-45.007131,-3.150498],[-45.006356,-3.150577],[-45.005725,-3.150203],[-45.005419,-3.14961],[-45.00542,-3.148323],[-45.005563,-3.147963],[-45.005473,-3.147732],[-45.005036,-3.147719],[-45.004254,-3.148683],[-45.004318,-3.149505],[-45.005406,-3.151706],[-45.005286,-3.152209],[-45.003927,-3.153483],[-45.002755,-3.15419],[-45.002034,-3.154396],[-45.001288,-3.154317],[-45.000608,-3.153981],[-45.000312,-3.153236],[-45.000284,-3.151938],[-45.000042,-3.151367],[-44.998661,-3.150608],[-44.998352,-3.149978],[-44.998419,-3.149167],[-44.998862,-3.147946],[-44.999655,-3.146843],[-44.999065,-3.144809],[-44.999331,-3.14374],[-45.000713,-3.142517],[-45.000674,-3.142273],[-44.99964,-3.141799],[-44.999346,-3.141027],[-44.998895,-3.140461],[-44.997884,-3.139919],[-44.99787,-3.138798],[-44.998388,-3.138038],[-44.998519,-3.137343],[-44.998209,-3.136841],[-44.997497,-3.136749],[-44.996684,-3.13747],[-44.995301,-3.138758],[-44.995081,-3.140123],[-44.994245,-3.140767],[-44.993717,-3.140947],[-44.993214,-3.141565],[-44.992627,-3.141862],[-44.992049,-3.141898],[-44.991185,-3.141692],[-44.990775,-3.141073],[-44.99039,-3.139593],[-44.990094,-3.139336],[-44.989566,-3.139426],[-44.988279,-3.140052],[-44.987566,-3.14023],[-44.986736,-3.140126],[-44.986338,-3.140371],[-44.986427,-3.141517],[-44.986883,-3.142006],[-44.98821,-3.142547],[-44.98919,-3.142661],[-44.989769,-3.143165],[-44.990001,-3.144093],[-44.991685,-3.144995],[-44.992497,-3.145934],[-44.992781,-3.146885],[-44.992632,-3.147649],[-44.991946,-3.148457],[-44.9917,-3.149911],[-44.992566,-3.150878],[-44.992719,-3.151379],[-44.992524,-3.151929],[-44.991816,-3.152907],[-44.990911,-3.153368],[-44.989998,-3.153369],[-44.989586,-3.153073],[-44.988504,-3.151697],[-44.987834,-3.151838],[-44.987501,-3.152481],[-44.987616,-3.153367],[-44.988477,-3.155871],[-44.988361,-3.156437],[-44.987576,-3.157028],[-44.985486,-3.157299],[-44.984124,-3.156269],[-44.982768,-3.152426],[-44.982075,-3.151713],[-44.981601,-3.152189],[-44.981539,-3.153175],[-44.983514,-3.159814],[-44.983339,-3.160385],[-44.98301,-3.16071],[-44.983152,-3.16146],[-44.982696,-3.16226],[-44.981771,-3.162891],[-44.981084,-3.162526],[-44.980124,-3.162788],[-44.979702,-3.163627],[-44.97918,-3.165743],[-44.977573,-3.167033],[-44.977676,-3.167746],[-44.97814,-3.167805],[-44.978381,-3.168068],[-44.978334,-3.168326],[-44.976496,-3.169664],[-44.974584,-3.171427],[-44.972589,-3.172023],[-44.972352,-3.172848],[-44.972786,-3.173197],[-44.97285,-3.174043],[-44.972017,-3.175189],[-44.970833,-3.176041],[-44.970859,-3.176267],[-44.971871,-3.176982],[-44.972181,-3.177024],[-44.972523,-3.177425],[-44.972756,-3.179015],[-44.972297,-3.179975],[-44.971462,-3.180447],[-44.971465,-3.180714],[-44.971145,-3.18099],[-44.970851,-3.180855],[-44.970665,-3.181987],[-44.970211,-3.182817],[-44.969668,-3.184663],[-44.969022,-3.186052],[-44.968197,-3.186492],[-44.949429,-3.165175],[-44.93826,-3.166188],[-44.924575,-3.16008],[-44.865186,-3.090678],[-44.804408,-3.123061],[-44.839836,-3.075089],[-44.841924,-3.07159],[-44.841924,-3.069271],[-44.84123,-3.06822],[-44.839749,-3.068308],[-44.835836,-3.069489],[-44.832356,-3.069838],[-44.826965,-3.068569],[-44.816787,-3.066992],[-44.81322,-3.065548],[-44.812005,-3.064761],[-44.810438,-3.065636],[-44.810176,-3.069964],[-44.809567,-3.075391],[-44.807305,-3.077929],[-44.802955,-3.07972],[-44.799782,-3.079411],[-44.790851,-3.087193],[-44.788814,-3.089767],[-44.787848,-3.089543],[-44.787166,-3.089657],[-44.78631,-3.091074],[-44.786024,-3.091869],[-44.786223,-3.092852],[-44.78568,-3.093642],[-44.78225,-3.092544],[-44.780747,-3.092509],[-44.777883,-3.097493],[-44.775834,-3.100391],[-44.772925,-3.10204],[-44.7714,-3.102263],[-44.769515,-3.099615],[-44.76851,-3.098529],[-44.7673,-3.099138],[-44.765423,-3.100671],[-44.764452,-3.102092],[-44.764336,-3.103172],[-44.764626,-3.105006],[-44.764545,-3.106246],[-44.763841,-3.107232],[-44.762461,-3.107547],[-44.760474,-3.106876],[-44.758268,-3.106641],[-44.75539,-3.107206],[-44.75287,-3.107899],[-44.749241,-3.109784],[-44.747595,-3.111274],[-44.74598,-3.113877],[-44.745751,-3.115712],[-44.745843,-3.11724],[-44.745673,-3.118168],[-44.745322,-3.119001],[-44.744202,-3.119718],[-44.740238,-3.120257],[-44.735926,-3.121364],[-44.73405,-3.122095],[-44.728619,-3.121845],[-44.72545,-3.122229],[-44.724205,-3.122885],[-44.723651,-3.12397],[-44.721314,-3.126212],[-44.720401,-3.127753],[-44.719805,-3.128344],[-44.718652,-3.128784],[-44.716751,-3.128546],[-44.715593,-3.12858],[-44.714744,-3.129331],[-44.713685,-3.129249],[-44.713333,-3.129485],[-44.713262,-3.130538],[-44.711736,-3.130083],[-44.710106,-3.129875],[-44.708707,-3.129957],[-44.706936,-3.130373],[-44.700587,-3.131165],[-44.696053,-3.131362],[-44.693943,-3.132113],[-44.693371,-3.132155],[-44.691927,-3.131889],[-44.691298,-3.132573],[-44.691027,-3.133276],[-44.690315,-3.133935],[-44.689844,-3.136035],[-44.689116,-3.13642],[-44.688487,-3.137054],[-44.684984,-3.14106],[-44.674253,-3.152124],[-44.674519,-3.152287],[-44.682547,-3.162693],[-44.689115,-3.175792],[-44.699823,-3.184732],[-44.710527,-3.189019],[-44.735349,-3.196247],[-44.766012,-3.205925],[-44.776719,-3.213149],[-44.779516,-3.22167],[-44.779966,-3.224681],[-44.779374,-3.226523],[-44.777156,-3.231728],[-44.776125,-3.233431],[-44.77363,-3.240918],[-44.772989,-3.243967],[-44.771911,-3.245564],[-44.770986,-3.247341],[-44.769514,-3.250898],[-44.768517,-3.252701],[-44.767706,-3.254622],[-44.76715,-3.256466],[-44.767014,-3.258564],[-44.766463,-3.260727],[-44.765625,-3.262711],[-44.765239,-3.264762],[-44.763682,-3.267657],[-44.762436,-3.269162],[-44.760513,-3.270672],[-44.756518,-3.272507],[-44.755153,-3.273559],[-44.753939,-3.275336],[-44.753577,-3.276431],[-44.752181,-3.278479],[-44.750492,-3.280285],[-44.749878,-3.281359],[-44.747904,-3.286394],[-44.746874,-3.290975],[-44.746877,-3.292616],[-44.747377,-3.295853],[-44.748019,-3.297876],[-44.749378,-3.299399],[-44.752546,-3.301168],[-44.75404,-3.302189],[-44.755904,-3.303118],[-44.760179,-3.304612],[-44.762598,-3.305019],[-44.76807,-3.304918],[-44.770152,-3.304391],[-44.776758,-3.301907],[-44.785738,-3.297651],[-44.789457,-3.296437],[-44.791238,-3.29548],[-44.792378,-3.293883],[-44.793352,-3.292094],[-44.795401,-3.28608],[-44.796431,-3.283759],[-44.798657,-3.279699],[-44.801791,-3.273289],[-44.807047,-3.270293],[-44.808131,-3.269855],[-44.810547,-3.269352],[-44.812378,-3.270073],[-44.813572,-3.272102],[-44.8156,-3.276557],[-44.816326,-3.277859],[-44.817127,-3.278814],[-44.821293,-3.282815],[-44.823937,-3.284832],[-44.826326,-3.287292],[-44.828686,-3.289151],[-44.832069,-3.290898],[-44.834657,-3.291554],[-44.836936,-3.291915],[-44.83952,-3.29184],[-44.843021,-3.290855],[-44.844352,-3.290867],[-44.84682,-3.292504],[-44.850321,-3.295592],[-44.851684,-3.296022],[-44.853822,-3.295453],[-44.854434,-3.293441],[-44.854185,-3.292168],[-44.85352,-3.29019],[-44.852656,-3.28903],[-44.850519,-3.286753],[-44.848349,-3.285785],[-44.845459,-3.283991],[-44.842295,-3.282427],[-44.83991,-3.280834],[-44.839182,-3.279629],[-44.839239,-3.27746],[-44.841238,-3.276372],[-44.842767,-3.276342],[-44.845186,-3.276701],[-44.847689,-3.277332],[-44.849487,-3.277553],[-44.853294,-3.277175],[-44.855327,-3.276446],[-44.856712,-3.275582],[-44.858103,-3.274005],[-44.858656,-3.272546],[-44.858958,-3.269968],[-44.859656,-3.267411],[-44.860353,-3.266346],[-44.862351,-3.264926],[-44.863629,-3.26426],[-44.869266,-3.262567],[-44.871124,-3.262129],[-44.873192,-3.261999],[-44.874351,-3.262418],[-44.875327,-3.263024],[-44.875522,-3.264259],[-44.875568,-3.266198],[-44.874903,-3.26795],[-44.87202,-3.270415],[-44.87113,-3.272284],[-44.871493,-3.27402],[-44.873213,-3.274929],[-44.873878,-3.276819],[-44.872321,-3.277841],[-44.870714,-3.277416],[-44.868434,-3.277805],[-44.868153,-3.278946],[-44.869351,-3.280922],[-44.871686,-3.283449],[-44.873743,-3.283947],[-44.875379,-3.283099],[-44.877737,-3.280881],[-44.87999,-3.279552],[-44.882434,-3.279207],[-44.883604,-3.278837],[-44.884825,-3.278222],[-44.886493,-3.276986],[-44.888462,-3.27625],[-44.89038,-3.276933],[-44.89099,-3.279009],[-44.891042,-3.280233],[-44.889877,-3.281814],[-44.887599,-3.281776],[-44.886318,-3.281271],[-44.884271,-3.28165],[-44.883851,-3.283507],[-44.885017,-3.28509],[-44.885934,-3.287126],[-44.888014,-3.290464],[-44.889151,-3.292083],[-44.890543,-3.293429],[-44.893041,-3.293811],[-44.894186,-3.293648]]]}},{"type":"Feature","properties":{"CD_MUN":"2104800","NM_MUN":"Grajaú"},"geometry":{"type":"Polygon","coordinates":[[[-45.445629,-5.954843],[-45.446509,-5.956683],[-45.449305,-5.95644],[-45.453062,-5.9586],[-45.456499,-5.961398],[-45.460094,-5.960356],[-45.463369,-5.960593],[-45.464724,-5.957469],[-45.466565,-5.95979],[-45.467924,-5.96243],[-45.470881,-5.963309],[-45.469684,-5.964991],[-45.469605,-5.968754],[-45.472406,-5.971714],[-45.475041,-5.96955],[-45.476081,-5.97187],[-45.479837,-5.972428],[-45.481197,-5.974908],[-45.479362,-5.977392],[-45.479603,-5.979073],[-45.485838,-5.980509],[-45.488795,-5.984109],[-45.494474,-5.990268],[-45.501266,-5.992424],[-45.503427,-5.996666],[-45.504946,-5.997865],[-45.506622,-5.996022],[-45.509618,-5.995808],[-45.513256,-5.999459],[-45.518448,-5.999854],[-45.524603,-6.001209],[-45.525325,-6.00417],[-45.524129,-6.005052],[-45.526126,-6.006892],[-45.528128,-6.011774],[-45.526453,-6.012977],[-45.526537,-6.016258],[-45.52358,-6.016982],[-45.525582,-6.021865],[-45.528218,-6.021301],[-45.530062,-6.026183],[-45.532862,-6.030103],[-45.53582,-6.032422],[-45.5383,-6.036663],[-45.539184,-6.041385],[-45.540546,-6.044826],[-45.544305,-6.048266],[-45.545986,-6.051706],[-45.550225,-6.055465],[-45.55494,-6.056341],[-45.55662,-6.058821],[-45.559023,-6.063782],[-45.561426,-6.069385],[-45.561188,-6.071866],[-45.562389,-6.074027],[-45.562312,-6.077148],[-45.563994,-6.07979],[-45.568229,-6.079706],[-45.56943,-6.082666],[-45.574307,-6.084822],[-45.579023,-6.086338],[-45.586536,-6.088092],[-45.588537,-6.090412],[-45.592293,-6.090968],[-45.594933,-6.094088],[-45.598368,-6.094964],[-45.60053,-6.097764],[-45.604928,-6.10008],[-45.613404,-6.106316],[-45.613488,-6.108797],[-45.61165,-6.108079],[-45.609811,-6.108162],[-45.609412,-6.110163],[-45.611256,-6.113604],[-45.614374,-6.114641],[-45.614936,-6.117122],[-45.615339,-6.120244],[-45.619736,-6.119839],[-45.62461,-6.120714],[-45.62613,-6.122234],[-45.626692,-6.124715],[-45.627894,-6.127835],[-45.629414,-6.129034],[-45.632695,-6.132632],[-45.636772,-6.134149],[-45.637814,-6.13695],[-45.641892,-6.138627],[-45.644695,-6.143028],[-45.64941,-6.143741],[-45.653648,-6.145898],[-45.656609,-6.149017],[-45.660368,-6.151495],[-45.659181,-6.159741],[-45.659902,-6.162862],[-45.662385,-6.166462],[-45.670702,-6.171255],[-45.673021,-6.173895],[-45.675821,-6.174931],[-45.676383,-6.176292],[-45.681739,-6.177486],[-45.685977,-6.179482],[-45.690372,-6.179237],[-45.694769,-6.180431],[-45.696932,-6.183871],[-45.702135,-6.190509],[-45.705735,-6.192986],[-45.712611,-6.195219],[-45.715728,-6.195295],[-45.720287,-6.19777],[-45.723404,-6.198166],[-45.726843,-6.199523],[-45.730117,-6.197837],[-45.733234,-6.198073],[-45.735717,-6.201832],[-45.740095,-6.202369],[-45.741644,-6.202305],[-45.742746,-6.205748],[-45.743848,-6.207262],[-45.746464,-6.208089],[-45.747704,-6.209466],[-45.747566,-6.211945],[-45.746327,-6.213184],[-45.745087,-6.213459],[-45.745225,-6.216076],[-45.746464,-6.218555],[-45.752915,-6.224829],[-45.753469,-6.225822],[-45.75442,-6.228198],[-45.755049,-6.232748],[-45.755592,-6.233968],[-45.758744,-6.235122],[-45.762634,-6.237807],[-45.763745,-6.237734],[-45.765056,-6.23735],[-45.767164,-6.235862],[-45.769667,-6.235983],[-45.770856,-6.235068],[-45.771966,-6.234487],[-45.77299,-6.234895],[-45.774302,-6.234909],[-45.776693,-6.234102],[-45.777859,-6.233242],[-45.78091,-6.232457],[-45.781998,-6.232319],[-45.78305,-6.232671],[-45.783968,-6.2335],[-45.784969,-6.234132],[-45.785943,-6.233564],[-45.78669,-6.232674],[-45.787858,-6.232528],[-45.789917,-6.233911],[-45.791639,-6.235833],[-45.793913,-6.23659],[-45.794995,-6.237286],[-45.79544,-6.238324],[-45.79469,-6.240684],[-45.793861,-6.241619],[-45.792859,-6.242283],[-45.790692,-6.243043],[-45.789833,-6.244004],[-45.790218,-6.245199],[-45.790944,-6.246008],[-45.79139,-6.248253],[-45.792,-6.249174],[-45.792911,-6.249914],[-45.794465,-6.25163],[-45.797377,-6.254112],[-45.798188,-6.255027],[-45.799501,-6.258326],[-45.800635,-6.260267],[-45.802858,-6.261616],[-45.806115,-6.266097],[-45.807999,-6.268098],[-45.811643,-6.271387],[-45.814659,-6.273815],[-45.81569,-6.274284],[-45.817107,-6.274346],[-45.818473,-6.273809],[-45.819831,-6.273599],[-45.82105,-6.273707],[-45.824716,-6.274471],[-45.828053,-6.275604],[-45.829191,-6.276328],[-45.831415,-6.279551],[-45.831946,-6.280926],[-45.832302,-6.285159],[-45.832663,-6.286469],[-45.833834,-6.288501],[-45.834946,-6.289486],[-45.835775,-6.290867],[-45.836107,-6.292662],[-45.836162,-6.29619],[-45.836389,-6.297321],[-45.83686,-6.298367],[-45.839586,-6.301891],[-45.840415,-6.304361],[-45.840835,-6.307617],[-45.841415,-6.310402],[-45.841542,-6.312231],[-45.841502,-6.315282],[-45.841246,-6.316621],[-45.841415,-6.317816],[-45.841829,-6.319057],[-45.841224,-6.321394],[-45.841251,-6.322551],[-45.841748,-6.32366],[-45.846966,-6.330391],[-45.848751,-6.33186],[-45.850059,-6.332464],[-45.853884,-6.333025],[-45.85497,-6.332952],[-45.857275,-6.332433],[-45.858777,-6.332357],[-45.859858,-6.332732],[-45.860857,-6.333384],[-45.867694,-6.339052],[-45.870084,-6.340386],[-45.871084,-6.341199],[-45.874553,-6.344718],[-45.875609,-6.345407],[-45.876662,-6.345718],[-45.877996,-6.345354],[-45.881679,-6.343547],[-45.88303,-6.343229],[-45.886351,-6.343734],[-45.90305,-6.295241],[-45.907334,-6.291896],[-45.91033,-6.288692],[-45.912025,-6.28657],[-45.91286,-6.285839],[-45.914721,-6.284647],[-45.918023,-6.283265],[-45.920722,-6.282339],[-45.924959,-6.281698],[-45.931472,-6.280292],[-45.932584,-6.27979],[-45.934195,-6.27848],[-45.936023,-6.276529],[-45.939191,-6.274526],[-45.947021,-6.270668],[-45.949326,-6.269047],[-45.952469,-6.266238],[-45.954521,-6.264998],[-45.956049,-6.264419],[-45.958216,-6.263934],[-45.960523,-6.263055],[-45.963065,-6.262382],[-45.967852,-6.260561],[-45.969664,-6.259416],[-45.970809,-6.258965],[-45.973247,-6.258654],[-45.975831,-6.25863],[-45.977998,-6.257588],[-45.980279,-6.256841],[-45.981472,-6.256744],[-45.985684,-6.257121],[-45.987052,-6.257142],[-45.988395,-6.256903],[-45.9898,-6.256959],[-45.993353,-6.257543],[-45.995893,-6.258164],[-45.997221,-6.258102],[-45.998532,-6.257575],[-46.000694,-6.256228],[-46.001999,-6.25658],[-46.003722,-6.257931],[-46.005746,-6.259698],[-46.007855,-6.261879],[-46.010577,-6.262943],[-46.013216,-6.263601],[-46.018132,-6.26236],[-46.020298,-6.262625],[-46.022916,-6.263927],[-46.024831,-6.263453],[-46.02744,-6.263108],[-46.029165,-6.261969],[-46.03228,-6.261596],[-46.034523,-6.261513],[-46.035994,-6.260299],[-46.035611,-6.258885],[-46.036972,-6.25792],[-46.037666,-6.256846],[-46.0397,-6.256315],[-46.040995,-6.256727],[-46.04375,-6.256867],[-46.046272,-6.256153],[-46.04877,-6.252902],[-46.050964,-6.251673],[-46.054804,-6.247204],[-46.056606,-6.246291],[-46.058469,-6.245683],[-46.060415,-6.246116],[-46.062444,-6.245805],[-46.064308,-6.245063],[-46.067363,-6.246201],[-46.069728,-6.246343],[-46.450963,-6.267443],[-46.451108,-6.267705],[-46.451754,-6.268072],[-46.4536,-6.268577],[-46.454157,-6.268955],[-46.454563,-6.269714],[-46.455171,-6.270329],[-46.455805,-6.270589],[-46.456789,-6.270442],[-46.457473,-6.270513],[-46.457827,-6.270844],[-46.45803,-6.271341],[-46.457855,-6.271934],[-46.456569,-6.273005],[-46.456193,-6.27386],[-46.457157,-6.275303],[-46.457338,-6.276702],[-46.457176,-6.277617],[-46.45723,-6.27866],[-46.457637,-6.27956],[-46.457638,-6.2802],[-46.456606,-6.281555],[-46.456229,-6.282458],[-46.456331,-6.283192],[-46.456838,-6.283546],[-46.457732,-6.283709],[-46.458531,-6.283539],[-46.461709,-6.282253],[-46.462824,-6.282178],[-46.464852,-6.28162],[-46.464182,-6.000384],[-46.469056,-5.75113],[-46.469552,-5.751102],[-46.468048,-5.750647],[-46.46611,-5.749411],[-46.464838,-5.750019],[-46.46356,-5.75038],[-46.462385,-5.749652],[-46.461943,-5.748477],[-46.460582,-5.747558],[-46.459941,-5.746109],[-46.459668,-5.744478],[-46.460221,-5.743389],[-46.45986,-5.741935],[-46.457423,-5.738676],[-46.454809,-5.741753],[-46.453168,-5.741482],[-46.45036,-5.741571],[-46.449726,-5.740397],[-46.449924,-5.739027],[-46.449446,-5.737578],[-46.448001,-5.737127],[-46.447643,-5.733322],[-46.44656,-5.732591],[-46.442665,-5.731498],[-46.441521,-5.730333],[-46.440865,-5.729142],[-46.441498,-5.728051],[-46.440419,-5.727326],[-46.439974,-5.726238],[-46.437695,-5.724333],[-46.43589,-5.724247],[-46.434171,-5.723874],[-46.432442,-5.72397],[-46.431368,-5.724779],[-46.429919,-5.724509],[-46.428838,-5.723687],[-46.427636,-5.723691],[-46.424669,-5.724768],[-46.424227,-5.723422],[-46.423139,-5.72441],[-46.422028,-5.725045],[-46.42131,-5.726136],[-46.419779,-5.725857],[-46.418778,-5.725225],[-46.418059,-5.723501],[-46.416698,-5.722688],[-46.415527,-5.722412],[-46.414612,-5.723411],[-46.412893,-5.723587],[-46.411811,-5.724218],[-46.410447,-5.724307],[-46.409,-5.722406],[-46.407751,-5.723402],[-46.406194,-5.724215],[-46.405028,-5.723036],[-46.405749,-5.721686],[-46.406199,-5.719143],[-46.403942,-5.717777],[-46.402782,-5.717412],[-46.401588,-5.717592],[-46.400504,-5.71696],[-46.398889,-5.716867],[-46.397887,-5.716135],[-46.396528,-5.713868],[-46.394528,-5.711512],[-46.393805,-5.710058],[-46.392089,-5.707891],[-46.390748,-5.707794],[-46.389746,-5.707065],[-46.389031,-5.704528],[-46.389388,-5.702174],[-46.388031,-5.701627],[-46.386752,-5.70144],[-46.385414,-5.700892],[-46.383864,-5.699988],[-46.381887,-5.697896],[-46.381171,-5.696721],[-46.381332,-5.694188],[-46.381273,-5.691151],[-46.379976,-5.690827],[-46.378446,-5.689827],[-46.377719,-5.688925],[-46.376551,-5.686288],[-46.375469,-5.684842],[-46.375995,-5.681948],[-46.376751,-5.679487],[-46.375031,-5.677134],[-46.371867,-5.677408],[-46.371388,-5.676039],[-46.369867,-5.675857],[-46.369587,-5.674319],[-46.368329,-5.6745],[-46.366888,-5.674311],[-46.364613,-5.673047],[-46.362011,-5.67385],[-46.359803,-5.674219],[-46.358837,-5.674851],[-46.357362,-5.675118],[-46.356274,-5.676119],[-46.35503,-5.676658],[-46.353674,-5.677652],[-46.350503,-5.67838],[-46.349032,-5.678372],[-46.347584,-5.677923],[-46.3465,-5.677378],[-46.345782,-5.675748],[-46.346336,-5.673298],[-46.346531,-5.671571],[-46.346051,-5.670301],[-46.344527,-5.670208],[-46.343364,-5.668016],[-46.341173,-5.669215],[-46.339807,-5.668668],[-46.338554,-5.667845],[-46.337199,-5.666671],[-46.335916,-5.666671],[-46.335111,-5.667573],[-46.333946,-5.668207],[-46.332222,-5.666304],[-46.33178,-5.664941],[-46.33286,-5.663762],[-46.330696,-5.660131],[-46.330219,-5.658502],[-46.330335,-5.657319],[-46.329973,-5.655328],[-46.329969,-5.334049],[-46.329755,-5.332977],[-46.327833,-5.333518],[-46.327638,-5.334374],[-46.327082,-5.33505],[-46.326515,-5.335432],[-46.323267,-5.335259],[-46.322258,-5.335339],[-46.32122,-5.336934],[-46.318499,-5.339996],[-46.317758,-5.341223],[-46.314747,-5.344501],[-46.313078,-5.345905],[-46.312643,-5.346927],[-46.312427,-5.348062],[-46.310764,-5.349196],[-46.309783,-5.350321],[-46.309618,-5.351341],[-46.309886,-5.352211],[-46.309884,-5.353878],[-46.309011,-5.355842],[-46.309452,-5.358885],[-46.308452,-5.360322],[-46.307868,-5.361504],[-46.281769,-5.35911],[-46.277826,-5.352052],[-46.27672,-5.351058],[-46.267883,-5.350965],[-46.256175,-5.351212],[-46.249661,-5.351112],[-46.236508,-5.346266],[-46.23352,-5.344055],[-46.229212,-5.342846],[-46.224346,-5.340418],[-46.217819,-5.335001],[-46.214944,-5.333236],[-46.211845,-5.32892],[-46.210957,-5.327926],[-46.209078,-5.326601],[-46.205304,-5.325766],[-46.204517,-5.324199],[-46.202039,-5.318034],[-46.200404,-5.313306],[-46.1984,-5.308631],[-46.196765,-5.303441],[-46.195917,-5.299072],[-46.195593,-5.294548],[-46.195527,-5.287452],[-46.195678,-5.283955],[-46.195987,-5.281178],[-46.195354,-5.279173],[-46.189835,-5.274042],[-46.187154,-5.270757],[-46.182094,-5.275632],[-46.179436,-5.276522],[-46.177305,-5.277946],[-46.173812,-5.27862],[-46.171277,-5.278579],[-46.169683,-5.279424],[-46.166725,-5.279321],[-46.165721,-5.278954],[-46.163349,-5.279261],[-46.160974,-5.278706],[-46.159149,-5.278658],[-46.158051,-5.27885],[-46.156395,-5.279725],[-46.155307,-5.28009],[-46.153601,-5.280092],[-46.151198,-5.279544],[-46.14884,-5.278134],[-46.14763,-5.277829],[-46.146062,-5.277832],[-46.145785,-5.277918],[-46.144366,-5.279209],[-46.14328,-5.279718],[-46.142417,-5.280446],[-46.142016,-5.281769],[-46.142476,-5.283928],[-46.142311,-5.284291],[-46.141899,-5.284379],[-46.141407,-5.284237],[-46.140783,-5.283241],[-46.140116,-5.282732],[-46.139426,-5.282442],[-46.138486,-5.282547],[-46.137034,-5.282198],[-46.136552,-5.282033],[-46.135789,-5.281363],[-46.135168,-5.281132],[-46.133947,-5.281257],[-46.132164,-5.28067],[-46.130317,-5.281028],[-46.128289,-5.281931],[-46.127861,-5.281916],[-46.127197,-5.281751],[-46.126057,-5.281074],[-46.123801,-5.28031],[-46.122146,-5.279939],[-46.120595,-5.27983],[-46.119212,-5.280131],[-46.117194,-5.280183],[-46.114957,-5.279052],[-46.114126,-5.27802],[-46.113399,-5.277568],[-46.113043,-5.277563],[-46.111807,-5.278339],[-46.108708,-5.281134],[-46.10676,-5.282148],[-46.105323,-5.283118],[-46.104489,-5.28394],[-46.102942,-5.284644],[-46.101232,-5.285807],[-46.099873,-5.288155],[-46.099292,-5.289929],[-46.099417,-5.290552],[-46.099122,-5.290874],[-46.098345,-5.291172],[-46.09745,-5.292252],[-46.096835,-5.292267],[-46.096442,-5.29174],[-46.095955,-5.291465],[-46.095377,-5.291368],[-46.093135,-5.291512],[-46.086963,-5.292945],[-46.085006,-5.293105],[-46.084393,-5.293486],[-46.083904,-5.294061],[-46.083095,-5.295671],[-46.082727,-5.295866],[-46.081661,-5.295268],[-46.079724,-5.295109],[-46.078744,-5.293961],[-46.078072,-5.293623],[-46.076997,-5.293399],[-46.076035,-5.293327],[-46.074756,-5.293624],[-46.073007,-5.295768],[-46.072207,-5.296087],[-46.071303,-5.296122],[-46.068965,-5.294733],[-46.067111,-5.295084],[-46.066672,-5.295033],[-46.065029,-5.293823],[-46.064555,-5.293772],[-46.061893,-5.295052],[-46.061144,-5.296807],[-46.059197,-5.298943],[-46.058934,-5.299713],[-46.05841,-5.300323],[-46.056832,-5.301339],[-46.05358,-5.301427],[-46.052124,-5.301101],[-46.05092,-5.30119],[-46.048258,-5.301929],[-46.047697,-5.302774],[-46.046412,-5.303263],[-46.044876,-5.303221],[-46.044279,-5.303001],[-46.043338,-5.302963],[-46.04175,-5.302345],[-46.040001,-5.302871],[-46.037777,-5.302892],[-46.037097,-5.302446],[-46.036746,-5.301855],[-46.034522,-5.300529],[-46.032703,-5.299191],[-46.03106,-5.299786],[-46.029984,-5.299818],[-46.029116,-5.29963],[-46.027966,-5.299866],[-46.027415,-5.299802],[-46.026311,-5.29916],[-46.025021,-5.298051],[-46.02375,-5.297324],[-46.023377,-5.296492],[-46.022804,-5.296028],[-46.021832,-5.295725],[-46.020987,-5.295655],[-46.020104,-5.296069],[-46.019125,-5.296991],[-46.018125,-5.29888],[-46.017168,-5.299568],[-46.01572,-5.300163],[-46.014689,-5.300784],[-46.013747,-5.30165],[-46.011919,-5.303891],[-46.010626,-5.304786],[-46.010176,-5.304737],[-46.008953,-5.304043],[-46.007743,-5.30368],[-46.00505,-5.303354],[-46.004565,-5.303427],[-46.002425,-5.304457],[-46.001528,-5.304579],[-46.000228,-5.305195],[-45.997014,-5.30533],[-45.996414,-5.303705],[-45.996046,-5.303278],[-45.995886,-5.302796],[-45.995452,-5.302564],[-45.995482,-5.302326],[-45.996327,-5.301716],[-45.996511,-5.301296],[-45.996735,-5.299248],[-45.997521,-5.29759],[-45.998631,-5.296598],[-45.9996,-5.295009],[-45.999883,-5.294845],[-45.99935,-5.292888],[-45.998717,-5.293668],[-45.998412,-5.293611],[-45.997658,-5.29291],[-45.995414,-5.293188],[-45.992094,-5.292812],[-45.990827,-5.293403],[-45.987333,-5.290272],[-45.98564,-5.289381],[-45.985252,-5.289594],[-45.984725,-5.29056],[-45.98366,-5.291523],[-45.982957,-5.29321],[-45.982488,-5.293958],[-45.982064,-5.294281],[-45.981397,-5.294608],[-45.980533,-5.294601],[-45.979802,-5.294822],[-45.97911,-5.295389],[-45.97846,-5.295642],[-45.976873,-5.296693],[-45.975995,-5.297551],[-45.973403,-5.298994],[-45.969439,-5.301592],[-45.966503,-5.302589],[-45.966129,-5.302853],[-45.965021,-5.303071],[-45.963256,-5.303014],[-45.96235,-5.30268],[-45.960446,-5.301598],[-45.959565,-5.301615],[-45.95627,-5.302454],[-45.955693,-5.30319],[-45.954277,-5.303514],[-45.952545,-5.304757],[-45.950816,-5.306696],[-45.950391,-5.307933],[-45.949398,-5.30945],[-45.948689,-5.311204],[-45.948177,-5.31162],[-45.945634,-5.312416],[-45.94425,-5.31192],[-45.942546,-5.311948],[-45.942685,-5.311422],[-45.94252,-5.311071],[-45.94137,-5.310574],[-45.94096,-5.310078],[-45.939662,-5.30703],[-45.938805,-5.303892],[-45.936278,-5.304979],[-45.934214,-5.306945],[-45.933835,-5.307021],[-45.932958,-5.306859],[-45.932,-5.307209],[-45.931807,-5.308266],[-45.931795,-5.309552],[-45.931963,-5.311123],[-45.932583,-5.312896],[-45.933804,-5.313734],[-45.936695,-5.313262],[-45.937909,-5.313822],[-45.938658,-5.315409],[-45.939965,-5.316063],[-45.940618,-5.316997],[-45.939969,-5.318401],[-45.941181,-5.319523],[-45.943331,-5.322888],[-45.945199,-5.324007],[-45.94809,-5.324189],[-45.950891,-5.325679],[-45.953409,-5.326332],[-45.953787,-5.328484],[-45.956493,-5.330068],[-45.959567,-5.328287],[-45.961437,-5.330436],[-45.965453,-5.333798],[-45.966661,-5.331927],[-45.967689,-5.332765],[-45.96797,-5.333701],[-45.969373,-5.33557],[-45.972169,-5.335565],[-45.973289,-5.335939],[-45.973571,-5.338088],[-45.975905,-5.33874],[-45.977103,-5.334463],[-45.98121,-5.332464],[-45.984847,-5.331429],[-45.986435,-5.332268],[-45.98709,-5.334526],[-45.987194,-5.341715],[-45.987486,-5.348077],[-45.986746,-5.352755],[-45.987487,-5.355727],[-45.992991,-5.356374],[-45.9943,-5.358242],[-45.996633,-5.359268],[-45.999711,-5.359543],[-46.00165,-5.362196],[-45.915374,-5.419706],[-45.903498,-5.427351],[-45.885854,-5.443765],[-45.8408,-5.412016],[-45.843202,-5.408588],[-45.842082,-5.401504],[-45.79898,-5.448702],[-45.785482,-5.441206],[-45.777605,-5.433586],[-45.768048,-5.426848],[-45.740131,-5.402585],[-45.732505,-5.450823],[-45.722014,-5.518903],[-45.710597,-5.590025],[-45.608041,-5.776246],[-45.607723,-5.775631],[-45.607221,-5.775198],[-45.606628,-5.774994],[-45.605958,-5.775121],[-45.605076,-5.77493],[-45.603814,-5.77403],[-45.603016,-5.774187],[-45.602197,-5.773134],[-45.600841,-5.772285],[-45.599259,-5.771013],[-45.598621,-5.771001],[-45.598095,-5.770726],[-45.598181,-5.769153],[-45.598532,-5.768645],[-45.598493,-5.767786],[-45.599318,-5.767133],[-45.599555,-5.766606],[-45.599698,-5.765953],[-45.599584,-5.765195],[-45.599305,-5.76436],[-45.598932,-5.763921],[-45.596603,-5.762339],[-45.596144,-5.762225],[-45.595169,-5.761418],[-45.594444,-5.758676],[-45.594538,-5.757502],[-45.594772,-5.756746],[-45.594695,-5.75638],[-45.594297,-5.755713],[-45.593418,-5.755017],[-45.593341,-5.754633],[-45.593436,-5.754313],[-45.594176,-5.754157],[-45.594621,-5.754329],[-45.594849,-5.753911],[-45.594198,-5.752436],[-45.592824,-5.750245],[-45.591362,-5.748885],[-45.591311,-5.748559],[-45.591853,-5.747642],[-45.593529,-5.746506],[-45.59346,-5.74596],[-45.592951,-5.745495],[-45.591887,-5.745298],[-45.590958,-5.745659],[-45.590368,-5.746508],[-45.589562,-5.747092],[-45.587102,-5.745682],[-45.587046,-5.745155],[-45.587314,-5.744126],[-45.588564,-5.742129],[-45.588248,-5.741456],[-45.587274,-5.741085],[-45.586481,-5.738933],[-45.585734,-5.737905],[-45.581993,-5.734744],[-45.581056,-5.734734],[-45.578908,-5.733858],[-45.578605,-5.733846],[-45.577492,-5.734467],[-45.577209,-5.734519],[-45.576667,-5.734305],[-45.576406,-5.733836],[-45.576457,-5.733326],[-45.575725,-5.732551],[-45.575661,-5.73216],[-45.575625,-5.731768],[-45.57625,-5.729883],[-45.576158,-5.729299],[-45.576017,-5.729197],[-45.501801,-5.806165],[-45.388806,-5.920645],[-45.375844,-5.932592],[-45.398698,-5.938191],[-45.398664,-5.938482],[-45.399229,-5.938707],[-45.400605,-5.938684],[-45.40171,-5.939181],[-45.402207,-5.939973],[-45.403585,-5.940901],[-45.403888,-5.941533],[-45.40434,-5.941533],[-45.405107,-5.940944],[-45.406055,-5.941305],[-45.406416,-5.941124],[-45.407542,-5.938723],[-45.40831,-5.938632],[-45.409077,-5.938993],[-45.409754,-5.938812],[-45.410114,-5.938405],[-45.410203,-5.936276],[-45.410428,-5.935552],[-45.410924,-5.935053],[-45.411511,-5.934917],[-45.41273,-5.935459],[-45.412957,-5.936003],[-45.413002,-5.936772],[-45.412551,-5.937588],[-45.413002,-5.938311],[-45.413364,-5.938447],[-45.413861,-5.939443],[-45.41508,-5.939713],[-45.415937,-5.939215],[-45.416524,-5.939939],[-45.416977,-5.941025],[-45.416436,-5.942339],[-45.416391,-5.943018],[-45.416527,-5.943244],[-45.417656,-5.943424],[-45.418152,-5.944012],[-45.418651,-5.945008],[-45.418425,-5.945959],[-45.419137,-5.947238],[-45.419565,-5.947238],[-45.420286,-5.945833],[-45.420624,-5.945538],[-45.422362,-5.94513],[-45.422881,-5.94522],[-45.423739,-5.945808],[-45.424101,-5.946328],[-45.424122,-5.946713],[-45.423448,-5.948502],[-45.42347,-5.949589],[-45.424149,-5.950177],[-45.424893,-5.950561],[-45.42602,-5.948319],[-45.427057,-5.947005],[-45.429562,-5.946256],[-45.431141,-5.946618],[-45.434381,-5.949229],[-45.435431,-5.949398],[-45.436627,-5.950235],[-45.438885,-5.950573],[-45.439427,-5.951478],[-45.440104,-5.951975],[-45.442135,-5.951883],[-45.442226,-5.952426],[-45.441347,-5.952473],[-45.441144,-5.953016],[-45.441719,-5.954077],[-45.442833,-5.954925],[-45.445629,-5.954843]]]}},{"type":"Feature","properties":{"CD_MUN":"2112902","NM_MUN":"Vitória do Mearim"},"geometry":{"type":"Polygon","coordinates":[[[-44.922453,-3.717773],[-44.923563,-3.711913],[-44.923544,-3.710094],[-44.923745,-3.70967],[-44.92951,-3.706152],[-44.930423,-3.70591],[-44.931415,-3.706028],[-44.933204,-3.707606],[-44.934108,-3.707932],[-44.935899,-3.707712],[-44.937861,-3.707171],[-44.938703,-3.706786],[-44.940124,-3.70468],[-44.942112,-3.702868],[-44.942283,-3.702228],[-44.94223,-3.70071],[-44.942425,-3.700073],[-44.943237,-3.698942],[-44.944561,-3.69764],[-44.94487,-3.696976],[-44.945106,-3.69567],[-44.945602,-3.695117],[-44.946257,-3.694848],[-44.947071,-3.694796],[-44.948846,-3.695261],[-44.950753,-3.693539],[-44.951295,-3.69325],[-44.955856,-3.693107],[-44.956994,-3.693369],[-44.959139,-3.694423],[-44.960521,-3.69491],[-44.96119,-3.695367],[-44.962776,-3.698532],[-44.963779,-3.699828],[-44.964461,-3.702377],[-44.964994,-3.702926],[-44.9662,-3.703143],[-44.968682,-3.703132],[-44.970928,-3.702373],[-44.971666,-3.702267],[-44.972459,-3.702481],[-44.973937,-3.703466],[-44.974626,-3.703678],[-44.975921,-3.703656],[-44.976829,-3.703101],[-44.977455,-3.703043],[-44.980838,-3.70376],[-44.981809,-3.704431],[-44.982752,-3.705903],[-44.983087,-3.706884],[-44.983416,-3.707246],[-44.984295,-3.707418],[-44.985737,-3.70728],[-44.986346,-3.707418],[-44.986839,-3.70774],[-44.987884,-3.708884],[-44.989562,-3.709669],[-44.990056,-3.709727],[-44.990471,-3.709568],[-44.991446,-3.708452],[-44.992621,-3.707624],[-44.993089,-3.70752],[-44.993528,-3.707637],[-44.994178,-3.708194],[-44.995029,-3.709543],[-44.996648,-3.710875],[-44.997428,-3.712299],[-44.9981,-3.712684],[-44.998895,-3.712622],[-44.999472,-3.712156],[-44.999711,-3.711216],[-44.999733,-3.709659],[-44.999883,-3.709106],[-45.00172,-3.707098],[-45.002472,-3.704292],[-45.002792,-3.70389],[-45.003263,-3.703756],[-45.003848,-3.70399],[-45.005191,-3.705282],[-45.009253,-3.706894],[-45.010039,-3.707455],[-45.010813,-3.7086],[-45.010949,-3.709474],[-45.010762,-3.710791],[-45.01009,-3.712262],[-45.010117,-3.713215],[-45.010747,-3.714333],[-45.011744,-3.714994],[-45.012592,-3.715107],[-45.014149,-3.714803],[-45.015506,-3.714774],[-45.017197,-3.715256],[-45.018277,-3.715756],[-45.018829,-3.715801],[-45.01918,-3.715605],[-45.019459,-3.715087],[-45.019901,-3.713289],[-45.020484,-3.712976],[-45.02109,-3.713258],[-45.022037,-3.714441],[-45.022613,-3.714612],[-45.024313,-3.714599],[-45.024952,-3.714747],[-45.025967,-3.715435],[-45.026715,-3.716431],[-45.027413,-3.716684],[-45.027883,-3.716288],[-45.028401,-3.714405],[-45.029123,-3.713029],[-45.029683,-3.712494],[-45.030361,-3.712454],[-45.030741,-3.712637],[-45.030913,-3.712963],[-45.030695,-3.714592],[-45.031018,-3.716284],[-45.032805,-3.717241],[-45.035399,-3.719595],[-45.035975,-3.719551],[-45.037254,-3.718233],[-45.038297,-3.717678],[-45.039004,-3.717557],[-45.039668,-3.717909],[-45.040247,-3.718722],[-45.040802,-3.719984],[-45.041045,-3.723067],[-45.041296,-3.723327],[-45.041735,-3.723445],[-45.042634,-3.72332],[-45.044017,-3.722642],[-45.044476,-3.720195],[-45.045137,-3.718709],[-45.045795,-3.717711],[-45.047061,-3.71701],[-45.047849,-3.717222],[-45.047358,-3.716887],[-45.034143,-3.681395],[-44.997273,-3.587146],[-44.998277,-3.585513],[-44.999619,-3.584208],[-45.000535,-3.582655],[-45.001471,-3.581702],[-45.003054,-3.580887],[-45.004681,-3.581126],[-45.006641,-3.580427],[-45.008075,-3.579405],[-45.008867,-3.57908],[-45.01377,-3.577711],[-45.015965,-3.575974],[-45.017511,-3.575281],[-45.018777,-3.573527],[-45.020696,-3.572305],[-45.021362,-3.572102],[-45.022405,-3.572224],[-45.023717,-3.572731],[-45.024423,-3.57261],[-45.026757,-3.571554],[-45.02863,-3.571553],[-45.029343,-3.571836],[-45.030654,-3.571087],[-45.031358,-3.571045],[-45.015524,-3.535708],[-45.049468,-3.511936],[-45.048832,-3.511259],[-45.047508,-3.510307],[-45.046465,-3.508403],[-45.046559,-3.507165],[-45.045895,-3.506023],[-45.045044,-3.505644],[-45.043815,-3.504785],[-45.043055,-3.504023],[-45.042586,-3.503357],[-45.041399,-3.500665],[-45.041305,-3.499149],[-45.042448,-3.497383],[-45.043213,-3.496615],[-45.044551,-3.496616],[-45.04579,-3.495944],[-45.046171,-3.494314],[-45.045885,-3.492776],[-45.044357,-3.489894],[-45.040642,-3.486255],[-45.039106,-3.485381],[-45.036719,-3.484899],[-45.034427,-3.483557],[-45.032896,-3.481143],[-45.031466,-3.475398],[-45.030797,-3.470978],[-45.030989,-3.468675],[-45.030512,-3.465793],[-45.030225,-3.459069],[-45.028505,-3.459265],[-45.024495,-3.460898],[-45.022968,-3.461088],[-45.02144,-3.460897],[-45.020199,-3.460996],[-45.019244,-3.460895],[-45.015424,-3.461087],[-45.01418,-3.460513],[-45.012465,-3.458111],[-45.011701,-3.454558],[-45.011509,-3.452061],[-45.010365,-3.445824],[-45.010076,-3.442724],[-45.009982,-3.437372],[-45.010268,-3.435066],[-45.011412,-3.429884],[-45.009887,-3.43142],[-45.009313,-3.431801],[-45.008454,-3.431512],[-45.007594,-3.430842],[-45.002916,-3.430073],[-45.000422,-3.430073],[-44.995012,-3.429575],[-44.986866,-3.427995],[-44.981687,-3.427377],[-44.978833,-3.42728],[-44.975883,-3.427662],[-44.973599,-3.428427],[-44.969221,-3.433501],[-44.967125,-3.436469],[-44.9657,-3.438766],[-44.96332,-3.443834],[-44.959225,-3.448528],[-44.95627,-3.451594],[-44.951231,-3.455612],[-44.947899,-3.458098],[-44.944375,-3.460009],[-44.940189,-3.461737],[-44.934097,-3.462786],[-44.930765,-3.462788],[-44.92943,-3.462214],[-44.928483,-3.461354],[-44.928384,-3.46068],[-44.927531,-3.459819],[-44.927819,-3.457999],[-44.928958,-3.456949],[-44.928766,-3.455704],[-44.925724,-3.453599],[-44.924866,-3.452733],[-44.925245,-3.450346],[-44.926389,-3.449578],[-44.927625,-3.448333],[-44.928103,-3.446707],[-44.928196,-3.444983],[-44.927342,-3.442016],[-44.926191,-3.440096],[-44.922801,-3.436684],[-44.920583,-3.433688],[-44.918777,-3.431772],[-44.91687,-3.430434],[-44.907924,-3.427373],[-44.902691,-3.425835],[-44.900216,-3.424786],[-44.899263,-3.423347],[-44.898789,-3.421818],[-44.899455,-3.421146],[-44.900215,-3.420766],[-44.902026,-3.418851],[-44.902977,-3.416553],[-44.903167,-3.412918],[-44.902786,-3.411288],[-44.901169,-3.406312],[-44.899552,-3.401718],[-44.899077,-3.400764],[-44.896601,-3.398271],[-44.878903,-3.384388],[-44.877854,-3.383337],[-44.878045,-3.380753],[-44.878805,-3.379798],[-44.879759,-3.379315],[-44.883185,-3.379511],[-44.884803,-3.378455],[-44.885754,-3.377117],[-44.887086,-3.376446],[-44.888039,-3.376445],[-44.88918,-3.376735],[-44.890702,-3.376544],[-44.892701,-3.375488],[-44.893729,-3.374458],[-44.894339,-3.372838],[-44.894339,-3.37175],[-44.893377,-3.365345],[-44.893498,-3.363163],[-44.893138,-3.359781],[-44.893379,-3.357484],[-44.893018,-3.355791],[-44.892896,-3.353979],[-44.892177,-3.351922],[-44.891093,-3.351802],[-44.890134,-3.352045],[-44.889651,-3.35277],[-44.888075,-3.35389],[-44.883596,-3.355163],[-44.882078,-3.355066],[-44.880516,-3.354705],[-44.878353,-3.353735],[-44.876666,-3.352645],[-44.874385,-3.351558],[-44.872102,-3.350107],[-44.869338,-3.348895],[-44.867055,-3.347566],[-44.86525,-3.347086],[-44.863712,-3.346361],[-44.856921,-3.371699],[-44.830415,-3.445137],[-44.819349,-3.473549],[-44.824121,-3.47072],[-44.82911,-3.466355],[-44.830038,-3.465886],[-44.83069,-3.466448],[-44.831155,-3.46757],[-44.831153,-3.478039],[-44.830875,-3.481308],[-44.831523,-3.482619],[-44.833384,-3.483012],[-44.837789,-3.483246],[-44.839987,-3.483604],[-44.844657,-3.484773],[-44.845434,-3.486326],[-44.845764,-3.488437],[-44.85146,-3.492763],[-44.853486,-3.495691],[-44.853854,-3.496846],[-44.853938,-3.498354],[-44.853521,-3.500452],[-44.852742,-3.501837],[-44.852269,-3.503376],[-44.851908,-3.505285],[-44.851597,-3.508371],[-44.850323,-3.512717],[-44.849404,-3.518343],[-44.847649,-3.524604],[-44.845658,-3.527584],[-44.843742,-3.528485],[-44.840959,-3.527744],[-44.839771,-3.52692],[-44.837515,-3.525728],[-44.835989,-3.526079],[-44.836963,-3.528723],[-44.840016,-3.535728],[-44.839909,-3.53745],[-44.838907,-3.539529],[-44.836911,-3.540162],[-44.83529,-3.539422],[-44.833857,-3.537874],[-44.832878,-3.535784],[-44.83018,-3.532774],[-44.827907,-3.531493],[-44.825852,-3.531839],[-44.823848,-3.534197],[-44.823377,-3.535368],[-44.823097,-3.537275],[-44.823628,-3.539094],[-44.824627,-3.540827],[-44.828486,-3.544838],[-44.830105,-3.545845],[-44.83146,-3.547037],[-44.832071,-3.548946],[-44.831877,-3.551391],[-44.832404,-3.555388],[-44.832765,-3.556935],[-44.834295,-3.558942],[-44.835186,-3.561665],[-44.835352,-3.563033],[-44.836599,-3.567127],[-44.837764,-3.569488],[-44.838907,-3.573123],[-44.839709,-3.573943],[-44.842158,-3.57387],[-44.843514,-3.573151],[-44.848159,-3.569447],[-44.849962,-3.568366],[-44.852928,-3.567841],[-44.853742,-3.569296],[-44.853298,-3.570471],[-44.849489,-3.574176],[-44.84666,-3.576433],[-44.845408,-3.578152],[-44.844572,-3.578965],[-44.840941,-3.587553],[-44.837404,-3.58728],[-44.836127,-3.586631],[-44.832186,-3.583531],[-44.829463,-3.584058],[-44.826459,-3.587315],[-44.823571,-3.588847],[-44.81877,-3.592174],[-44.81813,-3.594268],[-44.817493,-3.595529],[-44.815682,-3.594065],[-44.814961,-3.592977],[-44.813604,-3.591973],[-44.809825,-3.592765],[-44.808186,-3.59467],[-44.807236,-3.602197],[-44.804877,-3.605815],[-44.803406,-3.6088],[-44.803131,-3.610433],[-44.803819,-3.61434],[-44.805431,-3.616892],[-44.807519,-3.619629],[-44.810738,-3.622553],[-44.813904,-3.624657],[-44.815157,-3.626206],[-44.815152,-3.628385],[-44.814131,-3.633185],[-44.813854,-3.635728],[-44.81418,-3.638089],[-44.813905,-3.639542],[-44.812827,-3.640174],[-44.811466,-3.640524],[-44.810378,-3.641157],[-44.808658,-3.643963],[-44.808462,-3.645416],[-44.807908,-3.646955],[-44.805467,-3.650484],[-44.804016,-3.651478],[-44.800211,-3.652091],[-44.798402,-3.652716],[-44.7966,-3.653074],[-44.794317,-3.654515],[-44.793489,-3.656149],[-44.793211,-3.657869],[-44.793572,-3.66123],[-44.794631,-3.665044],[-44.795152,-3.668674],[-44.795765,-3.671135],[-44.797686,-3.671781],[-44.799019,-3.671608],[-44.802571,-3.670347],[-44.80354,-3.669536],[-44.804821,-3.667729],[-44.806542,-3.665825],[-44.808379,-3.664844],[-44.810188,-3.665756],[-44.807433,-3.671103],[-44.805263,-3.672813],[-44.804356,-3.675448],[-44.804238,-3.676982],[-44.804599,-3.678718],[-44.805207,-3.679894],[-44.80685,-3.681357],[-44.808299,-3.679641],[-44.809214,-3.678194],[-44.80938,-3.67683],[-44.810847,-3.6743],[-44.813577,-3.672399],[-44.814933,-3.671956],[-44.817629,-3.672332],[-44.818545,-3.673332],[-44.818269,-3.675697],[-44.817791,-3.6776],[-44.820729,-3.678641],[-44.82183,-3.678127],[-44.825297,-3.675199],[-44.826177,-3.67527],[-44.826965,-3.67572],[-44.827773,-3.675933],[-44.831205,-3.675731],[-44.831908,-3.675505],[-44.832679,-3.674932],[-44.833859,-3.673269],[-44.834571,-3.672581],[-44.8374,-3.671713],[-44.838344,-3.671077],[-44.840181,-3.668703],[-44.840947,-3.666961],[-44.841196,-3.666713],[-44.842081,-3.666828],[-44.843815,-3.667724],[-44.845328,-3.667808],[-44.846089,-3.668202],[-44.846246,-3.66858],[-44.846199,-3.669305],[-44.84517,-3.671654],[-44.844898,-3.672691],[-44.845437,-3.675129],[-44.845226,-3.678325],[-44.845701,-3.678786],[-44.847259,-3.67889],[-44.847866,-3.679187],[-44.848163,-3.679504],[-44.848715,-3.681214],[-44.848466,-3.68211],[-44.847777,-3.68329],[-44.847131,-3.684883],[-44.846991,-3.686171],[-44.847199,-3.68728],[-44.847939,-3.687756],[-44.850946,-3.687125],[-44.851921,-3.687498],[-44.854784,-3.691411],[-44.855964,-3.692483],[-44.857906,-3.693629],[-44.85877,-3.695094],[-44.85953,-3.695711],[-44.862502,-3.696271],[-44.862879,-3.695977],[-44.863255,-3.694966],[-44.864477,-3.69389],[-44.865374,-3.693601],[-44.865823,-3.693884],[-44.866014,-3.694525],[-44.865979,-3.695153],[-44.864956,-3.696152],[-44.865245,-3.697394],[-44.864687,-3.697655],[-44.86356,-3.697503],[-44.863344,-3.697724],[-44.863301,-3.698256],[-44.863718,-3.699798],[-44.861638,-3.699473],[-44.861268,-3.699577],[-44.861348,-3.699932],[-44.86181,-3.700456],[-44.862152,-3.701483],[-44.862941,-3.701877],[-44.862893,-3.702238],[-44.862247,-3.703253],[-44.862381,-3.70361],[-44.862944,-3.704176],[-44.862952,-3.704411],[-44.862136,-3.704723],[-44.862074,-3.705659],[-44.861864,-3.706],[-44.860664,-3.705986],[-44.860147,-3.706261],[-44.861001,-3.707412],[-44.860915,-3.708725],[-44.86102,-3.709075],[-44.861389,-3.709081],[-44.862029,-3.708388],[-44.862333,-3.708443],[-44.862294,-3.709263],[-44.862618,-3.71002],[-44.862828,-3.711886],[-44.862631,-3.71205],[-44.862091,-3.711999],[-44.861113,-3.711379],[-44.860758,-3.711354],[-44.860762,-3.712123],[-44.859992,-3.713101],[-44.859614,-3.714617],[-44.858908,-3.715468],[-44.859182,-3.715691],[-44.860393,-3.715775],[-44.860758,-3.715976],[-44.86064,-3.71649],[-44.859933,-3.71688],[-44.860742,-3.717697],[-44.861175,-3.71842],[-44.861495,-3.718406],[-44.863053,-3.717597],[-44.863288,-3.717733],[-44.863604,-3.718713],[-44.863907,-3.718855],[-44.865129,-3.717396],[-44.865826,-3.717726],[-44.867329,-3.718897],[-44.867807,-3.72022],[-44.866655,-3.720528],[-44.866426,-3.720775],[-44.866621,-3.720865],[-44.867112,-3.720692],[-44.867281,-3.720849],[-44.867627,-3.723064],[-44.867326,-3.723206],[-44.866346,-3.722905],[-44.865914,-3.723121],[-44.866773,-3.723368],[-44.867548,-3.724196],[-44.868059,-3.724474],[-44.868428,-3.725096],[-44.868412,-3.725463],[-44.867377,-3.725565],[-44.867257,-3.725925],[-44.867463,-3.726135],[-44.868734,-3.726606],[-44.868839,-3.726829],[-44.867364,-3.727861],[-44.867341,-3.728279],[-44.867841,-3.728701],[-44.869536,-3.728802],[-44.871112,-3.729803],[-44.871153,-3.730586],[-44.870339,-3.730961],[-44.870233,-3.731261],[-44.870411,-3.731443],[-44.871362,-3.731543],[-44.87239,-3.731958],[-44.872344,-3.732719],[-44.87163,-3.733724],[-44.872031,-3.734214],[-44.872893,-3.734662],[-44.873127,-3.735257],[-44.87304,-3.736032],[-44.872345,-3.736653],[-44.872287,-3.736979],[-44.872561,-3.737154],[-44.873725,-3.737212],[-44.87459,-3.737662],[-44.874774,-3.738015],[-44.874687,-3.738455],[-44.873853,-3.739108],[-44.873819,-3.739385],[-44.874443,-3.739644],[-44.875922,-3.739373],[-44.876078,-3.740616],[-44.876637,-3.741549],[-44.878134,-3.742515],[-44.878119,-3.743128],[-44.877624,-3.744455],[-44.877902,-3.744783],[-44.878817,-3.745278],[-44.878775,-3.746392],[-44.878928,-3.746751],[-44.879558,-3.746448],[-44.88047,-3.745057],[-44.88117,-3.744386],[-44.882544,-3.744803],[-44.8838,-3.745571],[-44.884211,-3.745569],[-44.88462,-3.745358],[-44.884722,-3.745048],[-44.884579,-3.744701],[-44.883104,-3.743811],[-44.882936,-3.743368],[-44.883535,-3.742552],[-44.885085,-3.741442],[-44.885412,-3.74087],[-44.885526,-3.740251],[-44.885806,-3.739885],[-44.886418,-3.740049],[-44.886739,-3.741587],[-44.887533,-3.742181],[-44.888327,-3.743229],[-44.890126,-3.743508],[-44.890928,-3.743131],[-44.891633,-3.74233],[-44.893465,-3.741531],[-44.895224,-3.740228],[-44.897233,-3.739895],[-44.89775,-3.740041],[-44.898115,-3.74038],[-44.898914,-3.741886],[-44.899288,-3.743826],[-44.899357,-3.745301],[-44.899526,-3.745717],[-44.901066,-3.746927],[-44.901615,-3.747044],[-44.9035,-3.746837],[-44.905097,-3.747961],[-44.907623,-3.747213],[-44.908678,-3.7474],[-44.910008,-3.747887],[-44.911628,-3.747663],[-44.912453,-3.747747],[-44.912793,-3.747987],[-44.913097,-3.748546],[-44.913333,-3.749554],[-44.913253,-3.750472],[-44.913465,-3.750976],[-44.914407,-3.75186],[-44.916861,-3.752874],[-44.919037,-3.752495],[-44.920702,-3.75139],[-44.921243,-3.751249],[-44.92207,-3.751401],[-44.924462,-3.75268],[-44.926353,-3.752773],[-44.927368,-3.752368],[-44.928208,-3.751327],[-44.92912,-3.749553],[-44.930572,-3.747857],[-44.931072,-3.746628],[-44.930891,-3.746053],[-44.930407,-3.745722],[-44.929812,-3.745707],[-44.926911,-3.746894],[-44.926285,-3.746988],[-44.925691,-3.746841],[-44.922727,-3.744962],[-44.922092,-3.744],[-44.921439,-3.74222],[-44.919833,-3.740802],[-44.917668,-3.739463],[-44.917417,-3.739075],[-44.918053,-3.736849],[-44.918715,-3.735546],[-44.919331,-3.735163],[-44.921214,-3.734877],[-44.92157,-3.734579],[-44.92174,-3.734164],[-44.921594,-3.733077],[-44.92023,-3.730744],[-44.920084,-3.72997],[-44.921186,-3.727391],[-44.921468,-3.725073],[-44.922674,-3.722667],[-44.923012,-3.721523],[-44.923078,-3.720069],[-44.922453,-3.717773]]]}},{"type":"Feature","properties":{"CD_MUN":"2104651","NM_MUN":"Governador Newton Bello"},"geometry":{"type":"Polygon","coordinates":[[[-45.687544,-3.487298],[-45.792453,-3.48729],[-45.923652,-3.485737],[-45.924026,-3.485931],[-46.27349,-3.485794],[-46.273427,-3.485436],[-46.271034,-3.481996],[-46.270107,-3.480257],[-46.269159,-3.47676],[-46.268877,-3.474319],[-46.262439,-3.467305],[-46.271665,-3.45769],[-46.272524,-3.457308],[-46.273006,-3.456808],[-46.274105,-3.454748],[-46.275285,-3.453565],[-46.27811,-3.446171],[-46.281718,-3.441403],[-46.282421,-3.439829],[-46.283702,-3.43889],[-46.285579,-3.437062],[-46.288075,-3.435996],[-46.289763,-3.436081],[-46.291477,-3.435942],[-46.291749,-3.435741],[-46.291946,-3.43501],[-46.291938,-3.43353],[-46.291564,-3.43263],[-46.289912,-3.430791],[-46.286967,-3.429137],[-46.285865,-3.42889],[-46.284521,-3.428871],[-46.283368,-3.428352],[-46.281449,-3.428188],[-46.277644,-3.425999],[-46.274078,-3.424517],[-46.273805,-3.424132],[-46.273887,-3.423169],[-46.276168,-3.417647],[-46.276855,-3.41551],[-46.278382,-3.412658],[-46.278541,-3.410752],[-46.279489,-3.408217],[-46.279371,-3.405775],[-46.279662,-3.40337],[-46.279878,-3.402909],[-46.279831,-3.400928],[-46.280027,-3.398823],[-46.279858,-3.397983],[-46.277695,-3.393908],[-46.278371,-3.346449],[-46.279635,-3.34566],[-46.279879,-3.345309],[-46.279708,-3.344387],[-46.279811,-3.343657],[-46.279573,-3.343112],[-46.280125,-3.340997],[-46.279458,-3.340046],[-46.278804,-3.339609],[-46.277769,-3.338424],[-46.277531,-3.337738],[-46.275514,-3.335715],[-46.274418,-3.333806],[-46.271387,-3.330037],[-46.269762,-3.327625],[-46.26763,-3.323771],[-46.26729,-3.32363],[-46.26685,-3.323705],[-46.266503,-3.323484],[-46.266284,-3.322794],[-46.26549,-3.321941],[-46.265682,-3.321112],[-46.264232,-3.319478],[-46.263202,-3.318936],[-46.261014,-3.318227],[-46.256995,-3.317061],[-46.255494,-3.316893],[-46.25438,-3.317342],[-46.252719,-3.318666],[-46.251629,-3.319082],[-46.250154,-3.320799],[-46.24993,-3.321348],[-46.249964,-3.322457],[-46.250118,-3.322834],[-46.250864,-3.323436],[-46.250735,-3.324221],[-46.250861,-3.324622],[-46.24682,-3.32675],[-46.245443,-3.327644],[-46.244975,-3.327733],[-46.244323,-3.328306],[-46.243268,-3.328831],[-46.242613,-3.330076],[-46.241651,-3.330753],[-46.241197,-3.331675],[-46.240892,-3.331834],[-46.239776,-3.333106],[-46.238844,-3.334467],[-46.237777,-3.33543],[-46.235514,-3.335543],[-46.234622,-3.336268],[-46.231711,-3.33777],[-46.231044,-3.338332],[-46.230256,-3.33859],[-46.229877,-3.33941],[-46.228783,-3.339916],[-46.228478,-3.340729],[-46.197008,-3.362948],[-46.060645,-3.363107],[-46.057806,-3.366288],[-46.053664,-3.36786],[-46.052931,-3.368429],[-46.052306,-3.369297],[-46.051371,-3.369443],[-46.050217,-3.369977],[-46.049093,-3.369693],[-46.04677,-3.369612],[-46.045016,-3.369304],[-46.041824,-3.36968],[-46.041195,-3.369278],[-46.04047,-3.369152],[-46.038012,-3.369527],[-46.036951,-3.37011],[-46.035117,-3.370806],[-46.03356,-3.372805],[-46.032953,-3.37282],[-46.032416,-3.373044],[-46.031098,-3.372785],[-46.028245,-3.374318],[-46.027697,-3.374903],[-46.027319,-3.375087],[-46.026459,-3.375153],[-46.025379,-3.376134],[-46.025274,-3.37666],[-46.024694,-3.377376],[-46.022144,-3.377895],[-46.020769,-3.378016],[-46.019731,-3.377886],[-46.017834,-3.377237],[-46.015517,-3.376852],[-46.011523,-3.374653],[-46.009432,-3.374371],[-46.006367,-3.372996],[-46.002918,-3.370582],[-46.000936,-3.37023],[-45.998203,-3.368996],[-45.995969,-3.367636],[-45.99545,-3.367665],[-45.992128,-3.36885],[-45.990771,-3.369202],[-45.989102,-3.369405],[-45.987844,-3.369803],[-45.986382,-3.370606],[-45.984914,-3.371157],[-45.984234,-3.371197],[-45.981846,-3.370792],[-45.980977,-3.370907],[-45.979306,-3.371468],[-45.978721,-3.371486],[-45.977282,-3.372462],[-45.976734,-3.373082],[-45.97591,-3.373406],[-45.971176,-3.371449],[-45.969805,-3.371316],[-45.968247,-3.370765],[-45.967098,-3.370689],[-45.966685,-3.370412],[-45.96594,-3.370227],[-45.964013,-3.370309],[-45.959988,-3.369524],[-45.952002,-3.367497],[-45.949402,-3.366571],[-45.943731,-3.365906],[-45.940909,-3.365795],[-45.939581,-3.365996],[-45.909393,-3.378663],[-45.878542,-3.315965],[-45.798669,-3.335531],[-45.660214,-3.338667],[-45.660875,-3.345694],[-45.65778,-3.346828],[-45.653937,-3.349659],[-45.647658,-3.358673],[-45.644189,-3.361506],[-45.641843,-3.362169],[-45.632279,-3.36892],[-45.628624,-3.373638],[-45.625908,-3.380478],[-45.621969,-3.386141],[-45.617845,-3.390483],[-45.613815,-3.397042],[-45.607722,-3.403461],[-45.602846,-3.40818],[-45.601722,-3.411057],[-45.596193,-3.421722],[-45.593475,-3.4263],[-45.5841,-3.436115],[-45.578941,-3.440127],[-45.573503,-3.443904],[-45.570889,-3.446459],[-45.571193,-3.448871],[-45.571172,-3.450155],[-45.570803,-3.451502],[-45.570756,-3.452469],[-45.570507,-3.453223],[-45.570049,-3.453754],[-45.569316,-3.453941],[-45.568396,-3.453894],[-45.567454,-3.45354],[-45.563939,-3.455936],[-45.559531,-3.457542],[-45.55632,-3.458186],[-45.549028,-3.467219],[-45.545277,-3.470287],[-45.544249,-3.474156],[-45.54472,-3.478872],[-45.544067,-3.483307],[-45.542189,-3.484976],[-45.541944,-3.485385],[-45.541688,-3.487975],[-45.543226,-3.489882],[-45.687544,-3.487298]]]}},{"type":"Feature","properties":{"CD_MUN":"2112274","NM_MUN":"Tufilândia"},"geometry":{"type":"Polygon","coordinates":[[[-45.530848,-3.834969],[-45.528273,-3.852219],[-45.537731,-3.859325],[-45.552341,-3.869659],[-45.563831,-3.87849],[-45.584202,-3.90338],[-45.591758,-3.909999],[-45.598158,-3.915344],[-45.624257,-3.732863],[-45.625619,-3.733387],[-45.626764,-3.733155],[-45.627242,-3.732361],[-45.628005,-3.731896],[-45.628961,-3.731569],[-45.631564,-3.731312],[-45.631991,-3.730379],[-45.632611,-3.729727],[-45.635861,-3.729631],[-45.636601,-3.730166],[-45.637078,-3.730305],[-45.637079,-3.731702],[-45.636652,-3.735009],[-45.637298,-3.736476],[-45.639736,-3.739641],[-45.640952,-3.738034],[-45.640857,-3.737148],[-45.641573,-3.737054],[-45.642148,-3.738172],[-45.644632,-3.740171],[-45.645516,-3.741125],[-45.646185,-3.741543],[-45.646806,-3.741636],[-45.648764,-3.741402],[-45.650245,-3.742426],[-45.651249,-3.743962],[-45.65199,-3.744683],[-45.652946,-3.745289],[-45.654044,-3.745195],[-45.655908,-3.746263],[-45.656385,-3.74589],[-45.657173,-3.746147],[-45.658285,-3.745679],[-45.660899,-3.745659],[-45.641872,-3.626058],[-45.639197,-3.6259],[-45.638586,-3.626145],[-45.637623,-3.628673],[-45.637071,-3.629494],[-45.63567,-3.630403],[-45.633892,-3.631179],[-45.63208,-3.63164],[-45.630725,-3.631761],[-45.628508,-3.631108],[-45.627691,-3.631067],[-45.627339,-3.631199],[-45.626878,-3.63171],[-45.626632,-3.633945],[-45.626098,-3.635548],[-45.625863,-3.635926],[-45.624468,-3.636791],[-45.622268,-3.639583],[-45.622039,-3.640391],[-45.622279,-3.64483],[-45.622121,-3.64576],[-45.621627,-3.64656],[-45.621007,-3.647094],[-45.618482,-3.648491],[-45.618166,-3.649013],[-45.618058,-3.649607],[-45.618126,-3.650552],[-45.618391,-3.651213],[-45.619443,-3.65206],[-45.621006,-3.652534],[-45.621508,-3.652884],[-45.621861,-3.653394],[-45.621841,-3.654118],[-45.621492,-3.654677],[-45.620748,-3.655202],[-45.617913,-3.655344],[-45.617365,-3.655543],[-45.616964,-3.65651],[-45.617275,-3.659607],[-45.618116,-3.661495],[-45.618583,-3.661895],[-45.61956,-3.662324],[-45.62152,-3.662301],[-45.62183,-3.662439],[-45.622462,-3.666202],[-45.622498,-3.667731],[-45.622061,-3.668637],[-45.621215,-3.669269],[-45.619736,-3.669361],[-45.617617,-3.668929],[-45.616904,-3.669014],[-45.616622,-3.669237],[-45.615748,-3.671743],[-45.615868,-3.672583],[-45.616278,-3.673279],[-45.617706,-3.674389],[-45.6189,-3.67559],[-45.619091,-3.675832],[-45.619177,-3.676403],[-45.61883,-3.677182],[-45.617093,-3.678181],[-45.616067,-3.679004],[-45.614917,-3.679493],[-45.610833,-3.679958],[-45.609778,-3.680339],[-45.608544,-3.681252],[-45.608027,-3.681433],[-45.606035,-3.681186],[-45.604714,-3.681274],[-45.601804,-3.681127],[-45.599696,-3.680791],[-45.598415,-3.680405],[-45.597452,-3.679822],[-45.595639,-3.678221],[-45.59513,-3.677908],[-45.594471,-3.677787],[-45.593992,-3.677935],[-45.593641,-3.678334],[-45.59309,-3.679807],[-45.592823,-3.680081],[-45.592415,-3.68001],[-45.591284,-3.679054],[-45.590129,-3.678371],[-45.589496,-3.678291],[-45.588462,-3.678617],[-45.587154,-3.680227],[-45.586589,-3.680296],[-45.586312,-3.680167],[-45.586015,-3.679672],[-45.585056,-3.677279],[-45.584393,-3.674968],[-45.583894,-3.674497],[-45.583346,-3.674353],[-45.582721,-3.674411],[-45.581528,-3.674958],[-45.580567,-3.675176],[-45.580163,-3.675195],[-45.579529,-3.674926],[-45.578952,-3.674417],[-45.578495,-3.67368],[-45.577759,-3.6708],[-45.577184,-3.670157],[-45.576663,-3.670189],[-45.574913,-3.67098],[-45.573949,-3.671119],[-45.573346,-3.670867],[-45.572249,-3.66968],[-45.571665,-3.66929],[-45.570665,-3.669097],[-45.568646,-3.669341],[-45.567987,-3.669135],[-45.567644,-3.668683],[-45.567108,-3.666846],[-45.566743,-3.666107],[-45.566221,-3.665734],[-45.564044,-3.664837],[-45.563411,-3.664181],[-45.562654,-3.662913],[-45.561774,-3.662108],[-45.560525,-3.661591],[-45.559281,-3.661754],[-45.557734,-3.662284],[-45.557004,-3.662265],[-45.556442,-3.66204],[-45.556005,-3.661697],[-45.555574,-3.661055],[-45.554866,-3.658912],[-45.554256,-3.658248],[-45.553929,-3.658147],[-45.552063,-3.658255],[-45.551561,-3.658437],[-45.550593,-3.659017],[-45.549115,-3.66024],[-45.548328,-3.660551],[-45.547118,-3.660234],[-45.545899,-3.658715],[-45.545223,-3.65844],[-45.544374,-3.659091],[-45.542554,-3.662493],[-45.542111,-3.662866],[-45.541482,-3.663022],[-45.540369,-3.662809],[-45.537943,-3.661164],[-45.53562,-3.660442],[-45.53518,-3.660073],[-45.534422,-3.658976],[-45.533945,-3.658818],[-45.530287,-3.658829],[-45.528551,-3.658505],[-45.527022,-3.658791],[-45.525997,-3.659257],[-45.523638,-3.659493],[-45.522478,-3.65995],[-45.521703,-3.660685],[-45.520983,-3.662723],[-45.520559,-3.664528],[-45.520579,-3.668722],[-45.520227,-3.669669],[-45.519566,-3.670428],[-45.515054,-3.671814],[-45.513984,-3.671968],[-45.512527,-3.671928],[-45.51115,-3.671384],[-45.509019,-3.669311],[-45.508081,-3.669205],[-45.507462,-3.66959],[-45.50737,-3.669901],[-45.507279,-3.670406],[-45.507514,-3.671173],[-45.508069,-3.67187],[-45.509288,-3.672504],[-45.510336,-3.67334],[-45.510637,-3.674042],[-45.51048,-3.674341],[-45.510168,-3.67451],[-45.508649,-3.674405],[-45.506156,-3.675028],[-45.503892,-3.675014],[-45.50309,-3.675575],[-45.503104,-3.676293],[-45.504077,-3.67683],[-45.505195,-3.677743],[-45.505666,-3.678631],[-45.505607,-3.679104],[-45.504748,-3.680088],[-45.504204,-3.681643],[-45.504303,-3.682481],[-45.504988,-3.684288],[-45.504882,-3.685069],[-45.504514,-3.685576],[-45.504168,-3.685763],[-45.502654,-3.686185],[-45.501998,-3.686586],[-45.501753,-3.687204],[-45.501903,-3.688195],[-45.502305,-3.688765],[-45.503903,-3.69015],[-45.504264,-3.690688],[-45.504261,-3.691431],[-45.504168,-3.691788],[-45.503626,-3.692145],[-45.501572,-3.693026],[-45.50075,-3.693652],[-45.500187,-3.69498],[-45.499754,-3.697508],[-45.499274,-3.698157],[-45.505925,-3.697005],[-45.510323,-3.704732],[-45.514089,-3.701607],[-45.514921,-3.701532],[-45.51583,-3.700982],[-45.518524,-3.700201],[-45.519764,-3.69942],[-45.520761,-3.699417],[-45.521754,-3.700118],[-45.526106,-3.700349],[-45.530251,-3.700348],[-45.537336,-3.701203],[-45.537918,-3.703156],[-45.538045,-3.706513],[-45.538426,-3.709234],[-45.534064,-3.715633],[-45.535249,-3.726096],[-45.532745,-3.776416],[-45.531828,-3.778363],[-45.531371,-3.780099],[-45.528638,-3.786227],[-45.527835,-3.787421],[-45.527059,-3.78943],[-45.527234,-3.791106],[-45.527636,-3.792464],[-45.528385,-3.794035],[-45.530848,-3.834969]]]}},{"type":"Feature","properties":{"CD_MUN":"2111763","NM_MUN":"Senador La Rocque"},"geometry":{"type":"Polygon","coordinates":[[[-47.239203,-5.50023],[-47.240711,-5.504253],[-47.240293,-5.506942],[-47.239556,-5.509631],[-47.239989,-5.511564],[-47.240959,-5.513601],[-47.243213,-5.514452],[-47.244979,-5.514285],[-47.247759,-5.512878],[-47.249469,-5.511475],[-47.25118,-5.510823],[-47.253856,-5.510383],[-47.255575,-5.511666],[-47.256011,-5.513706],[-47.256453,-5.517199],[-47.259468,-5.521485],[-47.26253,-5.524106],[-47.265214,-5.525387],[-47.268967,-5.526769],[-47.273451,-5.530686],[-47.275275,-5.531217],[-47.2756,-5.532504],[-47.275614,-5.535944],[-47.277444,-5.538408],[-47.280879,-5.540376],[-47.283007,-5.539185],[-47.283776,-5.539988],[-47.285181,-5.539479],[-47.286149,-5.540238],[-47.286505,-5.541302],[-47.287049,-5.542118],[-47.287852,-5.542252],[-47.288656,-5.541801],[-47.289576,-5.542392],[-47.289673,-5.542856],[-47.290111,-5.543426],[-47.290961,-5.543844],[-47.291858,-5.545503],[-47.292658,-5.545496],[-47.294453,-5.544908],[-47.294759,-5.544914],[-47.295121,-5.54541],[-47.295458,-5.545436],[-47.295921,-5.54446],[-47.296736,-5.543687],[-47.296845,-5.542867],[-47.298378,-5.542486],[-47.299554,-5.541322],[-47.300673,-5.539476],[-47.301893,-5.538516],[-47.302743,-5.537462],[-47.304188,-5.537382],[-47.304813,-5.536726],[-47.305317,-5.536666],[-47.30641,-5.536907],[-47.307976,-5.536873],[-47.309434,-5.538445],[-47.30973,-5.539001],[-47.310678,-5.53975],[-47.311323,-5.5407],[-47.311454,-5.542596],[-47.311212,-5.543138],[-47.311078,-5.544189],[-47.311252,-5.544918],[-47.312059,-5.546664],[-47.312173,-5.547962],[-47.311945,-5.548999],[-47.312563,-5.551481],[-47.312932,-5.551962],[-47.313968,-5.552417],[-47.315164,-5.553441],[-47.315527,-5.55512],[-47.315769,-5.555554],[-47.316488,-5.555645],[-47.317362,-5.55609],[-47.319099,-5.556488],[-47.319926,-5.55616],[-47.32045,-5.555444],[-47.32088,-5.555397],[-47.322104,-5.555778],[-47.32295,-5.555036],[-47.323985,-5.555103],[-47.324752,-5.554889],[-47.325263,-5.554541],[-47.325652,-5.553752],[-47.325719,-5.552614],[-47.325383,-5.551664],[-47.325229,-5.549189],[-47.324735,-5.548102],[-47.325397,-5.54741],[-47.325988,-5.547095],[-47.326687,-5.54751],[-47.327141,-5.54838],[-47.327272,-5.5493],[-47.327487,-5.549554],[-47.328939,-5.551026],[-47.330098,-5.551698],[-47.332172,-5.55138],[-47.332726,-5.551537],[-47.333358,-5.551096],[-47.333617,-5.550306],[-47.334077,-5.550109],[-47.335459,-5.550932],[-47.336773,-5.550838],[-47.337616,-5.551126],[-47.338194,-5.551761],[-47.338497,-5.553203],[-47.339538,-5.554273],[-47.341857,-5.554421],[-47.343309,-5.554086],[-47.343994,-5.553384],[-47.345036,-5.552808],[-47.346185,-5.551477],[-47.346085,-5.551089],[-47.345386,-5.550611],[-47.345255,-5.550019],[-47.345607,-5.549433],[-47.347315,-5.54956],[-47.348225,-5.55026],[-47.348588,-5.550116],[-47.3488,-5.549835],[-47.348897,-5.548788],[-47.348783,-5.54832],[-47.348259,-5.547968],[-47.347721,-5.548082],[-47.34758,-5.548249],[-47.34719,-5.548229],[-47.347059,-5.547048],[-47.345923,-5.545642],[-47.346529,-5.544986],[-47.347072,-5.543685],[-47.349926,-5.539659],[-47.350763,-5.540054],[-47.351278,-5.540855],[-47.351758,-5.542153],[-47.353016,-5.542286],[-47.353799,-5.542575],[-47.356439,-5.544102],[-47.358166,-5.545618],[-47.358713,-5.545928],[-47.359067,-5.545906],[-47.35926,-5.545618],[-47.358488,-5.54471],[-47.358499,-5.543365],[-47.358702,-5.542799],[-47.359518,-5.542532],[-47.359861,-5.542852],[-47.360601,-5.54297],[-47.361127,-5.542617],[-47.361546,-5.542073],[-47.361735,-5.540644],[-47.361277,-5.540086],[-47.361095,-5.539542],[-47.36131,-5.53873],[-47.362082,-5.538057],[-47.362382,-5.53747],[-47.363359,-5.537267],[-47.364271,-5.537598],[-47.365574,-5.537021],[-47.366005,-5.537032],[-47.366365,-5.537239],[-47.368326,-5.537395],[-47.369002,-5.537662],[-47.369335,-5.538218],[-47.369222,-5.5393],[-47.369337,-5.539825],[-47.370762,-5.540353],[-47.372307,-5.540022],[-47.373294,-5.539403],[-47.373508,-5.538794],[-47.373465,-5.538004],[-47.37368,-5.537427],[-47.376781,-5.534683],[-47.377617,-5.53369],[-47.378733,-5.531148],[-47.378626,-5.529749],[-47.378057,-5.528703],[-47.377571,-5.527494],[-47.377577,-5.52683],[-47.377194,-5.526477],[-47.377164,-5.526149],[-47.37789,-5.525828],[-47.378649,-5.525941],[-47.378982,-5.525693],[-47.379417,-5.524925],[-47.379889,-5.524702],[-47.380266,-5.524174],[-47.380869,-5.523884],[-47.381025,-5.523142],[-47.381806,-5.522154],[-47.382341,-5.521753],[-47.383148,-5.520114],[-47.383515,-5.51849],[-47.383097,-5.517597],[-47.38119,-5.515551],[-47.38127,-5.51504],[-47.381722,-5.514616],[-47.382055,-5.514541],[-47.382941,-5.51515],[-47.383505,-5.515153],[-47.383755,-5.514901],[-47.384351,-5.514944],[-47.384544,-5.515535],[-47.384845,-5.515236],[-47.385927,-5.515287],[-47.386355,-5.515039],[-47.386531,-5.515097],[-47.386529,-5.515492],[-47.38666,-5.515572],[-47.387084,-5.515284],[-47.387377,-5.515349],[-47.387525,-5.515886],[-47.387139,-5.516154],[-47.387348,-5.516474],[-47.387261,-5.516876],[-47.387022,-5.517072],[-47.3873,-5.517472],[-47.386789,-5.518065],[-47.387094,-5.518962],[-47.387261,-5.519071],[-47.387084,-5.519473],[-47.387457,-5.520312],[-47.388484,-5.520416],[-47.389375,-5.520966],[-47.38962,-5.520945],[-47.38998,-5.520627],[-47.390291,-5.520645],[-47.390544,-5.520771],[-47.390485,-5.521015],[-47.390661,-5.521046],[-47.391032,-5.520798],[-47.392351,-5.520631],[-47.392951,-5.519513],[-47.393131,-5.519508],[-47.393521,-5.519765],[-47.393712,-5.520197],[-47.394324,-5.520359],[-47.394672,-5.520128],[-47.395542,-5.520006],[-47.396544,-5.51947],[-47.397071,-5.519665],[-47.397438,-5.519462],[-47.397388,-5.519265],[-47.397577,-5.51912],[-47.397867,-5.519171],[-47.398013,-5.518661],[-47.398753,-5.51764],[-47.399178,-5.516709],[-47.399662,-5.516279],[-47.400011,-5.516484],[-47.400368,-5.516313],[-47.400717,-5.516465],[-47.400936,-5.516294],[-47.401267,-5.516504],[-47.401495,-5.516432],[-47.401517,-5.515963],[-47.402097,-5.515469],[-47.402082,-5.515144],[-47.402326,-5.514938],[-47.402438,-5.515026],[-47.402464,-5.514745],[-47.403263,-5.514521],[-47.403236,-5.514074],[-47.403801,-5.513825],[-47.403843,-5.51322],[-47.404802,-5.512596],[-47.404936,-5.512202],[-47.405509,-5.512233],[-47.405641,-5.512099],[-47.405862,-5.511408],[-47.406041,-5.511367],[-47.406132,-5.511088],[-47.405906,-5.510949],[-47.406096,-5.510625],[-47.406017,-5.510262],[-47.405589,-5.510056],[-47.40603,-5.509234],[-47.406478,-5.508999],[-47.404616,-5.507362],[-47.403815,-5.505609],[-47.404012,-5.501653],[-47.405708,-5.501446],[-47.404645,-5.499281],[-47.403213,-5.498673],[-47.395015,-5.491904],[-47.395212,-5.488505],[-47.398014,-5.483068],[-47.398035,-5.482266],[-47.397676,-5.481312],[-47.397089,-5.480533],[-47.396295,-5.479966],[-47.395345,-5.47992],[-47.39406,-5.480166],[-47.392707,-5.480126],[-47.392069,-5.478366],[-47.391148,-5.474898],[-47.390402,-5.473937],[-47.38954,-5.473559],[-47.388511,-5.472756],[-47.38765,-5.471444],[-47.386401,-5.470245],[-47.383504,-5.468577],[-47.383008,-5.467792],[-47.38154,-5.464228],[-47.380842,-5.463671],[-47.380095,-5.463392],[-47.376734,-5.463778],[-47.376123,-5.463566],[-47.373819,-5.460494],[-47.371893,-5.46007],[-47.371312,-5.459614],[-47.370902,-5.458244],[-47.370228,-5.457271],[-47.368503,-5.456358],[-47.366597,-5.455916],[-47.363648,-5.455828],[-47.36312,-5.455364],[-47.36229,-5.452758],[-47.361041,-5.451505],[-47.360233,-5.451173],[-47.359788,-5.451275],[-47.359289,-5.453363],[-47.358872,-5.454356],[-47.35776,-5.456068],[-47.356562,-5.457439],[-47.355009,-5.457647],[-47.353818,-5.457427],[-47.353426,-5.457054],[-47.353063,-5.456361],[-47.353012,-5.454597],[-47.352813,-5.453868],[-47.351869,-5.452762],[-47.350918,-5.451888],[-47.348208,-5.451309],[-47.346354,-5.449925],[-47.345601,-5.449173],[-47.345078,-5.448364],[-47.34437,-5.444481],[-47.343789,-5.443614],[-47.341589,-5.442288],[-47.340606,-5.442002],[-47.339335,-5.442007],[-47.339056,-5.441677],[-47.338057,-5.441605],[-47.336437,-5.440268],[-47.336286,-5.437135],[-47.334202,-5.435573],[-47.332659,-5.435038],[-47.332109,-5.434033],[-47.330683,-5.433215],[-47.330298,-5.432615],[-47.330318,-5.430518],[-47.318758,-5.4006],[-47.318728,-5.399828],[-47.31931,-5.396223],[-47.319172,-5.395656],[-47.318398,-5.394622],[-47.31745,-5.393884],[-47.314565,-5.39273],[-47.313814,-5.392129],[-47.313345,-5.391325],[-47.31257,-5.389024],[-47.311704,-5.387955],[-47.310176,-5.386529],[-47.308505,-5.385875],[-47.304899,-5.385111],[-47.303815,-5.385016],[-47.300564,-5.385821],[-47.298642,-5.386076],[-47.294206,-5.386191],[-47.292875,-5.385998],[-47.286804,-5.384041],[-47.28567,-5.384045],[-47.283453,-5.38435],[-47.280594,-5.384163],[-47.278718,-5.383775],[-47.277484,-5.383185],[-47.27482,-5.3827],[-47.272943,-5.381618],[-47.270771,-5.380785],[-47.269782,-5.379947],[-47.268345,-5.377972],[-47.267307,-5.377134],[-47.265529,-5.376299],[-47.262909,-5.374279],[-47.259693,-5.371074],[-47.25875,-5.369245],[-47.273522,-5.364884],[-47.269123,-5.361633],[-47.265417,-5.359321],[-47.263739,-5.358784],[-47.262928,-5.358177],[-47.26073,-5.357039],[-47.259648,-5.356181],[-47.257731,-5.354122],[-47.256477,-5.353203],[-47.255372,-5.352748],[-47.253064,-5.352636],[-47.252114,-5.35196],[-47.25123,-5.350441],[-47.248368,-5.3483],[-47.247252,-5.34782],[-47.24487,-5.346339],[-47.242068,-5.345114],[-47.240506,-5.345097],[-47.234677,-5.344377],[-47.233282,-5.344039],[-47.230119,-5.343609],[-47.226474,-5.342716],[-47.225258,-5.342657],[-47.223749,-5.343012],[-47.221035,-5.345055],[-47.219423,-5.347308],[-47.217448,-5.349685],[-47.215727,-5.35025],[-47.212842,-5.352437],[-47.211206,-5.352877],[-47.206787,-5.353402],[-47.205285,-5.353853],[-47.204256,-5.354641],[-47.202013,-5.355155],[-47.201004,-5.354955],[-47.199425,-5.354255],[-47.198092,-5.353917],[-47.19506,-5.353947],[-47.193954,-5.353638],[-47.19062,-5.351591],[-47.189232,-5.351354],[-47.186061,-5.351817],[-47.183924,-5.351768],[-47.181171,-5.350138],[-47.180282,-5.349805],[-47.178812,-5.349717],[-47.176179,-5.350389],[-47.175138,-5.350349],[-47.173179,-5.348488],[-47.171925,-5.346732],[-47.170757,-5.345444],[-47.167453,-5.342406],[-47.166316,-5.341567],[-47.163334,-5.33861],[-47.158259,-5.334278],[-47.155806,-5.333008],[-47.153697,-5.330797],[-47.152315,-5.330144],[-47.150921,-5.329714],[-47.147923,-5.329126],[-47.14661,-5.328482],[-47.145287,-5.327541],[-47.142428,-5.325913],[-47.137584,-5.3248],[-47.135844,-5.324098],[-47.132983,-5.323348],[-47.130169,-5.322338],[-47.128478,-5.321242],[-47.12731,-5.319953],[-47.127011,-5.319241],[-47.126424,-5.318463],[-47.124842,-5.317098],[-47.122698,-5.316796],[-47.11983,-5.315665],[-47.112983,-5.313842],[-47.111232,-5.313528],[-47.107647,-5.313766],[-47.104228,-5.313744],[-47.102285,-5.313195],[-47.100591,-5.312987],[-47.099399,-5.31327],[-47.097424,-5.314603],[-47.096373,-5.315069],[-47.094503,-5.315146],[-47.093595,-5.314974],[-47.090363,-5.313599],[-47.08798,-5.312074],[-47.086677,-5.31152],[-47.082277,-5.310591],[-47.080557,-5.31059],[-47.07923,-5.310952],[-47.077202,-5.312521],[-47.075896,-5.313088],[-47.074812,-5.313212],[-47.071474,-5.312438],[-47.070121,-5.31237],[-47.068891,-5.312669],[-47.067758,-5.31316],[-47.065447,-5.313269],[-47.064171,-5.313523],[-47.063254,-5.313341],[-47.06234,-5.312696],[-47.060643,-5.311878],[-47.057643,-5.310748],[-47.057342,-5.310287],[-47.057068,-5.309009],[-47.057141,-5.306379],[-47.056057,-5.304994],[-47.056512,-5.302278],[-47.056394,-5.301451],[-47.055643,-5.30036],[-47.054252,-5.29938],[-47.051812,-5.298366],[-47.049287,-5.298031],[-47.046534,-5.297992],[-47.044369,-5.298165],[-47.04364,-5.297997],[-47.043217,-5.297163],[-47.042658,-5.29737],[-47.041857,-5.296584],[-47.041531,-5.296688],[-47.04148,-5.296085],[-47.041934,-5.296072],[-47.042143,-5.295776],[-47.041637,-5.29491],[-47.041711,-5.294401],[-47.041386,-5.293767],[-47.041273,-5.292713],[-47.030816,-5.293865],[-47.031585,-5.282051],[-47.029739,-5.282017],[-47.029305,-5.281776],[-47.029144,-5.280299],[-47.028679,-5.278581],[-47.027796,-5.278195],[-47.023942,-5.275401],[-47.023332,-5.274518],[-47.023522,-5.273979],[-47.019657,-5.274312],[-47.014892,-5.275065],[-47.012948,-5.274967],[-47.011199,-5.273897],[-47.009562,-5.272577],[-47.00475,-5.268008],[-47.002896,-5.266892],[-47.001699,-5.26638],[-46.999322,-5.26476],[-46.998767,-5.262558],[-46.997771,-5.260135],[-46.996118,-5.258157],[-46.99556,-5.255512],[-46.9958,-5.254357],[-46.995724,-5.251935],[-46.994269,-5.250347],[-46.99233,-5.249038],[-46.989978,-5.248006],[-46.987349,-5.246352],[-46.983368,-5.243544],[-46.981916,-5.242715],[-46.981016,-5.242441],[-46.978808,-5.24321],[-46.977634,-5.243144],[-46.976804,-5.242732],[-46.975348,-5.241142],[-46.974791,-5.240035],[-46.973615,-5.239068],[-46.972162,-5.238172],[-46.97031,-5.236187],[-46.968783,-5.233418],[-46.967918,-5.232971],[-46.96626,-5.232629],[-46.965288,-5.231593],[-46.96355,-5.227646],[-46.958652,-5.222905],[-46.956712,-5.221523],[-46.955259,-5.220767],[-46.953532,-5.220148],[-46.952771,-5.219664],[-46.952491,-5.218972],[-46.951278,-5.217208],[-46.949614,-5.215133],[-46.947744,-5.213545],[-46.946153,-5.212925],[-46.944152,-5.213347],[-46.942774,-5.214184],[-46.941048,-5.214674],[-46.939184,-5.214888],[-46.93604,-5.214551],[-46.934176,-5.214973],[-46.930796,-5.21637],[-46.928691,-5.217034],[-46.927103,-5.217248],[-46.925931,-5.217945],[-46.923932,-5.219753],[-46.922279,-5.220938],[-46.921106,-5.221149],[-46.920206,-5.220666],[-46.919167,-5.21956],[-46.918539,-5.217689],[-46.917224,-5.216585],[-46.915751,-5.215896],[-46.913816,-5.21597],[-46.911056,-5.21688],[-46.908016,-5.216821],[-46.901071,-5.21556],[-46.89955,-5.21501],[-46.89775,-5.214043],[-46.89692,-5.213353],[-46.895603,-5.211832],[-46.892445,-5.209089],[-46.889692,-5.207421],[-46.889841,-5.207729],[-46.889324,-5.207654],[-46.888847,-5.208132],[-46.888535,-5.208129],[-46.888633,-5.208457],[-46.889288,-5.209089],[-46.889465,-5.209554],[-46.888785,-5.210849],[-46.888242,-5.21097],[-46.888098,-5.211459],[-46.888324,-5.211777],[-46.888991,-5.211993],[-46.889106,-5.212513],[-46.888553,-5.213615],[-46.88833,-5.213614],[-46.888267,-5.213396],[-46.88805,-5.213438],[-46.88792,-5.213257],[-46.887763,-5.213628],[-46.887262,-5.213792],[-46.887261,-5.214381],[-46.88704,-5.214661],[-46.887187,-5.215344],[-46.887344,-5.215455],[-46.887009,-5.216145],[-46.887324,-5.216849],[-46.888001,-5.217172],[-46.887715,-5.217863],[-46.888039,-5.218046],[-46.888066,-5.218427],[-46.888396,-5.218396],[-46.888443,-5.218826],[-46.888191,-5.219033],[-46.888358,-5.219348],[-46.888343,-5.220015],[-46.888646,-5.220262],[-46.888301,-5.220527],[-46.888827,-5.221364],[-46.888984,-5.222602],[-46.889977,-5.224232],[-46.890324,-5.224308],[-46.89105,-5.224838],[-46.892379,-5.226491],[-46.89316,-5.22778],[-46.893186,-5.22812],[-46.892997,-5.228325],[-46.893417,-5.229591],[-46.893791,-5.229941],[-46.893455,-5.230193],[-46.894114,-5.230809],[-46.894205,-5.231553],[-46.894032,-5.231759],[-46.893135,-5.231678],[-46.892716,-5.232247],[-46.892724,-5.232572],[-46.892875,-5.23277],[-46.893693,-5.233103],[-46.894042,-5.233547],[-46.894266,-5.233526],[-46.894621,-5.233063],[-46.895136,-5.232727],[-46.896104,-5.233303],[-46.896319,-5.233971],[-46.896616,-5.234251],[-46.895776,-5.23551],[-46.895893,-5.235802],[-46.896281,-5.236044],[-46.896068,-5.236708],[-46.896463,-5.236928],[-46.896547,-5.237162],[-46.896873,-5.237066],[-46.897219,-5.236567],[-46.897819,-5.2378],[-46.897691,-5.23813],[-46.897243,-5.238326],[-46.897031,-5.238612],[-46.897202,-5.239373],[-46.896735,-5.239479],[-46.896225,-5.240383],[-46.896405,-5.240728],[-46.896234,-5.241549],[-46.896567,-5.241767],[-46.896771,-5.241334],[-46.896975,-5.241267],[-46.897718,-5.24182],[-46.897792,-5.242216],[-46.897567,-5.24249],[-46.898163,-5.242722],[-46.898355,-5.243349],[-46.898362,-5.244137],[-46.898492,-5.244285],[-46.89869,-5.24411],[-46.898884,-5.244217],[-46.898684,-5.244858],[-46.899216,-5.244837],[-46.899219,-5.245162],[-46.899,-5.245384],[-46.899402,-5.245708],[-46.89909,-5.246482],[-46.899353,-5.247161],[-46.89906,-5.247749],[-46.899431,-5.247804],[-46.900206,-5.248878],[-46.899873,-5.249281],[-46.898548,-5.249329],[-46.898589,-5.249662],[-46.899094,-5.250449],[-46.899591,-5.250665],[-46.899773,-5.250428],[-46.90024,-5.250998],[-46.901194,-5.251085],[-46.901083,-5.252013],[-46.901352,-5.25277],[-46.902955,-5.25381],[-46.903443,-5.255553],[-46.903851,-5.255644],[-46.904092,-5.255986],[-46.904489,-5.255956],[-46.904772,-5.256248],[-46.904541,-5.256701],[-46.904922,-5.257133],[-46.904441,-5.257757],[-46.904353,-5.258355],[-46.904595,-5.258544],[-46.904673,-5.258892],[-46.905528,-5.258912],[-46.905754,-5.259136],[-46.905644,-5.259461],[-46.905073,-5.259732],[-46.90387,-5.261037],[-46.902692,-5.26175],[-46.902048,-5.261778],[-46.901439,-5.26236],[-46.901233,-5.263123],[-46.902317,-5.26422],[-46.902436,-5.26468],[-46.902675,-5.267405],[-46.902636,-5.267553],[-46.902212,-5.267579],[-46.902358,-5.268009],[-46.903783,-5.269855],[-46.903595,-5.270232],[-46.903863,-5.270243],[-46.904006,-5.270039],[-46.904151,-5.27011],[-46.904441,-5.271424],[-46.904671,-5.271364],[-46.90482,-5.271633],[-46.905505,-5.271722],[-46.905346,-5.272051],[-46.90558,-5.272414],[-46.905675,-5.273044],[-46.906466,-5.274235],[-46.906309,-5.274474],[-46.906679,-5.27485],[-46.907019,-5.275565],[-46.907501,-5.275791],[-46.907475,-5.276002],[-46.907211,-5.276168],[-46.907147,-5.277155],[-46.907684,-5.277396],[-46.907584,-5.278167],[-46.908143,-5.2784],[-46.908726,-5.278174],[-46.908909,-5.278303],[-46.909008,-5.278898],[-46.908805,-5.279021],[-46.908836,-5.279314],[-46.908524,-5.279522],[-46.909091,-5.279993],[-46.9088,-5.280569],[-46.90811,-5.281114],[-46.908038,-5.281388],[-46.908145,-5.281871],[-46.908513,-5.282205],[-46.908899,-5.283166],[-46.909254,-5.283512],[-46.909149,-5.283876],[-46.909375,-5.283936],[-46.909579,-5.284286],[-46.909894,-5.28419],[-46.910323,-5.285115],[-46.910712,-5.285353],[-46.910464,-5.285642],[-46.910442,-5.28613],[-46.910135,-5.286112],[-46.910199,-5.286819],[-46.910772,-5.286806],[-46.911062,-5.287032],[-46.911793,-5.286844],[-46.912442,-5.286954],[-46.912418,-5.28767],[-46.912221,-5.288126],[-46.912436,-5.28886],[-46.911986,-5.289079],[-46.912359,-5.289531],[-46.912001,-5.290089],[-46.912288,-5.290522],[-46.912306,-5.291129],[-46.911714,-5.290977],[-46.911666,-5.291492],[-46.910938,-5.291906],[-46.911037,-5.292333],[-46.910206,-5.293414],[-46.91052,-5.293628],[-46.910454,-5.294333],[-46.909783,-5.29453],[-46.909919,-5.295417],[-46.908983,-5.296111],[-46.908318,-5.29779],[-46.908694,-5.300504],[-46.908634,-5.301083],[-46.908963,-5.301729],[-46.909067,-5.303562],[-46.907979,-5.303843],[-46.907436,-5.304181],[-46.90706,-5.304647],[-46.907027,-5.305375],[-46.90631,-5.305303],[-46.905768,-5.30563],[-46.905851,-5.305937],[-46.906342,-5.306472],[-46.9061,-5.307178],[-46.906869,-5.307227],[-46.906692,-5.307822],[-46.907041,-5.308619],[-46.907546,-5.308642],[-46.907747,-5.308855],[-46.907543,-5.309264],[-46.906633,-5.30939],[-46.906443,-5.309712],[-46.906533,-5.310153],[-46.906903,-5.310237],[-46.906608,-5.311663],[-46.906956,-5.31164],[-46.907346,-5.311969],[-46.907107,-5.312336],[-46.907205,-5.312782],[-46.906742,-5.313074],[-46.906653,-5.314088],[-46.906783,-5.314408],[-46.906449,-5.314421],[-46.906529,-5.315097],[-46.906871,-5.315088],[-46.90708,-5.315329],[-46.906621,-5.315732],[-46.906652,-5.316021],[-46.906439,-5.316365],[-46.906561,-5.316715],[-46.906879,-5.31677],[-46.906858,-5.317647],[-46.906396,-5.317895],[-46.906074,-5.317523],[-46.905863,-5.317502],[-46.905381,-5.318491],[-46.906063,-5.319252],[-46.905697,-5.319443],[-46.905744,-5.319915],[-46.905209,-5.32047],[-46.905702,-5.320576],[-46.905383,-5.320814],[-46.905697,-5.321024],[-46.905736,-5.321245],[-46.90515,-5.321638],[-46.905053,-5.321953],[-46.905187,-5.322391],[-46.905844,-5.322753],[-46.905938,-5.323171],[-46.905812,-5.323924],[-46.906099,-5.324348],[-46.905519,-5.324926],[-46.905584,-5.32556],[-46.905413,-5.325817],[-46.904848,-5.325402],[-46.904141,-5.325634],[-46.904396,-5.325989],[-46.903857,-5.326334],[-46.90348,-5.327063],[-46.903582,-5.327533],[-46.90318,-5.327752],[-46.903446,-5.328169],[-46.903171,-5.328336],[-46.903137,-5.328986],[-46.902413,-5.330147],[-46.902658,-5.330351],[-46.903236,-5.330257],[-46.903508,-5.330585],[-46.903245,-5.330771],[-46.903044,-5.331316],[-46.902577,-5.331478],[-46.902891,-5.331773],[-46.902838,-5.331925],[-46.902527,-5.331995],[-46.902799,-5.332495],[-46.902493,-5.332934],[-46.902125,-5.333046],[-46.902311,-5.33371],[-46.903073,-5.334451],[-46.902867,-5.33483],[-46.903131,-5.335672],[-46.902393,-5.336815],[-46.901369,-5.337161],[-46.901403,-5.337414],[-46.901743,-5.337496],[-46.901909,-5.337799],[-46.901618,-5.337947],[-46.90127,-5.337852],[-46.901004,-5.338134],[-46.901694,-5.338417],[-46.901713,-5.338617],[-46.900969,-5.338568],[-46.900401,-5.339139],[-46.900266,-5.3395],[-46.900441,-5.339617],[-46.90023,-5.339816],[-46.900328,-5.340232],[-46.900132,-5.340419],[-46.900268,-5.340756],[-46.900174,-5.340871],[-46.90035,-5.341056],[-46.900188,-5.341277],[-46.90092,-5.34212],[-46.90096,-5.342441],[-46.900429,-5.343201],[-46.900424,-5.344846],[-46.900178,-5.345751],[-46.900795,-5.346804],[-46.900505,-5.347299],[-46.90135,-5.34769],[-46.90128,-5.348072],[-46.900888,-5.348559],[-46.900975,-5.349059],[-46.901294,-5.349022],[-46.901655,-5.349578],[-46.902007,-5.349758],[-46.901986,-5.350157],[-46.902483,-5.350296],[-46.90283,-5.350169],[-46.902994,-5.350301],[-46.902721,-5.351595],[-46.902929,-5.352017],[-46.902709,-5.352733],[-46.903024,-5.353057],[-46.903144,-5.353624],[-46.903355,-5.353382],[-46.903853,-5.35349],[-46.905334,-5.354486],[-46.905294,-5.354701],[-46.905889,-5.35507],[-46.907047,-5.356844],[-46.909709,-5.357531],[-46.911907,-5.357756],[-46.913868,-5.356706],[-46.915017,-5.355078],[-46.916864,-5.35426],[-46.919286,-5.352861],[-46.919864,-5.352745],[-46.924143,-5.353774],[-46.926801,-5.353534],[-46.935535,-5.356463],[-46.938547,-5.358309],[-46.939473,-5.359236],[-46.940984,-5.361434],[-46.943182,-5.362122],[-46.94538,-5.363044],[-46.947352,-5.36501],[-46.949086,-5.365236],[-46.950875,-5.364477],[-46.954226,-5.364465],[-46.957582,-5.366078],[-46.959668,-5.36781],[-46.96152,-5.368618],[-46.963829,-5.367451],[-46.967178,-5.366974],[-46.969725,-5.367779],[-46.972152,-5.368118],[-46.975329,-5.367819],[-46.979838,-5.368384],[-46.986671,-5.372537],[-46.989454,-5.375427],[-46.993505,-5.377385],[-46.99617,-5.379117],[-46.999059,-5.379339],[-47.001432,-5.380318],[-47.00536,-5.380419],[-47.01207,-5.382022],[-47.015777,-5.384098],[-47.018557,-5.386409],[-47.02087,-5.386865],[-47.023299,-5.38767],[-47.026492,-5.392122],[-47.028349,-5.39432],[-47.029739,-5.395244],[-47.031356,-5.395005],[-47.033203,-5.39442],[-47.035168,-5.394645],[-47.036673,-5.395337],[-47.037955,-5.398462],[-47.040738,-5.401006],[-47.045097,-5.402895],[-47.174401,-5.451371],[-47.175595,-5.453546],[-47.18676,-5.460493],[-47.190574,-5.463651],[-47.192488,-5.465534],[-47.194855,-5.468213],[-47.196148,-5.470571],[-47.196799,-5.472718],[-47.198303,-5.474002],[-47.200769,-5.474961],[-47.202381,-5.476031],[-47.205274,-5.476342],[-47.207521,-5.475689],[-47.209665,-5.476111],[-47.211224,-5.47691],[-47.214454,-5.482058],[-47.216283,-5.483771],[-47.219926,-5.484941],[-47.221004,-5.486226],[-47.221658,-5.48934],[-47.223587,-5.489655],[-47.225511,-5.488359],[-47.226906,-5.489105],[-47.230255,-5.493379],[-47.235538,-5.49592],[-47.239203,-5.50023]]]}},{"type":"Feature","properties":{"CD_MUN":"2103174","NM_MUN":"Centro Novo do Maranhão"},"geometry":{"type":"Polygon","coordinates":[[[-46.946152,-3.91555],[-46.944798,-3.914768],[-46.944361,-3.914055],[-46.944056,-3.913078],[-46.944137,-3.912793],[-46.945404,-3.912069],[-46.945551,-3.911597],[-46.945842,-3.911303],[-46.945832,-3.911032],[-46.944445,-3.909814],[-46.94356,-3.909576],[-46.942693,-3.908928],[-46.943429,-3.907767],[-46.943471,-3.906921],[-46.943222,-3.906219],[-46.942681,-3.90558],[-46.943597,-3.905369],[-46.943754,-3.905177],[-46.943812,-3.905016],[-46.943484,-3.90427],[-46.943903,-3.903675],[-46.94303,-3.902577],[-46.94282,-3.902027],[-46.94266,-3.900676],[-46.942265,-3.900625],[-46.941738,-3.900859],[-46.94162,-3.900741],[-46.941845,-3.899943],[-46.941662,-3.899697],[-46.940469,-3.899261],[-46.940357,-3.899089],[-46.940827,-3.898749],[-46.940614,-3.897247],[-46.940827,-3.896139],[-46.941229,-3.895837],[-46.942172,-3.895554],[-46.942336,-3.895126],[-46.941887,-3.8948],[-46.941584,-3.894115],[-46.941598,-3.892955],[-46.941768,-3.892552],[-46.941496,-3.892098],[-46.940966,-3.892255],[-46.94064,-3.891976],[-46.940333,-3.892367],[-46.939939,-3.892254],[-46.939852,-3.892051],[-46.940153,-3.891568],[-46.939653,-3.891265],[-46.939063,-3.890391],[-46.939067,-3.889928],[-46.939747,-3.889325],[-46.939841,-3.889011],[-46.939272,-3.888017],[-46.939328,-3.887686],[-46.939999,-3.887071],[-46.938991,-3.886262],[-46.938952,-3.885889],[-46.93935,-3.88432],[-46.938885,-3.880664],[-46.938562,-3.880195],[-46.937889,-3.879864],[-46.936915,-3.879594],[-46.936623,-3.879794],[-46.936306,-3.879752],[-46.936066,-3.879541],[-46.936508,-3.878773],[-46.936285,-3.878386],[-46.936286,-3.878036],[-46.936539,-3.877743],[-46.93782,-3.877703],[-46.93795,-3.877469],[-46.937896,-3.877041],[-46.937262,-3.876173],[-46.937329,-3.874751],[-46.937833,-3.874458],[-46.937935,-3.874109],[-46.936846,-3.873623],[-46.936415,-3.873079],[-46.936737,-3.872608],[-46.93753,-3.872329],[-46.93758,-3.872069],[-46.936876,-3.870997],[-46.936787,-3.870552],[-46.936938,-3.870178],[-46.937569,-3.869672],[-46.938053,-3.86965],[-46.939049,-3.869222],[-46.939123,-3.868596],[-46.939654,-3.868307],[-46.93949,-3.867876],[-46.938617,-3.867297],[-46.939145,-3.866392],[-46.939998,-3.866074],[-46.940226,-3.865706],[-46.940258,-3.863887],[-46.939713,-3.863486],[-46.939428,-3.863082],[-46.939497,-3.862911],[-46.93977,-3.862648],[-46.940648,-3.86313],[-46.941369,-3.862727],[-46.94149,-3.862567],[-46.941347,-3.861311],[-46.94144,-3.860864],[-46.94169,-3.860729],[-46.9428,-3.86098],[-46.943427,-3.861353],[-46.944039,-3.861177],[-46.944143,-3.860961],[-46.943948,-3.860529],[-46.942603,-3.860178],[-46.942496,-3.85961],[-46.943775,-3.857838],[-46.945002,-3.85695],[-46.945108,-3.856073],[-46.945442,-3.855867],[-46.946761,-3.855907],[-46.947305,-3.855285],[-46.947196,-3.854724],[-46.946929,-3.854615],[-46.946555,-3.854562],[-46.94491,-3.854963],[-46.944461,-3.854737],[-46.944832,-3.854146],[-46.945548,-3.851292],[-46.944651,-3.850106],[-46.944895,-3.849768],[-46.945414,-3.849735],[-46.946074,-3.849969],[-46.94652,-3.849873],[-46.947007,-3.849554],[-46.947015,-3.849137],[-46.945621,-3.847491],[-46.944408,-3.847107],[-46.944331,-3.846824],[-46.944751,-3.84657],[-46.94535,-3.84497],[-46.945722,-3.844599],[-46.946335,-3.844501],[-46.946796,-3.844842],[-46.947324,-3.844676],[-46.947536,-3.844152],[-46.947291,-3.843751],[-46.945714,-3.842906],[-46.945749,-3.842438],[-46.946199,-3.842135],[-46.946822,-3.842236],[-46.947343,-3.842135],[-46.947542,-3.841505],[-46.947324,-3.840196],[-46.947678,-3.839492],[-46.946986,-3.836812],[-46.947457,-3.836537],[-46.948875,-3.836812],[-46.949313,-3.836682],[-46.949483,-3.835764],[-46.948987,-3.835191],[-46.948256,-3.834982],[-46.947183,-3.83404],[-46.947038,-3.833663],[-46.948471,-3.831481],[-46.949055,-3.827832],[-46.950499,-3.821886],[-46.951248,-3.820598],[-46.953434,-3.818477],[-46.953673,-3.815064],[-46.953956,-3.813272],[-46.953572,-3.812725],[-46.95374,-3.811699],[-46.954438,-3.811237],[-46.955329,-3.810971],[-46.955292,-3.810594],[-46.955068,-3.8103],[-46.955542,-3.809728],[-46.955593,-3.808631],[-46.953572,-3.807668],[-46.95323,-3.807262],[-46.953296,-3.806951],[-46.953463,-3.806631],[-46.954487,-3.806025],[-46.955595,-3.805959],[-46.956195,-3.805135],[-46.955839,-3.804428],[-46.954425,-3.802847],[-46.953069,-3.802542],[-46.952756,-3.802309],[-46.952585,-3.801884],[-46.952989,-3.80139],[-46.953565,-3.801083],[-46.953438,-3.800645],[-46.951147,-3.799487],[-46.951042,-3.799226],[-46.952049,-3.797603],[-46.952332,-3.797431],[-46.954035,-3.798343],[-46.95427,-3.798206],[-46.954286,-3.797872],[-46.953965,-3.797299],[-46.952738,-3.796124],[-46.952923,-3.795817],[-46.954118,-3.79537],[-46.955632,-3.795588],[-46.955643,-3.795245],[-46.954731,-3.794383],[-46.955923,-3.793498],[-46.956284,-3.79295],[-46.956332,-3.792208],[-46.95722,-3.791037],[-46.957416,-3.789984],[-46.957654,-3.78964],[-46.958411,-3.789125],[-46.95851,-3.787345],[-46.958921,-3.787258],[-46.959394,-3.787526],[-46.95951,-3.786962],[-46.959361,-3.786431],[-46.958469,-3.785561],[-46.958189,-3.785203],[-46.958255,-3.785041],[-46.958988,-3.784907],[-46.959661,-3.785204],[-46.960282,-3.785218],[-46.961499,-3.784881],[-46.96204,-3.784568],[-46.962648,-3.783853],[-46.962919,-3.781894],[-46.962646,-3.781374],[-46.962605,-3.780527],[-46.963054,-3.779592],[-46.963562,-3.779315],[-46.963406,-3.776582],[-46.963734,-3.775897],[-46.964161,-3.775452],[-46.964675,-3.775244],[-46.965525,-3.775175],[-46.966044,-3.774668],[-46.966479,-3.773446],[-46.966726,-3.770288],[-46.966983,-3.769638],[-46.967344,-3.769094],[-46.97171,-3.767785],[-46.972064,-3.767287],[-46.972639,-3.765273],[-46.972238,-3.764897],[-46.970834,-3.764377],[-46.970652,-3.764093],[-46.970857,-3.763807],[-46.973321,-3.762899],[-46.973572,-3.762322],[-46.973669,-3.761112],[-46.973317,-3.760033],[-46.972988,-3.759615],[-46.971048,-3.75914],[-46.970946,-3.758635],[-46.971715,-3.757658],[-46.972075,-3.756378],[-46.972267,-3.753642],[-46.972521,-3.753358],[-46.973127,-3.753205],[-46.973912,-3.753298],[-46.974461,-3.752925],[-46.974415,-3.75216],[-46.974007,-3.751188],[-46.973225,-3.750544],[-46.973209,-3.750309],[-46.973518,-3.749858],[-46.973915,-3.749761],[-46.974831,-3.750546],[-46.975504,-3.750696],[-46.976233,-3.75047],[-46.976803,-3.749818],[-46.977318,-3.748624],[-46.977707,-3.748252],[-46.977085,-3.748202],[-46.976964,-3.748054],[-46.97702,-3.747536],[-46.977232,-3.747305],[-46.979106,-3.746961],[-46.980398,-3.746175],[-46.980022,-3.745807],[-46.97929,-3.74568],[-46.978568,-3.745756],[-46.97837,-3.745541],[-46.978857,-3.744691],[-46.979131,-3.74299],[-46.979011,-3.742182],[-46.978473,-3.741907],[-46.977143,-3.742457],[-46.976497,-3.743095],[-46.976273,-3.743568],[-46.975777,-3.743529],[-46.976188,-3.742086],[-46.976776,-3.741397],[-46.978076,-3.741255],[-46.980135,-3.739829],[-46.979796,-3.739015],[-46.978948,-3.738388],[-46.978068,-3.738422],[-46.97686,-3.738789],[-46.97651,-3.738703],[-46.976486,-3.738354],[-46.977064,-3.738369],[-46.977459,-3.738153],[-46.977772,-3.737639],[-46.977696,-3.737372],[-46.977189,-3.736911],[-46.977242,-3.735792],[-46.97707,-3.734174],[-46.97795,-3.733403],[-46.980514,-3.733821],[-46.982017,-3.734412],[-46.982486,-3.734382],[-46.983061,-3.733943],[-46.983253,-3.733094],[-46.983625,-3.728088],[-46.984014,-3.727076],[-46.983614,-3.72614],[-46.983882,-3.725752],[-46.987553,-3.723651],[-46.987988,-3.723022],[-46.988199,-3.722195],[-46.98927,-3.720423],[-46.990998,-3.718798],[-46.991437,-3.717877],[-46.991385,-3.717384],[-46.991107,-3.716849],[-46.99127,-3.716379],[-46.992838,-3.714865],[-46.993405,-3.714973],[-46.993835,-3.714828],[-46.993717,-3.714606],[-46.993372,-3.714549],[-46.992432,-3.713817],[-46.992643,-3.713452],[-46.992907,-3.71328],[-46.993284,-3.713368],[-46.995033,-3.714398],[-46.995569,-3.715205],[-46.996117,-3.717962],[-46.996416,-3.718124],[-46.996774,-3.717977],[-46.998105,-3.71575],[-46.998056,-3.714968],[-46.996522,-3.713503],[-46.996026,-3.712506],[-46.995392,-3.710335],[-46.995894,-3.709037],[-46.998007,-3.70854],[-46.997977,-3.708255],[-46.996669,-3.706796],[-46.996582,-3.705677],[-46.996769,-3.705343],[-46.997629,-3.705942],[-46.999847,-3.705787],[-47.000333,-3.7056],[-47.000737,-3.704811],[-47.001044,-3.702512],[-47.001644,-3.702197],[-47.002242,-3.702752],[-47.005613,-3.703405],[-47.00632,-3.704008],[-47.006631,-3.703964],[-47.006793,-3.703583],[-47.005827,-3.701313],[-47.006304,-3.70056],[-47.007914,-3.700142],[-47.0085,-3.699476],[-47.008823,-3.698046],[-47.008663,-3.697082],[-47.00922,-3.695713],[-47.009866,-3.695329],[-47.01056,-3.695294],[-47.011297,-3.695663],[-47.011872,-3.695539],[-47.014052,-3.693079],[-47.014482,-3.69277],[-47.014865,-3.692627],[-47.01556,-3.69316],[-47.015907,-3.693139],[-47.016386,-3.692624],[-47.016707,-3.691949],[-47.01725,-3.69191],[-47.017711,-3.691517],[-47.01761,-3.690906],[-47.017841,-3.690304],[-47.018875,-3.689319],[-47.01939,-3.689416],[-47.020354,-3.690285],[-47.020962,-3.691234],[-47.021574,-3.691558],[-47.022642,-3.691171],[-47.022863,-3.690543],[-47.02289,-3.689102],[-47.024461,-3.684552],[-47.024833,-3.684604],[-47.025593,-3.685756],[-47.026395,-3.685886],[-47.026654,-3.685662],[-47.02664,-3.685176],[-47.026229,-3.684432],[-47.026272,-3.684054],[-47.026539,-3.683725],[-47.027524,-3.682866],[-47.028837,-3.682672],[-47.029491,-3.682163],[-47.029491,-3.681846],[-47.028912,-3.681226],[-47.02885,-3.680633],[-47.028597,-3.680269],[-47.02876,-3.677997],[-47.028539,-3.677538],[-47.028171,-3.677578],[-47.028097,-3.677451],[-47.028188,-3.677244],[-47.028427,-3.677258],[-47.02856,-3.676701],[-47.028887,-3.676582],[-47.029476,-3.675955],[-47.029515,-3.675429],[-47.029245,-3.675363],[-47.028518,-3.675622],[-47.0277,-3.675632],[-47.027368,-3.675472],[-47.026797,-3.674478],[-47.026946,-3.674313],[-47.027561,-3.67438],[-47.027805,-3.674022],[-47.02807,-3.673954],[-47.028033,-3.673796],[-47.027136,-3.673272],[-47.026964,-3.672821],[-47.026367,-3.672426],[-47.02553,-3.672214],[-47.024705,-3.671759],[-47.024409,-3.671451],[-47.024234,-3.670853],[-47.024519,-3.670332],[-47.026741,-3.668509],[-47.027804,-3.667159],[-47.028546,-3.666943],[-47.028749,-3.665607],[-47.028667,-3.663995],[-47.02831,-3.663748],[-47.026161,-3.663112],[-47.025406,-3.66232],[-47.02605,-3.662136],[-47.027501,-3.662453],[-47.028063,-3.662294],[-47.028279,-3.661789],[-47.027108,-3.661165],[-47.026378,-3.661421],[-47.025455,-3.661472],[-47.025155,-3.661216],[-47.025227,-3.660677],[-47.026203,-3.658515],[-47.026539,-3.657199],[-47.026364,-3.655457],[-47.026984,-3.654243],[-47.030866,-3.651],[-47.03272,-3.646245],[-47.033024,-3.643416],[-47.031467,-3.642408],[-47.030431,-3.642411],[-47.029289,-3.642009],[-47.029287,-3.6411],[-47.028766,-3.639888],[-47.027727,-3.639587],[-47.026048,-3.640134],[-47.025139,-3.639309],[-47.025184,-3.639062],[-47.025536,-3.638862],[-47.026678,-3.638706],[-47.026924,-3.638324],[-47.026836,-3.637939],[-47.026106,-3.637834],[-47.025857,-3.637582],[-47.026222,-3.637093],[-47.026067,-3.636699],[-47.026169,-3.636448],[-47.025957,-3.636347],[-47.026081,-3.63614],[-47.025944,-3.63555],[-47.025679,-3.635299],[-47.025802,-3.634647],[-47.025635,-3.634621],[-47.02554,-3.634236],[-47.025742,-3.632635],[-47.02546,-3.631894],[-47.025542,-3.631252],[-47.02616,-3.630964],[-47.026329,-3.629912],[-47.027288,-3.62936],[-47.027772,-3.628859],[-47.027673,-3.628645],[-47.025531,-3.628357],[-47.025388,-3.628156],[-47.02564,-3.627782],[-47.025337,-3.627608],[-47.024394,-3.627565],[-47.023728,-3.62683],[-47.023531,-3.626228],[-47.023669,-3.625601],[-47.024103,-3.625848],[-47.024626,-3.62555],[-47.025835,-3.625406],[-47.026535,-3.624396],[-47.028034,-3.623632],[-47.028473,-3.622557],[-47.027561,-3.621043],[-47.027591,-3.620554],[-47.02736,-3.619931],[-47.026872,-3.619365],[-47.026117,-3.619271],[-47.024805,-3.619409],[-47.024639,-3.619236],[-47.02473,-3.616453],[-47.024506,-3.615754],[-47.024455,-3.614737],[-47.024659,-3.614269],[-47.0251,-3.613848],[-47.027589,-3.612893],[-47.029008,-3.612137],[-47.030445,-3.610782],[-47.030437,-3.609966],[-47.030215,-3.609769],[-47.028746,-3.610093],[-47.028047,-3.609709],[-47.027964,-3.609432],[-47.028315,-3.609117],[-47.028354,-3.608095],[-47.027158,-3.608077],[-47.026968,-3.607136],[-47.028906,-3.604132],[-47.029431,-3.604134],[-47.030591,-3.604611],[-47.031734,-3.604043],[-47.032805,-3.603038],[-47.032803,-3.601728],[-47.032108,-3.600112],[-47.031035,-3.599575],[-47.029808,-3.599654],[-47.028353,-3.60012],[-47.027586,-3.599813],[-47.027355,-3.599275],[-47.027431,-3.598812],[-47.028272,-3.598194],[-47.030794,-3.59472],[-47.03627,-3.592897],[-47.037495,-3.5922],[-47.038106,-3.591274],[-47.039639,-3.591116],[-47.040255,-3.592271],[-47.040714,-3.592116],[-47.041401,-3.590728],[-47.041245,-3.589572],[-47.040477,-3.588726],[-47.039787,-3.588727],[-47.039251,-3.589113],[-47.039176,-3.589962],[-47.038794,-3.590271],[-47.038181,-3.590349],[-47.038027,-3.590196],[-47.038026,-3.58981],[-47.038407,-3.588884],[-47.038176,-3.58796],[-47.036488,-3.587424],[-47.033271,-3.588356],[-47.031967,-3.588051],[-47.031851,-3.587396],[-47.034683,-3.585849],[-47.034681,-3.585155],[-47.033685,-3.584849],[-47.03238,-3.584004],[-47.031764,-3.582927],[-47.03092,-3.582544],[-47.030077,-3.582545],[-47.028312,-3.581701],[-47.027237,-3.580933],[-47.027312,-3.579854],[-47.027846,-3.578774],[-47.028765,-3.578463],[-47.030227,-3.580926],[-47.030916,-3.580616],[-47.031527,-3.579691],[-47.03248,-3.577492],[-47.034009,-3.575793],[-47.035613,-3.573092],[-47.036456,-3.572782],[-47.038758,-3.573933],[-47.039523,-3.573623],[-47.039752,-3.573237],[-47.039137,-3.572005],[-47.037754,-3.570313],[-47.036448,-3.569237],[-47.035605,-3.569547],[-47.034532,-3.56955],[-47.034149,-3.56932],[-47.033993,-3.568703],[-47.03514,-3.567159],[-47.037435,-3.565382],[-47.038658,-3.563761],[-47.038846,-3.562103],[-47.037465,-3.561335],[-47.034166,-3.560033],[-47.030565,-3.560195],[-47.022906,-3.562986],[-47.020382,-3.565303],[-47.018466,-3.565539],[-47.016424,-3.562734],[-47.016131,-3.558589],[-47.016326,-3.5542],[-47.016864,-3.552493],[-47.018281,-3.549908],[-47.018476,-3.548542],[-47.016571,-3.547713],[-47.014763,-3.545958],[-47.013639,-3.545811],[-47.011342,-3.549323],[-47.010267,-3.54942],[-47.008753,-3.547908],[-47.007238,-3.545909],[-47.005235,-3.544056],[-47.004062,-3.542641],[-47.004062,-3.538593],[-47.00372,-3.535521],[-47.003769,-3.534204],[-47.000397,-3.536008],[-46.99854,-3.535326],[-46.996683,-3.535131],[-46.995901,-3.537959],[-46.995364,-3.538642],[-46.994387,-3.53874],[-46.99082,-3.534301],[-46.986275,-3.529571],[-46.983832,-3.529424],[-46.981389,-3.528985],[-46.979288,-3.528937],[-46.977382,-3.529619],[-46.975699,-3.529768],[-46.975085,-3.527035],[-46.975379,-3.524986],[-46.976307,-3.523084],[-46.977724,-3.521085],[-46.978506,-3.519085],[-46.978359,-3.517719],[-46.976503,-3.517232],[-46.97318,-3.516646],[-46.970297,-3.516549],[-46.96888,-3.516061],[-46.96888,-3.514403],[-46.969759,-3.512501],[-46.972007,-3.510208],[-46.974206,-3.50577],[-46.975965,-3.504014],[-46.976845,-3.502844],[-46.977578,-3.499332],[-46.97875,-3.498113],[-46.980998,-3.497235],[-46.982415,-3.496162],[-46.982317,-3.494943],[-46.981145,-3.49426],[-46.977773,-3.493138],[-46.976454,-3.493138],[-46.975623,-3.49465],[-46.974646,-3.49465],[-46.974597,-3.491333],[-46.973571,-3.491041],[-46.972789,-3.492358],[-46.972154,-3.492211],[-46.972496,-3.490943],[-46.971616,-3.490017],[-46.97015,-3.489529],[-46.968782,-3.489382],[-46.967512,-3.490212],[-46.966876,-3.491187],[-46.966974,-3.492455],[-46.967365,-3.493675],[-46.966388,-3.494406],[-46.965313,-3.494357],[-46.964775,-3.492797],[-46.963945,-3.491967],[-46.963114,-3.492114],[-46.963163,-3.494016],[-46.962723,-3.496503],[-46.962039,-3.497381],[-46.961208,-3.49704],[-46.959791,-3.495089],[-46.959791,-3.492114],[-46.960915,-3.488651],[-46.962528,-3.485871],[-46.964677,-3.483286],[-46.965801,-3.48153],[-46.966583,-3.478945],[-46.968489,-3.477335],[-46.96971,-3.475775],[-46.969857,-3.474311],[-46.969075,-3.473677],[-46.967072,-3.474116],[-46.965215,-3.47358],[-46.963065,-3.474458],[-46.960573,-3.474263],[-46.958618,-3.472604],[-46.957543,-3.472653],[-46.955784,-3.474799],[-46.953243,-3.476896],[-46.950067,-3.47714],[-46.948455,-3.476799],[-46.947966,-3.47436],[-46.947917,-3.471044],[-46.948601,-3.469093],[-46.948797,-3.465776],[-46.950458,-3.466166],[-46.953243,-3.465825],[-46.95554,-3.46402],[-46.956322,-3.461289],[-46.955002,-3.458899],[-46.952901,-3.456606],[-46.950605,-3.456167],[-46.948357,-3.457631],[-46.948162,-3.458899],[-46.947722,-3.460118],[-46.947087,-3.459435],[-46.947917,-3.456558],[-46.950312,-3.453631],[-46.951387,-3.45129],[-46.952706,-3.449778],[-46.951191,-3.448168],[-46.948943,-3.447681],[-46.947282,-3.4489],[-46.946793,-3.451095],[-46.946207,-3.452265],[-46.942054,-3.448656],[-46.942054,-3.44651],[-46.943813,-3.444559],[-46.945572,-3.443388],[-46.945865,-3.442364],[-46.945034,-3.441145],[-46.946696,-3.43895],[-46.948797,-3.437974],[-46.950898,-3.438901],[-46.953243,-3.43934],[-46.955345,-3.438364],[-46.956175,-3.435779],[-46.954367,-3.433975],[-46.953537,-3.431828],[-46.955442,-3.428317],[-46.956322,-3.425878],[-46.9551,-3.423488],[-46.952901,-3.422707],[-46.949432,-3.423488],[-46.947868,-3.423536],[-46.947282,-3.422171],[-46.948504,-3.421098],[-46.947624,-3.419732],[-46.946549,-3.419732],[-46.946158,-3.420512],[-46.946451,-3.421634],[-46.94523,-3.422317],[-46.943959,-3.42178],[-46.944057,-3.421049],[-46.945376,-3.420463],[-46.944888,-3.419781],[-46.944155,-3.419586],[-46.943324,-3.418903],[-46.942835,-3.41939],[-46.942151,-3.420951],[-46.941565,-3.419732],[-46.940685,-3.419732],[-46.940637,-3.420756],[-46.939904,-3.420854],[-46.940294,-3.419537],[-46.941614,-3.417732],[-46.942445,-3.416903],[-46.94093,-3.416415],[-46.940148,-3.416561],[-46.940343,-3.414952],[-46.941467,-3.413635],[-46.944497,-3.413245],[-46.946891,-3.41105],[-46.948211,-3.408269],[-46.948699,-3.40544],[-46.948211,-3.402123],[-46.946598,-3.399441],[-46.944741,-3.398563],[-46.94435,-3.396806],[-46.945327,-3.395928],[-46.947624,-3.394709],[-46.949188,-3.393246],[-46.949139,-3.392173],[-46.947331,-3.390563],[-46.94567,-3.390026],[-46.942884,-3.394124],[-46.94137,-3.395441],[-46.939464,-3.396758],[-46.937998,-3.396758],[-46.937558,-3.396319],[-46.938047,-3.39505],[-46.937998,-3.394172],[-46.936679,-3.393099],[-46.936092,-3.391441],[-46.936581,-3.389051],[-46.936288,-3.386563],[-46.936679,-3.384027],[-46.938584,-3.381441],[-46.941076,-3.380124],[-46.94352,-3.379344],[-46.944399,-3.378173],[-46.944252,-3.377198],[-46.94264,-3.376173],[-46.938682,-3.372807],[-46.937314,-3.372905],[-46.937069,-3.373832],[-46.938731,-3.374466],[-46.93878,-3.375685],[-46.936043,-3.376173],[-46.933747,-3.376222],[-46.932525,-3.375832],[-46.93101,-3.373881],[-46.92974,-3.373832],[-46.927883,-3.377637],[-46.927248,-3.376124],[-46.922899,-3.374368],[-46.921971,-3.37232],[-46.921531,-3.370515],[-46.921482,-3.368515],[-46.922508,-3.366954],[-46.923632,-3.36593],[-46.925025,-3.365222],[-46.925,-3.364783],[-46.923192,-3.364052],[-46.920896,-3.365027],[-46.916107,-3.365369],[-46.915716,-3.364003],[-46.91728,-3.363125],[-46.91728,-3.36132],[-46.912442,-3.361613],[-46.912247,-3.363222],[-46.911074,-3.363808],[-46.910439,-3.364344],[-46.910927,-3.3661],[-46.912198,-3.366393],[-46.911954,-3.367954],[-46.910732,-3.369125],[-46.909071,-3.369027],[-46.907263,-3.367417],[-46.905748,-3.367515],[-46.904722,-3.3661],[-46.903842,-3.364539],[-46.90438,-3.362539],[-46.905699,-3.360491],[-46.907067,-3.358978],[-46.905846,-3.358247],[-46.9035,-3.357857],[-46.901252,-3.35771],[-46.900373,-3.355661],[-46.898809,-3.355613],[-46.898907,-3.354881],[-46.899347,-3.354296],[-46.899444,-3.353076],[-46.899151,-3.35132],[-46.8992,-3.350393],[-46.900617,-3.350491],[-46.902083,-3.351222],[-46.902767,-3.35054],[-46.901985,-3.349613],[-46.899249,-3.348491],[-46.896464,-3.346979],[-46.894558,-3.34454],[-46.893092,-3.34371],[-46.890405,-3.343369],[-46.889281,-3.341954],[-46.888303,-3.33971],[-46.88889,-3.337564],[-46.889867,-3.335369],[-46.888401,-3.335905],[-46.886544,-3.335905],[-46.884834,-3.335174],[-46.883564,-3.337418],[-46.881756,-3.338686],[-46.879264,-3.340735],[-46.876967,-3.342296],[-46.877358,-3.343564],[-46.879606,-3.34532],[-46.87941,-3.345759],[-46.877798,-3.346296],[-46.875794,-3.346393],[-46.874475,-3.345905],[-46.873351,-3.34371],[-46.87174,-3.341563],[-46.870713,-3.341271],[-46.868954,-3.34132],[-46.867634,-3.340735],[-46.867634,-3.340003],[-46.86822,-3.339174],[-46.86866,-3.338101],[-46.868367,-3.336881],[-46.865582,-3.334491],[-46.865484,-3.333369],[-46.867781,-3.330783],[-46.868074,-3.32971],[-46.869442,-3.328783],[-46.872227,-3.328588],[-46.87296,-3.328296],[-46.872374,-3.327417],[-46.869931,-3.326637],[-46.867781,-3.32693],[-46.865338,-3.328539],[-46.864018,-3.331076],[-46.862845,-3.333954],[-46.861282,-3.336491],[-46.86006,-3.341076],[-46.858643,-3.342979],[-46.857324,-3.342344],[-46.855516,-3.340686],[-46.85405,-3.339076],[-46.852144,-3.338491],[-46.84931,-3.337027],[-46.84887,-3.33532],[-46.849652,-3.334393],[-46.851607,-3.332735],[-46.851851,-3.3301],[-46.850727,-3.327466],[-46.848919,-3.324588],[-46.849603,-3.323173],[-46.851118,-3.3221],[-46.850581,-3.319808],[-46.849213,-3.318393],[-46.847991,-3.318344],[-46.846036,-3.319271],[-46.843935,-3.321027],[-46.841003,-3.324491],[-46.839195,-3.324149],[-46.838805,-3.322637],[-46.839098,-3.321076],[-46.838462,-3.31971],[-46.836312,-3.318051],[-46.832306,-3.313417],[-46.829911,-3.311466],[-46.828103,-3.311417],[-46.82307,-3.313222],[-46.820383,-3.312929],[-46.818526,-3.311954],[-46.816474,-3.311905],[-46.814861,-3.311466],[-46.813884,-3.310051],[-46.812565,-3.306734],[-46.811783,-3.3041],[-46.812223,-3.302051],[-46.813395,-3.301319],[-46.815203,-3.300734],[-46.819406,-3.298148],[-46.821311,-3.298099],[-46.824927,-3.299124],[-46.826589,-3.297904],[-46.826247,-3.296929],[-46.823803,-3.294929],[-46.82092,-3.292977],[-46.81794,-3.293075],[-46.815594,-3.292684],[-46.811343,-3.290977],[-46.810806,-3.290001],[-46.811587,-3.289026],[-46.811685,-3.287465],[-46.809779,-3.284928],[-46.809388,-3.282781],[-46.8132,-3.279123],[-46.818477,-3.277318],[-46.820041,-3.275513],[-46.82009,-3.274049],[-46.818575,-3.268098],[-46.816816,-3.267561],[-46.815008,-3.268293],[-46.813737,-3.270146],[-46.812907,-3.272391],[-46.811441,-3.272927],[-46.809535,-3.271903],[-46.80846,-3.27039],[-46.806457,-3.268829],[-46.803232,-3.267463],[-46.802059,-3.266],[-46.802499,-3.264683],[-46.802401,-3.262829],[-46.801521,-3.260975],[-46.801766,-3.260292],[-46.803476,-3.259951],[-46.805675,-3.258633],[-46.806457,-3.256926],[-46.806066,-3.255072],[-46.805333,-3.25273],[-46.805284,-3.250194],[-46.80587,-3.24712],[-46.80675,-3.245315],[-46.806163,-3.244047],[-46.804062,-3.242485],[-46.801619,-3.241851],[-46.799567,-3.240924],[-46.79727,-3.240241],[-46.795316,-3.240266],[-46.793337,-3.2409],[-46.79104,-3.242071],[-46.789648,-3.242998],[-46.786985,-3.246925],[-46.785909,-3.247242],[-46.78547,-3.246315],[-46.784786,-3.243754],[-46.783662,-3.242998],[-46.780095,-3.242705],[-46.779191,-3.242168],[-46.778971,-3.241071],[-46.779362,-3.23907],[-46.779557,-3.236046],[-46.778971,-3.235021],[-46.777774,-3.23385],[-46.777407,-3.233241],[-46.777456,-3.231435],[-46.777798,-3.229923],[-46.77985,-3.227679],[-46.782,-3.222752],[-46.781805,-3.221581],[-46.778531,-3.216848],[-46.775892,-3.216165],[-46.771886,-3.216946],[-46.76827,-3.216068],[-46.764654,-3.214555],[-46.762895,-3.212945],[-46.761624,-3.212945],[-46.760158,-3.214409],[-46.759572,-3.216409],[-46.759963,-3.218214],[-46.758888,-3.218751],[-46.75708,-3.218556],[-46.755272,-3.216214],[-46.755272,-3.214409],[-46.757275,-3.209774],[-46.758057,-3.209042],[-46.760647,-3.208359],[-46.765778,-3.205676],[-46.769442,-3.204847],[-46.771544,-3.204066],[-46.772423,-3.202163],[-46.771348,-3.200212],[-46.769491,-3.198553],[-46.766217,-3.197431],[-46.762602,-3.195821],[-46.759328,-3.195675],[-46.758399,-3.194748],[-46.758546,-3.19265],[-46.759425,-3.189966],[-46.760012,-3.187186],[-46.761282,-3.185771],[-46.77042,-3.181624],[-46.773058,-3.178599],[-46.772276,-3.177574],[-46.768905,-3.176501],[-46.764654,-3.177428],[-46.762553,-3.178745],[-46.761429,-3.181819],[-46.758448,-3.184453],[-46.754539,-3.187137],[-46.752633,-3.189332],[-46.751558,-3.188844],[-46.749555,-3.184697],[-46.747796,-3.183429],[-46.745646,-3.18216],[-46.74418,-3.179331],[-46.744326,-3.17733],[-46.744913,-3.174501],[-46.746623,-3.171183],[-46.747991,-3.168987],[-46.749506,-3.167133],[-46.749555,-3.165914],[-46.747942,-3.164938],[-46.738609,-3.161864],[-46.728739,-3.162352],[-46.722631,-3.159132],[-46.720921,-3.156156],[-46.719943,-3.153472],[-46.720285,-3.151521],[-46.721947,-3.15074],[-46.725367,-3.149569],[-46.730351,-3.144495],[-46.730302,-3.14347],[-46.729276,-3.141128],[-46.728837,-3.138884],[-46.728934,-3.136103],[-46.728201,-3.130297],[-46.729374,-3.128199],[-46.731866,-3.127272],[-46.732599,-3.128882],[-46.73387,-3.130785],[-46.736068,-3.133322],[-46.739831,-3.134688],[-46.744473,-3.137372],[-46.745646,-3.13542],[-46.748382,-3.131663],[-46.748773,-3.128638],[-46.749604,-3.126345],[-46.749604,-3.124491],[-46.748138,-3.121856],[-46.746476,-3.121173],[-46.743984,-3.122344],[-46.741688,-3.123125],[-46.73817,-3.122198],[-46.73602,-3.121027],[-46.734505,-3.121612],[-46.733234,-3.123661],[-46.731964,-3.124588],[-46.730938,-3.124003],[-46.72781,-3.120051],[-46.726687,-3.115904],[-46.72439,-3.111464],[-46.721849,-3.109268],[-46.718868,-3.109219],[-46.715497,-3.111268],[-46.712712,-3.114098],[-46.712467,-3.115611],[-46.713689,-3.117611],[-46.714275,-3.121856],[-46.716425,-3.12454],[-46.716816,-3.125515],[-46.716474,-3.126394],[-46.714568,-3.126491],[-46.710415,-3.128004],[-46.707727,-3.127077],[-46.705919,-3.125369],[-46.702939,-3.119026],[-46.703427,-3.117709],[-46.704991,-3.115562],[-46.705822,-3.112049],[-46.705822,-3.109561],[-46.70631,-3.107072],[-46.707385,-3.105121],[-46.707434,-3.103218],[-46.70675,-3.100632],[-46.704551,-3.098826],[-46.70201,-3.098046],[-46.696,-3.097411],[-46.693264,-3.096777],[-46.690136,-3.094484],[-46.688622,-3.092971],[-46.68696,-3.092923],[-46.682709,-3.095411],[-46.680315,-3.09585],[-46.677383,-3.095752],[-46.676504,-3.094142],[-46.67665,-3.092239],[-46.677676,-3.0898],[-46.67836,-3.087409],[-46.678898,-3.084725],[-46.680852,-3.081603],[-46.681976,-3.077016],[-46.682025,-3.074381],[-46.680706,-3.073308],[-46.678311,-3.072722],[-46.676406,-3.071454],[-46.674842,-3.069209],[-46.673181,-3.067306],[-46.673279,-3.065257],[-46.673914,-3.061451],[-46.673963,-3.056376],[-46.67494,-3.054522],[-46.677139,-3.053351],[-46.677139,-3.052473],[-46.676259,-3.051448],[-46.675771,-3.049447],[-46.676992,-3.042958],[-46.677334,-3.034272],[-46.676406,-3.032662],[-46.674598,-3.032125],[-46.669174,-3.032857],[-46.66805,-3.032028],[-46.667317,-3.029685],[-46.667464,-3.028075],[-46.672008,-3.020731],[-46.67279,-3.017365],[-46.672399,-3.015803],[-46.670298,-3.014315],[-46.667952,-3.013778],[-46.66419,-3.013534],[-46.659206,-3.011924],[-46.658815,-3.01085],[-46.659988,-3.00963],[-46.662284,-3.008508],[-46.665998,-3.007581],[-46.669369,-3.00641],[-46.671568,-3.004507],[-46.673621,-3.002116],[-46.674158,-3.000213],[-46.673523,-2.997675],[-46.672301,-2.995772],[-46.669809,-2.993381],[-46.66849,-2.992795],[-46.667757,-2.993283],[-46.666731,-2.994699],[-46.664679,-2.995674],[-46.661405,-2.996553],[-46.653928,-2.997431],[-46.650948,-2.997138],[-46.649922,-2.996016],[-46.651143,-2.991966],[-46.651436,-2.990502],[-46.649286,-2.985378],[-46.649238,-2.983426],[-46.650655,-2.981474],[-46.652853,-2.979327],[-46.654222,-2.978254],[-46.655248,-2.978595],[-46.656909,-2.979523],[-46.658375,-2.980011],[-46.660085,-2.979474],[-46.662089,-2.978205],[-46.662919,-2.976204],[-46.662968,-2.974692],[-46.661356,-2.973764],[-46.658326,-2.973228],[-46.652707,-2.973716],[-46.650166,-2.973032],[-46.648553,-2.97152],[-46.64743,-2.969812],[-46.648211,-2.967421],[-46.648505,-2.965859],[-46.648602,-2.964102],[-46.648309,-2.962785],[-46.648407,-2.961272],[-46.649482,-2.960833],[-46.650703,-2.960687],[-46.651974,-2.959857],[-46.653635,-2.958295],[-46.655346,-2.956197],[-46.658961,-2.955563],[-46.663701,-2.953903],[-46.66463,-2.954099],[-46.666047,-2.954684],[-46.66761,-2.954684],[-46.668734,-2.953464],[-46.671715,-2.948096],[-46.673034,-2.945071],[-46.67279,-2.943851],[-46.670689,-2.941753],[-46.669125,-2.938629],[-46.667268,-2.936336],[-46.66248,-2.935116],[-46.660134,-2.933701],[-46.657056,-2.933164],[-46.654808,-2.932285],[-46.653928,-2.931065],[-46.65471,-2.929016],[-46.655346,-2.926576],[-46.656665,-2.924429],[-46.659206,-2.92233],[-46.661258,-2.920085],[-46.662382,-2.917304],[-46.664239,-2.911496],[-46.666193,-2.907641],[-46.666144,-2.906763],[-46.66546,-2.905982],[-46.663237,-2.904664],[-46.662626,-2.903298],[-46.663139,-2.90242],[-46.664434,-2.90181],[-46.666829,-2.901175],[-46.669027,-2.900199],[-46.669638,-2.89976],[-46.670444,-2.897198],[-46.671544,-2.895368],[-46.673376,-2.893074],[-46.674598,-2.892537],[-46.67643,-2.892659],[-46.681146,-2.893611],[-46.681488,-2.892879],[-46.681659,-2.891561],[-46.681219,-2.889341],[-46.680828,-2.883143],[-46.679802,-2.881557],[-46.675477,-2.87897],[-46.67235,-2.877213],[-46.6702,-2.876384],[-46.668441,-2.875945],[-46.66204,-2.877213],[-46.658668,-2.877506],[-46.654222,-2.878482],[-46.651583,-2.879946],[-46.648896,-2.883607],[-46.642348,-2.884387],[-46.639416,-2.883558],[-46.638243,-2.881557],[-46.637559,-2.879849],[-46.637559,-2.877604],[-46.63668,-2.877018],[-46.63624,-2.875993],[-46.635311,-2.87248],[-46.634627,-2.870528],[-46.635018,-2.869893],[-46.639563,-2.871601],[-46.6401,-2.870381],[-46.639709,-2.868283],[-46.641077,-2.866038],[-46.640686,-2.864818],[-46.639074,-2.864183],[-46.639172,-2.863598],[-46.640931,-2.863158],[-46.640638,-2.861841],[-46.638292,-2.86267],[-46.637413,-2.861792],[-46.636533,-2.861841],[-46.636582,-2.863158],[-46.636044,-2.864476],[-46.635751,-2.866087],[-46.636973,-2.867307],[-46.637364,-2.868234],[-46.635556,-2.868527],[-46.634481,-2.868283],[-46.631989,-2.866282],[-46.632184,-2.865257],[-46.633601,-2.864232],[-46.633406,-2.863354],[-46.631207,-2.861694],[-46.631451,-2.860962],[-46.632624,-2.859108],[-46.633748,-2.858864],[-46.635605,-2.859352],[-46.639123,-2.858717],[-46.640344,-2.856619],[-46.641273,-2.854276],[-46.640882,-2.852666],[-46.640002,-2.850909],[-46.638781,-2.851055],[-46.637461,-2.852324],[-46.635507,-2.853495],[-46.630278,-2.855155],[-46.627884,-2.855545],[-46.626125,-2.856326],[-46.623291,-2.858327],[-46.620945,-2.859645],[-46.619089,-2.859547],[-46.618111,-2.85818],[-46.617232,-2.856131],[-46.615961,-2.855008],[-46.614104,-2.855008],[-46.61386,-2.856716],[-46.613127,-2.85818],[-46.612003,-2.857448],[-46.610977,-2.855252],[-46.610831,-2.853447],[-46.611808,-2.849347],[-46.610684,-2.845784],[-46.612248,-2.842368],[-46.615131,-2.837244],[-46.617574,-2.836707],[-46.618747,-2.835975],[-46.618551,-2.834852],[-46.616499,-2.832315],[-46.614838,-2.829386],[-46.61342,-2.829533],[-46.610293,-2.830606],[-46.605895,-2.832412],[-46.60267,-2.833974],[-46.597198,-2.839635],[-46.594559,-2.841685],[-46.591872,-2.844076],[-46.589575,-2.845784],[-46.588304,-2.84476],[-46.587376,-2.842612],[-46.586106,-2.841441],[-46.583662,-2.84027],[-46.58161,-2.840416],[-46.580047,-2.84149],[-46.579167,-2.843149],[-46.577261,-2.842417],[-46.575698,-2.841539],[-46.576968,-2.840318],[-46.578336,-2.838659],[-46.579753,-2.83617],[-46.580731,-2.835243],[-46.583125,-2.835194],[-46.583809,-2.834072],[-46.583711,-2.833047],[-46.582148,-2.832168],[-46.581757,-2.830753],[-46.582392,-2.829094],[-46.584347,-2.828313],[-46.586545,-2.828606],[-46.586985,-2.829777],[-46.586839,-2.831143],[-46.587572,-2.832607],[-46.588549,-2.833535],[-46.589819,-2.833535],[-46.591334,-2.832119],[-46.591872,-2.830362],[-46.59153,-2.828606],[-46.591676,-2.826995],[-46.592653,-2.826556],[-46.594706,-2.826995],[-46.595781,-2.826312],[-46.595487,-2.824799],[-46.593777,-2.824311],[-46.591725,-2.824457],[-46.591041,-2.823774],[-46.590699,-2.821822],[-46.590601,-2.819626],[-46.591236,-2.817771],[-46.592507,-2.816892],[-46.595292,-2.816844],[-46.597833,-2.817966],[-46.598615,-2.81904],[-46.599739,-2.818113],[-46.600716,-2.815575],[-46.601107,-2.813183],[-46.60052,-2.809865],[-46.599103,-2.804642],[-46.600276,-2.802007],[-46.600325,-2.800543],[-46.599103,-2.798054],[-46.598957,-2.79698],[-46.59925,-2.795906],[-46.601107,-2.792392],[-46.601595,-2.790635],[-46.602524,-2.78922],[-46.604576,-2.788049],[-46.605895,-2.787756],[-46.607703,-2.788439],[-46.608925,-2.789806],[-46.609414,-2.790977],[-46.608974,-2.795857],[-46.609169,-2.797517],[-46.609756,-2.798835],[-46.613616,-2.800982],[-46.614789,-2.801812],[-46.617183,-2.804301],[-46.618405,-2.804935],[-46.62031,-2.804838],[-46.622069,-2.804984],[-46.623633,-2.805423],[-46.625294,-2.806546],[-46.626418,-2.806546],[-46.627102,-2.805326],[-46.627738,-2.803227],[-46.62891,-2.801812],[-46.632966,-2.798591],[-46.634823,-2.796443],[-46.638488,-2.790928],[-46.639221,-2.788439],[-46.639025,-2.785657],[-46.638488,-2.781948],[-46.637852,-2.779459],[-46.636875,-2.77736],[-46.633113,-2.773114],[-46.631353,-2.770869],[-46.631158,-2.768916],[-46.631598,-2.767599],[-46.633064,-2.765646],[-46.634383,-2.763352],[-46.635995,-2.755397],[-46.636924,-2.753786],[-46.638243,-2.75281],[-46.64054,-2.75159],[-46.64225,-2.750223],[-46.642885,-2.750614],[-46.643472,-2.752908],[-46.643765,-2.754958],[-46.644889,-2.756861],[-46.646501,-2.758179],[-46.648651,-2.75896],[-46.650752,-2.758813],[-46.651876,-2.757203],[-46.652707,-2.754958],[-46.652267,-2.753103],[-46.652267,-2.750663],[-46.652463,-2.748759],[-46.653635,-2.74627],[-46.654759,-2.744757],[-46.658815,-2.741292],[-46.657984,-2.73929],[-46.656469,-2.737533],[-46.65427,-2.736606],[-46.652902,-2.735191],[-46.652511,-2.732604],[-46.653049,-2.730163],[-46.653977,-2.729041],[-46.655834,-2.728845],[-46.656372,-2.729529],[-46.658326,-2.731091],[-46.660916,-2.732164],[-46.666877,-2.733629],[-46.669614,-2.734605],[-46.671617,-2.734312],[-46.673474,-2.733726],[-46.674891,-2.731872],[-46.674402,-2.731091],[-46.67235,-2.731188],[-46.670347,-2.7307],[-46.668539,-2.728992],[-46.667561,-2.726698],[-46.668294,-2.721866],[-46.672448,-2.717473],[-46.673132,-2.71474],[-46.67323,-2.712251],[-46.671373,-2.706198],[-46.669711,-2.703709],[-46.667122,-2.701366],[-46.665949,-2.699267],[-46.665705,-2.696778],[-46.664825,-2.695167],[-46.663115,-2.693557],[-46.660427,-2.692239],[-46.65774,-2.691799],[-46.654906,-2.69053],[-46.653196,-2.690433],[-46.65041,-2.691409],[-46.64826,-2.690872],[-46.647185,-2.689945],[-46.646697,-2.688431],[-46.64743,-2.686137],[-46.649042,-2.683648],[-46.650899,-2.6815],[-46.650655,-2.680475],[-46.649335,-2.68028],[-46.647088,-2.680866],[-46.644351,-2.681891],[-46.642494,-2.683306],[-46.640393,-2.685649],[-46.638097,-2.687211],[-46.635995,-2.687162],[-46.634334,-2.685454],[-46.632966,-2.682672],[-46.632428,-2.680329],[-46.632624,-2.677742],[-46.634383,-2.675692],[-46.63453,-2.674179],[-46.633161,-2.67291],[-46.630083,-2.67169],[-46.62549,-2.671006],[-46.622656,-2.669444],[-46.619968,-2.667199],[-46.6186,-2.665393],[-46.618991,-2.664221],[-46.619577,-2.65978],[-46.619089,-2.657534],[-46.618307,-2.655631],[-46.618551,-2.653337],[-46.619333,-2.650994],[-46.621923,-2.646161],[-46.622265,-2.644941],[-46.620945,-2.644306],[-46.618111,-2.64377],[-46.615082,-2.64377],[-46.611173,-2.644453],[-46.609804,-2.643916],[-46.608974,-2.642403],[-46.608876,-2.640792],[-46.608583,-2.639621],[-46.607215,-2.639035],[-46.606091,-2.639474],[-46.604283,-2.644355],[-46.602328,-2.647821],[-46.600814,-2.651091],[-46.598712,-2.658462],[-46.596807,-2.663733],[-46.595439,-2.665637],[-46.59451,-2.665881],[-46.592604,-2.665491],[-46.591334,-2.664173],[-46.590259,-2.66183],[-46.589428,-2.659048],[-46.588647,-2.655631],[-46.587669,-2.649041],[-46.587572,-2.646503],[-46.587767,-2.643477],[-46.587474,-2.641671],[-46.586741,-2.639962],[-46.584884,-2.637131],[-46.58205,-2.63391],[-46.578874,-2.631518],[-46.571837,-2.628296],[-46.567342,-2.626783],[-46.563677,-2.627125],[-46.56138,-2.628247],[-46.559475,-2.630249],[-46.557814,-2.631176],[-46.554442,-2.630249],[-46.553123,-2.629565],[-46.550337,-2.627369],[-46.547308,-2.625709],[-46.544767,-2.624928],[-46.538561,-2.623366],[-46.528788,-2.622487],[-46.525172,-2.621218],[-46.52053,-2.618973],[-46.516914,-2.618875],[-46.512761,-2.618485],[-46.508852,-2.617606],[-46.506849,-2.616874],[-46.506507,-2.615458],[-46.507044,-2.614433],[-46.508999,-2.60511],[-46.508705,-2.598813],[-46.508999,-2.596177],[-46.509732,-2.592663],[-46.509438,-2.590612],[-46.507582,-2.58783],[-46.504845,-2.585145],[-46.503966,-2.58207],[-46.501767,-2.580947],[-46.496196,-2.581484],[-46.49258,-2.583583],[-46.491359,-2.58329],[-46.490284,-2.58124],[-46.490137,-2.578214],[-46.489795,-2.576603],[-46.48872,-2.576261],[-46.487205,-2.575041],[-46.486961,-2.572307],[-46.487938,-2.568841],[-46.489697,-2.566791],[-46.496929,-2.56313],[-46.499519,-2.559274],[-46.500888,-2.5559],[-46.500936,-2.550047],[-46.501571,-2.547851],[-46.501718,-2.546777],[-46.494242,-2.540821],[-46.492825,-2.539113],[-46.491212,-2.537551],[-46.489111,-2.536526],[-46.486863,-2.536135],[-46.485642,-2.536233],[-46.484909,-2.536867],[-46.483834,-2.539845],[-46.482954,-2.543164],[-46.481391,-2.544727],[-46.478459,-2.544922],[-46.476406,-2.546289],[-46.473572,-2.546582],[-46.469859,-2.54541],[-46.466536,-2.544727],[-46.463311,-2.543848],[-46.460623,-2.541993],[-46.458131,-2.540675],[-46.456323,-2.540675],[-46.45388,-2.540919],[-46.450949,-2.540431],[-46.445231,-2.537697],[-46.438635,-2.536916],[-46.432673,-2.537014],[-46.429937,-2.536818],[-46.425393,-2.535256],[-46.421288,-2.534329],[-46.419334,-2.532425],[-46.419138,-2.52852],[-46.420164,-2.525981],[-46.426321,-2.524956],[-46.429448,-2.523394],[-46.43238,-2.521295],[-46.434823,-2.518854],[-46.436583,-2.515242],[-46.437071,-2.511629],[-46.436778,-2.507968],[-46.435019,-2.505625],[-46.429986,-2.501426],[-46.429351,-2.499083],[-46.430084,-2.495959],[-46.431794,-2.492883],[-46.433895,-2.49015],[-46.436485,-2.488002],[-46.438781,-2.485219],[-46.440052,-2.481802],[-46.44015,-2.477164],[-46.439514,-2.473991],[-46.43585,-2.470915],[-46.432967,-2.467791],[-46.432429,-2.465497],[-46.433895,-2.463593],[-46.436094,-2.462763],[-46.438097,-2.461591],[-46.438879,-2.459589],[-46.439075,-2.456026],[-46.440589,-2.452413],[-46.440296,-2.44924],[-46.43927,-2.444748],[-46.438879,-2.44138],[-46.439661,-2.436498],[-46.441078,-2.431567],[-46.442055,-2.424879],[-46.442153,-2.419411],[-46.441273,-2.415701],[-46.439368,-2.413162],[-46.43111,-2.405985],[-46.427494,-2.401689],[-46.425735,-2.397295],[-46.422461,-2.385383],[-46.420897,-2.383625],[-46.417184,-2.381965],[-46.412786,-2.379134],[-46.409952,-2.375423],[-46.409414,-2.371371],[-46.411173,-2.366733],[-46.413226,-2.364194],[-46.415913,-2.363511],[-46.419187,-2.364438],[-46.42251,-2.364683],[-46.425295,-2.363267],[-46.427885,-2.363267],[-46.431892,-2.364487],[-46.43453,-2.368247],[-46.435947,-2.371176],[-46.438342,-2.373666],[-46.442984,-2.379085],[-46.446013,-2.381673],[-46.449238,-2.383284],[-46.45388,-2.386066],[-46.456275,-2.38675],[-46.457789,-2.386115],[-46.458669,-2.384553],[-46.459842,-2.382942],[-46.461747,-2.381575],[-46.464484,-2.380208],[-46.466292,-2.378938],[-46.467367,-2.376351],[-46.46722,-2.372299],[-46.466194,-2.367905],[-46.464288,-2.363364],[-46.463311,-2.362241],[-46.45344,-2.356578],[-46.447284,-2.350085],[-46.443228,-2.346569],[-46.436338,-2.341394],[-46.434384,-2.338953],[-46.431647,-2.334803],[-46.430572,-2.329432],[-46.430475,-2.323818],[-46.431403,-2.320498],[-46.432918,-2.316787],[-46.432478,-2.312442],[-46.431745,-2.308634],[-46.432038,-2.30546],[-46.433064,-2.300675],[-46.432429,-2.297111],[-46.430572,-2.294133],[-46.425099,-2.290861],[-46.422705,-2.287541],[-46.41992,-2.282024],[-46.416304,-2.273822],[-46.415913,-2.269134],[-46.416744,-2.263519],[-46.417819,-2.25849],[-46.419578,-2.254926],[-46.423927,-2.25185],[-46.427592,-2.248188],[-46.430572,-2.244135],[-46.43194,-2.240083],[-46.43194,-2.237056],[-46.430523,-2.2352],[-46.426663,-2.234614],[-46.420946,-2.232027],[-46.414789,-2.22978],[-46.410636,-2.228755],[-46.40873,-2.229732],[-46.409219,-2.232173],[-46.407997,-2.235542],[-46.406091,-2.238325],[-46.401498,-2.241987],[-46.396123,-2.246723],[-46.391139,-2.250141],[-46.386155,-2.250629],[-46.382246,-2.249018],[-46.376969,-2.245893],[-46.373353,-2.241841],[-46.370714,-2.237837],[-46.370079,-2.234468],[-46.367831,-2.230855],[-46.364362,-2.22773],[-46.357961,-2.224507],[-46.355322,-2.223726],[-46.350924,-2.224068],[-46.347211,-2.221968],[-46.343986,-2.216597],[-46.343497,-2.213668],[-46.344181,-2.211519],[-46.344181,-2.209322],[-46.341933,-2.206295],[-46.33905,-2.204097],[-46.33734,-2.200094],[-46.335581,-2.194039],[-46.332356,-2.190914],[-46.327274,-2.186226],[-46.314814,-2.177486],[-46.304406,-2.169869],[-46.296295,-2.165425],[-46.28789,-2.158736],[-46.283297,-2.15439],[-46.282955,-2.152144],[-46.284616,-2.150972],[-46.287988,-2.15107],[-46.291164,-2.15063],[-46.296246,-2.148775],[-46.300204,-2.145943],[-46.300888,-2.141792],[-46.299324,-2.139888],[-46.294389,-2.138276],[-46.288867,-2.135151],[-46.284128,-2.127583],[-46.282759,-2.125922],[-46.279925,-2.123627],[-46.273084,-2.120112],[-46.272107,-2.117572],[-46.27157,-2.114057],[-46.269859,-2.107171],[-46.26854,-2.103997],[-46.269224,-2.100335],[-46.268687,-2.094817],[-46.269273,-2.090667],[-46.271814,-2.088176],[-46.275088,-2.084074],[-46.27758,-2.079338],[-46.277433,-2.075871],[-46.27543,-2.072745],[-46.274208,-2.069474],[-46.273573,-2.066348],[-46.275332,-2.05751],[-46.274599,-2.054629],[-46.272009,-2.052968],[-46.267954,-2.051845],[-46.263165,-2.049306],[-46.249856,-2.050326],[-46.058767,-2.050899],[-46.065493,-2.061508],[-46.077006,-2.072092],[-46.091562,-2.084628],[-46.098833,-2.09271],[-46.102461,-2.10687],[-46.105165,-2.122351],[-46.108235,-2.134673],[-46.119336,-2.153143],[-46.133313,-2.169302],[-46.150925,-2.19471],[-46.14469,-2.19672],[-46.138095,-2.198178],[-46.137032,-2.198156],[-46.137503,-2.200805],[-46.140475,-2.205022],[-46.144168,-2.210996],[-46.146442,-2.216301],[-46.149221,-2.231628],[-46.149431,-2.231404],[-46.15065,-2.232695],[-46.15071,-2.235196],[-46.159138,-2.260216],[-46.173243,-2.27188],[-46.17926,-2.288057],[-46.186493,-2.317954],[-46.19006,-2.37224],[-46.2053,-2.386428],[-46.211568,-2.40861],[-46.223624,-2.423076],[-46.224743,-2.424566],[-46.226395,-2.428036],[-46.228245,-2.430423],[-46.228322,-2.432136],[-46.228047,-2.434958],[-46.228184,-2.440945],[-46.228446,-2.444293],[-46.227963,-2.452491],[-46.228928,-2.461653],[-46.258413,-2.477482],[-46.2774,-2.479381],[-46.282453,-2.486245],[-46.279078,-2.509874],[-46.259789,-2.544593],[-46.257378,-2.57015],[-46.244342,-2.58764],[-46.244749,-2.593947],[-46.252479,-2.601474],[-46.251592,-2.610173],[-46.232786,-2.631873],[-46.2053,-2.645375],[-46.19662,-2.655501],[-46.184565,-2.67045],[-46.182395,-2.68154],[-46.075281,-2.681669],[-46.064407,-2.686344],[-46.072746,-2.697771],[-46.079956,-2.714046],[-46.080793,-2.718392],[-46.079964,-2.722187],[-46.077269,-2.727615],[-46.072883,-2.732651],[-46.070628,-2.736617],[-46.069186,-2.741191],[-46.070585,-2.744877],[-46.072897,-2.747603],[-46.075536,-2.74925],[-46.078046,-2.752511],[-46.079504,-2.759793],[-46.080005,-2.76832],[-46.081296,-2.772577],[-46.084568,-2.777626],[-46.088874,-2.780728],[-46.090161,-2.782069],[-46.090814,-2.783686],[-46.091476,-2.786373],[-46.090501,-2.801199],[-46.090834,-2.804491],[-46.091692,-2.807764],[-46.098045,-2.820766],[-46.100714,-2.82477],[-46.123596,-2.847631],[-46.12596,-2.851494],[-46.130336,-2.86066],[-46.131629,-2.865435],[-46.13228,-2.872292],[-46.130948,-2.877474],[-46.128293,-2.885212],[-46.122406,-2.894914],[-46.121468,-2.898776],[-46.121075,-2.901264],[-46.121516,-2.90396],[-46.122564,-2.907227],[-46.125121,-2.911192],[-46.17014,-2.946424],[-46.179149,-2.958174],[-46.18304,-2.965724],[-46.186016,-2.972288],[-46.187268,-2.978064],[-46.188191,-3.000677],[-46.190002,-3.010623],[-46.192209,-3.014914],[-46.197991,-3.021631],[-46.206219,-3.030504],[-46.220516,-3.040251],[-46.230528,-3.045854],[-46.260233,-3.057577],[-46.277101,-3.066474],[-46.290846,-3.075629],[-46.306315,-3.089056],[-46.349255,-3.135913],[-46.379137,-3.165965],[-46.38914,-3.180035],[-46.397171,-3.194882],[-46.400793,-3.212063],[-46.40015,-3.228311],[-46.395456,-3.256386],[-46.390814,-3.275151],[-46.394092,-3.280877],[-46.396684,-3.298044],[-46.397317,-3.328476],[-46.398527,-3.346599],[-46.4049,-3.371107],[-46.413829,-3.401169],[-46.423731,-3.422928],[-46.431235,-3.437395],[-46.440813,-3.454744],[-46.459498,-3.485754],[-46.468905,-3.485752],[-46.475665,-3.486268],[-46.481803,-3.488937],[-46.495173,-3.49634],[-46.503406,-3.50277],[-46.515205,-3.513667],[-46.526692,-3.525178],[-46.538567,-3.535909],[-46.547715,-3.543045],[-46.568427,-3.564758],[-46.579854,-3.579146],[-46.593286,-3.591044],[-46.602823,-3.598258],[-46.61897,-3.60507],[-46.630843,-3.613061],[-46.642722,-3.62496],[-46.654604,-3.637644],[-46.66454,-3.649154],[-46.674473,-3.659493],[-46.684403,-3.667488],[-46.693315,-3.676419],[-46.698858,-3.685846],[-46.699198,-3.693578],[-46.696351,-3.704938],[-46.701584,-3.711524],[-46.704117,-3.720005],[-46.706657,-3.734891],[-46.711508,-3.744118],[-46.719457,-3.754094],[-46.725054,-3.760655],[-46.72721,-3.767159],[-46.732195,-3.770438],[-46.735346,-3.772989],[-46.737452,-3.776308],[-46.737331,-3.781293],[-46.738649,-3.785125],[-46.738395,-3.788704],[-46.735121,-3.791138],[-46.735127,-3.793953],[-46.733558,-3.796257],[-46.734223,-3.800984],[-46.730298,-3.805594],[-46.726892,-3.807135],[-46.726767,-3.810332],[-46.727561,-3.814164],[-46.729408,-3.819017],[-46.729558,-3.828861],[-46.724464,-3.839226],[-46.714118,-3.845511],[-46.706649,-3.84872],[-46.697351,-3.855002],[-46.697227,-3.857687],[-46.698544,-3.861775],[-46.701442,-3.868416],[-46.709463,-3.877989],[-46.723776,-3.887289],[-46.738785,-3.896035],[-46.753827,-3.901598],[-46.757386,-3.905053],[-46.757947,-3.911444],[-46.75687,-3.919439],[-46.757718,-3.933021],[-46.758014,-3.943943],[-46.761044,-3.954857],[-46.758064,-3.967382],[-46.761087,-3.975633],[-46.770662,-3.979607],[-46.776952,-3.981991],[-46.780243,-3.986777],[-46.794736,-3.990209],[-46.797009,-3.992801],[-46.80075,-3.993455],[-46.804837,-3.998739],[-46.811468,-4.000806],[-46.816567,-4.001788],[-46.823192,-4.001939],[-46.828622,-4.00027],[-46.831172,-4.00043],[-46.839327,-4.001406],[-46.843918,-4.003216],[-46.846644,-4.006191],[-46.855163,-4.017759],[-46.869636,-4.032131],[-46.875928,-4.035261],[-46.885786,-4.037225],[-46.891747,-4.043999],[-46.893459,-4.049624],[-46.894661,-4.056078],[-46.897055,-4.062363],[-46.900317,-4.076095],[-46.905599,-4.083203],[-46.914951,-4.086988],[-46.924296,-4.087464],[-46.927103,-4.086647],[-46.923606,-4.083777],[-46.916196,-4.077219],[-46.916898,-4.069951],[-46.917774,-4.067446],[-46.917771,-4.065882],[-46.912741,-4.060731],[-46.912258,-4.05956],[-46.913205,-4.048685],[-46.913432,-4.047901],[-46.913867,-4.047528],[-46.914038,-4.047155],[-46.914012,-4.046215],[-46.913834,-4.045924],[-46.913943,-4.045564],[-46.913463,-4.043297],[-46.913051,-4.042715],[-46.912415,-4.040709],[-46.912519,-4.038309],[-46.913434,-4.03632],[-46.914391,-4.035334],[-46.914292,-4.032836],[-46.914596,-4.031628],[-46.915216,-4.030929],[-46.916385,-4.030258],[-46.916597,-4.029784],[-46.916438,-4.029179],[-46.916601,-4.027446],[-46.915586,-4.024119],[-46.9155,-4.02201],[-46.916059,-4.020677],[-46.919539,-4.016835],[-46.919131,-4.01316],[-46.917678,-4.009878],[-46.91807,-4.005654],[-46.920146,-4.000879],[-46.918214,-3.998849],[-46.920015,-3.996359],[-46.919853,-3.993119],[-46.920383,-3.991887],[-46.925301,-3.987042],[-46.925641,-3.986187],[-46.928563,-3.97735],[-46.927497,-3.975986],[-46.927294,-3.974821],[-46.927691,-3.974041],[-46.930149,-3.972285],[-46.932769,-3.969036],[-46.932756,-3.96385],[-46.933421,-3.962812],[-46.936143,-3.96099],[-46.936002,-3.957684],[-46.935003,-3.956714],[-46.934933,-3.955806],[-46.936058,-3.953275],[-46.935024,-3.951268],[-46.934752,-3.949388],[-46.936936,-3.944587],[-46.937594,-3.940371],[-46.940047,-3.937902],[-46.939143,-3.933316],[-46.941057,-3.928822],[-46.94411,-3.925897],[-46.945035,-3.923496],[-46.944161,-3.918833],[-46.943157,-3.916371],[-46.944418,-3.915394],[-46.945915,-3.915729],[-46.946152,-3.91555]]]}},{"type":"Feature","properties":{"CD_MUN":"2102507","NM_MUN":"Cajari"},"geometry":{"type":"Polygon","coordinates":[[[-45.049468,-3.511936],[-45.015524,-3.535708],[-45.031358,-3.571045],[-45.038199,-3.571192],[-45.040684,-3.572481],[-45.045102,-3.572021],[-45.05808,-3.572297],[-45.060289,-3.57018],[-45.062866,-3.569167],[-45.065168,-3.571008],[-45.073267,-3.568891],[-45.077501,-3.56705],[-45.077856,-3.565289],[-45.083637,-3.564757],[-45.084965,-3.563628],[-45.08656,-3.563329],[-45.087922,-3.563296],[-45.08935,-3.564126],[-45.090845,-3.563993],[-45.092373,-3.56313],[-45.093802,-3.562764],[-45.095064,-3.562664],[-45.09636,-3.561535],[-45.097755,-3.560007],[-45.099549,-3.558944],[-45.106027,-3.557568],[-45.107433,-3.558872],[-45.10884,-3.559365],[-45.109653,-3.560018],[-45.110352,-3.561157],[-45.111223,-3.562065],[-45.112596,-3.562924],[-45.116814,-3.564171],[-45.119622,-3.565806],[-45.122665,-3.567261],[-45.124346,-3.563274],[-45.123856,-3.561999],[-45.122711,-3.560724],[-45.123038,-3.557133],[-45.121728,-3.554417],[-45.121564,-3.552028],[-45.122872,-3.545722],[-45.122546,-3.54285],[-45.120415,-3.53798],[-45.118615,-3.532235],[-45.118451,-3.528489],[-45.119925,-3.526733],[-45.123851,-3.525611],[-45.124997,-3.522027],[-45.127614,-3.516755],[-45.125978,-3.514283],[-45.124506,-3.513167],[-45.12565,-3.510295],[-45.127616,-3.509018],[-45.129741,-3.508618],[-45.128432,-3.507823],[-45.125487,-3.504948],[-45.122542,-3.50168],[-45.119923,-3.498171],[-45.117465,-3.494497],[-45.114355,-3.491865],[-45.111244,-3.489631],[-45.108136,-3.487559],[-45.104532,-3.485562],[-45.103223,-3.48237],[-45.10437,-3.479499],[-45.10726,-3.475415],[-45.105937,-3.475343],[-45.102575,-3.478028],[-45.101654,-3.477012],[-45.100631,-3.474893],[-45.100242,-3.473285],[-45.098602,-3.472436],[-45.096741,-3.472283],[-45.094801,-3.471898],[-45.094157,-3.470508],[-45.095134,-3.46821],[-45.096713,-3.466601],[-45.097824,-3.464411],[-45.098129,-3.462412],[-45.097744,-3.460394],[-45.095475,-3.460411],[-45.094269,-3.461509],[-45.093182,-3.462804],[-45.092709,-3.464638],[-45.093683,-3.468145],[-45.090796,-3.469101],[-45.08891,-3.468556],[-45.08716,-3.463235],[-45.086297,-3.459191],[-45.086383,-3.456914],[-45.088799,-3.453374],[-45.088683,-3.450691],[-45.087299,-3.450344],[-45.084626,-3.451233],[-45.084462,-3.453396],[-45.084154,-3.454652],[-45.083994,-3.457284],[-45.082935,-3.459012],[-45.081517,-3.45931],[-45.079851,-3.458443],[-45.078682,-3.457033],[-45.074144,-3.452476],[-45.073892,-3.451339],[-45.074333,-3.450835],[-45.076012,-3.449743],[-45.07666,-3.448985],[-45.077348,-3.447459],[-45.07789,-3.444957],[-45.078349,-3.444253],[-45.082655,-3.441049],[-45.084238,-3.439204],[-45.084967,-3.437814],[-45.085106,-3.436964],[-45.085017,-3.43637],[-45.084393,-3.435952],[-45.081139,-3.434612],[-45.080543,-3.433977],[-45.078219,-3.429896],[-45.078163,-3.429083],[-45.078396,-3.428639],[-45.078916,-3.42817],[-45.080416,-3.427544],[-45.081057,-3.42689],[-45.081798,-3.425325],[-45.08193,-3.422876],[-45.082113,-3.422244],[-45.082589,-3.421423],[-45.083523,-3.420334],[-45.271705,-3.392452],[-45.265779,-3.389219],[-45.263533,-3.384729],[-45.262276,-3.379969],[-45.261648,-3.37503],[-45.260211,-3.370989],[-45.261109,-3.363266],[-45.259941,-3.361919],[-45.259403,-3.359584],[-45.259492,-3.355454],[-45.258235,-3.347282],[-45.258864,-3.34369],[-45.258594,-3.339289],[-45.257517,-3.337493],[-45.25581,-3.336865],[-45.254684,-3.321316],[-45.243628,-3.321721],[-45.24241,-3.322801],[-45.238647,-3.325553],[-45.237099,-3.327715],[-45.235216,-3.329333],[-45.231119,-3.330793],[-45.226024,-3.331336],[-45.222593,-3.330957],[-45.221156,-3.330415],[-45.215172,-3.332201],[-45.213403,-3.33198],[-45.211298,-3.331984],[-45.203214,-3.329992],[-45.200115,-3.329882],[-45.195134,-3.331017],[-45.193584,-3.332096],[-45.187154,-3.332581],[-45.178044,-3.332585],[-45.165627,-3.332252],[-45.153055,-3.332447],[-45.1505,-3.332225],[-45.146803,-3.328918],[-45.146391,-3.327719],[-45.145365,-3.326518],[-45.140023,-3.326013],[-45.136325,-3.326018],[-45.129958,-3.326522],[-45.127084,-3.324918],[-45.122462,-3.320903],[-45.117836,-3.313902],[-45.116193,-3.309895],[-45.11455,-3.306892],[-45.114342,-3.304787],[-45.112702,-3.303587],[-45.10921,-3.302186],[-45.105922,-3.301084],[-45.101197,-3.295176],[-45.098118,-3.291769],[-45.091749,-3.282856],[-45.090103,-3.280252],[-45.088872,-3.276949],[-45.086816,-3.272946],[-45.082917,-3.269639],[-45.079835,-3.268037],[-45.077165,-3.267625],[-45.074288,-3.265332],[-45.067002,-3.260124],[-45.033127,-3.239363],[-45.019327,-3.279203],[-45.019994,-3.281494],[-45.022331,-3.282281],[-45.023883,-3.283849],[-45.023518,-3.285618],[-45.022607,-3.287917],[-45.022741,-3.291163],[-45.020125,-3.290709],[-45.01905,-3.291327],[-45.021852,-3.293619],[-45.020544,-3.294188],[-45.017988,-3.293899],[-45.017744,-3.296378],[-45.016294,-3.298554],[-45.018206,-3.298849],[-45.018853,-3.302035],[-45.018656,-3.303973],[-45.019358,-3.305135],[-45.020658,-3.30851],[-45.023679,-3.311468],[-45.022689,-3.312851],[-45.021104,-3.312],[-45.020327,-3.313268],[-45.019828,-3.31481],[-45.017937,-3.315821],[-45.015822,-3.316],[-45.01396,-3.319591],[-45.01277,-3.317955],[-45.009862,-3.319773],[-45.00827,-3.319507],[-45.005295,-3.322353],[-45.002828,-3.325736],[-45.000321,-3.326286],[-44.999235,-3.32786],[-44.998899,-3.328983],[-44.997744,-3.330684],[-44.996104,-3.332055],[-44.994879,-3.333813],[-44.99349,-3.335117],[-44.991914,-3.335462],[-44.988441,-3.335288],[-44.986298,-3.335524],[-44.982848,-3.335227],[-44.978115,-3.333361],[-44.972272,-3.330292],[-44.970213,-3.330069],[-44.968433,-3.330891],[-44.966244,-3.333069],[-44.964432,-3.334246],[-44.960086,-3.336284],[-44.956409,-3.339053],[-44.954597,-3.340091],[-44.95338,-3.340473],[-44.951463,-3.340233],[-44.950517,-3.338588],[-44.950959,-3.336409],[-44.950213,-3.33463],[-44.94827,-3.335548],[-44.946604,-3.336715],[-44.944967,-3.336303],[-44.942211,-3.333849],[-44.939963,-3.332491],[-44.937162,-3.330122],[-44.935686,-3.328262],[-44.935768,-3.326165],[-44.937352,-3.325007],[-44.93899,-3.326139],[-44.940488,-3.326547],[-44.941938,-3.325192],[-44.943188,-3.323506],[-44.944879,-3.320495],[-44.946797,-3.315644],[-44.946375,-3.313478],[-44.944491,-3.313845],[-44.942516,-3.316442],[-44.941466,-3.316996],[-44.939855,-3.316044],[-44.938766,-3.314224],[-44.938603,-3.31229],[-44.939324,-3.310462],[-44.943248,-3.305576],[-44.943794,-3.30435],[-44.944572,-3.300858],[-44.944711,-3.298537],[-44.944186,-3.295986],[-44.94519,-3.293653],[-44.945826,-3.292612],[-44.945817,-3.290561],[-44.94332,-3.28742],[-44.941968,-3.285991],[-44.939927,-3.286178],[-44.939272,-3.287164],[-44.939271,-3.289324],[-44.940491,-3.292603],[-44.939516,-3.294059],[-44.935403,-3.293094],[-44.93085,-3.291435],[-44.929046,-3.291671],[-44.928157,-3.292404],[-44.927989,-3.294222],[-44.92938,-3.296612],[-44.931634,-3.29898],[-44.932155,-3.300978],[-44.930549,-3.3024],[-44.927902,-3.304387],[-44.925743,-3.305692],[-44.922966,-3.307068],[-44.920769,-3.307431],[-44.918599,-3.307348],[-44.916048,-3.306921],[-44.906936,-3.301766],[-44.904275,-3.300633],[-44.902791,-3.300316],[-44.901601,-3.300326],[-44.899653,-3.300732],[-44.89763,-3.301656],[-44.89638,-3.301618],[-44.895408,-3.299815],[-44.895903,-3.297765],[-44.896795,-3.295828],[-44.896217,-3.294026],[-44.894186,-3.293648],[-44.893041,-3.293811],[-44.890543,-3.293429],[-44.889151,-3.292083],[-44.888014,-3.290464],[-44.885934,-3.287126],[-44.885017,-3.28509],[-44.883851,-3.283507],[-44.884271,-3.28165],[-44.886318,-3.281271],[-44.887599,-3.281776],[-44.889877,-3.281814],[-44.891042,-3.280233],[-44.89099,-3.279009],[-44.89038,-3.276933],[-44.888462,-3.27625],[-44.886493,-3.276986],[-44.884825,-3.278222],[-44.883604,-3.278837],[-44.882434,-3.279207],[-44.87999,-3.279552],[-44.877737,-3.280881],[-44.875379,-3.283099],[-44.873743,-3.283947],[-44.872714,-3.283696],[-44.872567,-3.287884],[-44.871107,-3.292587],[-44.872567,-3.292876],[-44.874173,-3.293617],[-44.878548,-3.298315],[-44.877673,-3.30008],[-44.875189,-3.302873],[-44.871687,-3.310212],[-44.868915,-3.31477],[-44.86629,-3.320641],[-44.862204,-3.32916],[-44.862057,-3.330192],[-44.863712,-3.346361],[-44.86525,-3.347086],[-44.867055,-3.347566],[-44.869338,-3.348895],[-44.872102,-3.350107],[-44.874385,-3.351558],[-44.876666,-3.352645],[-44.878353,-3.353735],[-44.880516,-3.354705],[-44.882078,-3.355066],[-44.883596,-3.355163],[-44.888075,-3.35389],[-44.889651,-3.35277],[-44.890134,-3.352045],[-44.891093,-3.351802],[-44.892177,-3.351922],[-44.892896,-3.353979],[-44.893018,-3.355791],[-44.893379,-3.357484],[-44.893138,-3.359781],[-44.893498,-3.363163],[-44.893377,-3.365345],[-44.894339,-3.37175],[-44.894339,-3.372838],[-44.893729,-3.374458],[-44.892701,-3.375488],[-44.890702,-3.376544],[-44.88918,-3.376735],[-44.888039,-3.376445],[-44.887086,-3.376446],[-44.885754,-3.377117],[-44.884803,-3.378455],[-44.883185,-3.379511],[-44.879759,-3.379315],[-44.878805,-3.379798],[-44.878045,-3.380753],[-44.877854,-3.383337],[-44.878903,-3.384388],[-44.896601,-3.398271],[-44.899077,-3.400764],[-44.899552,-3.401718],[-44.901169,-3.406312],[-44.902786,-3.411288],[-44.903167,-3.412918],[-44.902977,-3.416553],[-44.902026,-3.418851],[-44.900215,-3.420766],[-44.899455,-3.421146],[-44.898789,-3.421818],[-44.899263,-3.423347],[-44.900216,-3.424786],[-44.902691,-3.425835],[-44.907924,-3.427373],[-44.91687,-3.430434],[-44.918777,-3.431772],[-44.920583,-3.433688],[-44.922801,-3.436684],[-44.926191,-3.440096],[-44.927342,-3.442016],[-44.928196,-3.444983],[-44.928103,-3.446707],[-44.927625,-3.448333],[-44.926389,-3.449578],[-44.925245,-3.450346],[-44.924866,-3.452733],[-44.925724,-3.453599],[-44.928766,-3.455704],[-44.928958,-3.456949],[-44.927819,-3.457999],[-44.927531,-3.459819],[-44.928384,-3.46068],[-44.928483,-3.461354],[-44.92943,-3.462214],[-44.930765,-3.462788],[-44.934097,-3.462786],[-44.937428,-3.462309],[-44.940189,-3.461737],[-44.944375,-3.460009],[-44.947899,-3.458098],[-44.95627,-3.451594],[-44.959225,-3.448528],[-44.96332,-3.443834],[-44.9657,-3.438766],[-44.967125,-3.436469],[-44.969221,-3.433501],[-44.973599,-3.428427],[-44.975883,-3.427662],[-44.978833,-3.42728],[-44.981687,-3.427377],[-44.986866,-3.427995],[-44.995012,-3.429575],[-45.000422,-3.430073],[-45.002916,-3.430073],[-45.007594,-3.430842],[-45.008454,-3.431512],[-45.009313,-3.431801],[-45.009887,-3.43142],[-45.011412,-3.429884],[-45.010268,-3.435066],[-45.009982,-3.437372],[-45.010076,-3.442724],[-45.010365,-3.445824],[-45.011509,-3.452061],[-45.011701,-3.454558],[-45.012465,-3.458111],[-45.01418,-3.460513],[-45.015424,-3.461087],[-45.019244,-3.460895],[-45.020199,-3.460996],[-45.02144,-3.460897],[-45.022968,-3.461088],[-45.024495,-3.460898],[-45.028505,-3.459265],[-45.030225,-3.459069],[-45.030512,-3.465793],[-45.030989,-3.468675],[-45.030797,-3.470978],[-45.031466,-3.475398],[-45.032896,-3.481143],[-45.034427,-3.483557],[-45.036719,-3.484899],[-45.039106,-3.485381],[-45.040642,-3.486255],[-45.044357,-3.489894],[-45.045885,-3.492776],[-45.046171,-3.494314],[-45.04579,-3.495944],[-45.044551,-3.496616],[-45.043213,-3.496615],[-45.042448,-3.497383],[-45.041305,-3.499149],[-45.041399,-3.500665],[-45.042586,-3.503357],[-45.043055,-3.504023],[-45.043815,-3.504785],[-45.045044,-3.505644],[-45.045895,-3.506023],[-45.046559,-3.507165],[-45.046465,-3.508403],[-45.047508,-3.510307],[-45.048832,-3.511259],[-45.049468,-3.511936]]]}},{"type":"Feature","properties":{"CD_MUN":"2102358","NM_MUN":"Buritirana"},"geometry":{"type":"Polygon","coordinates":[[[-46.944791,-5.509551],[-46.945315,-5.510018],[-46.945072,-5.510486],[-46.945383,-5.510462],[-46.945845,-5.510737],[-46.946629,-5.51062],[-46.947158,-5.511036],[-46.947074,-5.511395],[-46.946612,-5.511633],[-46.946408,-5.512099],[-46.946323,-5.512378],[-46.946465,-5.512644],[-46.945951,-5.512952],[-46.945995,-5.513151],[-46.946459,-5.513386],[-46.946481,-5.513542],[-46.946067,-5.514049],[-46.945421,-5.514391],[-46.945266,-5.514678],[-46.945399,-5.515146],[-46.944825,-5.515514],[-46.944326,-5.516178],[-46.943206,-5.51619],[-46.94211,-5.516722],[-46.941954,-5.517698],[-46.943194,-5.518368],[-46.943539,-5.51884],[-46.943397,-5.519333],[-46.943468,-5.519766],[-46.944076,-5.520028],[-46.944505,-5.520486],[-46.94592,-5.52064],[-46.946476,-5.521106],[-46.946788,-5.520875],[-46.947281,-5.521276],[-46.947464,-5.521135],[-46.947835,-5.522618],[-46.947803,-5.523131],[-46.947434,-5.523879],[-46.946346,-5.524919],[-46.946591,-5.528269],[-46.946492,-5.52839],[-46.946712,-5.528624],[-46.946106,-5.529198],[-46.946377,-5.529502],[-46.946565,-5.529068],[-46.946875,-5.529046],[-46.946853,-5.529778],[-46.947175,-5.530297],[-46.946924,-5.530465],[-46.947365,-5.530807],[-46.947622,-5.530393],[-46.947312,-5.530002],[-46.94743,-5.529682],[-46.948155,-5.529824],[-46.948169,-5.530142],[-46.947852,-5.530715],[-46.948131,-5.531118],[-46.947961,-5.531518],[-46.946723,-5.531627],[-46.946503,-5.532535],[-46.946636,-5.533206],[-46.946236,-5.533469],[-46.946192,-5.534348],[-46.946009,-5.534673],[-46.946198,-5.534866],[-46.946315,-5.535445],[-46.94665,-5.535585],[-46.946478,-5.536211],[-46.946811,-5.536595],[-46.948148,-5.537429],[-46.948576,-5.538329],[-46.947919,-5.540764],[-46.948291,-5.54233],[-46.948208,-5.542822],[-46.947763,-5.543089],[-46.947972,-5.543535],[-46.948426,-5.54392],[-46.948441,-5.544202],[-46.948135,-5.545118],[-46.947781,-5.545534],[-46.947995,-5.545825],[-46.94795,-5.546051],[-46.947646,-5.546174],[-46.947209,-5.54672],[-46.947342,-5.546899],[-46.947247,-5.547163],[-46.947806,-5.547356],[-46.947395,-5.547886],[-46.947775,-5.54827],[-46.947388,-5.548569],[-46.947903,-5.548749],[-46.947501,-5.548889],[-46.947412,-5.549968],[-46.947023,-5.550708],[-46.946276,-5.551501],[-46.945703,-5.551681],[-46.945551,-5.552006],[-46.94609,-5.552627],[-46.946573,-5.552698],[-46.946612,-5.553273],[-46.946274,-5.553617],[-46.946529,-5.554274],[-46.946454,-5.554734],[-46.94713,-5.555472],[-46.948558,-5.554461],[-46.949192,-5.554211],[-46.950416,-5.554552],[-46.951329,-5.555172],[-46.951363,-5.557063],[-46.950985,-5.55839],[-46.95137,-5.558666],[-46.952372,-5.560653],[-46.952239,-5.562201],[-46.951451,-5.563377],[-46.951064,-5.564734],[-46.951472,-5.567591],[-46.951251,-5.569419],[-46.950667,-5.571149],[-46.948857,-5.571678],[-46.948461,-5.573073],[-46.949131,-5.574855],[-46.951568,-5.575953],[-46.952683,-5.577417],[-46.952805,-5.578195],[-46.951785,-5.580496],[-46.951887,-5.581388],[-46.952533,-5.582053],[-46.953773,-5.582795],[-46.953441,-5.583746],[-46.954141,-5.583987],[-46.954187,-5.584205],[-46.953762,-5.584595],[-46.953556,-5.584606],[-46.953797,-5.585203],[-46.954554,-5.585524],[-46.955174,-5.585478],[-46.9553,-5.585846],[-46.954462,-5.586706],[-46.954084,-5.587647],[-46.95367,-5.587647],[-46.953028,-5.587326],[-46.952397,-5.587303],[-46.951628,-5.587521],[-46.950801,-5.588152],[-46.950675,-5.588313],[-46.950813,-5.589552],[-46.950641,-5.589839],[-46.949252,-5.590459],[-46.948437,-5.5914],[-46.948162,-5.591882],[-46.94838,-5.592708],[-46.947605,-5.594316],[-46.946007,-5.595041],[-46.945534,-5.596851],[-46.944585,-5.598462],[-46.943593,-5.599088],[-46.943281,-5.600897],[-46.945867,-5.603757],[-46.947451,-5.606328],[-46.947589,-5.608319],[-46.947205,-5.610216],[-46.946007,-5.610934],[-46.941479,-5.610931],[-46.939927,-5.611179],[-46.938758,-5.611619],[-46.938972,-5.613161],[-46.939868,-5.613994],[-46.941338,-5.613925],[-46.943058,-5.613504],[-46.944502,-5.613525],[-46.946043,-5.614595],[-46.946622,-5.615628],[-46.945307,-5.616515],[-46.943302,-5.618795],[-46.942874,-5.62031],[-46.942996,-5.621503],[-46.944832,-5.622773],[-46.945383,-5.623646],[-46.945467,-5.624973],[-46.947667,-5.627472],[-46.951923,-5.628788],[-46.954589,-5.630246],[-46.962451,-5.63689],[-46.967104,-5.636876],[-46.97236,-5.639054],[-46.97516,-5.641311],[-46.979282,-5.642097],[-46.983539,-5.643548],[-47.085326,-5.670918],[-47.08602,-5.672311],[-47.085861,-5.671058],[-47.116531,-5.654207],[-47.119552,-5.654276],[-47.120879,-5.653958],[-47.121155,-5.654133],[-47.122232,-5.653768],[-47.122355,-5.653415],[-47.12396,-5.653392],[-47.124661,-5.652853],[-47.125413,-5.652991],[-47.125797,-5.652472],[-47.126672,-5.652453],[-47.127143,-5.651855],[-47.127872,-5.651362],[-47.128493,-5.651483],[-47.129132,-5.65124],[-47.129449,-5.651406],[-47.129883,-5.651329],[-47.129954,-5.650958],[-47.130248,-5.650972],[-47.130235,-5.650681],[-47.130613,-5.650398],[-47.130472,-5.649855],[-47.131029,-5.649792],[-47.131306,-5.64945],[-47.131746,-5.649653],[-47.131767,-5.649111],[-47.132156,-5.649151],[-47.132225,-5.648866],[-47.132502,-5.649188],[-47.132946,-5.649085],[-47.13363,-5.649467],[-47.134744,-5.648673],[-47.135041,-5.648695],[-47.135775,-5.648294],[-47.135999,-5.64795],[-47.13567,-5.647488],[-47.135829,-5.647368],[-47.135816,-5.646509],[-47.136302,-5.646435],[-47.136581,-5.645523],[-47.137287,-5.644866],[-47.136992,-5.644715],[-47.13692,-5.644477],[-47.137109,-5.643858],[-47.136868,-5.643412],[-47.137153,-5.642903],[-47.136877,-5.64223],[-47.136913,-5.641894],[-47.137062,-5.641703],[-47.137395,-5.641755],[-47.137577,-5.64129],[-47.137864,-5.641239],[-47.137897,-5.640942],[-47.138343,-5.640762],[-47.138332,-5.640287],[-47.138645,-5.640472],[-47.138693,-5.640067],[-47.139183,-5.639867],[-47.139119,-5.639623],[-47.139647,-5.638819],[-47.139802,-5.63818],[-47.140335,-5.637852],[-47.14085,-5.637889],[-47.14142,-5.637252],[-47.141828,-5.637279],[-47.142339,-5.636856],[-47.142533,-5.634998],[-47.142331,-5.633884],[-47.142693,-5.633383],[-47.142561,-5.632819],[-47.142688,-5.632686],[-47.143243,-5.63266],[-47.143914,-5.631698],[-47.14441,-5.630608],[-47.144362,-5.630249],[-47.144568,-5.62961],[-47.145009,-5.629301],[-47.144852,-5.628715],[-47.145078,-5.628469],[-47.145147,-5.627866],[-47.145371,-5.627924],[-47.146687,-5.626472],[-47.147416,-5.626424],[-47.147732,-5.62596],[-47.148805,-5.625341],[-47.149188,-5.624606],[-47.149537,-5.624453],[-47.149475,-5.624196],[-47.149879,-5.623401],[-47.149895,-5.622963],[-47.149768,-5.622534],[-47.149432,-5.622218],[-47.149421,-5.621839],[-47.149179,-5.621488],[-47.149199,-5.620976],[-47.148835,-5.62048],[-47.148933,-5.619145],[-47.149394,-5.617382],[-47.149867,-5.617279],[-47.150004,-5.616632],[-47.150465,-5.616419],[-47.150585,-5.615688],[-47.151123,-5.615374],[-47.151142,-5.615107],[-47.152042,-5.614467],[-47.152179,-5.614039],[-47.152714,-5.613948],[-47.152754,-5.613643],[-47.153035,-5.613401],[-47.153017,-5.612867],[-47.153207,-5.612784],[-47.153265,-5.612458],[-47.153687,-5.612463],[-47.154145,-5.612072],[-47.154338,-5.611368],[-47.154253,-5.611055],[-47.154166,-5.611134],[-47.154227,-5.610622],[-47.154077,-5.61055],[-47.154201,-5.610125],[-47.155429,-5.608649],[-47.155589,-5.608097],[-47.156463,-5.607174],[-47.15665,-5.60623],[-47.156902,-5.605813],[-47.157867,-5.605249],[-47.159723,-5.600356],[-47.159325,-5.598561],[-47.160452,-5.597991],[-47.161601,-5.597034],[-47.162153,-5.596784],[-47.163946,-5.596558],[-47.165502,-5.596949],[-47.166865,-5.595679],[-47.168054,-5.595057],[-47.17033,-5.595659],[-47.170948,-5.595533],[-47.171922,-5.594731],[-47.172386,-5.594083],[-47.17276,-5.592903],[-47.175446,-5.589466],[-47.175883,-5.589341],[-47.176654,-5.589621],[-47.176881,-5.589533],[-47.176747,-5.589008],[-47.177154,-5.587913],[-47.179342,-5.583968],[-47.180153,-5.583102],[-47.181889,-5.582676],[-47.182436,-5.582693],[-47.182862,-5.582922],[-47.183984,-5.58484],[-47.184696,-5.588318],[-47.184991,-5.589133],[-47.185368,-5.58963],[-47.186394,-5.590363],[-47.18894,-5.590048],[-47.189755,-5.58976],[-47.190369,-5.588964],[-47.19107,-5.587655],[-47.191732,-5.585777],[-47.192169,-5.583478],[-47.19224,-5.58081],[-47.192378,-5.580473],[-47.193034,-5.580231],[-47.193949,-5.580233],[-47.195624,-5.57992],[-47.196679,-5.579289],[-47.197566,-5.578345],[-47.198829,-5.577825],[-47.200788,-5.577897],[-47.202845,-5.578713],[-47.203563,-5.579524],[-47.206281,-5.58114],[-47.206955,-5.582132],[-47.207212,-5.58355],[-47.208015,-5.584722],[-47.208633,-5.585121],[-47.209552,-5.585155],[-47.210247,-5.584488],[-47.210827,-5.582338],[-47.211035,-5.582116],[-47.211819,-5.58203],[-47.212638,-5.582281],[-47.213392,-5.582283],[-47.214089,-5.581725],[-47.215096,-5.581406],[-47.215879,-5.579859],[-47.216867,-5.579241],[-47.217375,-5.578513],[-47.218609,-5.575674],[-47.218999,-5.575314],[-47.221062,-5.574421],[-47.221205,-5.574174],[-47.221151,-5.572519],[-47.22208,-5.571933],[-47.222441,-5.571443],[-47.222852,-5.569698],[-47.223234,-5.569138],[-47.224342,-5.568245],[-47.225407,-5.567707],[-47.226277,-5.567587],[-47.229072,-5.568215],[-47.230137,-5.568605],[-47.230724,-5.568581],[-47.231286,-5.56914],[-47.231669,-5.570105],[-47.232598,-5.570292],[-47.232884,-5.570153],[-47.233021,-5.569697],[-47.234051,-5.569436],[-47.234181,-5.569043],[-47.234567,-5.568629],[-47.236313,-5.567968],[-47.237251,-5.56729],[-47.23744,-5.566988],[-47.237984,-5.566937],[-47.238776,-5.564206],[-47.240181,-5.563406],[-47.240481,-5.562769],[-47.240899,-5.562474],[-47.241,-5.560309],[-47.241282,-5.559838],[-47.242397,-5.558932],[-47.243371,-5.555589],[-47.244258,-5.554252],[-47.243699,-5.553496],[-47.244675,-5.552329],[-47.245614,-5.551882],[-47.247067,-5.551879],[-47.249494,-5.551574],[-47.249776,-5.551681],[-47.249976,-5.552564],[-47.249891,-5.554206],[-47.249291,-5.555986],[-47.24929,-5.556505],[-47.249769,-5.556947],[-47.251218,-5.557667],[-47.252176,-5.558369],[-47.252617,-5.558362],[-47.253505,-5.554931],[-47.254056,-5.554001],[-47.254584,-5.553532],[-47.254856,-5.552562],[-47.254643,-5.550181],[-47.25257,-5.545548],[-47.2524,-5.544464],[-47.252478,-5.543898],[-47.254612,-5.543442],[-47.256194,-5.543858],[-47.258588,-5.544114],[-47.260375,-5.54327],[-47.261838,-5.543766],[-47.263001,-5.543956],[-47.263282,-5.544163],[-47.2642,-5.54772],[-47.264659,-5.54874],[-47.265188,-5.54907],[-47.266709,-5.549278],[-47.268171,-5.548736],[-47.269381,-5.547813],[-47.270498,-5.546393],[-47.27117,-5.545227],[-47.271446,-5.544374],[-47.271674,-5.540822],[-47.272068,-5.54017],[-47.272706,-5.539648],[-47.273208,-5.539396],[-47.274955,-5.539095],[-47.27616,-5.539734],[-47.276871,-5.540341],[-47.277786,-5.541642],[-47.278216,-5.541794],[-47.279606,-5.54168],[-47.280155,-5.541438],[-47.280879,-5.540376],[-47.277444,-5.538408],[-47.275614,-5.535944],[-47.2756,-5.532504],[-47.275275,-5.531217],[-47.273451,-5.530686],[-47.268967,-5.526769],[-47.265214,-5.525387],[-47.26253,-5.524106],[-47.259468,-5.521485],[-47.256453,-5.517199],[-47.256011,-5.513706],[-47.255575,-5.511666],[-47.253856,-5.510383],[-47.25118,-5.510823],[-47.249469,-5.511475],[-47.247759,-5.512878],[-47.244979,-5.514285],[-47.243213,-5.514452],[-47.240959,-5.513601],[-47.239989,-5.511564],[-47.239556,-5.509631],[-47.240293,-5.506942],[-47.240711,-5.504253],[-47.239203,-5.50023],[-47.235538,-5.49592],[-47.230255,-5.493379],[-47.226906,-5.489105],[-47.225511,-5.488359],[-47.223587,-5.489655],[-47.221658,-5.48934],[-47.221004,-5.486226],[-47.219926,-5.484941],[-47.216283,-5.483771],[-47.214454,-5.482058],[-47.211224,-5.47691],[-47.209665,-5.476111],[-47.207521,-5.475689],[-47.205274,-5.476342],[-47.202381,-5.476031],[-47.200769,-5.474961],[-47.198303,-5.474002],[-47.196799,-5.472718],[-47.196148,-5.470571],[-47.194855,-5.468213],[-47.192488,-5.465534],[-47.190574,-5.463651],[-47.18676,-5.460493],[-47.175595,-5.453546],[-47.174401,-5.451371],[-47.045097,-5.402895],[-47.040738,-5.401006],[-47.037955,-5.398462],[-47.036673,-5.395337],[-47.035168,-5.394645],[-47.033203,-5.39442],[-47.031356,-5.395005],[-47.029739,-5.395244],[-47.028349,-5.39432],[-47.026492,-5.392122],[-47.023299,-5.38767],[-47.02087,-5.386865],[-47.018557,-5.386409],[-47.015777,-5.384098],[-47.01207,-5.382022],[-47.00536,-5.380419],[-47.001432,-5.380318],[-46.999059,-5.379339],[-46.99617,-5.379117],[-46.993505,-5.377385],[-46.989454,-5.375427],[-46.986671,-5.372537],[-46.979838,-5.368384],[-46.975329,-5.367819],[-46.972152,-5.368118],[-46.969725,-5.367779],[-46.967178,-5.366974],[-46.963829,-5.367451],[-46.96152,-5.368618],[-46.959668,-5.36781],[-46.957582,-5.366078],[-46.954226,-5.364465],[-46.950875,-5.364477],[-46.949086,-5.365236],[-46.947352,-5.36501],[-46.94538,-5.363044],[-46.943182,-5.362122],[-46.940984,-5.361434],[-46.939473,-5.359236],[-46.938547,-5.358309],[-46.935535,-5.356463],[-46.926801,-5.353534],[-46.924143,-5.353774],[-46.919864,-5.352745],[-46.919286,-5.352861],[-46.916864,-5.35426],[-46.915017,-5.355078],[-46.913868,-5.356706],[-46.911907,-5.357756],[-46.909709,-5.357531],[-46.907047,-5.356844],[-46.905889,-5.35507],[-46.905877,-5.357416],[-46.905405,-5.358728],[-46.904914,-5.358937],[-46.905591,-5.35954],[-46.905434,-5.360024],[-46.905921,-5.360214],[-46.905907,-5.36052],[-46.905571,-5.360787],[-46.905994,-5.3614],[-46.905709,-5.361735],[-46.905747,-5.362357],[-46.906163,-5.362635],[-46.906428,-5.363222],[-46.906853,-5.363343],[-46.907022,-5.363567],[-46.906699,-5.363546],[-46.906534,-5.363817],[-46.906201,-5.363611],[-46.905992,-5.365376],[-46.905598,-5.365482],[-46.90578,-5.365901],[-46.905694,-5.366576],[-46.906003,-5.366919],[-46.905929,-5.367657],[-46.90559,-5.368308],[-46.906217,-5.369506],[-46.906667,-5.369557],[-46.906989,-5.369838],[-46.906659,-5.370345],[-46.906852,-5.370496],[-46.906644,-5.370895],[-46.906723,-5.371113],[-46.906071,-5.371667],[-46.906007,-5.371899],[-46.90577,-5.371962],[-46.905767,-5.372796],[-46.905496,-5.372906],[-46.905305,-5.372795],[-46.905137,-5.373038],[-46.905358,-5.373155],[-46.905037,-5.373625],[-46.905421,-5.373952],[-46.905473,-5.374191],[-46.905054,-5.374301],[-46.905208,-5.374984],[-46.905003,-5.375099],[-46.90455,-5.374791],[-46.90423,-5.37549],[-46.904109,-5.375871],[-46.904241,-5.376484],[-46.903899,-5.37699],[-46.904314,-5.37724],[-46.904239,-5.37757],[-46.904473,-5.377762],[-46.904429,-5.377951],[-46.90362,-5.378279],[-46.902391,-5.379662],[-46.90227,-5.380321],[-46.901901,-5.380453],[-46.902199,-5.380767],[-46.90215,-5.38093],[-46.901205,-5.381331],[-46.900838,-5.381865],[-46.90045,-5.381896],[-46.900415,-5.382484],[-46.89987,-5.382548],[-46.900383,-5.382876],[-46.900232,-5.383183],[-46.899899,-5.383232],[-46.900294,-5.383685],[-46.900168,-5.383892],[-46.899631,-5.383969],[-46.90033,-5.384724],[-46.900305,-5.385006],[-46.899269,-5.385727],[-46.898945,-5.386131],[-46.898352,-5.385956],[-46.898004,-5.387198],[-46.898042,-5.387393],[-46.898716,-5.387154],[-46.899015,-5.387205],[-46.900011,-5.388582],[-46.900045,-5.388987],[-46.899857,-5.389072],[-46.899881,-5.389293],[-46.900566,-5.389344],[-46.900414,-5.390108],[-46.900044,-5.39059],[-46.900267,-5.390884],[-46.900644,-5.390986],[-46.900328,-5.391426],[-46.899857,-5.391324],[-46.899848,-5.391622],[-46.900083,-5.39211],[-46.900554,-5.392179],[-46.900413,-5.392767],[-46.90093,-5.393141],[-46.900444,-5.39345],[-46.900413,-5.393727],[-46.900756,-5.393807],[-46.900964,-5.394215],[-46.90144,-5.393914],[-46.901646,-5.394013],[-46.901333,-5.394587],[-46.900305,-5.395255],[-46.900194,-5.39559],[-46.900303,-5.395979],[-46.899711,-5.396249],[-46.899946,-5.396705],[-46.900518,-5.39695],[-46.900889,-5.397331],[-46.89975,-5.397571],[-46.899683,-5.397712],[-46.901115,-5.39876],[-46.901019,-5.399255],[-46.90005,-5.39999],[-46.900404,-5.400412],[-46.900172,-5.400981],[-46.899592,-5.401315],[-46.899487,-5.401613],[-46.900145,-5.402836],[-46.900044,-5.403399],[-46.900236,-5.403747],[-46.900171,-5.404361],[-46.900787,-5.404764],[-46.900966,-5.405205],[-46.901651,-5.405365],[-46.901711,-5.405967],[-46.901556,-5.406286],[-46.90171,-5.406572],[-46.901305,-5.406853],[-46.901719,-5.407271],[-46.901854,-5.408081],[-46.902877,-5.409017],[-46.902814,-5.409589],[-46.902553,-5.410042],[-46.902226,-5.410414],[-46.901801,-5.410384],[-46.902126,-5.411294],[-46.902044,-5.411559],[-46.901731,-5.411747],[-46.901418,-5.413556],[-46.901176,-5.413822],[-46.901206,-5.415397],[-46.901756,-5.416394],[-46.90321,-5.417307],[-46.903857,-5.418165],[-46.904396,-5.417585],[-46.904818,-5.417581],[-46.905294,-5.418142],[-46.905183,-5.418596],[-46.905442,-5.418818],[-46.906162,-5.418756],[-46.906681,-5.417662],[-46.907105,-5.41746],[-46.907656,-5.417687],[-46.907987,-5.417503],[-46.908331,-5.417556],[-46.908955,-5.418519],[-46.909805,-5.418363],[-46.910504,-5.41872],[-46.910669,-5.419075],[-46.910523,-5.419616],[-46.910034,-5.420088],[-46.908925,-5.420712],[-46.908785,-5.421236],[-46.908328,-5.421737],[-46.908419,-5.422329],[-46.907772,-5.422783],[-46.907882,-5.423124],[-46.908373,-5.423546],[-46.909078,-5.423322],[-46.909326,-5.423495],[-46.909642,-5.42432],[-46.909113,-5.425557],[-46.909173,-5.426161],[-46.909757,-5.427028],[-46.909797,-5.427681],[-46.911004,-5.429038],[-46.910826,-5.429337],[-46.910576,-5.429428],[-46.909542,-5.428827],[-46.909482,-5.428605],[-46.908635,-5.428631],[-46.908562,-5.429171],[-46.908967,-5.429197],[-46.909045,-5.429413],[-46.908567,-5.431113],[-46.908668,-5.431476],[-46.909206,-5.431384],[-46.910092,-5.430801],[-46.910525,-5.431516],[-46.910072,-5.431878],[-46.910629,-5.431826],[-46.910835,-5.432137],[-46.911224,-5.432284],[-46.915074,-5.43121],[-46.915521,-5.431241],[-46.91619,-5.431644],[-46.916844,-5.432705],[-46.917084,-5.432831],[-46.916758,-5.433457],[-46.917593,-5.433803],[-46.917641,-5.434398],[-46.917463,-5.434973],[-46.917891,-5.435271],[-46.91766,-5.435899],[-46.918102,-5.436116],[-46.917931,-5.436395],[-46.91815,-5.436877],[-46.917896,-5.436915],[-46.917829,-5.437123],[-46.918186,-5.437596],[-46.91805,-5.438477],[-46.918164,-5.438795],[-46.918361,-5.438881],[-46.91813,-5.439375],[-46.918815,-5.440161],[-46.919078,-5.441963],[-46.919452,-5.442041],[-46.920136,-5.441884],[-46.920507,-5.442289],[-46.920699,-5.44198],[-46.921218,-5.442053],[-46.921595,-5.442275],[-46.921677,-5.442543],[-46.921994,-5.442452],[-46.922424,-5.442774],[-46.922867,-5.444063],[-46.923307,-5.444278],[-46.923297,-5.444826],[-46.923948,-5.445687],[-46.923701,-5.445997],[-46.923038,-5.446161],[-46.922968,-5.446524],[-46.923631,-5.446939],[-46.923667,-5.447342],[-46.924457,-5.44779],[-46.924481,-5.448347],[-46.925322,-5.448322],[-46.925458,-5.449061],[-46.925906,-5.449434],[-46.926303,-5.449509],[-46.926662,-5.449384],[-46.92685,-5.449752],[-46.928491,-5.449855],[-46.928516,-5.450915],[-46.928939,-5.451227],[-46.92865,-5.451921],[-46.928891,-5.452396],[-46.928674,-5.452695],[-46.928946,-5.45267],[-46.928875,-5.453052],[-46.929322,-5.453266],[-46.929322,-5.453751],[-46.929635,-5.453732],[-46.930019,-5.453943],[-46.930032,-5.454655],[-46.930565,-5.45516],[-46.930419,-5.45548],[-46.930555,-5.45594],[-46.930404,-5.456157],[-46.93065,-5.456296],[-46.930581,-5.456556],[-46.930781,-5.456584],[-46.930851,-5.456793],[-46.930211,-5.457559],[-46.93038,-5.457668],[-46.930992,-5.457547],[-46.931298,-5.458147],[-46.931138,-5.458393],[-46.931515,-5.458588],[-46.931463,-5.458955],[-46.931831,-5.459132],[-46.93173,-5.459491],[-46.931957,-5.459963],[-46.931855,-5.46034],[-46.93233,-5.460453],[-46.932372,-5.460909],[-46.931981,-5.461566],[-46.931154,-5.462029],[-46.931084,-5.462515],[-46.93064,-5.463327],[-46.930661,-5.463693],[-46.930336,-5.463861],[-46.930143,-5.464207],[-46.929597,-5.464317],[-46.929476,-5.464681],[-46.928741,-5.464894],[-46.928479,-5.465227],[-46.928169,-5.466224],[-46.92827,-5.468122],[-46.928118,-5.469385],[-46.927186,-5.470806],[-46.92625,-5.471698],[-46.925847,-5.47254],[-46.926424,-5.47298],[-46.926085,-5.473394],[-46.926177,-5.474424],[-46.925889,-5.474881],[-46.925938,-5.475584],[-46.926549,-5.476521],[-46.926445,-5.476805],[-46.927942,-5.477362],[-46.927993,-5.478002],[-46.928269,-5.478115],[-46.928083,-5.478997],[-46.92836,-5.479269],[-46.928178,-5.479753],[-46.927843,-5.479999],[-46.927861,-5.480206],[-46.928286,-5.480608],[-46.929246,-5.480789],[-46.929479,-5.48107],[-46.930072,-5.480844],[-46.930378,-5.480895],[-46.930466,-5.481001],[-46.930306,-5.481305],[-46.93089,-5.481562],[-46.931512,-5.482135],[-46.93183,-5.482108],[-46.931962,-5.482346],[-46.932185,-5.482136],[-46.932454,-5.482475],[-46.932939,-5.48224],[-46.932855,-5.482592],[-46.933302,-5.482521],[-46.933552,-5.483027],[-46.934373,-5.483385],[-46.935049,-5.484078],[-46.934712,-5.484608],[-46.935578,-5.484477],[-46.935895,-5.484707],[-46.935987,-5.485045],[-46.935775,-5.485316],[-46.936081,-5.486152],[-46.935428,-5.486571],[-46.934365,-5.486719],[-46.934367,-5.487038],[-46.93406,-5.486927],[-46.93271,-5.487275],[-46.932118,-5.488294],[-46.931739,-5.488411],[-46.931875,-5.488711],[-46.931418,-5.48855],[-46.931007,-5.489014],[-46.930614,-5.489036],[-46.930051,-5.49065],[-46.930112,-5.490884],[-46.930925,-5.491407],[-46.931076,-5.492033],[-46.93152,-5.492274],[-46.931317,-5.492694],[-46.931381,-5.493427],[-46.931024,-5.493655],[-46.930919,-5.494076],[-46.931731,-5.494563],[-46.932027,-5.495075],[-46.932526,-5.495406],[-46.93251,-5.495852],[-46.933244,-5.496025],[-46.934004,-5.495737],[-46.934178,-5.4963],[-46.93393,-5.496472],[-46.934161,-5.496766],[-46.934036,-5.49708],[-46.933694,-5.497367],[-46.933296,-5.497433],[-46.932723,-5.497968],[-46.932791,-5.498234],[-46.931729,-5.498601],[-46.931245,-5.499039],[-46.9311,-5.499742],[-46.931211,-5.50013],[-46.931497,-5.500361],[-46.931867,-5.500281],[-46.932117,-5.500498],[-46.931877,-5.501447],[-46.932064,-5.501736],[-46.931716,-5.502213],[-46.931812,-5.502566],[-46.931351,-5.502831],[-46.931282,-5.503032],[-46.931577,-5.503376],[-46.93215,-5.503599],[-46.932451,-5.503423],[-46.933188,-5.503814],[-46.933064,-5.50476],[-46.933758,-5.505111],[-46.933555,-5.505618],[-46.934432,-5.505964],[-46.934452,-5.506285],[-46.935495,-5.506169],[-46.936218,-5.506647],[-46.936298,-5.507062],[-46.936146,-5.507381],[-46.936791,-5.50784],[-46.936633,-5.508238],[-46.937365,-5.508323],[-46.937195,-5.509014],[-46.937403,-5.509854],[-46.937987,-5.509918],[-46.939114,-5.510519],[-46.940576,-5.510669],[-46.941167,-5.511215],[-46.941701,-5.51073],[-46.941631,-5.510048],[-46.942222,-5.51021],[-46.942329,-5.509573],[-46.942529,-5.509351],[-46.943449,-5.509476],[-46.944425,-5.508843],[-46.944542,-5.509005],[-46.944204,-5.50952],[-46.944244,-5.509784],[-46.944666,-5.509953],[-46.944791,-5.509551]]]}},{"type":"Feature","properties":{"CD_MUN":"2111029","NM_MUN":"São João do Carú"},"geometry":{"type":"Polygon","coordinates":[[[-46.699198,-3.693578],[-46.698858,-3.685846],[-46.693315,-3.676419],[-46.684403,-3.667488],[-46.674473,-3.659493],[-46.66454,-3.649154],[-46.654604,-3.637644],[-46.642722,-3.62496],[-46.630843,-3.613061],[-46.61897,-3.60507],[-46.602823,-3.598258],[-46.593286,-3.591044],[-46.579854,-3.579146],[-46.568427,-3.564758],[-46.547715,-3.543045],[-46.538567,-3.535909],[-46.526692,-3.525178],[-46.515205,-3.513667],[-46.503406,-3.50277],[-46.495173,-3.49634],[-46.481803,-3.488937],[-46.475665,-3.486268],[-46.468905,-3.485752],[-46.459498,-3.485754],[-46.440813,-3.454744],[-46.431235,-3.437395],[-46.423731,-3.422928],[-46.413829,-3.401169],[-46.4049,-3.371107],[-46.398527,-3.346599],[-46.397317,-3.328476],[-46.396684,-3.298044],[-46.395676,-3.291366],[-46.278371,-3.346449],[-46.277695,-3.393908],[-46.279858,-3.397983],[-46.280027,-3.398823],[-46.279831,-3.400928],[-46.279878,-3.402909],[-46.279662,-3.40337],[-46.279371,-3.405775],[-46.279489,-3.408217],[-46.278541,-3.410752],[-46.278463,-3.412421],[-46.276855,-3.41551],[-46.276168,-3.417647],[-46.273887,-3.423169],[-46.273805,-3.424132],[-46.274078,-3.424517],[-46.277644,-3.425999],[-46.281449,-3.428188],[-46.283368,-3.428352],[-46.284521,-3.428871],[-46.285865,-3.42889],[-46.286967,-3.429137],[-46.289912,-3.430791],[-46.291564,-3.43263],[-46.291938,-3.43353],[-46.291946,-3.43501],[-46.291749,-3.435741],[-46.291477,-3.435942],[-46.289763,-3.436081],[-46.288075,-3.435996],[-46.285579,-3.437062],[-46.283702,-3.43889],[-46.282421,-3.439829],[-46.281718,-3.441403],[-46.27811,-3.446171],[-46.275285,-3.453565],[-46.274105,-3.454748],[-46.273006,-3.456808],[-46.272524,-3.457308],[-46.271665,-3.45769],[-46.262439,-3.467305],[-46.268877,-3.474319],[-46.269159,-3.47676],[-46.270107,-3.480257],[-46.271034,-3.481996],[-46.273427,-3.485436],[-46.27349,-3.485794],[-46.109431,-3.485883],[-46.108822,-3.486418],[-46.107636,-3.486614],[-46.107466,-3.487054],[-46.107665,-3.488445],[-46.107256,-3.489224],[-46.106539,-3.489803],[-46.10596,-3.491796],[-46.106502,-3.493521],[-46.106394,-3.495283],[-46.107647,-3.497285],[-46.108153,-3.498506],[-46.108388,-3.499862],[-46.108794,-3.500982],[-46.108963,-3.501898],[-46.108823,-3.504272],[-46.107585,-3.506894],[-46.105958,-3.508915],[-46.105187,-3.510511],[-46.105002,-3.512471],[-46.10461,-3.513359],[-46.105153,-3.51465],[-46.105025,-3.51543],[-46.104004,-3.516643],[-46.103784,-3.517314],[-46.103781,-3.517931],[-46.104087,-3.518548],[-46.104688,-3.518768],[-46.105089,-3.519258],[-46.105272,-3.519782],[-46.105672,-3.520253],[-46.106197,-3.520436],[-46.106958,-3.520278],[-46.107811,-3.520972],[-46.108955,-3.52128],[-46.109661,-3.521805],[-46.110116,-3.521791],[-46.11105,-3.521382],[-46.111659,-3.519845],[-46.112469,-3.518583],[-46.113112,-3.518018],[-46.11346,-3.517982],[-46.115183,-3.518864],[-46.115932,-3.51905],[-46.117414,-3.518597],[-46.11812,-3.519357],[-46.118658,-3.520577],[-46.118613,-3.521757],[-46.118382,-3.522605],[-46.118734,-3.523019],[-46.119336,-3.523331],[-46.119542,-3.523787],[-46.119289,-3.524365],[-46.120109,-3.524918],[-46.120201,-3.525853],[-46.120425,-3.526283],[-46.119,-3.526934],[-46.120456,-3.528731],[-46.120305,-3.52944],[-46.119686,-3.52983],[-46.11954,-3.530233],[-46.120152,-3.530499],[-46.120608,-3.530488],[-46.121371,-3.529884],[-46.122083,-3.529702],[-46.122662,-3.529834],[-46.122892,-3.530062],[-46.122987,-3.530604],[-46.122188,-3.531639],[-46.122245,-3.532683],[-46.122961,-3.533437],[-46.122313,-3.533509],[-46.122095,-3.533747],[-46.122849,-3.53507],[-46.122806,-3.535477],[-46.122151,-3.53687],[-46.122668,-3.537351],[-46.123739,-3.537362],[-46.124204,-3.537188],[-46.124287,-3.53733],[-46.124096,-3.537712],[-46.122844,-3.538848],[-46.123058,-3.53932],[-46.123709,-3.540015],[-46.123768,-3.540307],[-46.122985,-3.540604],[-46.123022,-3.540782],[-46.122393,-3.541076],[-46.122556,-3.541472],[-46.123846,-3.542551],[-46.124021,-3.542896],[-46.123663,-3.543223],[-46.123668,-3.543623],[-46.122953,-3.544195],[-46.123142,-3.544392],[-46.122842,-3.544872],[-46.123117,-3.545583],[-46.123016,-3.546354],[-46.121711,-3.547786],[-46.121583,-3.548264],[-46.121718,-3.54845],[-46.122916,-3.548627],[-46.123227,-3.549253],[-46.122549,-3.549835],[-46.122726,-3.550308],[-46.12315,-3.550564],[-46.1233,-3.551059],[-46.123531,-3.551235],[-46.12459,-3.551392],[-46.12533,-3.551917],[-46.125633,-3.552429],[-46.125641,-3.553267],[-46.126247,-3.554322],[-46.126049,-3.555024],[-46.126836,-3.55595],[-46.126523,-3.556624],[-46.127164,-3.557505],[-46.127294,-3.557962],[-46.126982,-3.558567],[-46.126546,-3.558941],[-46.126386,-3.559806],[-46.127021,-3.560576],[-46.127128,-3.561091],[-46.126819,-3.561213],[-46.126417,-3.560691],[-46.12603,-3.560878],[-46.125967,-3.561316],[-46.125595,-3.561782],[-46.125586,-3.562386],[-46.125829,-3.562632],[-46.126576,-3.562665],[-46.127875,-3.562307],[-46.128318,-3.562703],[-46.128231,-3.563065],[-46.127636,-3.563595],[-46.127617,-3.564083],[-46.126175,-3.564705],[-46.125777,-3.565121],[-46.125787,-3.566604],[-46.125592,-3.567414],[-46.124402,-3.568256],[-46.124135,-3.568717],[-46.123785,-3.568942],[-46.123476,-3.569964],[-46.123708,-3.570167],[-46.123925,-3.570048],[-46.123751,-3.570536],[-46.122245,-3.570746],[-46.121537,-3.571338],[-46.121396,-3.571825],[-46.120642,-3.571939],[-46.120324,-3.57176],[-46.120064,-3.571927],[-46.120046,-3.572077],[-46.120782,-3.572748],[-46.120906,-3.573059],[-46.120498,-3.573664],[-46.12018,-3.573393],[-46.120067,-3.573621],[-46.119773,-3.573668],[-46.119704,-3.573952],[-46.119376,-3.574054],[-46.119471,-3.57484],[-46.119999,-3.575404],[-46.119444,-3.576567],[-46.119598,-3.577122],[-46.118776,-3.57741],[-46.118346,-3.578011],[-46.118408,-3.57864],[-46.119331,-3.578947],[-46.119878,-3.579387],[-46.11985,-3.580043],[-46.119273,-3.580293],[-46.118729,-3.580967],[-46.11824,-3.581151],[-46.118151,-3.581352],[-46.117888,-3.58055],[-46.117714,-3.580545],[-46.117436,-3.581062],[-46.117405,-3.581565],[-46.117041,-3.581591],[-46.116661,-3.582354],[-46.116761,-3.582794],[-46.116998,-3.583002],[-46.116535,-3.58523],[-46.116286,-3.585439],[-46.116296,-3.585755],[-46.116004,-3.586043],[-46.115687,-3.585611],[-46.114708,-3.585494],[-46.114433,-3.585815],[-46.114366,-3.586312],[-46.113867,-3.586501],[-46.113865,-3.587062],[-46.113673,-3.587281],[-46.113814,-3.587552],[-46.113567,-3.587647],[-46.113304,-3.58748],[-46.113292,-3.587702],[-46.113061,-3.587575],[-46.112884,-3.587804],[-46.113113,-3.588212],[-46.113329,-3.588059],[-46.11354,-3.588258],[-46.113776,-3.587773],[-46.113782,-3.588172],[-46.113579,-3.588368],[-46.113648,-3.588627],[-46.114504,-3.588905],[-46.114569,-3.588595],[-46.114813,-3.58879],[-46.114824,-3.588318],[-46.114997,-3.588256],[-46.115204,-3.588761],[-46.115689,-3.588971],[-46.115742,-3.589361],[-46.115012,-3.590066],[-46.114656,-3.589529],[-46.114248,-3.589461],[-46.113919,-3.590107],[-46.113995,-3.590607],[-46.113526,-3.59101],[-46.113488,-3.591221],[-46.113244,-3.591154],[-46.112757,-3.590392],[-46.111871,-3.590141],[-46.111268,-3.590301],[-46.110005,-3.591124],[-46.109412,-3.591122],[-46.108922,-3.591435],[-46.10824,-3.591316],[-46.107759,-3.591632],[-46.107375,-3.59216],[-46.106747,-3.592015],[-46.106405,-3.592188],[-46.106174,-3.592542],[-46.106242,-3.592886],[-46.105925,-3.593258],[-46.105938,-3.593529],[-46.105686,-3.593862],[-46.105282,-3.59401],[-46.105081,-3.594374],[-46.103666,-3.593896],[-46.103571,-3.594536],[-46.103243,-3.595133],[-46.102749,-3.594852],[-46.102522,-3.595019],[-46.102716,-3.595617],[-46.103501,-3.596478],[-46.104365,-3.596378],[-46.105052,-3.596669],[-46.105569,-3.597523],[-46.105909,-3.598672],[-46.107819,-3.600704],[-46.109821,-3.602014],[-46.109511,-3.603631],[-46.109684,-3.604299],[-46.1117,-3.60533],[-46.112355,-3.605543],[-46.115642,-3.605314],[-46.116956,-3.603179],[-46.118146,-3.601608],[-46.120312,-3.599697],[-46.120713,-3.598073],[-46.121535,-3.598439],[-46.122005,-3.599183],[-46.12212,-3.60097],[-46.122603,-3.603227],[-46.122939,-3.603618],[-46.123322,-3.603823],[-46.123706,-3.603803],[-46.125153,-3.603042],[-46.125457,-3.60312],[-46.126004,-3.603658],[-46.126584,-3.603216],[-46.126669,-3.60296],[-46.12704,-3.602912],[-46.128344,-3.603728],[-46.12855,-3.604129],[-46.128554,-3.60475],[-46.128885,-3.605362],[-46.13006,-3.60632],[-46.130731,-3.606085],[-46.131791,-3.606137],[-46.133073,-3.605812],[-46.13366,-3.605445],[-46.134033,-3.604712],[-46.134852,-3.604015],[-46.135561,-3.602381],[-46.135933,-3.601898],[-46.136677,-3.601587],[-46.137077,-3.601766],[-46.137098,-3.602128],[-46.136703,-3.602661],[-46.136819,-3.602895],[-46.137095,-3.602995],[-46.138361,-3.601654],[-46.138236,-3.600973],[-46.13842,-3.600504],[-46.138363,-3.599613],[-46.139784,-3.598675],[-46.140492,-3.59631],[-46.140903,-3.595847],[-46.140111,-3.594575],[-46.140556,-3.593317],[-46.140587,-3.592492],[-46.140311,-3.591357],[-46.140388,-3.59066],[-46.140953,-3.589688],[-46.141208,-3.588216],[-46.141803,-3.58673],[-46.142637,-3.585716],[-46.143398,-3.585227],[-46.144004,-3.585252],[-46.14547,-3.586798],[-46.146313,-3.587297],[-46.148618,-3.586765],[-46.148876,-3.586967],[-46.149112,-3.587876],[-46.149449,-3.588],[-46.149745,-3.587747],[-46.150362,-3.58637],[-46.151123,-3.586182],[-46.153344,-3.586964],[-46.155713,-3.588299],[-46.156441,-3.588463],[-46.156691,-3.588348],[-46.157061,-3.58781],[-46.157806,-3.585238],[-46.158023,-3.583453],[-46.159732,-3.579596],[-46.160855,-3.579458],[-46.162904,-3.58015],[-46.163282,-3.579468],[-46.163528,-3.579472],[-46.164845,-3.581357],[-46.165535,-3.581629],[-46.165981,-3.582272],[-46.166197,-3.582351],[-46.166592,-3.582046],[-46.167289,-3.580937],[-46.168802,-3.579952],[-46.169534,-3.579253],[-46.170098,-3.580004],[-46.17288,-3.579687],[-46.175025,-3.579777],[-46.177028,-3.578861],[-46.177962,-3.57751],[-46.178714,-3.577161],[-46.179427,-3.577205],[-46.180967,-3.577987],[-46.181916,-3.578237],[-46.184669,-3.577043],[-46.185698,-3.577058],[-46.186498,-3.576806],[-46.186948,-3.576481],[-46.187227,-3.57529],[-46.187579,-3.574674],[-46.188267,-3.573791],[-46.189038,-3.573127],[-46.189254,-3.573132],[-46.191326,-3.574738],[-46.194379,-3.579587],[-46.194856,-3.57986],[-46.196862,-3.580249],[-46.198369,-3.580847],[-46.199173,-3.581578],[-46.201504,-3.582471],[-46.202383,-3.583276],[-46.203316,-3.585079],[-46.203185,-3.58607],[-46.203914,-3.588372],[-46.203892,-3.588552],[-46.203581,-3.588642],[-46.202971,-3.588451],[-46.202577,-3.589068],[-46.202354,-3.591114],[-46.202519,-3.592544],[-46.204003,-3.594421],[-46.204572,-3.595651],[-46.205156,-3.596231],[-46.20544,-3.59615],[-46.206041,-3.595504],[-46.207147,-3.594689],[-46.207573,-3.594443],[-46.208325,-3.594314],[-46.209215,-3.593428],[-46.210163,-3.593045],[-46.211307,-3.592157],[-46.210715,-3.586688],[-46.21084,-3.585361],[-46.211149,-3.584478],[-46.211641,-3.583737],[-46.213525,-3.58255],[-46.213896,-3.582529],[-46.214055,-3.582673],[-46.21452,-3.584412],[-46.215058,-3.585306],[-46.215958,-3.585786],[-46.216402,-3.585865],[-46.218194,-3.584449],[-46.219298,-3.584484],[-46.219715,-3.584867],[-46.220396,-3.587044],[-46.221015,-3.588248],[-46.221617,-3.589076],[-46.221945,-3.589287],[-46.223338,-3.589253],[-46.225694,-3.588653],[-46.22689,-3.588726],[-46.227226,-3.588444],[-46.228206,-3.588413],[-46.229007,-3.587651],[-46.229227,-3.586694],[-46.23003,-3.586309],[-46.231604,-3.584774],[-46.23473,-3.586047],[-46.236007,-3.586182],[-46.237233,-3.585495],[-46.239046,-3.582666],[-46.239766,-3.583008],[-46.241942,-3.584923],[-46.242881,-3.584913],[-46.245653,-3.58268],[-46.246075,-3.58171],[-46.246121,-3.579678],[-46.245942,-3.579445],[-46.245257,-3.579697],[-46.244957,-3.579577],[-46.245359,-3.578098],[-46.245372,-3.577719],[-46.245198,-3.577445],[-46.244596,-3.577274],[-46.243352,-3.577686],[-46.241978,-3.577846],[-46.240366,-3.577518],[-46.24023,-3.577062],[-46.240692,-3.575604],[-46.24273,-3.572462],[-46.244766,-3.570806],[-46.245316,-3.571374],[-46.246558,-3.574276],[-46.246866,-3.574743],[-46.247485,-3.575022],[-46.248262,-3.575158],[-46.251219,-3.575146],[-46.254904,-3.57327],[-46.255009,-3.573025],[-46.254342,-3.572259],[-46.254371,-3.571783],[-46.2571,-3.569243],[-46.258375,-3.567845],[-46.259374,-3.566481],[-46.259487,-3.566011],[-46.256799,-3.561649],[-46.25636,-3.560438],[-46.25652,-3.558991],[-46.257112,-3.557894],[-46.257457,-3.557588],[-46.257866,-3.557557],[-46.258485,-3.55784],[-46.26026,-3.557974],[-46.261292,-3.558657],[-46.262278,-3.558825],[-46.264578,-3.559837],[-46.265398,-3.559488],[-46.266108,-3.559704],[-46.267799,-3.559846],[-46.268453,-3.559487],[-46.270014,-3.555845],[-46.271054,-3.555311],[-46.272693,-3.555258],[-46.273061,-3.556681],[-46.273161,-3.559566],[-46.273439,-3.560587],[-46.273941,-3.561073],[-46.275837,-3.561913],[-46.276946,-3.562094],[-46.277762,-3.561944],[-46.279314,-3.561362],[-46.27995,-3.560813],[-46.279392,-3.559493],[-46.278425,-3.557827],[-46.278104,-3.556786],[-46.278502,-3.555703],[-46.280233,-3.556304],[-46.279935,-3.555097],[-46.280945,-3.553586],[-46.281772,-3.551308],[-46.281347,-3.549549],[-46.281653,-3.549421],[-46.285828,-3.549699],[-46.287282,-3.548366],[-46.288334,-3.547705],[-46.289218,-3.548037],[-46.289589,-3.548603],[-46.291495,-3.550116],[-46.291545,-3.550474],[-46.291071,-3.550827],[-46.290874,-3.551185],[-46.290109,-3.554396],[-46.292565,-3.553941],[-46.294701,-3.554054],[-46.294936,-3.554487],[-46.295478,-3.554739],[-46.295882,-3.555261],[-46.296615,-3.555001],[-46.296867,-3.555079],[-46.296908,-3.555545],[-46.29837,-3.55751],[-46.298936,-3.557606],[-46.299496,-3.557279],[-46.300142,-3.557258],[-46.300124,-3.557623],[-46.299602,-3.558406],[-46.299266,-3.55865],[-46.298445,-3.558847],[-46.298406,-3.559217],[-46.298899,-3.559351],[-46.299595,-3.559174],[-46.301477,-3.559199],[-46.30256,-3.558707],[-46.302806,-3.557725],[-46.302704,-3.556489],[-46.303253,-3.55603],[-46.303673,-3.55592],[-46.303669,-3.555448],[-46.302215,-3.555105],[-46.30122,-3.555453],[-46.300401,-3.555093],[-46.299898,-3.554158],[-46.297039,-3.550425],[-46.297166,-3.550111],[-46.297732,-3.549898],[-46.2984,-3.549218],[-46.299086,-3.546962],[-46.299438,-3.546644],[-46.300157,-3.546426],[-46.300319,-3.545946],[-46.299915,-3.545177],[-46.29895,-3.54447],[-46.298655,-3.54399],[-46.29681,-3.542087],[-46.296384,-3.541134],[-46.296426,-3.540378],[-46.296772,-3.539939],[-46.297896,-3.539174],[-46.298118,-3.539188],[-46.298076,-3.539876],[-46.298203,-3.540085],[-46.299582,-3.539126],[-46.301775,-3.539267],[-46.304545,-3.540903],[-46.306806,-3.541482],[-46.306804,-3.541687],[-46.306211,-3.542333],[-46.30701,-3.543532],[-46.307945,-3.543484],[-46.308128,-3.544267],[-46.309178,-3.544127],[-46.309573,-3.544507],[-46.309869,-3.545227],[-46.310503,-3.545476],[-46.311055,-3.546],[-46.312205,-3.546339],[-46.313431,-3.54533],[-46.313997,-3.545225],[-46.314453,-3.545271],[-46.315496,-3.545735],[-46.316204,-3.54543],[-46.317174,-3.5454],[-46.31811,-3.54566],[-46.318961,-3.545013],[-46.319873,-3.544657],[-46.320211,-3.544061],[-46.320482,-3.544156],[-46.320985,-3.54389],[-46.322232,-3.542475],[-46.323003,-3.541836],[-46.323546,-3.541753],[-46.325632,-3.542057],[-46.326453,-3.541417],[-46.326858,-3.538759],[-46.327404,-3.53847],[-46.327767,-3.538677],[-46.327933,-3.539123],[-46.328557,-3.539693],[-46.329278,-3.539877],[-46.32967,-3.540396],[-46.329644,-3.540859],[-46.328208,-3.542929],[-46.327838,-3.543232],[-46.326298,-3.543823],[-46.32467,-3.545268],[-46.323584,-3.546555],[-46.323059,-3.548209],[-46.323365,-3.549365],[-46.323838,-3.549972],[-46.324589,-3.550485],[-46.326009,-3.550203],[-46.326547,-3.549533],[-46.326747,-3.549006],[-46.327265,-3.548774],[-46.32871,-3.546914],[-46.329281,-3.545756],[-46.329824,-3.545128],[-46.331249,-3.544528],[-46.33223,-3.544416],[-46.332525,-3.544537],[-46.332937,-3.545051],[-46.333596,-3.54631],[-46.333145,-3.547261],[-46.333511,-3.547539],[-46.333454,-3.548062],[-46.33417,-3.549508],[-46.334074,-3.550018],[-46.334824,-3.551743],[-46.335172,-3.552037],[-46.3354,-3.551835],[-46.336595,-3.551894],[-46.336933,-3.552293],[-46.336966,-3.552978],[-46.337793,-3.553445],[-46.338137,-3.554274],[-46.338955,-3.553483],[-46.339551,-3.553392],[-46.339878,-3.553004],[-46.340584,-3.552612],[-46.341135,-3.552629],[-46.341671,-3.552354],[-46.342661,-3.552476],[-46.344291,-3.553004],[-46.345062,-3.55303],[-46.346319,-3.55263],[-46.347468,-3.552704],[-46.348005,-3.552464],[-46.348364,-3.553109],[-46.349538,-3.55375],[-46.350198,-3.553941],[-46.35067,-3.554284],[-46.351826,-3.554431],[-46.352888,-3.555088],[-46.354023,-3.555426],[-46.354596,-3.556665],[-46.354617,-3.55784],[-46.35369,-3.558776],[-46.353566,-3.559364],[-46.35172,-3.5612],[-46.351449,-3.562123],[-46.351776,-3.563076],[-46.35271,-3.563685],[-46.353619,-3.564034],[-46.355094,-3.564306],[-46.355716,-3.564717],[-46.355896,-3.566632],[-46.356514,-3.56728],[-46.357492,-3.567274],[-46.357978,-3.566889],[-46.358904,-3.566523],[-46.35935,-3.566044],[-46.360461,-3.563855],[-46.360442,-3.563362],[-46.36015,-3.562822],[-46.358791,-3.562202],[-46.357922,-3.561509],[-46.357189,-3.560539],[-46.356983,-3.559047],[-46.35741,-3.557957],[-46.358791,-3.557181],[-46.359893,-3.556956],[-46.360777,-3.557151],[-46.362703,-3.55813],[-46.363812,-3.558072],[-46.364438,-3.557705],[-46.365249,-3.55683],[-46.366851,-3.554539],[-46.367417,-3.554342],[-46.368229,-3.554531],[-46.369203,-3.555784],[-46.369289,-3.557089],[-46.368353,-3.558576],[-46.367319,-3.55933],[-46.366787,-3.559966],[-46.366368,-3.561406],[-46.366556,-3.562952],[-46.367952,-3.565178],[-46.36861,-3.565963],[-46.368873,-3.567262],[-46.368683,-3.567794],[-46.368271,-3.568042],[-46.366036,-3.568421],[-46.365613,-3.568625],[-46.364833,-3.570298],[-46.36485,-3.570775],[-46.36545,-3.571333],[-46.367117,-3.571623],[-46.370231,-3.573515],[-46.372795,-3.57406],[-46.373452,-3.573854],[-46.374155,-3.572963],[-46.374793,-3.572633],[-46.375727,-3.572271],[-46.376305,-3.572404],[-46.377765,-3.573702],[-46.378447,-3.574888],[-46.380665,-3.576129],[-46.380825,-3.576705],[-46.380626,-3.579369],[-46.380729,-3.580775],[-46.381737,-3.582476],[-46.382592,-3.583044],[-46.382927,-3.58296],[-46.38334,-3.582465],[-46.383498,-3.581441],[-46.384003,-3.580356],[-46.384224,-3.58048],[-46.384828,-3.582073],[-46.385418,-3.582906],[-46.385767,-3.583172],[-46.386322,-3.583171],[-46.387029,-3.582836],[-46.387753,-3.58156],[-46.387976,-3.581465],[-46.389045,-3.581133],[-46.390151,-3.581343],[-46.391865,-3.581258],[-46.392568,-3.580703],[-46.394565,-3.579625],[-46.396162,-3.579124],[-46.396988,-3.578508],[-46.39705,-3.57798],[-46.395103,-3.573894],[-46.39486,-3.572998],[-46.394804,-3.572101],[-46.394918,-3.571904],[-46.395757,-3.571156],[-46.39657,-3.57118],[-46.397631,-3.571954],[-46.398387,-3.572365],[-46.398832,-3.572412],[-46.399694,-3.571993],[-46.401539,-3.570294],[-46.402436,-3.570122],[-46.403373,-3.570224],[-46.403691,-3.570432],[-46.404346,-3.571191],[-46.404641,-3.573083],[-46.405124,-3.574822],[-46.406129,-3.57705],[-46.406343,-3.578465],[-46.406975,-3.580449],[-46.407027,-3.581058],[-46.406879,-3.582235],[-46.406312,-3.583908],[-46.403634,-3.586857],[-46.402319,-3.589715],[-46.40211,-3.590475],[-46.40218,-3.590874],[-46.403034,-3.591628],[-46.404464,-3.591771],[-46.406052,-3.591122],[-46.40761,-3.590791],[-46.412085,-3.589419],[-46.413051,-3.589417],[-46.414614,-3.58884],[-46.415012,-3.58891],[-46.415612,-3.5893],[-46.416406,-3.591164],[-46.417303,-3.591884],[-46.418566,-3.592483],[-46.420218,-3.592163],[-46.420749,-3.591528],[-46.420982,-3.590736],[-46.420924,-3.589673],[-46.421451,-3.587763],[-46.421462,-3.586425],[-46.421015,-3.585334],[-46.41982,-3.584302],[-46.419495,-3.583824],[-46.419337,-3.583263],[-46.419393,-3.582733],[-46.419592,-3.582232],[-46.420777,-3.582012],[-46.422205,-3.581459],[-46.422566,-3.580612],[-46.422256,-3.578481],[-46.42257,-3.577305],[-46.424465,-3.576863],[-46.426202,-3.577347],[-46.427129,-3.578045],[-46.42739,-3.578415],[-46.428073,-3.580575],[-46.428067,-3.582602],[-46.427846,-3.583791],[-46.42801,-3.584185],[-46.428015,-3.586146],[-46.428233,-3.5867],[-46.428953,-3.587642],[-46.429587,-3.588003],[-46.43155,-3.587977],[-46.432269,-3.588265],[-46.432934,-3.588844],[-46.433843,-3.590611],[-46.434557,-3.591233],[-46.437013,-3.591255],[-46.438339,-3.589919],[-46.439198,-3.587159],[-46.438098,-3.586175],[-46.435949,-3.586299],[-46.434427,-3.585513],[-46.434358,-3.58373],[-46.434874,-3.58251],[-46.435616,-3.581475],[-46.437469,-3.580417],[-46.437629,-3.579669],[-46.437234,-3.579229],[-46.434748,-3.578203],[-46.434633,-3.577614],[-46.434909,-3.577144],[-46.436368,-3.576625],[-46.43865,-3.57545],[-46.441129,-3.574745],[-46.443665,-3.574698],[-46.445721,-3.574942],[-46.447555,-3.575808],[-46.44892,-3.57624],[-46.450415,-3.576143],[-46.451752,-3.576631],[-46.452526,-3.57757],[-46.452309,-3.579972],[-46.451797,-3.581987],[-46.451249,-3.583021],[-46.449943,-3.584222],[-46.449944,-3.585081],[-46.451508,-3.587192],[-46.452725,-3.588546],[-46.453691,-3.589316],[-46.454701,-3.591153],[-46.455338,-3.591607],[-46.455974,-3.592966],[-46.456806,-3.593629],[-46.457775,-3.593968],[-46.458533,-3.593668],[-46.460856,-3.594639],[-46.461085,-3.594211],[-46.461034,-3.592918],[-46.461309,-3.59223],[-46.461833,-3.591867],[-46.464385,-3.591295],[-46.464977,-3.590467],[-46.465669,-3.590473],[-46.466414,-3.591053],[-46.46686,-3.592321],[-46.467644,-3.593403],[-46.469138,-3.59452],[-46.470862,-3.594956],[-46.472891,-3.594621],[-46.473803,-3.595292],[-46.473807,-3.59593],[-46.473253,-3.596436],[-46.471111,-3.597583],[-46.468416,-3.600288],[-46.468114,-3.601927],[-46.468281,-3.603371],[-46.468918,-3.605868],[-46.46917,-3.608219],[-46.470001,-3.608898],[-46.471248,-3.609429],[-46.473056,-3.609498],[-46.474386,-3.609761],[-46.475782,-3.609744],[-46.477226,-3.609191],[-46.477914,-3.606508],[-46.480303,-3.603988],[-46.482809,-3.60573],[-46.485723,-3.608113],[-46.487418,-3.608915],[-46.488554,-3.609814],[-46.48903,-3.610947],[-46.488029,-3.612266],[-46.487108,-3.612635],[-46.486411,-3.614056],[-46.488117,-3.616884],[-46.489475,-3.617973],[-46.491166,-3.618173],[-46.492556,-3.617845],[-46.49417,-3.617932],[-46.496446,-3.618766],[-46.497503,-3.619339],[-46.499468,-3.619965],[-46.500574,-3.61891],[-46.50115,-3.620988],[-46.502834,-3.62],[-46.502661,-3.618526],[-46.504174,-3.618031],[-46.505521,-3.618684],[-46.505443,-3.622375],[-46.506961,-3.624996],[-46.509482,-3.623843],[-46.511583,-3.623594],[-46.513098,-3.624574],[-46.513101,-3.626052],[-46.516129,-3.626702],[-46.518317,-3.626206],[-46.520753,-3.626449],[-46.521932,-3.626937],[-46.521935,-3.628743],[-46.522614,-3.632348],[-46.529425,-3.632418],[-46.530683,-3.630532],[-46.528998,-3.628238],[-46.528322,-3.626764],[-46.530675,-3.625449],[-46.533282,-3.626672],[-46.534631,-3.627818],[-46.535472,-3.627654],[-46.536816,-3.626832],[-46.539591,-3.626743],[-46.544471,-3.628703],[-46.544051,-3.629934],[-46.542208,-3.633216],[-46.543557,-3.635346],[-46.54507,-3.635344],[-46.544984,-3.633622],[-46.545486,-3.631817],[-46.546998,-3.631159],[-46.548175,-3.631157],[-46.550194,-3.631809],[-46.55314,-3.633198],[-46.553481,-3.635821],[-46.556173,-3.637784],[-46.557608,-3.639502],[-46.560467,-3.640155],[-46.561641,-3.638021],[-46.563323,-3.637854],[-46.56425,-3.63941],[-46.564425,-3.642852],[-46.563755,-3.644658],[-46.566619,-3.647113],[-46.56822,-3.649488],[-46.57024,-3.650796],[-46.571753,-3.650465],[-46.572592,-3.648825],[-46.575535,-3.649229],[-46.576213,-3.651687],[-46.577558,-3.652668],[-46.578653,-3.652914],[-46.578655,-3.654224],[-46.582844,-3.655635],[-46.583499,-3.659102],[-46.586899,-3.659503],[-46.588198,-3.661079],[-46.590953,-3.663125],[-46.592253,-3.664702],[-46.592255,-3.666281],[-46.600192,-3.66832],[-46.599719,-3.674793],[-46.603603,-3.674786],[-46.607007,-3.675569],[-46.610242,-3.674299],[-46.612837,-3.676821],[-46.614993,-3.677705],[-46.614996,-3.679965],[-46.616929,-3.679208],[-46.617902,-3.682218],[-46.619744,-3.684344],[-46.62052,-3.68717],[-46.622074,-3.690747],[-46.621212,-3.69537],[-46.623925,-3.698003],[-46.627214,-3.699129],[-46.627121,-3.701863],[-46.629831,-3.702989],[-46.631764,-3.702797],[-46.633217,-3.704396],[-46.636309,-3.704013],[-46.63844,-3.705329],[-46.641243,-3.705041],[-46.641633,-3.707115],[-46.643184,-3.709186],[-46.646661,-3.706352],[-46.651383,-3.699086],[-46.653991,-3.697478],[-46.655346,-3.697475],[-46.659789,-3.696147],[-46.664044,-3.696326],[-46.67207,-3.697728],[-46.684551,-3.702511],[-46.696351,-3.704938],[-46.699198,-3.693578]]]}},{"type":"Feature","properties":{"CD_MUN":"2110856","NM_MUN":"São Francisco do Brejão"},"geometry":{"type":"Polygon","coordinates":[[[-47.201841,-5.229993],[-47.202311,-5.23082],[-47.202428,-5.231342],[-47.202513,-5.233301],[-47.203444,-5.234095],[-47.204268,-5.234257],[-47.205019,-5.234722],[-47.20492,-5.235303],[-47.204361,-5.23571],[-47.204455,-5.237279],[-47.205416,-5.238244],[-47.205863,-5.238489],[-47.206306,-5.240203],[-47.207184,-5.241927],[-47.207752,-5.244059],[-47.208317,-5.244963],[-47.209206,-5.245595],[-47.210807,-5.245852],[-47.213136,-5.246778],[-47.215818,-5.248753],[-47.216806,-5.248808],[-47.218379,-5.249679],[-47.220812,-5.251579],[-47.221516,-5.253327],[-47.221694,-5.25461],[-47.225196,-5.258451],[-47.225353,-5.261921],[-47.225129,-5.26385],[-47.2256,-5.265949],[-47.276532,-5.314074],[-47.277475,-5.311613],[-47.279949,-5.307046],[-47.284335,-5.303941],[-47.287263,-5.304225],[-47.293111,-5.30435],[-47.295465,-5.303019],[-47.301543,-5.302628],[-47.302278,-5.303067],[-47.302577,-5.304682],[-47.301998,-5.306745],[-47.302735,-5.307625],[-47.304786,-5.30791],[-47.307129,-5.307167],[-47.311234,-5.307739],[-47.312845,-5.307439],[-47.315323,-5.304782],[-47.31714,-5.300878],[-47.318849,-5.291878],[-47.319724,-5.286224],[-47.321189,-5.285777],[-47.32367,-5.283856],[-47.325998,-5.279585],[-47.32899,-5.273351],[-47.330517,-5.269803],[-47.331246,-5.266704],[-47.33223,-5.266083],[-47.333342,-5.266326],[-47.33446,-5.267931],[-47.335447,-5.268299],[-47.335813,-5.267678],[-47.336049,-5.264582],[-47.336415,-5.263218],[-47.337522,-5.262347],[-47.338879,-5.262343],[-47.340115,-5.263081],[-47.342214,-5.263568],[-47.343388,-5.264369],[-47.344126,-5.263499],[-47.34449,-5.261888],[-47.343624,-5.260777],[-47.340288,-5.259922],[-47.339174,-5.258937],[-47.339291,-5.257201],[-47.340645,-5.256453],[-47.342621,-5.256818],[-47.343982,-5.257803],[-47.346203,-5.257919],[-47.349029,-5.255431],[-47.350375,-5.252084],[-47.353142,-5.249783],[-47.355363,-5.249898],[-47.358211,-5.25261],[-47.359948,-5.255575],[-47.364041,-5.258773],[-47.367279,-5.262113],[-47.369907,-5.262911],[-47.371325,-5.264122],[-47.374858,-5.26426],[-47.376284,-5.2677],[-47.376094,-5.270635],[-47.377718,-5.272856],[-47.380041,-5.272998],[-47.381752,-5.272283],[-47.382759,-5.271368],[-47.38456,-5.267464],[-47.38647,-5.265533],[-47.389095,-5.26532],[-47.391511,-5.263741],[-47.392916,-5.261507],[-47.39962,-5.256254],[-47.403563,-5.252257],[-47.405788,-5.249215],[-47.408654,-5.243946],[-47.409455,-5.241435],[-47.412874,-5.238675],[-47.41573,-5.234148],[-47.415842,-5.233029],[-47.413779,-5.22901],[-47.413161,-5.226794],[-47.410322,-5.222418],[-47.409203,-5.218952],[-47.409417,-5.216786],[-47.412294,-5.216941],[-47.418607,-5.218555],[-47.422489,-5.22037],[-47.425534,-5.220666],[-47.427248,-5.220381],[-47.431125,-5.221255],[-47.433185,-5.219984],[-47.437088,-5.215796],[-47.440545,-5.213029],[-47.446389,-5.206222],[-47.462032,-5.193358],[-47.465161,-5.189722],[-47.465534,-5.183806],[-47.467088,-5.181054],[-47.469038,-5.179606],[-47.473205,-5.178609],[-47.484267,-5.1768],[-47.489343,-5.172008],[-47.492831,-5.163689],[-47.494231,-5.15564],[-47.496031,-5.148833],[-47.499134,-5.142347],[-47.502114,-5.137758],[-47.50666,-5.133751],[-47.509389,-5.131648],[-47.515099,-5.12886],[-47.513942,-5.132754],[-47.515093,-5.140581],[-47.518219,-5.144402],[-47.51895,-5.146728],[-47.518253,-5.151897],[-47.516571,-5.154748],[-47.515466,-5.155668],[-47.515999,-5.157306],[-47.518285,-5.159907],[-47.520538,-5.169281],[-47.521525,-5.17134],[-47.524959,-5.174949],[-47.526591,-5.177425],[-47.530152,-5.170371],[-47.537179,-5.159621],[-47.538747,-5.15618],[-47.554589,-5.095222],[-47.542359,-5.089042],[-47.538991,-5.083174],[-47.537918,-5.081993],[-47.530092,-5.075801],[-47.528122,-5.07365],[-47.514466,-5.063284],[-47.51195,-5.061999],[-47.507767,-5.061717],[-47.504813,-5.06294],[-47.5021,-5.064975],[-47.499816,-5.067079],[-47.498981,-5.072064],[-47.497722,-5.074853],[-47.496085,-5.076301],[-47.494263,-5.077193],[-47.491539,-5.077207],[-47.487623,-5.076137],[-47.481705,-5.073087],[-47.479165,-5.071394],[-47.478343,-5.070355],[-47.476972,-5.067287],[-47.476147,-5.063105],[-47.476507,-5.054807],[-47.475867,-5.048778],[-47.476731,-5.046743],[-47.350536,-5.026358],[-47.349894,-5.02797],[-47.348939,-5.028862],[-47.34617,-5.028308],[-47.344845,-5.028566],[-47.343926,-5.03309],[-47.341741,-5.036331],[-47.33949,-5.037418],[-47.338088,-5.039836],[-47.334389,-5.040033],[-47.332113,-5.042684],[-47.330728,-5.043641],[-47.324875,-5.043114],[-47.32384,-5.043473],[-47.32254,-5.045586],[-47.321866,-5.046049],[-47.32103,-5.046215],[-47.320121,-5.0461],[-47.317146,-5.04404],[-47.315784,-5.043937],[-47.315505,-5.044444],[-47.315413,-5.045069],[-47.31546,-5.04697],[-47.318758,-5.049988],[-47.319378,-5.053324],[-47.321008,-5.05613],[-47.321286,-5.058761],[-47.320739,-5.059666],[-47.317919,-5.060289],[-47.316786,-5.062961],[-47.314395,-5.064307],[-47.314323,-5.065294],[-47.315696,-5.066344],[-47.315841,-5.067216],[-47.315233,-5.068405],[-47.313156,-5.069696],[-47.312506,-5.070568],[-47.312168,-5.07347],[-47.312755,-5.075289],[-47.312581,-5.076223],[-47.311388,-5.076634],[-47.309198,-5.075625],[-47.309013,-5.07635],[-47.309452,-5.077353],[-47.308878,-5.078435],[-47.306374,-5.079224],[-47.304199,-5.081365],[-47.301297,-5.081899],[-47.29597,-5.078727],[-47.294127,-5.078602],[-47.29134,-5.07916],[-47.29101,-5.080725],[-47.292063,-5.084244],[-47.291669,-5.085256],[-47.290285,-5.08616],[-47.288225,-5.086232],[-47.28618,-5.083854],[-47.282893,-5.081234],[-47.280839,-5.080964],[-47.276842,-5.081756],[-47.271144,-5.081797],[-47.269171,-5.085458],[-47.269563,-5.087436],[-47.269061,-5.088098],[-47.26821,-5.088138],[-47.263634,-5.085794],[-47.262166,-5.085446],[-47.260287,-5.085715],[-47.260007,-5.087268],[-47.260952,-5.089606],[-47.260432,-5.091094],[-47.256696,-5.094134],[-47.255282,-5.097944],[-47.254124,-5.099449],[-47.250645,-5.101137],[-47.249578,-5.102667],[-47.249237,-5.103466],[-47.248954,-5.106722],[-47.247396,-5.113395],[-47.245413,-5.117585],[-47.242649,-5.122493],[-47.241097,-5.128094],[-47.239481,-5.131389],[-47.236794,-5.139036],[-47.233565,-5.144189],[-47.230041,-5.151608],[-47.228084,-5.153878],[-47.224596,-5.156455],[-47.223283,-5.158591],[-47.222031,-5.162051],[-47.219736,-5.164942],[-47.215037,-5.168312],[-47.212042,-5.168845],[-47.201927,-5.165145],[-47.196872,-5.162223],[-47.135553,-5.143382],[-47.137378,-5.14662],[-47.139188,-5.148426],[-47.142388,-5.150644],[-47.145579,-5.150773],[-47.148464,-5.151505],[-47.150445,-5.152985],[-47.151274,-5.154881],[-47.151119,-5.157607],[-47.149445,-5.161686],[-47.149613,-5.163174],[-47.151019,-5.164574],[-47.151434,-5.165401],[-47.152257,-5.165481],[-47.153084,-5.166305],[-47.154488,-5.167292],[-47.155569,-5.168454],[-47.156214,-5.16948],[-47.157076,-5.171706],[-47.156568,-5.173504],[-47.155378,-5.175411],[-47.155383,-5.1767],[-47.156543,-5.178798],[-47.159265,-5.181169],[-47.161842,-5.184678],[-47.162956,-5.185703],[-47.164453,-5.186213],[-47.165305,-5.185308],[-47.1656,-5.183936],[-47.166152,-5.183205],[-47.166706,-5.182774],[-47.168865,-5.182292],[-47.170263,-5.184249],[-47.170353,-5.185555],[-47.169712,-5.187294],[-47.169839,-5.188985],[-47.172079,-5.192814],[-47.175822,-5.193568],[-47.177039,-5.192567],[-47.179516,-5.193437],[-47.180163,-5.195061],[-47.178939,-5.197106],[-47.177227,-5.197088],[-47.177261,-5.198198],[-47.180017,-5.199661],[-47.18001,-5.200571],[-47.180665,-5.202746],[-47.180061,-5.204137],[-47.18072,-5.208942],[-47.182049,-5.210391],[-47.183691,-5.211019],[-47.184063,-5.211459],[-47.184373,-5.212547],[-47.183205,-5.213526],[-47.183065,-5.215027],[-47.183729,-5.216508],[-47.184981,-5.217618],[-47.185421,-5.219184],[-47.185069,-5.221477],[-47.186356,-5.222759],[-47.188754,-5.224111],[-47.194386,-5.226727],[-47.198538,-5.228089],[-47.201107,-5.229443],[-47.201841,-5.229993]]]}},{"type":"Feature","properties":{"CD_MUN":"2102002","NM_MUN":"Bom Jardim"},"geometry":{"type":"Polygon","coordinates":[[[-47.088405,-4.303591],[-47.087772,-4.302551],[-47.087611,-4.301777],[-47.087187,-4.301567],[-47.085747,-4.301414],[-47.085146,-4.300939],[-47.085146,-4.300384],[-47.085903,-4.299471],[-47.085761,-4.299311],[-47.085161,-4.299427],[-47.084882,-4.299294],[-47.084742,-4.298513],[-47.083685,-4.297566],[-47.08363,-4.297361],[-47.084079,-4.296413],[-47.08398,-4.296247],[-47.083445,-4.29583],[-47.082577,-4.295501],[-47.082104,-4.294797],[-47.081844,-4.293339],[-47.082074,-4.292769],[-47.082808,-4.29203],[-47.083179,-4.290496],[-47.084258,-4.287926],[-47.084165,-4.286489],[-47.083342,-4.284352],[-47.081812,-4.281662],[-47.08062,-4.280214],[-47.077856,-4.279029],[-47.076533,-4.277051],[-47.072842,-4.274017],[-47.071782,-4.271638],[-47.071771,-4.267807],[-47.06926,-4.263454],[-47.068722,-4.259883],[-47.068835,-4.252083],[-47.070001,-4.245499],[-47.07274,-4.23663],[-47.029686,-4.220461],[-47.02829,-4.216265],[-47.025438,-4.213798],[-47.022877,-4.206232],[-47.020558,-4.20129],[-47.017931,-4.198299],[-47.014153,-4.195084],[-47.012918,-4.193286],[-47.010977,-4.186919],[-47.01035,-4.182273],[-47.010646,-4.177921],[-47.010195,-4.17469],[-47.00076,-4.161997],[-46.987942,-4.145309],[-46.975042,-4.127506],[-46.97228,-4.122774],[-46.967779,-4.119128],[-46.964381,-4.112722],[-46.961651,-4.103857],[-46.961706,-4.100704],[-46.963413,-4.094472],[-46.963163,-4.093034],[-46.961956,-4.090855],[-46.957523,-4.086914],[-46.953089,-4.083335],[-46.948485,-4.080655],[-46.93635,-4.083957],[-46.924296,-4.087464],[-46.914951,-4.086988],[-46.905599,-4.083203],[-46.900317,-4.076095],[-46.897055,-4.062363],[-46.894661,-4.056078],[-46.893459,-4.049624],[-46.891747,-4.043999],[-46.885786,-4.037225],[-46.875928,-4.035261],[-46.869636,-4.032131],[-46.855163,-4.017759],[-46.846644,-4.006191],[-46.843918,-4.003216],[-46.839327,-4.001406],[-46.831172,-4.00043],[-46.828622,-4.00027],[-46.823192,-4.001939],[-46.816567,-4.001788],[-46.811468,-4.000806],[-46.804837,-3.998739],[-46.80075,-3.993455],[-46.797009,-3.992801],[-46.794736,-3.990209],[-46.780243,-3.986777],[-46.776952,-3.981991],[-46.770662,-3.979607],[-46.761087,-3.975633],[-46.758064,-3.967382],[-46.761044,-3.954857],[-46.758014,-3.943943],[-46.757718,-3.933021],[-46.75687,-3.919439],[-46.757947,-3.911444],[-46.757386,-3.905053],[-46.753827,-3.901598],[-46.738785,-3.896035],[-46.723776,-3.887289],[-46.709463,-3.877989],[-46.701442,-3.868416],[-46.698544,-3.861775],[-46.697227,-3.857687],[-46.697351,-3.855002],[-46.706649,-3.84872],[-46.714118,-3.845511],[-46.724464,-3.839226],[-46.729558,-3.828861],[-46.729408,-3.819017],[-46.727561,-3.814164],[-46.726767,-3.810332],[-46.726892,-3.807135],[-46.730298,-3.805594],[-46.734223,-3.800984],[-46.733558,-3.796257],[-46.735127,-3.793953],[-46.735121,-3.791138],[-46.738395,-3.788704],[-46.738649,-3.785125],[-46.737331,-3.781293],[-46.737452,-3.776308],[-46.735346,-3.772989],[-46.732195,-3.770438],[-46.72721,-3.767159],[-46.725054,-3.760655],[-46.719457,-3.754094],[-46.711508,-3.744118],[-46.706657,-3.734891],[-46.704117,-3.720005],[-46.701584,-3.711524],[-46.696351,-3.704938],[-46.684551,-3.702511],[-46.67207,-3.697728],[-46.664044,-3.696326],[-46.659789,-3.696147],[-46.655346,-3.697475],[-46.653991,-3.697478],[-46.651383,-3.699086],[-46.646661,-3.706352],[-46.643184,-3.709186],[-46.641633,-3.707115],[-46.641243,-3.705041],[-46.63844,-3.705329],[-46.636309,-3.704013],[-46.633217,-3.704396],[-46.631764,-3.702797],[-46.629831,-3.702989],[-46.627121,-3.701863],[-46.627214,-3.699129],[-46.623925,-3.698003],[-46.621212,-3.69537],[-46.622074,-3.690747],[-46.62052,-3.68717],[-46.619744,-3.684344],[-46.617902,-3.682218],[-46.616929,-3.679208],[-46.614996,-3.679965],[-46.614993,-3.677705],[-46.612837,-3.676821],[-46.610242,-3.674299],[-46.607007,-3.675569],[-46.603603,-3.674786],[-46.599719,-3.674793],[-46.600192,-3.66832],[-46.592255,-3.666281],[-46.592253,-3.664702],[-46.590953,-3.663125],[-46.588198,-3.661079],[-46.586899,-3.659503],[-46.583499,-3.659102],[-46.582844,-3.655635],[-46.578655,-3.654224],[-46.578653,-3.652914],[-46.577558,-3.652668],[-46.576213,-3.651687],[-46.575535,-3.649229],[-46.572592,-3.648825],[-46.571753,-3.650465],[-46.57024,-3.650796],[-46.56822,-3.649488],[-46.566619,-3.647113],[-46.563755,-3.644658],[-46.564425,-3.642852],[-46.56425,-3.63941],[-46.563323,-3.637854],[-46.561641,-3.638021],[-46.560467,-3.640155],[-46.557608,-3.639502],[-46.556173,-3.637784],[-46.553481,-3.635821],[-46.55314,-3.633198],[-46.550194,-3.631809],[-46.548175,-3.631157],[-46.546998,-3.631159],[-46.545486,-3.631817],[-46.544984,-3.633622],[-46.54507,-3.635344],[-46.543557,-3.635346],[-46.542208,-3.633216],[-46.544051,-3.629934],[-46.544471,-3.628703],[-46.539591,-3.626743],[-46.536816,-3.626832],[-46.535472,-3.627654],[-46.534631,-3.627818],[-46.533282,-3.626672],[-46.530675,-3.625449],[-46.528322,-3.626764],[-46.528998,-3.628238],[-46.530683,-3.630532],[-46.529425,-3.632418],[-46.522614,-3.632348],[-46.521935,-3.628743],[-46.521932,-3.626937],[-46.520753,-3.626449],[-46.518317,-3.626206],[-46.516129,-3.626702],[-46.513101,-3.626052],[-46.513098,-3.624574],[-46.511583,-3.623594],[-46.509482,-3.623843],[-46.506961,-3.624996],[-46.505443,-3.622375],[-46.505521,-3.618684],[-46.504174,-3.618031],[-46.502661,-3.618526],[-46.502834,-3.62],[-46.50115,-3.620988],[-46.500574,-3.61891],[-46.499468,-3.619965],[-46.497503,-3.619339],[-46.496446,-3.618766],[-46.49417,-3.617932],[-46.492556,-3.617845],[-46.491166,-3.618173],[-46.489475,-3.617973],[-46.488117,-3.616884],[-46.486411,-3.614056],[-46.487108,-3.612635],[-46.488029,-3.612266],[-46.48903,-3.610947],[-46.488554,-3.609814],[-46.487418,-3.608915],[-46.485723,-3.608113],[-46.482809,-3.60573],[-46.480303,-3.603988],[-46.477914,-3.606508],[-46.477226,-3.609191],[-46.475782,-3.609744],[-46.474386,-3.609761],[-46.473056,-3.609498],[-46.471248,-3.609429],[-46.470001,-3.608898],[-46.46917,-3.608219],[-46.468918,-3.605868],[-46.468281,-3.603371],[-46.468114,-3.601927],[-46.468416,-3.600288],[-46.471111,-3.597583],[-46.473253,-3.596436],[-46.473807,-3.59593],[-46.473803,-3.595292],[-46.472891,-3.594621],[-46.470862,-3.594956],[-46.469138,-3.59452],[-46.467644,-3.593403],[-46.46686,-3.592321],[-46.466414,-3.591053],[-46.465669,-3.590473],[-46.464977,-3.590467],[-46.464385,-3.591295],[-46.461833,-3.591867],[-46.461309,-3.59223],[-46.461034,-3.592918],[-46.461085,-3.594211],[-46.460856,-3.594639],[-46.458533,-3.593668],[-46.457775,-3.593968],[-46.456806,-3.593629],[-46.455974,-3.592966],[-46.455338,-3.591607],[-46.454701,-3.591153],[-46.453691,-3.589316],[-46.452725,-3.588546],[-46.451508,-3.587192],[-46.449944,-3.585081],[-46.449943,-3.584222],[-46.451249,-3.583021],[-46.451797,-3.581987],[-46.452309,-3.579972],[-46.452526,-3.57757],[-46.451752,-3.576631],[-46.450415,-3.576143],[-46.44892,-3.57624],[-46.447555,-3.575808],[-46.445721,-3.574942],[-46.443665,-3.574698],[-46.441129,-3.574745],[-46.43865,-3.57545],[-46.436368,-3.576625],[-46.434909,-3.577144],[-46.434633,-3.577614],[-46.434748,-3.578203],[-46.437234,-3.579229],[-46.437629,-3.579669],[-46.437469,-3.580417],[-46.435616,-3.581475],[-46.434874,-3.58251],[-46.434358,-3.58373],[-46.434427,-3.585513],[-46.435949,-3.586299],[-46.438098,-3.586175],[-46.439198,-3.587159],[-46.438339,-3.589919],[-46.437013,-3.591255],[-46.434557,-3.591233],[-46.433843,-3.590611],[-46.432934,-3.588844],[-46.432269,-3.588265],[-46.43155,-3.587977],[-46.429587,-3.588003],[-46.428953,-3.587642],[-46.428233,-3.5867],[-46.428015,-3.586146],[-46.42801,-3.584185],[-46.427846,-3.583791],[-46.428067,-3.582602],[-46.428073,-3.580575],[-46.42739,-3.578415],[-46.427129,-3.578045],[-46.426202,-3.577347],[-46.424465,-3.576863],[-46.42257,-3.577305],[-46.422256,-3.578481],[-46.422566,-3.580612],[-46.422205,-3.581459],[-46.420777,-3.582012],[-46.419592,-3.582232],[-46.419393,-3.582733],[-46.419337,-3.583263],[-46.419495,-3.583824],[-46.41982,-3.584302],[-46.421015,-3.585334],[-46.421462,-3.586425],[-46.421451,-3.587763],[-46.420924,-3.589673],[-46.420982,-3.590736],[-46.420749,-3.591528],[-46.420218,-3.592163],[-46.418566,-3.592483],[-46.417303,-3.591884],[-46.416406,-3.591164],[-46.415612,-3.5893],[-46.415012,-3.58891],[-46.414614,-3.58884],[-46.413051,-3.589417],[-46.412085,-3.589419],[-46.40761,-3.590791],[-46.406052,-3.591122],[-46.404464,-3.591771],[-46.403123,-3.591651],[-46.40218,-3.590874],[-46.40211,-3.590475],[-46.402319,-3.589715],[-46.403634,-3.586857],[-46.406312,-3.583908],[-46.406879,-3.582235],[-46.407027,-3.581058],[-46.406975,-3.580449],[-46.406343,-3.578465],[-46.406129,-3.57705],[-46.405124,-3.574822],[-46.404641,-3.573083],[-46.404346,-3.571191],[-46.403968,-3.570657],[-46.403373,-3.570224],[-46.402339,-3.570116],[-46.401539,-3.570294],[-46.399694,-3.571993],[-46.398832,-3.572412],[-46.398387,-3.572365],[-46.397631,-3.571954],[-46.39657,-3.57118],[-46.395757,-3.571156],[-46.394918,-3.571904],[-46.394804,-3.572101],[-46.39486,-3.572998],[-46.395103,-3.573894],[-46.39705,-3.57798],[-46.396988,-3.578508],[-46.396162,-3.579124],[-46.394565,-3.579625],[-46.392568,-3.580703],[-46.391865,-3.581258],[-46.390151,-3.581343],[-46.389045,-3.581133],[-46.387976,-3.581465],[-46.387753,-3.58156],[-46.387029,-3.582836],[-46.386322,-3.583171],[-46.385767,-3.583172],[-46.385418,-3.582906],[-46.384828,-3.582073],[-46.384224,-3.58048],[-46.384003,-3.580356],[-46.383498,-3.581441],[-46.38334,-3.582465],[-46.382927,-3.58296],[-46.382592,-3.583044],[-46.381737,-3.582476],[-46.380729,-3.580775],[-46.380626,-3.579369],[-46.380825,-3.576705],[-46.380665,-3.576129],[-46.378447,-3.574888],[-46.377765,-3.573702],[-46.376305,-3.572404],[-46.375727,-3.572271],[-46.374793,-3.572633],[-46.374155,-3.572963],[-46.373452,-3.573854],[-46.372795,-3.57406],[-46.370231,-3.573515],[-46.367117,-3.571623],[-46.36545,-3.571333],[-46.36485,-3.570775],[-46.364833,-3.570298],[-46.365613,-3.568625],[-46.366036,-3.568421],[-46.368271,-3.568042],[-46.368683,-3.567794],[-46.368873,-3.567262],[-46.36861,-3.565963],[-46.367952,-3.565178],[-46.366556,-3.562952],[-46.366368,-3.561406],[-46.366787,-3.559966],[-46.367319,-3.55933],[-46.368353,-3.558576],[-46.369289,-3.557089],[-46.369203,-3.555784],[-46.368175,-3.554488],[-46.367148,-3.554344],[-46.366851,-3.554539],[-46.365249,-3.55683],[-46.364438,-3.557705],[-46.363812,-3.558072],[-46.362703,-3.55813],[-46.360777,-3.557151],[-46.359893,-3.556956],[-46.358791,-3.557181],[-46.35741,-3.557957],[-46.356983,-3.559047],[-46.357189,-3.560539],[-46.357922,-3.561509],[-46.358791,-3.562202],[-46.36015,-3.562822],[-46.360442,-3.563362],[-46.360461,-3.563855],[-46.35935,-3.566044],[-46.358904,-3.566523],[-46.357978,-3.566889],[-46.357492,-3.567274],[-46.356733,-3.567345],[-46.356209,-3.567071],[-46.355896,-3.566632],[-46.355716,-3.564717],[-46.355094,-3.564306],[-46.353619,-3.564034],[-46.35271,-3.563685],[-46.351776,-3.563076],[-46.351449,-3.562123],[-46.35172,-3.5612],[-46.353566,-3.559364],[-46.35369,-3.558776],[-46.354617,-3.55784],[-46.354596,-3.556665],[-46.354023,-3.555426],[-46.352888,-3.555088],[-46.351826,-3.554431],[-46.35067,-3.554284],[-46.350198,-3.553941],[-46.349538,-3.55375],[-46.348364,-3.553109],[-46.348005,-3.552464],[-46.347468,-3.552704],[-46.346319,-3.55263],[-46.345062,-3.55303],[-46.344291,-3.553004],[-46.342661,-3.552476],[-46.341671,-3.552354],[-46.341135,-3.552629],[-46.340584,-3.552612],[-46.339878,-3.553004],[-46.339551,-3.553392],[-46.338955,-3.553483],[-46.338137,-3.554274],[-46.337793,-3.553445],[-46.336966,-3.552978],[-46.336933,-3.552293],[-46.336595,-3.551894],[-46.3354,-3.551835],[-46.335172,-3.552037],[-46.334824,-3.551743],[-46.334074,-3.550018],[-46.33417,-3.549508],[-46.333454,-3.548062],[-46.333511,-3.547539],[-46.333145,-3.547261],[-46.333596,-3.54631],[-46.332937,-3.545051],[-46.332525,-3.544537],[-46.33223,-3.544416],[-46.331249,-3.544528],[-46.329824,-3.545128],[-46.329281,-3.545756],[-46.32871,-3.546914],[-46.327265,-3.548774],[-46.326747,-3.549006],[-46.326547,-3.549533],[-46.326009,-3.550203],[-46.324589,-3.550485],[-46.323838,-3.549972],[-46.323365,-3.549365],[-46.323059,-3.548209],[-46.323584,-3.546555],[-46.32467,-3.545268],[-46.326298,-3.543823],[-46.327838,-3.543232],[-46.328208,-3.542929],[-46.329644,-3.540859],[-46.32967,-3.540396],[-46.329278,-3.539877],[-46.328557,-3.539693],[-46.327933,-3.539123],[-46.327767,-3.538677],[-46.327404,-3.53847],[-46.326858,-3.538759],[-46.326453,-3.541417],[-46.325632,-3.542057],[-46.323546,-3.541753],[-46.323003,-3.541836],[-46.322232,-3.542475],[-46.320985,-3.54389],[-46.320482,-3.544156],[-46.320211,-3.544061],[-46.319873,-3.544657],[-46.318961,-3.545013],[-46.31811,-3.54566],[-46.317174,-3.5454],[-46.316204,-3.54543],[-46.315496,-3.545735],[-46.314453,-3.545271],[-46.313997,-3.545225],[-46.313431,-3.54533],[-46.312205,-3.546339],[-46.311055,-3.546],[-46.310503,-3.545476],[-46.309869,-3.545227],[-46.309573,-3.544507],[-46.309178,-3.544127],[-46.308128,-3.544267],[-46.307945,-3.543484],[-46.30701,-3.543532],[-46.306211,-3.542333],[-46.306804,-3.541687],[-46.306806,-3.541482],[-46.306522,-3.541325],[-46.305431,-3.541213],[-46.304626,-3.540936],[-46.301853,-3.539301],[-46.301089,-3.539123],[-46.299493,-3.539149],[-46.29859,-3.539936],[-46.298203,-3.540085],[-46.298062,-3.539156],[-46.297626,-3.539283],[-46.296426,-3.540378],[-46.296408,-3.541258],[-46.296847,-3.542143],[-46.298655,-3.54399],[-46.29895,-3.54447],[-46.299915,-3.545177],[-46.300319,-3.545946],[-46.300157,-3.546426],[-46.299438,-3.546644],[-46.299086,-3.546962],[-46.2984,-3.549218],[-46.297732,-3.549898],[-46.297166,-3.550111],[-46.297039,-3.550425],[-46.299898,-3.554158],[-46.300401,-3.555093],[-46.30122,-3.555453],[-46.302215,-3.555105],[-46.303656,-3.555396],[-46.303673,-3.55592],[-46.303253,-3.55603],[-46.302704,-3.556489],[-46.302806,-3.557725],[-46.30253,-3.558741],[-46.301477,-3.559199],[-46.299595,-3.559174],[-46.298564,-3.559321],[-46.298369,-3.55913],[-46.298445,-3.558847],[-46.299536,-3.558476],[-46.300217,-3.557376],[-46.300142,-3.557258],[-46.299496,-3.557279],[-46.298936,-3.557606],[-46.298249,-3.557432],[-46.297808,-3.556637],[-46.296908,-3.555545],[-46.29677,-3.554998],[-46.295882,-3.555261],[-46.295478,-3.554739],[-46.294936,-3.554487],[-46.294771,-3.554098],[-46.294357,-3.553978],[-46.292565,-3.553941],[-46.290109,-3.554396],[-46.290874,-3.551185],[-46.291071,-3.550827],[-46.291545,-3.550474],[-46.291495,-3.550116],[-46.289589,-3.548603],[-46.289218,-3.548037],[-46.288334,-3.547705],[-46.287282,-3.548366],[-46.285828,-3.549699],[-46.281653,-3.549421],[-46.281347,-3.549549],[-46.281772,-3.551308],[-46.280945,-3.553586],[-46.279935,-3.555097],[-46.280233,-3.556304],[-46.278502,-3.555703],[-46.278104,-3.556786],[-46.278425,-3.557827],[-46.279392,-3.559493],[-46.27995,-3.560813],[-46.279314,-3.561362],[-46.277762,-3.561944],[-46.276946,-3.562094],[-46.275837,-3.561913],[-46.273941,-3.561073],[-46.273439,-3.560587],[-46.273161,-3.559566],[-46.273061,-3.556681],[-46.272693,-3.555258],[-46.271054,-3.555311],[-46.270014,-3.555845],[-46.268453,-3.559487],[-46.267799,-3.559846],[-46.266108,-3.559704],[-46.265398,-3.559488],[-46.264578,-3.559837],[-46.262278,-3.558825],[-46.261292,-3.558657],[-46.26026,-3.557974],[-46.258485,-3.55784],[-46.257866,-3.557557],[-46.257457,-3.557588],[-46.257112,-3.557894],[-46.25652,-3.558991],[-46.25636,-3.560438],[-46.256799,-3.561649],[-46.259487,-3.566011],[-46.259374,-3.566481],[-46.258375,-3.567845],[-46.2571,-3.569243],[-46.254371,-3.571783],[-46.254342,-3.572259],[-46.255009,-3.573025],[-46.254904,-3.57327],[-46.251219,-3.575146],[-46.248262,-3.575158],[-46.247485,-3.575022],[-46.246866,-3.574743],[-46.246558,-3.574276],[-46.245316,-3.571374],[-46.244766,-3.570806],[-46.24273,-3.572462],[-46.240692,-3.575604],[-46.24023,-3.577062],[-46.240366,-3.577518],[-46.241978,-3.577846],[-46.243352,-3.577686],[-46.244596,-3.577274],[-46.245198,-3.577445],[-46.245372,-3.577719],[-46.245359,-3.578098],[-46.244957,-3.579577],[-46.245257,-3.579697],[-46.245942,-3.579445],[-46.246121,-3.579678],[-46.246075,-3.58171],[-46.245653,-3.58268],[-46.242881,-3.584913],[-46.241942,-3.584923],[-46.239766,-3.583008],[-46.239046,-3.582666],[-46.237233,-3.585495],[-46.236007,-3.586182],[-46.23473,-3.586047],[-46.231604,-3.584774],[-46.23003,-3.586309],[-46.229227,-3.586694],[-46.229007,-3.587651],[-46.228206,-3.588413],[-46.227226,-3.588444],[-46.22689,-3.588726],[-46.225694,-3.588653],[-46.223338,-3.589253],[-46.221945,-3.589287],[-46.221617,-3.589076],[-46.221015,-3.588248],[-46.220396,-3.587044],[-46.219715,-3.584867],[-46.219298,-3.584484],[-46.218194,-3.584449],[-46.216402,-3.585865],[-46.215958,-3.585786],[-46.215058,-3.585306],[-46.21452,-3.584412],[-46.214055,-3.582673],[-46.213896,-3.582529],[-46.213525,-3.58255],[-46.211641,-3.583737],[-46.211149,-3.584478],[-46.21084,-3.585361],[-46.210715,-3.586688],[-46.211307,-3.592157],[-46.210163,-3.593045],[-46.209215,-3.593428],[-46.208325,-3.594314],[-46.207573,-3.594443],[-46.207147,-3.594689],[-46.206041,-3.595504],[-46.20544,-3.59615],[-46.205156,-3.596231],[-46.204572,-3.595651],[-46.204003,-3.594421],[-46.202519,-3.592544],[-46.202354,-3.591114],[-46.202577,-3.589068],[-46.202971,-3.588451],[-46.203581,-3.588642],[-46.203892,-3.588552],[-46.203914,-3.588372],[-46.203185,-3.58607],[-46.203316,-3.585079],[-46.202383,-3.583276],[-46.201504,-3.582471],[-46.199173,-3.581578],[-46.198369,-3.580847],[-46.196862,-3.580249],[-46.194856,-3.57986],[-46.194379,-3.579587],[-46.191326,-3.574738],[-46.189254,-3.573132],[-46.189038,-3.573127],[-46.188267,-3.573791],[-46.187579,-3.574674],[-46.187227,-3.57529],[-46.186948,-3.576481],[-46.186498,-3.576806],[-46.185698,-3.577058],[-46.184669,-3.577043],[-46.181916,-3.578237],[-46.180967,-3.577987],[-46.179427,-3.577205],[-46.178714,-3.577161],[-46.177962,-3.57751],[-46.177028,-3.578861],[-46.175025,-3.579777],[-46.17288,-3.579687],[-46.170098,-3.580004],[-46.169534,-3.579253],[-46.168802,-3.579952],[-46.167289,-3.580937],[-46.166592,-3.582046],[-46.166197,-3.582351],[-46.165981,-3.582272],[-46.165535,-3.581629],[-46.164845,-3.581357],[-46.163528,-3.579472],[-46.163282,-3.579468],[-46.162904,-3.58015],[-46.160855,-3.579458],[-46.159732,-3.579596],[-46.158023,-3.583453],[-46.157806,-3.585238],[-46.157061,-3.58781],[-46.156691,-3.588348],[-46.156441,-3.588463],[-46.155713,-3.588299],[-46.153344,-3.586964],[-46.151123,-3.586182],[-46.150362,-3.58637],[-46.149745,-3.587747],[-46.149449,-3.588],[-46.149112,-3.587876],[-46.148876,-3.586967],[-46.148618,-3.586765],[-46.146313,-3.587297],[-46.14547,-3.586798],[-46.144004,-3.585252],[-46.143398,-3.585227],[-46.142637,-3.585716],[-46.141803,-3.58673],[-46.141208,-3.588216],[-46.140953,-3.589688],[-46.140388,-3.59066],[-46.140311,-3.591357],[-46.140587,-3.592492],[-46.140556,-3.593317],[-46.140111,-3.594575],[-46.140903,-3.595847],[-46.140492,-3.59631],[-46.139784,-3.598675],[-46.138363,-3.599613],[-46.13842,-3.600504],[-46.138236,-3.600973],[-46.138361,-3.601654],[-46.137095,-3.602995],[-46.136819,-3.602895],[-46.136703,-3.602661],[-46.137098,-3.602128],[-46.137077,-3.601766],[-46.136677,-3.601587],[-46.135933,-3.601898],[-46.135561,-3.602381],[-46.134852,-3.604015],[-46.134033,-3.604712],[-46.13366,-3.605445],[-46.133073,-3.605812],[-46.131791,-3.606137],[-46.130731,-3.606085],[-46.13006,-3.60632],[-46.128885,-3.605362],[-46.128554,-3.60475],[-46.12855,-3.604129],[-46.128344,-3.603728],[-46.12704,-3.602912],[-46.126669,-3.60296],[-46.126584,-3.603216],[-46.126004,-3.603658],[-46.125457,-3.60312],[-46.125153,-3.603042],[-46.123706,-3.603803],[-46.123322,-3.603823],[-46.122939,-3.603618],[-46.122603,-3.603227],[-46.12212,-3.60097],[-46.122005,-3.599183],[-46.121535,-3.598439],[-46.120713,-3.598073],[-46.120312,-3.599697],[-46.118146,-3.601608],[-46.116956,-3.603179],[-46.115803,-3.605179],[-46.115099,-3.605447],[-46.114184,-3.605347],[-46.112355,-3.605543],[-46.109684,-3.604299],[-46.109511,-3.603631],[-46.109821,-3.602014],[-46.107819,-3.600704],[-46.105909,-3.598672],[-46.105569,-3.597523],[-46.105052,-3.596669],[-46.104365,-3.596378],[-46.103501,-3.596478],[-46.102716,-3.595617],[-46.102522,-3.595019],[-46.102749,-3.594852],[-46.103243,-3.595133],[-46.103571,-3.594536],[-46.103666,-3.593896],[-46.105081,-3.594374],[-46.105282,-3.59401],[-46.105686,-3.593862],[-46.105938,-3.593529],[-46.105925,-3.593258],[-46.106242,-3.592886],[-46.106174,-3.592542],[-46.106405,-3.592188],[-46.106747,-3.592015],[-46.107375,-3.59216],[-46.107759,-3.591632],[-46.10824,-3.591316],[-46.108922,-3.591435],[-46.109412,-3.591122],[-46.110005,-3.591124],[-46.111268,-3.590301],[-46.111871,-3.590141],[-46.112757,-3.590392],[-46.113244,-3.591154],[-46.113488,-3.591221],[-46.113526,-3.59101],[-46.113995,-3.590607],[-46.113919,-3.590107],[-46.114248,-3.589461],[-46.114656,-3.589529],[-46.115012,-3.590066],[-46.115742,-3.589361],[-46.115689,-3.588971],[-46.115204,-3.588761],[-46.114997,-3.588256],[-46.114824,-3.588318],[-46.114813,-3.58879],[-46.114569,-3.588595],[-46.114504,-3.588905],[-46.113648,-3.588627],[-46.113579,-3.588368],[-46.113782,-3.588172],[-46.113776,-3.587773],[-46.11354,-3.588258],[-46.113329,-3.588059],[-46.113113,-3.588212],[-46.112884,-3.587804],[-46.113061,-3.587575],[-46.113292,-3.587702],[-46.113304,-3.58748],[-46.113567,-3.587647],[-46.113814,-3.587552],[-46.113673,-3.587281],[-46.113865,-3.587062],[-46.113867,-3.586501],[-46.114366,-3.586312],[-46.114433,-3.585815],[-46.114708,-3.585494],[-46.115687,-3.585611],[-46.116004,-3.586043],[-46.116296,-3.585755],[-46.116286,-3.585439],[-46.116535,-3.58523],[-46.116998,-3.583002],[-46.116761,-3.582794],[-46.116661,-3.582354],[-46.117041,-3.581591],[-46.117405,-3.581565],[-46.117436,-3.581062],[-46.117714,-3.580545],[-46.117888,-3.58055],[-46.118151,-3.581352],[-46.11824,-3.581151],[-46.118729,-3.580967],[-46.119273,-3.580293],[-46.11985,-3.580043],[-46.119878,-3.579387],[-46.119331,-3.578947],[-46.118408,-3.57864],[-46.118346,-3.578011],[-46.118776,-3.57741],[-46.119598,-3.577122],[-46.119444,-3.576567],[-46.119999,-3.575404],[-46.119471,-3.57484],[-46.119376,-3.574054],[-46.119704,-3.573952],[-46.119773,-3.573668],[-46.120067,-3.573621],[-46.12018,-3.573393],[-46.120498,-3.573664],[-46.120906,-3.573059],[-46.120782,-3.572748],[-46.120046,-3.572077],[-46.120064,-3.571927],[-46.120324,-3.57176],[-46.120642,-3.571939],[-46.121396,-3.571825],[-46.121537,-3.571338],[-46.122245,-3.570746],[-46.123751,-3.570536],[-46.123925,-3.570048],[-46.123708,-3.570167],[-46.123476,-3.569964],[-46.123785,-3.568942],[-46.124135,-3.568717],[-46.124402,-3.568256],[-46.125592,-3.567414],[-46.125787,-3.566604],[-46.125777,-3.565121],[-46.126175,-3.564705],[-46.127617,-3.564083],[-46.127636,-3.563595],[-46.128231,-3.563065],[-46.128318,-3.562703],[-46.127875,-3.562307],[-46.126576,-3.562665],[-46.125829,-3.562632],[-46.125586,-3.562386],[-46.125595,-3.561782],[-46.125967,-3.561316],[-46.12603,-3.560878],[-46.126417,-3.560691],[-46.126819,-3.561213],[-46.127128,-3.561091],[-46.127021,-3.560576],[-46.126386,-3.559806],[-46.126546,-3.558941],[-46.126982,-3.558567],[-46.127294,-3.557962],[-46.127164,-3.557505],[-46.126523,-3.556624],[-46.126836,-3.55595],[-46.126049,-3.555024],[-46.126247,-3.554322],[-46.125641,-3.553267],[-46.125633,-3.552429],[-46.12533,-3.551917],[-46.12459,-3.551392],[-46.123531,-3.551235],[-46.1233,-3.551059],[-46.12315,-3.550564],[-46.122726,-3.550308],[-46.122549,-3.549835],[-46.123227,-3.549253],[-46.122916,-3.548627],[-46.121718,-3.54845],[-46.121583,-3.548264],[-46.121711,-3.547786],[-46.123016,-3.546354],[-46.123117,-3.545583],[-46.122842,-3.544872],[-46.123142,-3.544392],[-46.122953,-3.544195],[-46.123668,-3.543623],[-46.123663,-3.543223],[-46.124021,-3.542896],[-46.123846,-3.542551],[-46.122556,-3.541472],[-46.122393,-3.541076],[-46.123022,-3.540782],[-46.122985,-3.540604],[-46.123768,-3.540307],[-46.123709,-3.540015],[-46.123058,-3.53932],[-46.122844,-3.538848],[-46.124096,-3.537712],[-46.124287,-3.53733],[-46.124204,-3.537188],[-46.123739,-3.537362],[-46.122668,-3.537351],[-46.122151,-3.53687],[-46.122806,-3.535477],[-46.122849,-3.53507],[-46.122095,-3.533747],[-46.122313,-3.533509],[-46.122961,-3.533437],[-46.122245,-3.532683],[-46.122188,-3.531639],[-46.122987,-3.530604],[-46.122892,-3.530062],[-46.122662,-3.529834],[-46.122083,-3.529702],[-46.121371,-3.529884],[-46.120608,-3.530488],[-46.120152,-3.530499],[-46.11954,-3.530233],[-46.119686,-3.52983],[-46.120305,-3.52944],[-46.120456,-3.528731],[-46.119,-3.526934],[-46.120425,-3.526283],[-46.120201,-3.525853],[-46.120109,-3.524918],[-46.119289,-3.524365],[-46.119542,-3.523787],[-46.119336,-3.523331],[-46.118734,-3.523019],[-46.118382,-3.522605],[-46.118613,-3.521757],[-46.118658,-3.520577],[-46.11812,-3.519357],[-46.117414,-3.518597],[-46.115932,-3.51905],[-46.115183,-3.518864],[-46.11346,-3.517982],[-46.113112,-3.518018],[-46.112469,-3.518583],[-46.111659,-3.519845],[-46.11105,-3.521382],[-46.110116,-3.521791],[-46.109661,-3.521805],[-46.108955,-3.52128],[-46.107811,-3.520972],[-46.106958,-3.520278],[-46.106197,-3.520436],[-46.105672,-3.520253],[-46.105272,-3.519782],[-46.105089,-3.519258],[-46.104688,-3.518768],[-46.104087,-3.518548],[-46.103781,-3.517931],[-46.103784,-3.517314],[-46.104004,-3.516643],[-46.105025,-3.51543],[-46.105153,-3.51465],[-46.10461,-3.513359],[-46.105002,-3.512471],[-46.105187,-3.510511],[-46.105958,-3.508915],[-46.107585,-3.506894],[-46.108823,-3.504272],[-46.108963,-3.501898],[-46.108794,-3.500982],[-46.108388,-3.499862],[-46.108153,-3.498506],[-46.107647,-3.497285],[-46.106394,-3.495283],[-46.106502,-3.493521],[-46.10596,-3.491796],[-46.106539,-3.489803],[-46.107256,-3.489224],[-46.107665,-3.488445],[-46.107466,-3.487054],[-46.107636,-3.486614],[-46.108822,-3.486418],[-46.109431,-3.485883],[-45.924026,-3.485931],[-45.923652,-3.485737],[-45.792453,-3.48729],[-45.687544,-3.487298],[-45.543226,-3.489882],[-45.543086,-3.490055],[-45.543371,-3.490249],[-45.543421,-3.490855],[-45.542844,-3.491368],[-45.542855,-3.491812],[-45.54249,-3.491898],[-45.542767,-3.492288],[-45.542131,-3.49259],[-45.54142,-3.492469],[-45.541459,-3.493482],[-45.541129,-3.494105],[-45.541359,-3.494639],[-45.542176,-3.495373],[-45.54373,-3.495993],[-45.543849,-3.496272],[-45.544297,-3.496276],[-45.544399,-3.497284],[-45.54388,-3.497756],[-45.543383,-3.498848],[-45.54137,-3.498876],[-45.540862,-3.499153],[-45.540688,-3.499506],[-45.540923,-3.5002],[-45.543592,-3.501388],[-45.543375,-3.501832],[-45.541943,-3.502222],[-45.54146,-3.503246],[-45.541468,-3.50395],[-45.541782,-3.50456],[-45.542291,-3.505078],[-45.542381,-3.505494],[-45.540544,-3.507677],[-45.540483,-3.508646],[-45.538873,-3.509301],[-45.538265,-3.50932],[-45.53808,-3.509092],[-45.53762,-3.509068],[-45.537282,-3.508836],[-45.536894,-3.509036],[-45.536837,-3.509298],[-45.537229,-3.510053],[-45.537284,-3.510636],[-45.537203,-3.511037],[-45.536724,-3.511312],[-45.536698,-3.511715],[-45.537706,-3.512214],[-45.537753,-3.512679],[-45.536789,-3.51295],[-45.53681,-3.513439],[-45.536547,-3.513588],[-45.536131,-3.513556],[-45.536061,-3.513952],[-45.535407,-3.51425],[-45.535436,-3.51458],[-45.535102,-3.514849],[-45.53408,-3.515045],[-45.533566,-3.514551],[-45.533438,-3.514788],[-45.533346,-3.517124],[-45.534278,-3.517605],[-45.535365,-3.517871],[-45.5356,-3.518249],[-45.535402,-3.51868],[-45.535674,-3.519292],[-45.535339,-3.519953],[-45.534778,-3.520461],[-45.534141,-3.521652],[-45.53354,-3.521994],[-45.533329,-3.523],[-45.533495,-3.52376],[-45.533301,-3.524561],[-45.535221,-3.525905],[-45.535214,-3.52612],[-45.534586,-3.526447],[-45.534391,-3.526747],[-45.534454,-3.527125],[-45.534777,-3.527412],[-45.534818,-3.527654],[-45.534153,-3.528174],[-45.532736,-3.528612],[-45.531973,-3.528327],[-45.53157,-3.528678],[-45.531236,-3.528372],[-45.530811,-3.529043],[-45.530555,-3.528936],[-45.530607,-3.528706],[-45.530444,-3.528509],[-45.530046,-3.528661],[-45.529674,-3.529375],[-45.52993,-3.529771],[-45.530474,-3.529876],[-45.530159,-3.530477],[-45.53022,-3.530835],[-45.529386,-3.530581],[-45.529212,-3.530921],[-45.529195,-3.53168],[-45.52874,-3.531799],[-45.529073,-3.532391],[-45.528968,-3.532645],[-45.529197,-3.533197],[-45.529143,-3.533532],[-45.528759,-3.533742],[-45.528024,-3.533754],[-45.527896,-3.533123],[-45.527659,-3.532796],[-45.527406,-3.532762],[-45.52706,-3.533527],[-45.526611,-3.533995],[-45.526039,-3.534139],[-45.525851,-3.534414],[-45.524981,-3.534926],[-45.524333,-3.536247],[-45.524189,-3.537108],[-45.52449,-3.539357],[-45.52427,-3.540795],[-45.523245,-3.540771],[-45.522737,-3.539804],[-45.521604,-3.538438],[-45.521265,-3.538242],[-45.520928,-3.538257],[-45.52076,-3.538562],[-45.520988,-3.539525],[-45.52075,-3.540194],[-45.520835,-3.540672],[-45.520306,-3.54152],[-45.520444,-3.54189],[-45.521116,-3.542009],[-45.52115,-3.542585],[-45.520313,-3.544135],[-45.519455,-3.544587],[-45.519545,-3.544785],[-45.520149,-3.545115],[-45.520295,-3.545431],[-45.519821,-3.546338],[-45.519918,-3.547607],[-45.51965,-3.548343],[-45.519681,-3.54867],[-45.520348,-3.549338],[-45.521167,-3.549648],[-45.521322,-3.549956],[-45.520879,-3.551392],[-45.520066,-3.55248],[-45.520092,-3.552837],[-45.520483,-3.553017],[-45.520883,-3.55287],[-45.521725,-3.551989],[-45.522293,-3.551802],[-45.522672,-3.552307],[-45.522617,-3.553106],[-45.523113,-3.553803],[-45.523321,-3.55444],[-45.523067,-3.555039],[-45.521868,-3.55615],[-45.521741,-3.556521],[-45.522102,-3.556794],[-45.522928,-3.556514],[-45.523308,-3.556723],[-45.523587,-3.557178],[-45.523436,-3.557966],[-45.52294,-3.558514],[-45.52284,-3.559706],[-45.523191,-3.560546],[-45.522955,-3.56124],[-45.523375,-3.561429],[-45.526735,-3.561717],[-45.526776,-3.562444],[-45.52735,-3.562587],[-45.527914,-3.562999],[-45.528106,-3.563844],[-45.528416,-3.564168],[-45.528492,-3.564996],[-45.527934,-3.565331],[-45.527636,-3.565901],[-45.526677,-3.566311],[-45.526769,-3.566888],[-45.526508,-3.567171],[-45.525985,-3.567212],[-45.526101,-3.567777],[-45.525672,-3.568659],[-45.525389,-3.568966],[-45.524908,-3.568872],[-45.524862,-3.569514],[-45.524367,-3.569519],[-45.524748,-3.570647],[-45.52442,-3.571175],[-45.5239,-3.571578],[-45.523883,-3.572096],[-45.523061,-3.571634],[-45.522589,-3.570835],[-45.521567,-3.570209],[-45.52083,-3.57002],[-45.520406,-3.570629],[-45.520756,-3.572259],[-45.520955,-3.572395],[-45.521653,-3.572262],[-45.522011,-3.572589],[-45.521275,-3.573879],[-45.520652,-3.574332],[-45.521358,-3.57559],[-45.521244,-3.575935],[-45.520665,-3.576144],[-45.520474,-3.576556],[-45.52083,-3.578669],[-45.520486,-3.580621],[-45.5201,-3.581225],[-45.518865,-3.582357],[-45.518274,-3.582573],[-45.517563,-3.582552],[-45.516099,-3.581316],[-45.51494,-3.580963],[-45.514774,-3.580197],[-45.515246,-3.57949],[-45.515292,-3.579112],[-45.514941,-3.578636],[-45.513709,-3.578763],[-45.511901,-3.579531],[-45.510914,-3.579422],[-45.510592,-3.579058],[-45.51067,-3.578293],[-45.509965,-3.57565],[-45.509511,-3.575279],[-45.508808,-3.57563],[-45.508335,-3.577625],[-45.507464,-3.578807],[-45.506892,-3.579235],[-45.506754,-3.579656],[-45.506909,-3.579984],[-45.507649,-3.580581],[-45.508269,-3.580923],[-45.509169,-3.581141],[-45.509448,-3.581787],[-45.508916,-3.582289],[-45.508034,-3.582159],[-45.506826,-3.582615],[-45.506565,-3.582563],[-45.505224,-3.5836],[-45.504754,-3.584142],[-45.504632,-3.584607],[-45.504766,-3.585004],[-45.507131,-3.586198],[-45.507449,-3.586983],[-45.507439,-3.587366],[-45.506968,-3.58777],[-45.505439,-3.587573],[-45.504338,-3.588052],[-45.503406,-3.589688],[-45.502324,-3.592508],[-45.502807,-3.595386],[-45.502707,-3.595675],[-45.50193,-3.596368],[-45.501815,-3.596746],[-45.502156,-3.599195],[-45.501557,-3.599758],[-45.499563,-3.600282],[-45.496304,-3.600105],[-45.495618,-3.600404],[-45.495407,-3.600753],[-45.495384,-3.601185],[-45.496083,-3.602442],[-45.49596,-3.603642],[-45.495552,-3.60407],[-45.494217,-3.604677],[-45.493058,-3.605831],[-45.492457,-3.606831],[-45.491738,-3.608796],[-45.491783,-3.608971],[-45.492172,-3.609144],[-45.492221,-3.609394],[-45.49163,-3.610417],[-45.490882,-3.611135],[-45.489272,-3.610458],[-45.488069,-3.609754],[-45.48755,-3.608374],[-45.487651,-3.607462],[-45.4874,-3.607231],[-45.484746,-3.608313],[-45.484305,-3.608708],[-45.484321,-3.609426],[-45.484003,-3.609879],[-45.483481,-3.61007],[-45.481818,-3.610175],[-45.480911,-3.609097],[-45.480194,-3.608777],[-45.47954,-3.607147],[-45.478794,-3.607005],[-45.477464,-3.607573],[-45.476153,-3.60772],[-45.475941,-3.607582],[-45.475863,-3.607044],[-45.475198,-3.606786],[-45.474822,-3.605868],[-45.47444,-3.605415],[-45.473979,-3.605117],[-45.472418,-3.604811],[-45.471547,-3.603797],[-45.470512,-3.603773],[-45.469372,-3.604243],[-45.468842,-3.604085],[-45.468448,-3.603079],[-45.468574,-3.602344],[-45.469204,-3.600839],[-45.469458,-3.598491],[-45.469279,-3.597827],[-45.468562,-3.596751],[-45.467341,-3.59632],[-45.466766,-3.596427],[-45.464825,-3.597751],[-45.464465,-3.597805],[-45.464271,-3.597607],[-45.464172,-3.597335],[-45.464421,-3.596408],[-45.464434,-3.595479],[-45.464869,-3.594687],[-45.464858,-3.593562],[-45.46459,-3.592571],[-45.464049,-3.592063],[-45.462867,-3.591939],[-45.461385,-3.593913],[-45.460689,-3.594412],[-45.460322,-3.59433],[-45.459301,-3.593371],[-45.458801,-3.593177],[-45.458168,-3.593188],[-45.454961,-3.595372],[-45.453646,-3.595795],[-45.452283,-3.59583],[-45.451039,-3.596091],[-45.450272,-3.595834],[-45.449154,-3.595031],[-45.448484,-3.594858],[-45.44707,-3.595361],[-45.44557,-3.595589],[-45.443538,-3.595262],[-45.442122,-3.594527],[-45.44102,-3.593697],[-45.440259,-3.592459],[-45.439131,-3.588984],[-45.438502,-3.587697],[-45.43782,-3.587054],[-45.437038,-3.586846],[-45.434917,-3.587019],[-45.43297,-3.586783],[-45.43238,-3.586355],[-45.431273,-3.584643],[-45.430447,-3.584053],[-45.429295,-3.583595],[-45.425384,-3.58354],[-45.422921,-3.582866],[-45.421076,-3.581769],[-45.417162,-3.577961],[-45.415725,-3.577291],[-45.410967,-3.576748],[-45.409512,-3.57625],[-45.407962,-3.575263],[-45.406682,-3.575312],[-45.40603,-3.575018],[-45.405347,-3.575249],[-45.40493,-3.575638],[-45.403438,-3.578064],[-45.401915,-3.579937],[-45.399179,-3.583979],[-45.39907,-3.584744],[-45.399408,-3.585953],[-45.400032,-3.586894],[-45.401594,-3.588277],[-45.401702,-3.58869],[-45.401709,-3.589181],[-45.401531,-3.589564],[-45.400441,-3.590417],[-45.400296,-3.591279],[-45.400546,-3.592206],[-45.401698,-3.593645],[-45.401887,-3.594514],[-45.401727,-3.594894],[-45.401127,-3.595313],[-45.398925,-3.5955],[-45.398632,-3.5957],[-45.398514,-3.596009],[-45.398616,-3.596408],[-45.399312,-3.5969],[-45.400402,-3.597251],[-45.404176,-3.598099],[-45.405055,-3.598059],[-45.405756,-3.598311],[-45.407933,-3.60024],[-45.40826,-3.601003],[-45.408096,-3.601848],[-45.407522,-3.602366],[-45.40669,-3.602295],[-45.405313,-3.601734],[-45.404342,-3.601791],[-45.401943,-3.602861],[-45.398381,-3.604101],[-45.397127,-3.604375],[-45.395554,-3.604434],[-45.394968,-3.604708],[-45.394892,-3.605075],[-45.395036,-3.605544],[-45.397178,-3.607759],[-45.397878,-3.608995],[-45.398267,-3.610099],[-45.398726,-3.610735],[-45.399554,-3.611042],[-45.400146,-3.611066],[-45.40195,-3.610517],[-45.402806,-3.609802],[-45.403474,-3.608038],[-45.403749,-3.607662],[-45.404297,-3.607314],[-45.40467,-3.607315],[-45.405028,-3.607402],[-45.40574,-3.607946],[-45.406678,-3.609157],[-45.407724,-3.610043],[-45.412261,-3.612059],[-45.415209,-3.612618],[-45.416165,-3.61308],[-45.417407,-3.614164],[-45.418611,-3.616188],[-45.419548,-3.617147],[-45.419679,-3.61777],[-45.419484,-3.619942],[-45.418855,-3.622522],[-45.41917,-3.6234],[-45.419935,-3.624264],[-45.4212,-3.624958],[-45.422497,-3.626154],[-45.423532,-3.626694],[-45.424555,-3.626745],[-45.425195,-3.626558],[-45.426715,-3.625376],[-45.428116,-3.625212],[-45.42896,-3.624844],[-45.429422,-3.623984],[-45.429907,-3.621526],[-45.431453,-3.619018],[-45.432369,-3.618261],[-45.432954,-3.618066],[-45.434182,-3.618048],[-45.434887,-3.618516],[-45.435462,-3.619583],[-45.436324,-3.620698],[-45.436897,-3.620895],[-45.43975,-3.62093],[-45.440267,-3.621063],[-45.441761,-3.621989],[-45.443164,-3.623668],[-45.445019,-3.624204],[-45.445642,-3.624604],[-45.446174,-3.625306],[-45.447335,-3.628105],[-45.448404,-3.62928],[-45.449776,-3.629625],[-45.452886,-3.629408],[-45.4546,-3.629679],[-45.455489,-3.630375],[-45.456986,-3.632512],[-45.458393,-3.633011],[-45.46014,-3.63281],[-45.460968,-3.633239],[-45.463182,-3.636207],[-45.463595,-3.636978],[-45.463733,-3.637805],[-45.463602,-3.638713],[-45.463025,-3.640031],[-45.461503,-3.642075],[-45.46129,-3.643154],[-45.461534,-3.645142],[-45.460735,-3.646458],[-45.461044,-3.64689],[-45.46132,-3.646928],[-45.463301,-3.646178],[-45.465344,-3.646029],[-45.466257,-3.646711],[-45.466537,-3.647462],[-45.466117,-3.648885],[-45.464779,-3.651816],[-45.462562,-3.653314],[-45.461555,-3.654268],[-45.461328,-3.65523],[-45.461536,-3.656284],[-45.461997,-3.656912],[-45.462759,-3.657529],[-45.465598,-3.658614],[-45.466993,-3.659352],[-45.471928,-3.663213],[-45.47392,-3.663755],[-45.474674,-3.664594],[-45.477033,-3.666585],[-45.478191,-3.668434],[-45.478781,-3.668779],[-45.480125,-3.668375],[-45.480574,-3.668396],[-45.480878,-3.668558],[-45.481062,-3.669127],[-45.480712,-3.670243],[-45.480202,-3.670567],[-45.479754,-3.670587],[-45.478715,-3.670279],[-45.477578,-3.670646],[-45.475785,-3.67212],[-45.475012,-3.673259],[-45.472936,-3.673992],[-45.472651,-3.674335],[-45.472516,-3.67501],[-45.473152,-3.677846],[-45.473625,-3.678529],[-45.475255,-3.679752],[-45.475499,-3.680322],[-45.476894,-3.681561],[-45.478743,-3.682388],[-45.480202,-3.682589],[-45.481251,-3.683008],[-45.482572,-3.683989],[-45.483801,-3.685614],[-45.484189,-3.685843],[-45.491481,-3.687002],[-45.492945,-3.687419],[-45.49405,-3.688648],[-45.494565,-3.689696],[-45.49499,-3.691753],[-45.494885,-3.693626],[-45.49522,-3.694685],[-45.496608,-3.696385],[-45.49834,-3.697973],[-45.498746,-3.698147],[-45.499274,-3.698157],[-45.499754,-3.697508],[-45.500187,-3.69498],[-45.50075,-3.693652],[-45.501572,-3.693026],[-45.503626,-3.692145],[-45.504168,-3.691788],[-45.504261,-3.691431],[-45.504264,-3.690688],[-45.503903,-3.69015],[-45.502305,-3.688765],[-45.501903,-3.688195],[-45.501753,-3.687204],[-45.501998,-3.686586],[-45.502654,-3.686185],[-45.504168,-3.685763],[-45.504514,-3.685576],[-45.504882,-3.685069],[-45.504988,-3.684288],[-45.504303,-3.682481],[-45.504204,-3.681643],[-45.504748,-3.680088],[-45.505607,-3.679104],[-45.505666,-3.678631],[-45.505195,-3.677743],[-45.504077,-3.67683],[-45.503104,-3.676293],[-45.50309,-3.675575],[-45.503892,-3.675014],[-45.506156,-3.675028],[-45.509064,-3.674367],[-45.510168,-3.67451],[-45.51048,-3.674341],[-45.510637,-3.674042],[-45.510533,-3.673601],[-45.510014,-3.673032],[-45.508069,-3.67187],[-45.507514,-3.671173],[-45.507279,-3.670406],[-45.507462,-3.66959],[-45.508081,-3.669205],[-45.509019,-3.669311],[-45.51115,-3.671384],[-45.512087,-3.671846],[-45.512987,-3.671969],[-45.515054,-3.671814],[-45.519357,-3.670549],[-45.520106,-3.669868],[-45.520579,-3.668722],[-45.520559,-3.664528],[-45.520983,-3.662723],[-45.521703,-3.660685],[-45.52198,-3.660298],[-45.523638,-3.659493],[-45.525997,-3.659257],[-45.527022,-3.658791],[-45.528074,-3.658541],[-45.528973,-3.658541],[-45.530287,-3.658829],[-45.534183,-3.658869],[-45.53461,-3.659163],[-45.535396,-3.660312],[-45.53618,-3.660688],[-45.537943,-3.661164],[-45.540369,-3.662809],[-45.541196,-3.663029],[-45.5418,-3.662998],[-45.542554,-3.662493],[-45.544374,-3.659091],[-45.545223,-3.65844],[-45.545899,-3.658715],[-45.547118,-3.660234],[-45.548028,-3.66056],[-45.549115,-3.66024],[-45.550593,-3.659017],[-45.551561,-3.658437],[-45.552417,-3.658213],[-45.554256,-3.658248],[-45.554866,-3.658912],[-45.555781,-3.661423],[-45.556442,-3.66204],[-45.557004,-3.662265],[-45.557734,-3.662284],[-45.559281,-3.661754],[-45.560525,-3.661591],[-45.561774,-3.662108],[-45.562654,-3.662913],[-45.563411,-3.664181],[-45.564044,-3.664837],[-45.566221,-3.665734],[-45.566743,-3.666107],[-45.567108,-3.666846],[-45.567644,-3.668683],[-45.567987,-3.669135],[-45.568646,-3.669341],[-45.570665,-3.669097],[-45.571665,-3.66929],[-45.572249,-3.66968],[-45.573346,-3.670867],[-45.573949,-3.671119],[-45.574913,-3.67098],[-45.576663,-3.670189],[-45.577184,-3.670157],[-45.577759,-3.6708],[-45.578495,-3.67368],[-45.578952,-3.674417],[-45.579529,-3.674926],[-45.580163,-3.675195],[-45.580567,-3.675176],[-45.581528,-3.674958],[-45.582721,-3.674411],[-45.583346,-3.674353],[-45.583894,-3.674497],[-45.584393,-3.674968],[-45.585056,-3.677279],[-45.586015,-3.679672],[-45.586312,-3.680167],[-45.586589,-3.680296],[-45.587154,-3.680227],[-45.588462,-3.678617],[-45.589496,-3.678291],[-45.590129,-3.678371],[-45.591284,-3.679054],[-45.592415,-3.68001],[-45.592823,-3.680081],[-45.59309,-3.679807],[-45.593641,-3.678334],[-45.593992,-3.677935],[-45.594471,-3.677787],[-45.59513,-3.677908],[-45.595639,-3.678221],[-45.597734,-3.680037],[-45.598777,-3.680552],[-45.601262,-3.681058],[-45.603471,-3.681239],[-45.606035,-3.681186],[-45.608027,-3.681433],[-45.608544,-3.681252],[-45.609778,-3.680339],[-45.61052,-3.680049],[-45.614584,-3.679577],[-45.616067,-3.679004],[-45.617093,-3.678181],[-45.61883,-3.677182],[-45.619177,-3.676403],[-45.619091,-3.675832],[-45.6189,-3.67559],[-45.617706,-3.674389],[-45.616278,-3.673279],[-45.615868,-3.672583],[-45.615748,-3.671743],[-45.616622,-3.669237],[-45.616904,-3.669014],[-45.617617,-3.668929],[-45.619736,-3.669361],[-45.621215,-3.669269],[-45.622061,-3.668637],[-45.622498,-3.667731],[-45.622462,-3.666202],[-45.62183,-3.662439],[-45.62152,-3.662301],[-45.61956,-3.662324],[-45.618583,-3.661895],[-45.618116,-3.661495],[-45.617275,-3.659607],[-45.616964,-3.65651],[-45.617365,-3.655543],[-45.617913,-3.655344],[-45.620748,-3.655202],[-45.621492,-3.654677],[-45.621841,-3.654118],[-45.621861,-3.653394],[-45.621508,-3.652884],[-45.621006,-3.652534],[-45.619443,-3.65206],[-45.618391,-3.651213],[-45.618126,-3.650552],[-45.618058,-3.649607],[-45.618166,-3.649013],[-45.618482,-3.648491],[-45.621007,-3.647094],[-45.621627,-3.64656],[-45.622121,-3.64576],[-45.622279,-3.64483],[-45.622039,-3.640391],[-45.622268,-3.639583],[-45.624468,-3.636791],[-45.625863,-3.635926],[-45.626098,-3.635548],[-45.626632,-3.633945],[-45.626787,-3.63205],[-45.627019,-3.63144],[-45.627691,-3.631067],[-45.628508,-3.631108],[-45.630393,-3.631741],[-45.63208,-3.63164],[-45.633892,-3.631179],[-45.636612,-3.629895],[-45.637451,-3.629001],[-45.638586,-3.626145],[-45.638895,-3.625961],[-45.6396,-3.625899],[-45.642793,-3.62621],[-45.643308,-3.625869],[-45.643482,-3.625506],[-45.643497,-3.624248],[-45.643027,-3.622501],[-45.643102,-3.6222],[-45.643823,-3.621593],[-45.644998,-3.621426],[-45.645449,-3.621586],[-45.646078,-3.622219],[-45.647683,-3.625852],[-45.64827,-3.626709],[-45.649088,-3.627272],[-45.649903,-3.627355],[-45.653382,-3.625126],[-45.654288,-3.62506],[-45.658219,-3.625838],[-45.658664,-3.626231],[-45.65904,-3.626885],[-45.659704,-3.629528],[-45.660159,-3.630449],[-45.661586,-3.632503],[-45.662435,-3.633228],[-45.663561,-3.633207],[-45.665506,-3.632663],[-45.666082,-3.632937],[-45.666819,-3.633755],[-45.668875,-3.634137],[-45.669449,-3.634161],[-45.672476,-3.633553],[-45.673597,-3.633672],[-45.676891,-3.635306],[-45.679534,-3.63639],[-45.68056,-3.637386],[-45.681177,-3.638393],[-45.682579,-3.639365],[-45.683208,-3.639558],[-45.686621,-3.639935],[-45.686862,-3.639862],[-45.687275,-3.639212],[-45.687362,-3.637624],[-45.687635,-3.636799],[-45.688307,-3.636017],[-45.689183,-3.635281],[-45.691394,-3.634516],[-45.692953,-3.633722],[-45.695842,-3.635032],[-45.696303,-3.635371],[-45.696816,-3.636424],[-45.697251,-3.636802],[-45.698194,-3.637102],[-45.700288,-3.636885],[-45.70121,-3.63711],[-45.70195,-3.639804],[-45.702271,-3.640232],[-45.703047,-3.640887],[-45.705071,-3.641773],[-45.706162,-3.641643],[-45.708364,-3.640257],[-45.709243,-3.639982],[-45.71051,-3.639938],[-45.712461,-3.640417],[-45.713508,-3.64039],[-45.715008,-3.639383],[-45.715436,-3.638877],[-45.715918,-3.637791],[-45.716911,-3.636772],[-45.717361,-3.636509],[-45.718189,-3.636597],[-45.719666,-3.637188],[-45.721075,-3.637154],[-45.721811,-3.637058],[-45.724533,-3.636164],[-45.728665,-3.63629],[-45.732506,-3.635353],[-45.733318,-3.635532],[-45.734347,-3.636069],[-45.735952,-3.637255],[-45.737071,-3.637529],[-45.739225,-3.637591],[-45.739673,-3.63777],[-45.74012,-3.638251],[-45.740618,-3.639521],[-45.740389,-3.641093],[-45.740853,-3.641994],[-45.741267,-3.642257],[-45.742285,-3.642245],[-45.742889,-3.641803],[-45.743975,-3.640494],[-45.744898,-3.640052],[-45.745563,-3.639974],[-45.747292,-3.640534],[-45.748271,-3.641188],[-45.751057,-3.643616],[-45.753154,-3.644125],[-45.753725,-3.644002],[-45.756147,-3.642889],[-45.757462,-3.642704],[-45.760567,-3.64271],[-45.761686,-3.64304],[-45.764086,-3.644696],[-45.765126,-3.644841],[-45.765394,-3.644584],[-45.767028,-3.641087],[-45.768381,-3.639751],[-45.768877,-3.639708],[-45.770894,-3.640132],[-45.772081,-3.640813],[-45.77284,-3.640894],[-45.773387,-3.640813],[-45.775292,-3.639981],[-45.776321,-3.639806],[-45.777489,-3.640346],[-45.779342,-3.641696],[-45.780196,-3.642127],[-45.781656,-3.642309],[-45.782707,-3.642112],[-45.784218,-3.641441],[-45.785349,-3.640361],[-45.787728,-3.63731],[-45.788473,-3.636894],[-45.790273,-3.636423],[-45.793278,-3.636337],[-45.793901,-3.637246],[-45.794646,-3.637976],[-45.796558,-3.638618],[-45.799966,-3.638764],[-45.801411,-3.639253],[-45.802054,-3.639092],[-45.802725,-3.638545],[-45.803798,-3.636698],[-45.804367,-3.6361],[-45.805024,-3.635713],[-45.805951,-3.635531],[-45.808695,-3.635582],[-45.813509,-3.636318],[-45.814993,-3.63764],[-45.816416,-3.638501],[-45.819409,-3.639129],[-45.820489,-3.639508],[-45.827233,-3.642559],[-45.828882,-3.643927],[-45.829364,-3.644577],[-45.830546,-3.647635],[-45.831013,-3.648299],[-45.83202,-3.648824],[-45.833356,-3.648394],[-45.833808,-3.648511],[-45.83429,-3.648875],[-45.835655,-3.650853],[-45.836122,-3.651999],[-45.836012,-3.652765],[-45.834626,-3.654393],[-45.834253,-3.655232],[-45.834144,-3.65648],[-45.834815,-3.657794],[-45.836487,-3.66002],[-45.837532,-3.661228],[-45.839968,-3.663399],[-45.841063,-3.664786],[-45.841479,-3.664866],[-45.841946,-3.664727],[-45.842756,-3.664289],[-45.843026,-3.663815],[-45.842931,-3.662589],[-45.842504,-3.660826],[-45.842803,-3.659702],[-45.843577,-3.658746],[-45.84435,-3.658308],[-45.845168,-3.658126],[-45.846502,-3.658283],[-45.848547,-3.659659],[-45.850153,-3.659943],[-45.850685,-3.659885],[-45.852517,-3.658958],[-45.853043,-3.659031],[-45.853676,-3.659769],[-45.854568,-3.661753],[-45.855378,-3.662315],[-45.856203,-3.662549],[-45.857283,-3.662082],[-45.858991,-3.661753],[-45.862684,-3.662957],[-45.864873,-3.663213],[-45.868208,-3.662607],[-45.873835,-3.66087],[-45.876222,-3.660388],[-45.881564,-3.658155],[-45.882031,-3.658089],[-45.882805,-3.658308],[-45.885104,-3.659257],[-45.888112,-3.659847],[-45.889198,-3.660687],[-45.889436,-3.661173],[-45.889412,-3.661839],[-45.888961,-3.66249],[-45.887287,-3.663292],[-45.886972,-3.664631],[-45.887889,-3.665226],[-45.888641,-3.665169],[-45.890473,-3.663502],[-45.89171,-3.662677],[-45.8921,-3.662662],[-45.892451,-3.662929],[-45.893305,-3.665615],[-45.895169,-3.66772],[-45.895454,-3.668917],[-45.895341,-3.670632],[-45.895728,-3.671946],[-45.897315,-3.672606],[-45.89884,-3.672741],[-45.899618,-3.673373],[-45.901289,-3.675588],[-45.901752,-3.675887],[-45.903219,-3.676376],[-45.90377,-3.676836],[-45.904277,-3.677481],[-45.905204,-3.679551],[-45.906204,-3.68266],[-45.907226,-3.683908],[-45.910547,-3.687163],[-45.911773,-3.689688],[-45.912368,-3.690385],[-45.913561,-3.690932],[-45.915604,-3.691177],[-45.918013,-3.692213],[-45.9191,-3.692519],[-45.922426,-3.692117],[-45.923867,-3.692082],[-45.924475,-3.692242],[-45.927501,-3.694499],[-45.930128,-3.696769],[-45.931894,-3.697214],[-45.932405,-3.697659],[-45.933135,-3.700075],[-45.933989,-3.700637],[-45.934405,-3.700673],[-45.93655,-3.699732],[-45.938068,-3.699878],[-45.940097,-3.699739],[-45.940389,-3.699871],[-45.940878,-3.70033],[-45.940988,-3.701075],[-45.939499,-3.702093],[-45.939105,-3.702969],[-45.939222,-3.703509],[-45.940404,-3.70437],[-45.941608,-3.704618],[-45.943578,-3.705647],[-45.944206,-3.70572],[-45.945717,-3.70553],[-45.947468,-3.706092],[-45.948133,-3.706136],[-45.948811,-3.706063],[-45.949738,-3.705647],[-45.952088,-3.703129],[-45.952446,-3.702509],[-45.953511,-3.699217],[-45.954847,-3.697707],[-45.955613,-3.697123],[-45.956029,-3.696984],[-45.956701,-3.69713],[-45.956978,-3.69751],[-45.957599,-3.699393],[-45.958044,-3.699867],[-45.958879,-3.700094],[-45.960269,-3.700132],[-45.963065,-3.697809],[-45.964247,-3.697101],[-45.968429,-3.695726],[-45.970949,-3.695361],[-45.97195,-3.694572],[-45.972764,-3.693463],[-45.972928,-3.692802],[-45.972684,-3.692605],[-45.971523,-3.692561],[-45.971159,-3.691806],[-45.971213,-3.690722],[-45.972797,-3.68865],[-45.974476,-3.687613],[-45.975523,-3.686033],[-45.976694,-3.685311],[-45.97811,-3.684836],[-45.980482,-3.683544],[-45.983004,-3.682548],[-45.987229,-3.682939],[-45.988076,-3.684501],[-45.988331,-3.684712],[-45.98912,-3.68488],[-45.989652,-3.684674],[-45.990905,-3.683409],[-45.991528,-3.683093],[-45.993642,-3.68415],[-45.994627,-3.68386],[-45.995021,-3.683887],[-45.995627,-3.684267],[-45.995869,-3.685339],[-45.995355,-3.686952],[-45.995782,-3.68855],[-45.995748,-3.689039],[-45.995305,-3.689382],[-45.994077,-3.689728],[-45.993648,-3.690215],[-45.993889,-3.691109],[-45.995387,-3.692731],[-45.996018,-3.692772],[-45.99662,-3.692281],[-45.997001,-3.692193],[-45.997259,-3.692303],[-45.997689,-3.693562],[-45.998116,-3.693868],[-45.999935,-3.693512],[-46.000769,-3.694248],[-46.002169,-3.694456],[-46.00234,-3.694863],[-46.001661,-3.695673],[-46.001628,-3.695968],[-46.002044,-3.696556],[-46.003176,-3.696614],[-46.003949,-3.697037],[-46.00508,-3.700427],[-46.005697,-3.700785],[-46.007704,-3.700537],[-46.008492,-3.700763],[-46.008861,-3.70123],[-46.008905,-3.701905],[-46.00943,-3.702814],[-46.009817,-3.702741],[-46.01008,-3.701756],[-46.010576,-3.701135],[-46.011193,-3.701022],[-46.011434,-3.701132],[-46.01155,-3.701933],[-46.011109,-3.70311],[-46.011193,-3.703668],[-46.011528,-3.704197],[-46.01216,-3.704471],[-46.012525,-3.704405],[-46.012904,-3.704098],[-46.013203,-3.70416],[-46.01332,-3.704624],[-46.01316,-3.705627],[-46.013554,-3.70593],[-46.015386,-3.705638],[-46.016422,-3.705981],[-46.017353,-3.705901],[-46.017823,-3.704244],[-46.019009,-3.703234],[-46.022034,-3.702274],[-46.023304,-3.702464],[-46.024757,-3.701537],[-46.027435,-3.702143],[-46.029438,-3.704365],[-46.029843,-3.704409],[-46.032347,-3.703646],[-46.033361,-3.70277],[-46.034345,-3.702371],[-46.035027,-3.702312],[-46.037056,-3.702706],[-46.037384,-3.702523],[-46.038001,-3.701575],[-46.038377,-3.701345],[-46.040034,-3.701221],[-46.04142,-3.700688],[-46.042208,-3.700718],[-46.043412,-3.701187],[-46.04411,-3.701276],[-46.044631,-3.701805],[-46.045115,-3.702779],[-46.045719,-3.70342],[-46.046137,-3.703564],[-46.046323,-3.703104],[-46.04627,-3.702268],[-46.046467,-3.701778],[-46.049022,-3.700683],[-46.049525,-3.701011],[-46.049511,-3.702128],[-46.049704,-3.702555],[-46.050419,-3.703095],[-46.052105,-3.702803],[-46.053521,-3.701807],[-46.054317,-3.701628],[-46.055349,-3.701872],[-46.057641,-3.703146],[-46.059144,-3.703463],[-46.060403,-3.704365],[-46.061261,-3.704536],[-46.06152,-3.704799],[-46.061513,-3.705058],[-46.061057,-3.705642],[-46.060918,-3.706219],[-46.061892,-3.707638],[-46.061929,-3.709521],[-46.063107,-3.712083],[-46.064286,-3.714174],[-46.064852,-3.714517],[-46.065936,-3.71479],[-46.067727,-3.716914],[-46.068322,-3.71737],[-46.069727,-3.716856],[-46.071015,-3.717462],[-46.071665,-3.717308],[-46.07181,-3.716874],[-46.07138,-3.715881],[-46.071584,-3.715349],[-46.071953,-3.715057],[-46.072679,-3.71506],[-46.075018,-3.716246],[-46.076076,-3.716458],[-46.077076,-3.716232],[-46.078175,-3.715692],[-46.078507,-3.715418],[-46.079021,-3.714542],[-46.080393,-3.714473],[-46.081331,-3.714659],[-46.082663,-3.715097],[-46.082834,-3.716761],[-46.083914,-3.718113],[-46.084463,-3.72086],[-46.084705,-3.721086],[-46.08605,-3.72123],[-46.088535,-3.720959],[-46.089831,-3.72103],[-46.093513,-3.720584],[-46.094663,-3.719301],[-46.095574,-3.718797],[-46.097738,-3.718496],[-46.100564,-3.71759],[-46.101443,-3.717459],[-46.101824,-3.717915],[-46.102276,-3.718977],[-46.103698,-3.719893],[-46.104182,-3.720698],[-46.103947,-3.721911],[-46.102664,-3.722885],[-46.102377,-3.723627],[-46.102326,-3.725875],[-46.103273,-3.728225],[-46.103561,-3.728571],[-46.104604,-3.728436],[-46.105305,-3.728718],[-46.105892,-3.729449],[-46.106877,-3.731606],[-46.108865,-3.732416],[-46.110001,-3.73356],[-46.110237,-3.734025],[-46.10993,-3.7353],[-46.110025,-3.735779],[-46.110315,-3.736197],[-46.110729,-3.736562],[-46.111213,-3.736733],[-46.112087,-3.735812],[-46.113045,-3.735798],[-46.117493,-3.737683],[-46.119237,-3.738232],[-46.11943,-3.738672],[-46.1195,-3.741123],[-46.120097,-3.742127],[-46.120933,-3.742912],[-46.122235,-3.746376],[-46.122615,-3.747038],[-46.123014,-3.747424],[-46.124195,-3.747351],[-46.125792,-3.74821],[-46.127342,-3.748253],[-46.12775,-3.749991],[-46.129154,-3.750325],[-46.129709,-3.75077],[-46.129927,-3.751309],[-46.130018,-3.752885],[-46.130275,-3.753244],[-46.131391,-3.754026],[-46.131613,-3.754585],[-46.131659,-3.755393],[-46.133911,-3.756307],[-46.1343,-3.756237],[-46.134771,-3.755663],[-46.135219,-3.755565],[-46.135553,-3.755704],[-46.136255,-3.756711],[-46.136417,-3.758022],[-46.136871,-3.759112],[-46.137694,-3.759428],[-46.137885,-3.759757],[-46.137818,-3.760252],[-46.137297,-3.761286],[-46.13728,-3.762061],[-46.13901,-3.764183],[-46.140462,-3.764094],[-46.142237,-3.764379],[-46.142521,-3.764798],[-46.142156,-3.765765],[-46.142241,-3.766155],[-46.143361,-3.766207],[-46.144176,-3.767113],[-46.145198,-3.767804],[-46.146413,-3.767101],[-46.146343,-3.766151],[-46.146593,-3.765672],[-46.14701,-3.765743],[-46.148203,-3.766395],[-46.149364,-3.767629],[-46.14889,-3.768265],[-46.149166,-3.768905],[-46.149551,-3.769071],[-46.150675,-3.768995],[-46.15239,-3.769868],[-46.153175,-3.770959],[-46.154093,-3.771834],[-46.154169,-3.772881],[-46.154572,-3.773395],[-46.15555,-3.773519],[-46.157488,-3.774169],[-46.157615,-3.774658],[-46.156884,-3.775813],[-46.156628,-3.776749],[-46.156112,-3.777597],[-46.156123,-3.778086],[-46.156586,-3.778236],[-46.158209,-3.777672],[-46.159091,-3.77795],[-46.16155,-3.779823],[-46.161884,-3.781326],[-46.162353,-3.782034],[-46.16512,-3.783883],[-46.165451,-3.785065],[-46.166288,-3.786376],[-46.166811,-3.787814],[-46.165941,-3.789385],[-46.165977,-3.789826],[-46.166281,-3.79036],[-46.166253,-3.790906],[-46.166033,-3.79136],[-46.165665,-3.791413],[-46.164504,-3.790552],[-46.163713,-3.79058],[-46.163398,-3.790818],[-46.163025,-3.791646],[-46.163091,-3.794851],[-46.164379,-3.797124],[-46.16616,-3.79956],[-46.166645,-3.801453],[-46.167604,-3.803036],[-46.167688,-3.804199],[-46.168012,-3.804394],[-46.168897,-3.804491],[-46.169304,-3.80492],[-46.169042,-3.806252],[-46.169203,-3.807386],[-46.168695,-3.808119],[-46.168633,-3.808578],[-46.16885,-3.808868],[-46.169703,-3.808916],[-46.16981,-3.809109],[-46.169605,-3.809866],[-46.17032,-3.809951],[-46.17061,-3.810225],[-46.17033,-3.811886],[-46.170522,-3.8127],[-46.171038,-3.812847],[-46.171874,-3.812401],[-46.17316,-3.812729],[-46.173606,-3.813045],[-46.174109,-3.814484],[-46.174647,-3.81507],[-46.175469,-3.815223],[-46.176446,-3.81464],[-46.177164,-3.814609],[-46.178195,-3.814999],[-46.17934,-3.815865],[-46.179581,-3.817315],[-46.180129,-3.819014],[-46.179682,-3.82126],[-46.180308,-3.822981],[-46.181052,-3.824213],[-46.181197,-3.824914],[-46.180959,-3.82561],[-46.179975,-3.826273],[-46.179768,-3.826579],[-46.179918,-3.827032],[-46.180963,-3.827533],[-46.181137,-3.827848],[-46.180879,-3.828539],[-46.180015,-3.829376],[-46.179996,-3.830574],[-46.18017,-3.830776],[-46.18057,-3.830726],[-46.180954,-3.829901],[-46.181256,-3.829727],[-46.181743,-3.829763],[-46.182735,-3.832433],[-46.182486,-3.832755],[-46.181875,-3.832966],[-46.181714,-3.833235],[-46.181839,-3.833553],[-46.182475,-3.834138],[-46.182583,-3.834752],[-46.180989,-3.835589],[-46.180645,-3.836027],[-46.180567,-3.836494],[-46.180959,-3.836835],[-46.18216,-3.836576],[-46.182619,-3.836953],[-46.182619,-3.837239],[-46.182005,-3.838549],[-46.182332,-3.839305],[-46.183274,-3.840265],[-46.182973,-3.844811],[-46.183314,-3.845269],[-46.183693,-3.845459],[-46.185075,-3.845536],[-46.18641,-3.844911],[-46.187431,-3.84465],[-46.187948,-3.844933],[-46.188424,-3.845742],[-46.189245,-3.846479],[-46.189349,-3.846783],[-46.189014,-3.847366],[-46.188965,-3.847915],[-46.189133,-3.848241],[-46.18982,-3.848673],[-46.189924,-3.848949],[-46.189363,-3.850125],[-46.189361,-3.850927],[-46.190683,-3.852417],[-46.190681,-3.853047],[-46.191193,-3.854711],[-46.191524,-3.854915],[-46.191827,-3.854881],[-46.192987,-3.854291],[-46.193691,-3.854385],[-46.194213,-3.854806],[-46.196111,-3.857018],[-46.196623,-3.858006],[-46.196608,-3.859443],[-46.195959,-3.859999],[-46.195669,-3.860564],[-46.195856,-3.862843],[-46.196168,-3.863833],[-46.19742,-3.865935],[-46.198464,-3.867231],[-46.198202,-3.867479],[-46.197409,-3.867399],[-46.197168,-3.867654],[-46.197281,-3.869612],[-46.199545,-3.871977],[-46.201527,-3.872961],[-46.202801,-3.873181],[-46.203615,-3.874322],[-46.203487,-3.875432],[-46.203661,-3.876106],[-46.203494,-3.876911],[-46.203913,-3.87804],[-46.203256,-3.878603],[-46.203152,-3.879095],[-46.20407,-3.880046],[-46.203307,-3.881568],[-46.203616,-3.882609],[-46.203406,-3.884252],[-46.204021,-3.886059],[-46.203382,-3.887865],[-46.203458,-3.888505],[-46.203307,-3.889779],[-46.203463,-3.892242],[-46.203878,-3.893199],[-46.20382,-3.894437],[-46.204207,-3.895777],[-46.20413,-3.896883],[-46.204684,-3.898801],[-46.204746,-3.899308],[-46.204433,-3.900305],[-46.204872,-3.90116],[-46.204751,-3.902373],[-46.204873,-3.902691],[-46.205762,-3.902952],[-46.205724,-3.904223],[-46.20682,-3.905318],[-46.206843,-3.905537],[-46.206696,-3.905989],[-46.205712,-3.906635],[-46.205359,-3.907321],[-46.204851,-3.908859],[-46.204555,-3.910876],[-46.204679,-3.91145],[-46.205272,-3.912284],[-46.204679,-3.913236],[-46.204687,-3.913738],[-46.205209,-3.913993],[-46.205261,-3.914244],[-46.204799,-3.914697],[-46.205017,-3.91532],[-46.204808,-3.915871],[-46.204379,-3.915914],[-46.204281,-3.916073],[-46.204756,-3.917607],[-46.204201,-3.918891],[-46.204313,-3.919341],[-46.20484,-3.919873],[-46.205357,-3.921265],[-46.205797,-3.921828],[-46.205975,-3.922363],[-46.205176,-3.924829],[-46.205408,-3.926598],[-46.205227,-3.927567],[-46.205333,-3.928021],[-46.206604,-3.929249],[-46.20737,-3.929419],[-46.207641,-3.929639],[-46.207731,-3.93003],[-46.207391,-3.930823],[-46.207806,-3.931349],[-46.209216,-3.931561],[-46.209818,-3.93124],[-46.210247,-3.931239],[-46.211114,-3.931713],[-46.211014,-3.932658],[-46.211212,-3.932926],[-46.211695,-3.933127],[-46.21232,-3.932968],[-46.212641,-3.932012],[-46.213136,-3.932025],[-46.213566,-3.93267],[-46.214335,-3.933067],[-46.214633,-3.933451],[-46.214591,-3.933724],[-46.213841,-3.934498],[-46.213834,-3.935275],[-46.214013,-3.93566],[-46.214345,-3.93601],[-46.215021,-3.93635],[-46.215563,-3.936974],[-46.216177,-3.937166],[-46.216644,-3.937509],[-46.216856,-3.937447],[-46.216967,-3.936871],[-46.217161,-3.936793],[-46.217489,-3.936917],[-46.217829,-3.937445],[-46.218602,-3.93759],[-46.21884,-3.937881],[-46.218711,-3.938956],[-46.218925,-3.939379],[-46.219257,-3.93935],[-46.220019,-3.938638],[-46.2203,-3.938695],[-46.220606,-3.93902],[-46.220927,-3.93903],[-46.221691,-3.938053],[-46.222213,-3.938052],[-46.222405,-3.938337],[-46.222412,-3.939376],[-46.222901,-3.940144],[-46.22262,-3.940864],[-46.222877,-3.941568],[-46.223776,-3.942358],[-46.224784,-3.942979],[-46.225371,-3.942323],[-46.225926,-3.942161],[-46.227584,-3.942974],[-46.228239,-3.943679],[-46.229048,-3.943937],[-46.229896,-3.944706],[-46.230233,-3.945182],[-46.23049,-3.946159],[-46.230693,-3.946391],[-46.23197,-3.9465],[-46.233922,-3.948001],[-46.234128,-3.947959],[-46.23432,-3.947638],[-46.234033,-3.946265],[-46.234495,-3.945988],[-46.236145,-3.946759],[-46.236339,-3.947016],[-46.236411,-3.94771],[-46.23682,-3.94796],[-46.237235,-3.947892],[-46.238034,-3.947079],[-46.238594,-3.946856],[-46.240115,-3.94683],[-46.241836,-3.947073],[-46.24231,-3.947351],[-46.242689,-3.947816],[-46.243499,-3.948076],[-46.243786,-3.948396],[-46.244076,-3.949205],[-46.244496,-3.949391],[-46.245534,-3.948989],[-46.24633,-3.94909],[-46.247681,-3.949922],[-46.249841,-3.950841],[-46.251028,-3.950988],[-46.251296,-3.951164],[-46.251394,-3.951418],[-46.25063,-3.952823],[-46.250664,-3.953526],[-46.250291,-3.954438],[-46.250365,-3.955188],[-46.251192,-3.955765],[-46.251581,-3.956379],[-46.25164,-3.957053],[-46.251486,-3.957553],[-46.251721,-3.957892],[-46.252404,-3.958261],[-46.253448,-3.959322],[-46.253877,-3.959357],[-46.254105,-3.958834],[-46.254487,-3.958884],[-46.254532,-3.959769],[-46.254715,-3.959953],[-46.255921,-3.95995],[-46.256176,-3.960404],[-46.25586,-3.96082],[-46.255937,-3.961315],[-46.256916,-3.961835],[-46.256916,-3.962211],[-46.255979,-3.962925],[-46.256015,-3.963859],[-46.256294,-3.964202],[-46.257225,-3.964619],[-46.25759,-3.965043],[-46.258058,-3.966045],[-46.258668,-3.96672],[-46.258694,-3.967026],[-46.258573,-3.967268],[-46.258204,-3.96746],[-46.257123,-3.967332],[-46.256971,-3.967831],[-46.258206,-3.969359],[-46.258412,-3.970678],[-46.258779,-3.971251],[-46.25926,-3.972673],[-46.259288,-3.974313],[-46.25973,-3.975652],[-46.260263,-3.976044],[-46.260659,-3.977157],[-46.261453,-3.977363],[-46.261479,-3.977768],[-46.261165,-3.978431],[-46.261556,-3.97919],[-46.261763,-3.980089],[-46.261961,-3.980336],[-46.262905,-3.980825],[-46.263128,-3.981178],[-46.263855,-3.983555],[-46.264212,-3.983754],[-46.265433,-3.983815],[-46.26619,-3.984506],[-46.267252,-3.987652],[-46.267706,-3.988068],[-46.268336,-3.988247],[-46.268346,-3.988536],[-46.267675,-3.988766],[-46.26762,-3.989062],[-46.268878,-3.990092],[-46.269959,-3.990071],[-46.269772,-3.991801],[-46.271005,-3.991363],[-46.272668,-3.991718],[-46.272949,-3.991934],[-46.274375,-3.994417],[-46.274031,-3.99616],[-46.274611,-3.996755],[-46.274685,-3.997137],[-46.274384,-3.997562],[-46.273803,-3.997678],[-46.273746,-3.997991],[-46.276395,-3.999573],[-46.27686,-4.001105],[-46.277669,-4.002072],[-46.278366,-4.002465],[-46.278091,-4.002993],[-46.277426,-4.003415],[-46.277477,-4.004178],[-46.276679,-4.004265],[-46.276485,-4.004616],[-46.276649,-4.005028],[-46.277063,-4.005323],[-46.277779,-4.004997],[-46.278015,-4.00504],[-46.278232,-4.005435],[-46.278272,-4.006008],[-46.277863,-4.006251],[-46.276633,-4.006511],[-46.276346,-4.007],[-46.276573,-4.007589],[-46.27742,-4.007993],[-46.277792,-4.008395],[-46.278737,-4.010833],[-46.279237,-4.011123],[-46.280473,-4.011273],[-46.281299,-4.01168],[-46.283057,-4.013414],[-46.284409,-4.015076],[-46.285956,-4.016432],[-46.287362,-4.01748],[-46.288289,-4.017418],[-46.288098,-4.018638],[-46.289156,-4.019553],[-46.28935,-4.019591],[-46.289821,-4.01926],[-46.290303,-4.019243],[-46.291288,-4.020214],[-46.291546,-4.020278],[-46.293254,-4.019375],[-46.293599,-4.019375],[-46.294623,-4.019813],[-46.294837,-4.01972],[-46.295406,-4.018682],[-46.296974,-4.017802],[-46.298808,-4.018543],[-46.300054,-4.019375],[-46.302689,-4.019856],[-46.303007,-4.020217],[-46.303889,-4.02306],[-46.3042,-4.023151],[-46.305068,-4.023007],[-46.305574,-4.02316],[-46.306521,-4.024305],[-46.307448,-4.025108],[-46.308091,-4.025989],[-46.308631,-4.026156],[-46.310143,-4.026093],[-46.311403,-4.0273],[-46.31245,-4.027521],[-46.313038,-4.028338],[-46.313652,-4.02974],[-46.31395,-4.030032],[-46.315464,-4.030457],[-46.317252,-4.03035],[-46.318314,-4.030662],[-46.319657,-4.031691],[-46.322044,-4.03403],[-46.32232,-4.035152],[-46.322629,-4.03559],[-46.323092,-4.035601],[-46.323614,-4.035037],[-46.324042,-4.034886],[-46.325905,-4.035521],[-46.329168,-4.035768],[-46.330064,-4.036607],[-46.331787,-4.037722],[-46.331976,-4.038286],[-46.33207,-4.040554],[-46.332658,-4.041589],[-46.333581,-4.042281],[-46.334127,-4.042557],[-46.335057,-4.042658],[-46.336405,-4.042364],[-46.336948,-4.042745],[-46.33822,-4.042385],[-46.339332,-4.043629],[-46.340391,-4.044313],[-46.341951,-4.045835],[-46.342238,-4.045869],[-46.343301,-4.045179],[-46.344075,-4.045343],[-46.344543,-4.045928],[-46.344797,-4.046793],[-46.344672,-4.047239],[-46.344182,-4.047844],[-46.344144,-4.048881],[-46.344397,-4.049612],[-46.345065,-4.050278],[-46.346952,-4.050535],[-46.351115,-4.050392],[-46.352837,-4.051297],[-46.354076,-4.052238],[-46.35413,-4.0531],[-46.353748,-4.053939],[-46.353883,-4.054202],[-46.354348,-4.054312],[-46.355283,-4.053693],[-46.355805,-4.053619],[-46.356739,-4.053899],[-46.358498,-4.055096],[-46.358814,-4.05717],[-46.359686,-4.057872],[-46.359678,-4.058071],[-46.35873,-4.059255],[-46.358903,-4.060127],[-46.359206,-4.060211],[-46.360235,-4.059829],[-46.361117,-4.060029],[-46.361434,-4.060589],[-46.36193,-4.062319],[-46.362382,-4.063133],[-46.362796,-4.063289],[-46.363534,-4.063058],[-46.363995,-4.0631],[-46.364209,-4.06352],[-46.364323,-4.065304],[-46.36519,-4.06703],[-46.365642,-4.06729],[-46.367202,-4.067444],[-46.368017,-4.06803],[-46.368051,-4.06949],[-46.367689,-4.070201],[-46.367831,-4.07092],[-46.367467,-4.071762],[-46.368183,-4.072634],[-46.368806,-4.071856],[-46.369171,-4.071884],[-46.369555,-4.073306],[-46.370579,-4.074622],[-46.371066,-4.076244],[-46.371911,-4.077079],[-46.371938,-4.077366],[-46.371191,-4.079762],[-46.371688,-4.081736],[-46.372255,-4.082454],[-46.37228,-4.083952],[-46.372984,-4.085809],[-46.374626,-4.086498],[-46.375003,-4.086311],[-46.375516,-4.085572],[-46.375799,-4.085477],[-46.376268,-4.085739],[-46.376679,-4.086471],[-46.377162,-4.086887],[-46.378367,-4.087338],[-46.37877,-4.087284],[-46.379189,-4.08681],[-46.379699,-4.086748],[-46.379929,-4.086878],[-46.380701,-4.088855],[-46.381577,-4.089545],[-46.381706,-4.090477],[-46.382011,-4.091081],[-46.382303,-4.091212],[-46.383966,-4.09113],[-46.384559,-4.091274],[-46.384805,-4.091621],[-46.384861,-4.093443],[-46.385818,-4.094424],[-46.388123,-4.095256],[-46.389524,-4.096234],[-46.391514,-4.097078],[-46.394176,-4.099307],[-46.395654,-4.100324],[-46.39652,-4.101352],[-46.398891,-4.103034],[-46.402445,-4.104245],[-46.403156,-4.10582],[-46.407473,-4.10814],[-46.408224,-4.109822],[-46.409825,-4.110777],[-46.411302,-4.111211],[-46.413736,-4.112611],[-46.41433,-4.11444],[-46.415032,-4.114949],[-46.415387,-4.115103],[-46.416088,-4.114532],[-46.416507,-4.114461],[-46.419719,-4.115209],[-46.420406,-4.115539],[-46.421705,-4.11684],[-46.421474,-4.11772],[-46.421988,-4.11808],[-46.421914,-4.118712],[-46.422566,-4.119233],[-46.422617,-4.119925],[-46.42381,-4.119419],[-46.424379,-4.119439],[-46.425461,-4.120047],[-46.426029,-4.120906],[-46.426283,-4.121652],[-46.426525,-4.121685],[-46.427049,-4.121398],[-46.427411,-4.121608],[-46.427471,-4.12202],[-46.426659,-4.122789],[-46.426404,-4.123656],[-46.42688,-4.124316],[-46.427019,-4.124789],[-46.42706,-4.125134],[-46.426777,-4.125634],[-46.427139,-4.126674],[-46.426366,-4.12753],[-46.427014,-4.12826],[-46.427107,-4.128726],[-46.428049,-4.128963],[-46.428341,-4.128895],[-46.428731,-4.128164],[-46.428699,-4.127474],[-46.429313,-4.127387],[-46.429477,-4.127125],[-46.429719,-4.127134],[-46.429691,-4.127978],[-46.430812,-4.128454],[-46.431096,-4.129097],[-46.431154,-4.129759],[-46.431601,-4.129855],[-46.431853,-4.129138],[-46.432056,-4.129039],[-46.432373,-4.129144],[-46.432714,-4.129725],[-46.432665,-4.130694],[-46.432822,-4.131153],[-46.433436,-4.131753],[-46.433828,-4.132822],[-46.434262,-4.132743],[-46.434898,-4.131778],[-46.435082,-4.131833],[-46.435114,-4.132051],[-46.435086,-4.133043],[-46.435493,-4.133105],[-46.436427,-4.132662],[-46.436975,-4.132872],[-46.437093,-4.133146],[-46.437011,-4.133578],[-46.436413,-4.134283],[-46.436038,-4.135135],[-46.436352,-4.137149],[-46.436199,-4.13825],[-46.436455,-4.138488],[-46.437864,-4.139007],[-46.438598,-4.139835],[-46.438766,-4.140441],[-46.438048,-4.142141],[-46.438384,-4.143256],[-46.438326,-4.14365],[-46.437699,-4.144089],[-46.437616,-4.144669],[-46.437273,-4.145351],[-46.437304,-4.146613],[-46.436734,-4.147439],[-46.436284,-4.147524],[-46.436305,-4.147959],[-46.436671,-4.148526],[-46.436822,-4.149325],[-46.437191,-4.150105],[-46.43779,-4.150138],[-46.438204,-4.150974],[-46.438511,-4.151257],[-46.43936,-4.151338],[-46.440247,-4.152442],[-46.441462,-4.152731],[-46.442006,-4.153808],[-46.442859,-4.154443],[-46.443373,-4.154562],[-46.443765,-4.154142],[-46.444884,-4.153764],[-46.445102,-4.154004],[-46.445138,-4.154678],[-46.446037,-4.155087],[-46.446457,-4.155535],[-46.446993,-4.155545],[-46.447206,-4.155702],[-46.448063,-4.157378],[-46.447909,-4.158178],[-46.448623,-4.159341],[-46.448433,-4.160656],[-46.44905,-4.162061],[-46.448684,-4.163247],[-46.448093,-4.164004],[-46.448103,-4.164279],[-46.448492,-4.164855],[-46.448547,-4.165531],[-46.44884,-4.16626],[-46.449594,-4.16701],[-46.450074,-4.168126],[-46.450156,-4.168804],[-46.451432,-4.169772],[-46.451886,-4.169452],[-46.452262,-4.169702],[-46.452841,-4.169671],[-46.453272,-4.170115],[-46.453872,-4.169675],[-46.453803,-4.1705],[-46.454487,-4.169847],[-46.454871,-4.169829],[-46.455558,-4.170635],[-46.455961,-4.170758],[-46.456101,-4.171311],[-46.45639,-4.171694],[-46.457129,-4.171929],[-46.457409,-4.172324],[-46.458229,-4.172367],[-46.458588,-4.172541],[-46.458664,-4.173248],[-46.460148,-4.174395],[-46.460355,-4.175126],[-46.460776,-4.17568],[-46.460994,-4.176575],[-46.461636,-4.177293],[-46.461835,-4.177941],[-46.461593,-4.178754],[-46.462231,-4.179648],[-46.46237,-4.179668],[-46.462897,-4.179065],[-46.463551,-4.179243],[-46.463678,-4.178786],[-46.464222,-4.178642],[-46.464293,-4.178787],[-46.464028,-4.179029],[-46.464064,-4.179291],[-46.464633,-4.179479],[-46.465003,-4.180014],[-46.465602,-4.180054],[-46.465758,-4.180573],[-46.466023,-4.180792],[-46.46639,-4.180545],[-46.466659,-4.180663],[-46.466793,-4.181085],[-46.466519,-4.181947],[-46.466614,-4.182441],[-46.466887,-4.182787],[-46.468823,-4.18246],[-46.469228,-4.183104],[-46.469134,-4.184082],[-46.470146,-4.184545],[-46.470397,-4.184997],[-46.470687,-4.184956],[-46.470766,-4.184522],[-46.471186,-4.184048],[-46.472135,-4.184734],[-46.472376,-4.184524],[-46.472525,-4.183934],[-46.472897,-4.183988],[-46.47316,-4.183702],[-46.473236,-4.183461],[-46.472857,-4.183263],[-46.472539,-4.182515],[-46.47272,-4.181894],[-46.473543,-4.182313],[-46.47628,-4.182916],[-46.477744,-4.183514],[-46.47915,-4.184355],[-46.479484,-4.184986],[-46.479317,-4.185255],[-46.478672,-4.18533],[-46.478869,-4.186002],[-46.47854,-4.186178],[-46.478095,-4.185973],[-46.47781,-4.186012],[-46.47722,-4.186823],[-46.476361,-4.187075],[-46.47622,-4.187417],[-46.477396,-4.18818],[-46.477738,-4.188694],[-46.477794,-4.189496],[-46.47682,-4.191008],[-46.47675,-4.192064],[-46.477043,-4.19255],[-46.47786,-4.193163],[-46.47804,-4.193527],[-46.478227,-4.194366],[-46.478137,-4.196128],[-46.479131,-4.19927],[-46.480664,-4.201003],[-46.481685,-4.201581],[-46.482091,-4.201628],[-46.482707,-4.201323],[-46.483797,-4.201787],[-46.484243,-4.20108],[-46.484824,-4.201104],[-46.485521,-4.200786],[-46.48601,-4.201222],[-46.486491,-4.200359],[-46.487222,-4.200455],[-46.487119,-4.201889],[-46.487637,-4.202236],[-46.487784,-4.20283],[-46.48864,-4.203138],[-46.48901,-4.204301],[-46.489182,-4.204353],[-46.489558,-4.204099],[-46.490179,-4.204108],[-46.490504,-4.204636],[-46.490365,-4.205001],[-46.490832,-4.205179],[-46.491165,-4.205117],[-46.49134,-4.204702],[-46.491921,-4.204825],[-46.492173,-4.205117],[-46.492139,-4.205532],[-46.492596,-4.205782],[-46.492987,-4.206314],[-46.492803,-4.206766],[-46.492913,-4.206995],[-46.493794,-4.206972],[-46.494651,-4.207769],[-46.495506,-4.208241],[-46.495538,-4.208711],[-46.494647,-4.209723],[-46.495269,-4.212969],[-46.495602,-4.213559],[-46.496414,-4.213861],[-46.497238,-4.214843],[-46.497542,-4.214895],[-46.498221,-4.214585],[-46.498622,-4.214757],[-46.499179,-4.21653],[-46.499769,-4.217461],[-46.500046,-4.218325],[-46.500962,-4.218394],[-46.502214,-4.21896],[-46.502453,-4.219392],[-46.502178,-4.219828],[-46.502441,-4.220098],[-46.504409,-4.219076],[-46.505079,-4.219053],[-46.505625,-4.219609],[-46.505785,-4.220343],[-46.505726,-4.221139],[-46.506334,-4.222723],[-46.507325,-4.222956],[-46.507598,-4.222297],[-46.508266,-4.222315],[-46.509056,-4.222986],[-46.511342,-4.223797],[-46.511336,-4.224359],[-46.510989,-4.22464],[-46.51067,-4.224471],[-46.510544,-4.22506],[-46.511304,-4.225539],[-46.511412,-4.225743],[-46.51128,-4.226274],[-46.511494,-4.226576],[-46.512037,-4.226493],[-46.512188,-4.226618],[-46.512176,-4.227358],[-46.512375,-4.227818],[-46.512939,-4.227794],[-46.51333,-4.22804],[-46.51435,-4.227689],[-46.51516,-4.227994],[-46.515927,-4.227569],[-46.516117,-4.227997],[-46.515749,-4.228455],[-46.515848,-4.228689],[-46.516071,-4.228733],[-46.517022,-4.228259],[-46.517372,-4.228298],[-46.517322,-4.228752],[-46.517513,-4.229419],[-46.518157,-4.229722],[-46.517978,-4.230259],[-46.518053,-4.230563],[-46.518685,-4.23033],[-46.519104,-4.230711],[-46.520109,-4.230779],[-46.520527,-4.231472],[-46.520856,-4.231637],[-46.521247,-4.231479],[-46.521505,-4.230792],[-46.522043,-4.230568],[-46.522133,-4.230255],[-46.522448,-4.230021],[-46.523453,-4.230296],[-46.523952,-4.231157],[-46.524618,-4.231293],[-46.527503,-4.23377],[-46.527582,-4.234199],[-46.527337,-4.234829],[-46.527578,-4.235294],[-46.52688,-4.235813],[-46.526824,-4.236043],[-46.526972,-4.236245],[-46.528027,-4.236688],[-46.528473,-4.236663],[-46.528924,-4.236224],[-46.529432,-4.236323],[-46.529794,-4.236647],[-46.530175,-4.2375],[-46.53065,-4.237557],[-46.53078,-4.237732],[-46.530886,-4.238279],[-46.531542,-4.23949],[-46.531908,-4.239482],[-46.532268,-4.23907],[-46.532742,-4.239277],[-46.532829,-4.239815],[-46.533401,-4.240908],[-46.533213,-4.241302],[-46.533224,-4.241738],[-46.5329,-4.241848],[-46.533004,-4.242313],[-46.532887,-4.243097],[-46.533502,-4.243531],[-46.533524,-4.24374],[-46.533115,-4.2441],[-46.533297,-4.244318],[-46.533649,-4.244304],[-46.533698,-4.244573],[-46.533605,-4.244902],[-46.532816,-4.245919],[-46.532295,-4.245908],[-46.532056,-4.246419],[-46.531171,-4.247134],[-46.531274,-4.247817],[-46.53199,-4.248213],[-46.531767,-4.248674],[-46.53231,-4.249317],[-46.532254,-4.249735],[-46.532888,-4.250321],[-46.532946,-4.250589],[-46.532723,-4.251054],[-46.532121,-4.251473],[-46.532105,-4.251924],[-46.531728,-4.252839],[-46.531181,-4.253214],[-46.531232,-4.253785],[-46.53201,-4.254537],[-46.532256,-4.255338],[-46.532773,-4.256042],[-46.533353,-4.256235],[-46.53374,-4.256895],[-46.5343,-4.257315],[-46.535303,-4.258864],[-46.535529,-4.25895],[-46.536265,-4.258796],[-46.53661,-4.259032],[-46.536863,-4.259467],[-46.536482,-4.261255],[-46.537382,-4.265257],[-46.537455,-4.266147],[-46.538043,-4.266897],[-46.538849,-4.268443],[-46.539339,-4.268805],[-46.539252,-4.269569],[-46.539958,-4.269948],[-46.540256,-4.269668],[-46.540531,-4.269665],[-46.540754,-4.27051],[-46.541684,-4.27035],[-46.542109,-4.270887],[-46.542518,-4.271053],[-46.542822,-4.270976],[-46.543066,-4.271226],[-46.542814,-4.271488],[-46.543033,-4.272068],[-46.543548,-4.272043],[-46.543856,-4.272594],[-46.544368,-4.27272],[-46.544709,-4.273165],[-46.545255,-4.27325],[-46.545784,-4.273643],[-46.546437,-4.273294],[-46.546797,-4.273425],[-46.547423,-4.273322],[-46.548059,-4.273673],[-46.547923,-4.274296],[-46.54809,-4.274573],[-46.548606,-4.27464],[-46.549299,-4.275067],[-46.549734,-4.275054],[-46.550467,-4.275327],[-46.551433,-4.275243],[-46.552211,-4.274436],[-46.553057,-4.274355],[-46.553579,-4.273888],[-46.554504,-4.273778],[-46.554488,-4.2733],[-46.555456,-4.272788],[-46.555363,-4.272335],[-46.555572,-4.272193],[-46.556341,-4.272397],[-46.557149,-4.273403],[-46.557431,-4.273548],[-46.557823,-4.273499],[-46.559019,-4.272887],[-46.560019,-4.27496],[-46.559911,-4.275779],[-46.560231,-4.275991],[-46.560805,-4.276074],[-46.561069,-4.276934],[-46.561982,-4.277245],[-46.562272,-4.277565],[-46.562437,-4.27801],[-46.562222,-4.278799],[-46.562306,-4.279304],[-46.563029,-4.27973],[-46.563795,-4.280876],[-46.564234,-4.281257],[-46.564212,-4.281419],[-46.563882,-4.281457],[-46.56428,-4.282193],[-46.564985,-4.282125],[-46.565676,-4.282894],[-46.566591,-4.283241],[-46.567349,-4.283312],[-46.567469,-4.283557],[-46.56738,-4.284174],[-46.567723,-4.284909],[-46.567977,-4.284986],[-46.568398,-4.284814],[-46.569621,-4.285344],[-46.569652,-4.285635],[-46.569452,-4.285876],[-46.569636,-4.286098],[-46.569626,-4.286542],[-46.569961,-4.287016],[-46.570674,-4.286745],[-46.570992,-4.286901],[-46.571495,-4.286883],[-46.571608,-4.28674],[-46.572292,-4.286817],[-46.572915,-4.28757],[-46.573857,-4.287905],[-46.574447,-4.288558],[-46.574902,-4.288595],[-46.575401,-4.288855],[-46.57502,-4.289263],[-46.575008,-4.290359],[-46.575291,-4.290824],[-46.574983,-4.290927],[-46.574924,-4.291099],[-46.5752,-4.291888],[-46.576092,-4.292146],[-46.576413,-4.292097],[-46.576932,-4.292788],[-46.577509,-4.292933],[-46.577607,-4.293316],[-46.577849,-4.293537],[-46.578181,-4.293295],[-46.578375,-4.292886],[-46.578573,-4.292872],[-46.579052,-4.293401],[-46.580029,-4.293451],[-46.580333,-4.294133],[-46.580176,-4.29458],[-46.580255,-4.294773],[-46.580676,-4.295005],[-46.581187,-4.2949],[-46.582331,-4.295228],[-46.582561,-4.296023],[-46.583613,-4.295874],[-46.584166,-4.295957],[-46.584568,-4.296266],[-46.584544,-4.296695],[-46.584712,-4.296933],[-46.584582,-4.297249],[-46.58474,-4.297442],[-46.585207,-4.297549],[-46.58584,-4.297309],[-46.586455,-4.297621],[-46.587374,-4.297691],[-46.5877,-4.297959],[-46.589025,-4.298276],[-46.588897,-4.298627],[-46.589081,-4.299713],[-46.588806,-4.300528],[-46.588902,-4.300785],[-46.590181,-4.301726],[-46.589959,-4.302084],[-46.58999,-4.302567],[-46.590734,-4.302349],[-46.591217,-4.301892],[-46.591945,-4.302343],[-46.592068,-4.302574],[-46.59177,-4.303439],[-46.592471,-4.303962],[-46.592087,-4.304456],[-46.592099,-4.304742],[-46.590673,-4.304637],[-46.590508,-4.305082],[-46.590718,-4.305435],[-46.59104,-4.305308],[-46.591122,-4.305672],[-46.591653,-4.305917],[-46.591568,-4.306289],[-46.59201,-4.306906],[-46.591581,-4.307095],[-46.591941,-4.307308],[-46.591859,-4.30775],[-46.592605,-4.308337],[-46.592849,-4.309269],[-46.594714,-4.309161],[-46.594959,-4.309606],[-46.595997,-4.310028],[-46.596288,-4.310475],[-46.596658,-4.310525],[-46.596796,-4.31086],[-46.59722,-4.310977],[-46.597493,-4.310818],[-46.597798,-4.311011],[-46.597957,-4.311375],[-46.59824,-4.31124],[-46.598952,-4.311377],[-46.599052,-4.311849],[-46.599556,-4.312577],[-46.599387,-4.312976],[-46.600194,-4.313365],[-46.600198,-4.313819],[-46.60076,-4.314296],[-46.6013,-4.314254],[-46.601369,-4.313745],[-46.601541,-4.313661],[-46.602128,-4.314277],[-46.602328,-4.314733],[-46.602757,-4.314624],[-46.603102,-4.314316],[-46.603397,-4.314316],[-46.603797,-4.314575],[-46.60449,-4.314484],[-46.605075,-4.314923],[-46.605247,-4.315292],[-46.605526,-4.315385],[-46.605804,-4.315217],[-46.606042,-4.315452],[-46.606691,-4.315501],[-46.606963,-4.315881],[-46.606758,-4.315978],[-46.606757,-4.31637],[-46.606906,-4.316659],[-46.607299,-4.316843],[-46.608923,-4.316193],[-46.610072,-4.316081],[-46.610237,-4.316402],[-46.61113,-4.316857],[-46.611398,-4.317215],[-46.611946,-4.317271],[-46.611864,-4.318199],[-46.61249,-4.318114],[-46.612546,-4.318746],[-46.612988,-4.319624],[-46.613166,-4.319687],[-46.613608,-4.319334],[-46.613884,-4.319525],[-46.613975,-4.319926],[-46.613887,-4.320094],[-46.613572,-4.32015],[-46.613522,-4.320433],[-46.614407,-4.321388],[-46.615005,-4.321372],[-46.615612,-4.320912],[-46.615969,-4.321071],[-46.616422,-4.321792],[-46.616692,-4.321924],[-46.618024,-4.321291],[-46.618246,-4.321472],[-46.61832,-4.322008],[-46.618915,-4.321777],[-46.619724,-4.322044],[-46.619943,-4.32238],[-46.619549,-4.322583],[-46.619481,-4.322927],[-46.620339,-4.323681],[-46.620366,-4.323925],[-46.620114,-4.324265],[-46.620367,-4.324995],[-46.62128,-4.325248],[-46.621928,-4.325974],[-46.622633,-4.325953],[-46.623303,-4.326703],[-46.624261,-4.326592],[-46.624587,-4.327466],[-46.624834,-4.327703],[-46.625286,-4.327992],[-46.62633,-4.328175],[-46.62775,-4.330213],[-46.629225,-4.329906],[-46.629867,-4.330381],[-46.629656,-4.331619],[-46.62984,-4.331874],[-46.630625,-4.332034],[-46.631112,-4.332567],[-46.630938,-4.333348],[-46.631418,-4.333989],[-46.631357,-4.334473],[-46.63172,-4.334978],[-46.632161,-4.335116],[-46.632678,-4.335015],[-46.634675,-4.334397],[-46.63532,-4.334562],[-46.635939,-4.334939],[-46.636782,-4.334705],[-46.637367,-4.334952],[-46.63813,-4.334843],[-46.638861,-4.334269],[-46.639503,-4.334758],[-46.640132,-4.334602],[-46.640389,-4.334835],[-46.640905,-4.334654],[-46.641621,-4.334983],[-46.642554,-4.334948],[-46.643247,-4.335598],[-46.643963,-4.33565],[-46.643814,-4.336092],[-46.64397,-4.336431],[-46.644437,-4.33644],[-46.645032,-4.336724],[-46.645246,-4.337246],[-46.645911,-4.337213],[-46.64643,-4.337889],[-46.646914,-4.338134],[-46.647036,-4.338349],[-46.646825,-4.338679],[-46.647257,-4.3395],[-46.647662,-4.339684],[-46.647993,-4.340404],[-46.648428,-4.340811],[-46.649015,-4.34181],[-46.649861,-4.342235],[-46.650678,-4.342239],[-46.650875,-4.342013],[-46.651474,-4.342046],[-46.651854,-4.341767],[-46.652012,-4.34131],[-46.652297,-4.341313],[-46.652631,-4.34088],[-46.652871,-4.34112],[-46.653301,-4.341143],[-46.653469,-4.341511],[-46.65388,-4.341561],[-46.654152,-4.340836],[-46.654154,-4.34037],[-46.65473,-4.340878],[-46.655167,-4.340877],[-46.65528,-4.340536],[-46.655159,-4.339786],[-46.655517,-4.33963],[-46.657549,-4.340987],[-46.658262,-4.340617],[-46.66011,-4.341424],[-46.660233,-4.341062],[-46.660753,-4.340897],[-46.661276,-4.341118],[-46.662148,-4.340835],[-46.66269,-4.340977],[-46.663659,-4.341746],[-46.663773,-4.342115],[-46.664647,-4.342115],[-46.6653,-4.342573],[-46.66549,-4.342414],[-46.665145,-4.342072],[-46.665228,-4.341876],[-46.665997,-4.341897],[-46.665932,-4.342463],[-46.666646,-4.342553],[-46.666865,-4.342408],[-46.6665,-4.342051],[-46.66661,-4.341895],[-46.667327,-4.341834],[-46.667702,-4.34207],[-46.667922,-4.341718],[-46.668155,-4.34173],[-46.668601,-4.341917],[-46.669313,-4.34343],[-46.670024,-4.343678],[-46.670777,-4.343687],[-46.671086,-4.343365],[-46.672009,-4.343013],[-46.672081,-4.343541],[-46.672547,-4.343177],[-46.673153,-4.343193],[-46.673485,-4.343586],[-46.673999,-4.343355],[-46.674293,-4.342971],[-46.674872,-4.342913],[-46.67485,-4.342307],[-46.675039,-4.342208],[-46.676825,-4.341614],[-46.677035,-4.341853],[-46.676658,-4.342192],[-46.676812,-4.342308],[-46.677605,-4.341734],[-46.678052,-4.341771],[-46.679609,-4.343066],[-46.68009,-4.343671],[-46.680621,-4.343885],[-46.68096,-4.344225],[-46.681069,-4.345005],[-46.680847,-4.345705],[-46.680858,-4.346687],[-46.681326,-4.347087],[-46.681054,-4.347451],[-46.68176,-4.348225],[-46.681808,-4.348559],[-46.682133,-4.348599],[-46.682167,-4.348979],[-46.683116,-4.348927],[-46.683458,-4.349434],[-46.683411,-4.349615],[-46.683163,-4.349549],[-46.68299,-4.349684],[-46.683144,-4.350216],[-46.68271,-4.350849],[-46.682994,-4.351455],[-46.682601,-4.351804],[-46.683034,-4.352251],[-46.68306,-4.352673],[-46.683355,-4.352962],[-46.683335,-4.353331],[-46.684316,-4.353701],[-46.684639,-4.354315],[-46.685259,-4.354941],[-46.685931,-4.355197],[-46.686504,-4.355197],[-46.687143,-4.354939],[-46.687216,-4.35509],[-46.686751,-4.355621],[-46.686755,-4.355805],[-46.687728,-4.356268],[-46.687921,-4.356241],[-46.688048,-4.355819],[-46.688199,-4.355803],[-46.688578,-4.356473],[-46.688626,-4.356865],[-46.689013,-4.356621],[-46.689537,-4.356789],[-46.689528,-4.356386],[-46.690592,-4.356801],[-46.690675,-4.35668],[-46.690492,-4.356445],[-46.690616,-4.35637],[-46.691731,-4.356648],[-46.692238,-4.356148],[-46.692962,-4.35602],[-46.693257,-4.356301],[-46.693505,-4.356291],[-46.69405,-4.355879],[-46.694719,-4.356108],[-46.694537,-4.356386],[-46.694897,-4.356505],[-46.695275,-4.356071],[-46.696039,-4.356034],[-46.696236,-4.355764],[-46.696883,-4.356139],[-46.697972,-4.355596],[-46.698631,-4.355492],[-46.699293,-4.355694],[-46.700237,-4.356397],[-46.700166,-4.357049],[-46.700294,-4.357294],[-46.70103,-4.357254],[-46.701782,-4.358011],[-46.702155,-4.358811],[-46.703842,-4.359555],[-46.704065,-4.359947],[-46.703773,-4.360503],[-46.70459,-4.360565],[-46.704774,-4.360719],[-46.704832,-4.3615],[-46.704993,-4.361686],[-46.705544,-4.361796],[-46.705676,-4.362662],[-46.705996,-4.362733],[-46.706214,-4.362534],[-46.70661,-4.362561],[-46.706914,-4.363082],[-46.70748,-4.363387],[-46.707481,-4.364073],[-46.707704,-4.364164],[-46.708065,-4.36389],[-46.708186,-4.36398],[-46.708782,-4.364844],[-46.708011,-4.365063],[-46.708519,-4.365572],[-46.708744,-4.366041],[-46.709106,-4.366111],[-46.710182,-4.365649],[-46.71066,-4.366218],[-46.711288,-4.366384],[-46.711523,-4.366867],[-46.711932,-4.367074],[-46.712472,-4.367021],[-46.712901,-4.367174],[-46.71321,-4.367656],[-46.71417,-4.368305],[-46.71461,-4.368352],[-46.715423,-4.367977],[-46.716085,-4.368969],[-46.71666,-4.369049],[-46.716555,-4.369602],[-46.716947,-4.369793],[-46.717347,-4.370492],[-46.71776,-4.370668],[-46.718033,-4.370057],[-46.718243,-4.37061],[-46.718697,-4.370947],[-46.718997,-4.371576],[-46.718425,-4.372168],[-46.718785,-4.373256],[-46.719713,-4.373851],[-46.720232,-4.373802],[-46.720273,-4.374352],[-46.721188,-4.374859],[-46.72191,-4.374206],[-46.722488,-4.374608],[-46.722577,-4.374131],[-46.722794,-4.37394],[-46.723594,-4.374004],[-46.7244,-4.374458],[-46.724538,-4.374863],[-46.724811,-4.375037],[-46.726183,-4.375147],[-46.726826,-4.375707],[-46.72749,-4.375549],[-46.727845,-4.375681],[-46.728393,-4.375012],[-46.729189,-4.375148],[-46.729162,-4.374397],[-46.729412,-4.374008],[-46.730569,-4.373647],[-46.730613,-4.373421],[-46.73012,-4.373222],[-46.729584,-4.372646],[-46.729633,-4.372383],[-46.729988,-4.372265],[-46.731323,-4.372394],[-46.73224,-4.372089],[-46.732585,-4.372228],[-46.732835,-4.372656],[-46.732836,-4.374021],[-46.732467,-4.373958],[-46.732007,-4.374331],[-46.731483,-4.374235],[-46.73129,-4.374418],[-46.731216,-4.375074],[-46.730855,-4.375531],[-46.730999,-4.375945],[-46.730713,-4.376254],[-46.730777,-4.376426],[-46.731214,-4.376497],[-46.731472,-4.376727],[-46.731489,-4.376922],[-46.731081,-4.377327],[-46.731811,-4.377407],[-46.732467,-4.377781],[-46.732799,-4.377801],[-46.732961,-4.377915],[-46.733021,-4.378469],[-46.733638,-4.378123],[-46.734149,-4.378745],[-46.734498,-4.378577],[-46.735076,-4.379114],[-46.73534,-4.37891],[-46.735607,-4.379115],[-46.735585,-4.378855],[-46.736207,-4.378897],[-46.736356,-4.378582],[-46.736499,-4.378606],[-46.736703,-4.379094],[-46.737315,-4.37968],[-46.737169,-4.380188],[-46.736688,-4.380652],[-46.737099,-4.38085],[-46.737119,-4.381472],[-46.737988,-4.382222],[-46.738655,-4.382562],[-46.738925,-4.382945],[-46.739504,-4.382761],[-46.739719,-4.382293],[-46.740386,-4.382674],[-46.740741,-4.38257],[-46.741239,-4.382097],[-46.742014,-4.382785],[-46.742394,-4.382815],[-46.742783,-4.383158],[-46.743077,-4.382594],[-46.743805,-4.38299],[-46.744125,-4.382791],[-46.744612,-4.383111],[-46.745052,-4.382742],[-46.745508,-4.382691],[-46.745452,-4.382378],[-46.745692,-4.38245],[-46.746035,-4.382027],[-46.746447,-4.382024],[-46.745808,-4.381839],[-46.7464,-4.380415],[-46.746733,-4.38015],[-46.747044,-4.380495],[-46.747561,-4.380554],[-46.748058,-4.379884],[-46.747888,-4.379428],[-46.74808,-4.37926],[-46.748011,-4.378786],[-46.747481,-4.378547],[-46.748492,-4.378157],[-46.748981,-4.378205],[-46.749366,-4.378438],[-46.749635,-4.377956],[-46.749941,-4.377915],[-46.750231,-4.377636],[-46.750306,-4.377875],[-46.751345,-4.37786],[-46.751529,-4.377549],[-46.751578,-4.376404],[-46.751906,-4.376521],[-46.752605,-4.376243],[-46.752907,-4.376366],[-46.754419,-4.376277],[-46.756906,-4.375917],[-46.757233,-4.376021],[-46.757513,-4.377041],[-46.75798,-4.377332],[-46.75885,-4.377228],[-46.759572,-4.377455],[-46.76021,-4.377424],[-46.760718,-4.377753],[-46.761125,-4.377739],[-46.761559,-4.3774],[-46.76205,-4.377307],[-46.761554,-4.376927],[-46.762078,-4.377013],[-46.762267,-4.37661],[-46.762674,-4.376456],[-46.76294,-4.375896],[-46.763544,-4.375784],[-46.763553,-4.375178],[-46.764124,-4.374908],[-46.765052,-4.374952],[-46.765245,-4.374753],[-46.765283,-4.374333],[-46.766038,-4.373467],[-46.766306,-4.3734],[-46.76673,-4.373607],[-46.767087,-4.373339],[-46.7672,-4.373058],[-46.766932,-4.372839],[-46.767157,-4.372424],[-46.767765,-4.372183],[-46.768114,-4.372257],[-46.768459,-4.372882],[-46.76912,-4.372402],[-46.769483,-4.372611],[-46.770054,-4.372439],[-46.770208,-4.372857],[-46.77086,-4.37285],[-46.77122,-4.373578],[-46.771873,-4.373409],[-46.772118,-4.373098],[-46.772695,-4.373222],[-46.772716,-4.372741],[-46.773163,-4.37254],[-46.773884,-4.372599],[-46.77433,-4.372892],[-46.774315,-4.373178],[-46.774443,-4.373246],[-46.775247,-4.372987],[-46.775506,-4.373088],[-46.775794,-4.372983],[-46.775953,-4.373323],[-46.776207,-4.373167],[-46.77644,-4.373308],[-46.776604,-4.373623],[-46.776336,-4.373735],[-46.776414,-4.373906],[-46.776906,-4.374006],[-46.777251,-4.374441],[-46.777496,-4.374342],[-46.777648,-4.374579],[-46.77796,-4.374564],[-46.778055,-4.374747],[-46.778387,-4.374818],[-46.77871,-4.3754],[-46.778929,-4.375308],[-46.779185,-4.375425],[-46.779314,-4.37501],[-46.779573,-4.375418],[-46.779928,-4.375353],[-46.780152,-4.375632],[-46.780199,-4.375362],[-46.780384,-4.375266],[-46.781251,-4.375401],[-46.781718,-4.375305],[-46.781953,-4.375529],[-46.782139,-4.375192],[-46.782782,-4.375172],[-46.783184,-4.374918],[-46.783522,-4.375065],[-46.78394,-4.374796],[-46.784246,-4.374886],[-46.784528,-4.374557],[-46.784795,-4.374723],[-46.785229,-4.37441],[-46.785582,-4.37454],[-46.785939,-4.374467],[-46.786441,-4.37483],[-46.786686,-4.375507],[-46.78653,-4.375635],[-46.786794,-4.375894],[-46.786906,-4.376288],[-46.787123,-4.37622],[-46.787498,-4.375586],[-46.78788,-4.375382],[-46.788233,-4.375424],[-46.788629,-4.375059],[-46.789096,-4.375068],[-46.791641,-4.374315],[-46.793292,-4.374692],[-46.795213,-4.374751],[-46.795553,-4.375102],[-46.795153,-4.375639],[-46.795528,-4.375775],[-46.799088,-4.374062],[-46.800389,-4.373723],[-46.80203,-4.374404],[-46.802667,-4.375762],[-46.802918,-4.375976],[-46.803647,-4.376235],[-46.804917,-4.376228],[-46.806052,-4.376741],[-46.80677,-4.376454],[-46.807234,-4.376506],[-46.807649,-4.375954],[-46.807659,-4.375639],[-46.807832,-4.375552],[-46.808114,-4.375713],[-46.808432,-4.375446],[-46.808753,-4.375614],[-46.809233,-4.375599],[-46.811312,-4.375191],[-46.811406,-4.3756],[-46.812041,-4.375649],[-46.811994,-4.376034],[-46.812361,-4.376256],[-46.812597,-4.376195],[-46.812726,-4.375706],[-46.813013,-4.375572],[-46.813657,-4.375711],[-46.814524,-4.376207],[-46.81475,-4.376588],[-46.815192,-4.376626],[-46.814939,-4.377117],[-46.815556,-4.3774],[-46.814994,-4.377938],[-46.815612,-4.378675],[-46.815842,-4.378751],[-46.816084,-4.378679],[-46.816158,-4.378338],[-46.816384,-4.378235],[-46.817306,-4.378433],[-46.817677,-4.378711],[-46.818011,-4.378686],[-46.818533,-4.3783],[-46.818926,-4.377653],[-46.819372,-4.377628],[-46.819643,-4.376972],[-46.820556,-4.376667],[-46.820905,-4.376704],[-46.821246,-4.377069],[-46.821317,-4.377633],[-46.822164,-4.37767],[-46.822722,-4.377228],[-46.823563,-4.378284],[-46.825084,-4.378761],[-46.825517,-4.379549],[-46.826006,-4.379652],[-46.826071,-4.380161],[-46.826473,-4.380613],[-46.827188,-4.380375],[-46.827506,-4.381056],[-46.827858,-4.381154],[-46.828125,-4.380762],[-46.82838,-4.380972],[-46.828801,-4.380916],[-46.829565,-4.382136],[-46.830792,-4.382707],[-46.831147,-4.382725],[-46.83191,-4.383527],[-46.832538,-4.383511],[-46.833236,-4.384086],[-46.833752,-4.38382],[-46.833878,-4.384347],[-46.834089,-4.384511],[-46.835038,-4.38396],[-46.83518,-4.384064],[-46.835137,-4.384459],[-46.835435,-4.384449],[-46.835571,-4.384353],[-46.835515,-4.383962],[-46.835808,-4.384092],[-46.836069,-4.38393],[-46.83633,-4.384501],[-46.836034,-4.384715],[-46.836614,-4.385226],[-46.837162,-4.385208],[-46.83755,-4.386265],[-46.837885,-4.386248],[-46.838325,-4.386549],[-46.838637,-4.386366],[-46.838797,-4.386605],[-46.839023,-4.386189],[-46.839426,-4.386631],[-46.839773,-4.386699],[-46.839554,-4.387305],[-46.839709,-4.387673],[-46.839385,-4.387966],[-46.840069,-4.38799],[-46.83993,-4.388399],[-46.84009,-4.38863],[-46.839825,-4.388837],[-46.840379,-4.389032],[-46.840333,-4.38933],[-46.840959,-4.389628],[-46.840949,-4.390237],[-46.841495,-4.390259],[-46.841873,-4.390534],[-46.84167,-4.390691],[-46.841379,-4.390618],[-46.841324,-4.390957],[-46.841642,-4.39146],[-46.841889,-4.391448],[-46.84177,-4.39281],[-46.841895,-4.393731],[-46.842215,-4.393932],[-46.842187,-4.394262],[-46.842589,-4.394211],[-46.843079,-4.394553],[-46.843067,-4.394151],[-46.843412,-4.394118],[-46.843738,-4.393553],[-46.844002,-4.393459],[-46.843839,-4.393043],[-46.844177,-4.39303],[-46.844231,-4.392702],[-46.844479,-4.392519],[-46.845283,-4.39341],[-46.845629,-4.393526],[-46.84555,-4.393799],[-46.845673,-4.393981],[-46.845815,-4.393815],[-46.846249,-4.393874],[-46.846908,-4.394647],[-46.847267,-4.39467],[-46.847449,-4.394849],[-46.847705,-4.394585],[-46.847927,-4.39492],[-46.84874,-4.394902],[-46.848903,-4.395385],[-46.849265,-4.395399],[-46.84936,-4.396112],[-46.849658,-4.396344],[-46.849213,-4.397262],[-46.849632,-4.39827],[-46.849398,-4.398564],[-46.849254,-4.399244],[-46.848788,-4.399488],[-46.848735,-4.399679],[-46.849071,-4.399863],[-46.849609,-4.400836],[-46.849446,-4.401058],[-46.849125,-4.40089],[-46.849087,-4.401133],[-46.849517,-4.40142],[-46.84963,-4.401936],[-46.849955,-4.402155],[-46.850086,-4.402596],[-46.850577,-4.402886],[-46.850569,-4.403585],[-46.850842,-4.403691],[-46.851131,-4.403449],[-46.851331,-4.403638],[-46.85198,-4.403628],[-46.85195,-4.403909],[-46.852263,-4.404188],[-46.852289,-4.404587],[-46.852809,-4.404775],[-46.852645,-4.405286],[-46.852826,-4.405314],[-46.852984,-4.405616],[-46.853459,-4.405764],[-46.853539,-4.406138],[-46.85371,-4.406015],[-46.853923,-4.406246],[-46.853893,-4.406668],[-46.854225,-4.406916],[-46.854364,-4.407674],[-46.854661,-4.407639],[-46.854712,-4.408028],[-46.854864,-4.408],[-46.855228,-4.408573],[-46.855883,-4.408584],[-46.855936,-4.408883],[-46.856179,-4.409067],[-46.855981,-4.410553],[-46.85629,-4.410905],[-46.856315,-4.4114],[-46.856145,-4.411731],[-46.856335,-4.412146],[-46.856076,-4.412378],[-46.856129,-4.412692],[-46.855904,-4.412754],[-46.855999,-4.414232],[-46.856188,-4.414437],[-46.856654,-4.414493],[-46.856551,-4.4148],[-46.856799,-4.414977],[-46.856644,-4.415185],[-46.857015,-4.415222],[-46.857036,-4.415642],[-46.85752,-4.41653],[-46.85774,-4.41666],[-46.85788,-4.416503],[-46.858061,-4.416837],[-46.85831,-4.416391],[-46.859036,-4.41648],[-46.859295,-4.416622],[-46.859476,-4.41699],[-46.860173,-4.417278],[-46.86047,-4.417662],[-46.860711,-4.417712],[-46.860789,-4.418109],[-46.861172,-4.4182],[-46.861158,-4.418368],[-46.862043,-4.418909],[-46.8621,-4.419363],[-46.861924,-4.41965],[-46.86215,-4.419746],[-46.86221,-4.419992],[-46.861921,-4.420156],[-46.862172,-4.420309],[-46.862134,-4.42055],[-46.862325,-4.420765],[-46.862917,-4.420946],[-46.862964,-4.421229],[-46.863341,-4.421436],[-46.863333,-4.421777],[-46.864035,-4.422301],[-46.864153,-4.42288],[-46.86482,-4.422924],[-46.864952,-4.423427],[-46.865162,-4.423596],[-46.865516,-4.423749],[-46.865825,-4.423445],[-46.865881,-4.423679],[-46.866054,-4.423527],[-46.866291,-4.423778],[-46.866993,-4.423591],[-46.867276,-4.423927],[-46.867515,-4.423783],[-46.867721,-4.424037],[-46.867949,-4.423917],[-46.86833,-4.424076],[-46.868363,-4.424363],[-46.868608,-4.424475],[-46.86883,-4.424417],[-46.869306,-4.424682],[-46.869658,-4.424603],[-46.869795,-4.424783],[-46.870086,-4.424714],[-46.869997,-4.42535],[-46.870256,-4.427098],[-46.869701,-4.427619],[-46.869764,-4.427871],[-46.869589,-4.428083],[-46.870057,-4.428122],[-46.870357,-4.429084],[-46.870993,-4.429183],[-46.871205,-4.428967],[-46.871061,-4.428736],[-46.871147,-4.428454],[-46.871337,-4.428544],[-46.871943,-4.428348],[-46.872114,-4.428475],[-46.872238,-4.428373],[-46.873082,-4.428513],[-46.873315,-4.429034],[-46.873033,-4.429181],[-46.872974,-4.429549],[-46.873325,-4.429968],[-46.8733,-4.430188],[-46.873836,-4.43071],[-46.873736,-4.431658],[-46.874906,-4.432573],[-46.875117,-4.432435],[-46.875661,-4.432567],[-46.875633,-4.432239],[-46.875935,-4.431862],[-46.875728,-4.431633],[-46.876103,-4.431402],[-46.876312,-4.431459],[-46.876522,-4.431139],[-46.876403,-4.430296],[-46.876764,-4.429215],[-46.877154,-4.429146],[-46.877235,-4.428685],[-46.877427,-4.428891],[-46.877696,-4.428764],[-46.877801,-4.428991],[-46.877852,-4.428716],[-46.878155,-4.42851],[-46.878268,-4.428834],[-46.878485,-4.428942],[-46.878748,-4.427993],[-46.879464,-4.428118],[-46.879861,-4.427919],[-46.880177,-4.428099],[-46.881006,-4.427206],[-46.88123,-4.427249],[-46.881418,-4.427062],[-46.881547,-4.427234],[-46.881476,-4.427598],[-46.882143,-4.427469],[-46.882969,-4.42781],[-46.883088,-4.427689],[-46.883194,-4.428047],[-46.883471,-4.427909],[-46.884307,-4.4282],[-46.884596,-4.427871],[-46.885303,-4.427967],[-46.885331,-4.427577],[-46.88582,-4.426953],[-46.886117,-4.427291],[-46.886933,-4.427133],[-46.887702,-4.427482],[-46.889421,-4.427192],[-46.88971,-4.427615],[-46.890278,-4.427695],[-46.890763,-4.427486],[-46.890823,-4.428264],[-46.891745,-4.428133],[-46.891871,-4.427988],[-46.8923,-4.428082],[-46.892385,-4.428494],[-46.892949,-4.429082],[-46.893178,-4.429675],[-46.893978,-4.430225],[-46.894735,-4.43006],[-46.89518,-4.430269],[-46.895553,-4.430094],[-46.896583,-4.43031],[-46.896686,-4.429473],[-46.897015,-4.429164],[-46.89769,-4.429592],[-46.898137,-4.429614],[-46.898356,-4.429391],[-46.898522,-4.42959],[-46.898696,-4.429498],[-46.898944,-4.429749],[-46.899126,-4.430302],[-46.899437,-4.430427],[-46.89995,-4.430342],[-46.900283,-4.43057],[-46.90066,-4.430569],[-46.901162,-4.431296],[-46.902027,-4.431052],[-46.902198,-4.431224],[-46.902333,-4.431111],[-46.902536,-4.431286],[-46.902657,-4.431109],[-46.902916,-4.431272],[-46.903,-4.431086],[-46.903286,-4.431161],[-46.903393,-4.431702],[-46.904148,-4.431416],[-46.904289,-4.431551],[-46.904475,-4.431369],[-46.905051,-4.431773],[-46.905348,-4.431607],[-46.905494,-4.431879],[-46.905901,-4.431769],[-46.906244,-4.431465],[-46.907518,-4.431566],[-46.908006,-4.431775],[-46.908439,-4.432698],[-46.90906,-4.432723],[-46.909157,-4.432552],[-46.909547,-4.432792],[-46.91026,-4.432895],[-46.910652,-4.433726],[-46.910986,-4.433569],[-46.910983,-4.43332],[-46.911276,-4.433193],[-46.911396,-4.432923],[-46.911752,-4.433089],[-46.912257,-4.433695],[-46.912717,-4.433259],[-46.912973,-4.433236],[-46.914039,-4.433956],[-46.914231,-4.435123],[-46.914499,-4.435079],[-46.914806,-4.435773],[-46.914494,-4.437018],[-46.915062,-4.437598],[-46.915395,-4.437594],[-46.915357,-4.437817],[-46.915665,-4.438074],[-46.915531,-4.438381],[-46.915783,-4.438904],[-46.915965,-4.438719],[-46.916598,-4.438665],[-46.916747,-4.438469],[-46.917218,-4.438776],[-46.917722,-4.438718],[-46.917915,-4.438873],[-46.918081,-4.438651],[-46.918256,-4.439002],[-46.919326,-4.439057],[-46.919834,-4.438712],[-46.919998,-4.438961],[-46.920314,-4.43878],[-46.920331,-4.438437],[-46.9205,-4.438294],[-46.920708,-4.438574],[-46.921017,-4.438582],[-46.920917,-4.438815],[-46.921032,-4.438924],[-46.921407,-4.438862],[-46.921799,-4.439006],[-46.921911,-4.438786],[-46.922394,-4.438615],[-46.923056,-4.439141],[-46.922794,-4.439581],[-46.923355,-4.439963],[-46.924156,-4.439831],[-46.925015,-4.440539],[-46.926789,-4.441317],[-46.927767,-4.441378],[-46.928095,-4.441244],[-46.9284,-4.441932],[-46.928845,-4.441972],[-46.929062,-4.442185],[-46.930421,-4.442028],[-46.930619,-4.44234],[-46.930878,-4.441969],[-46.931126,-4.441939],[-46.931663,-4.442314],[-46.931987,-4.443029],[-46.932305,-4.443153],[-46.932922,-4.442516],[-46.933211,-4.442864],[-46.933633,-4.442618],[-46.933793,-4.442368],[-46.933657,-4.441971],[-46.933961,-4.441595],[-46.934387,-4.441631],[-46.934488,-4.441404],[-46.93503,-4.441208],[-46.935325,-4.440639],[-46.935593,-4.440563],[-46.935528,-4.440342],[-46.935383,-4.440411],[-46.935716,-4.439989],[-46.935554,-4.43981],[-46.935668,-4.439607],[-46.934762,-4.438182],[-46.935164,-4.437684],[-46.935533,-4.437506],[-46.935552,-4.43723],[-46.935327,-4.437023],[-46.935306,-4.436439],[-46.935754,-4.436363],[-46.935783,-4.4361],[-46.93636,-4.435469],[-46.936278,-4.434921],[-46.936566,-4.434741],[-46.936583,-4.434467],[-46.935984,-4.434083],[-46.936217,-4.433853],[-46.936122,-4.433153],[-46.936513,-4.432871],[-46.936683,-4.432862],[-46.936674,-4.433073],[-46.936878,-4.433159],[-46.937188,-4.43306],[-46.938129,-4.433249],[-46.938167,-4.433933],[-46.938414,-4.434069],[-46.938906,-4.433616],[-46.939069,-4.433949],[-46.939367,-4.433675],[-46.939995,-4.433469],[-46.940428,-4.433532],[-46.940528,-4.433226],[-46.940943,-4.433248],[-46.941448,-4.433657],[-46.942011,-4.433403],[-46.942372,-4.433758],[-46.94311,-4.433782],[-46.943065,-4.434369],[-46.943576,-4.434497],[-46.943828,-4.434997],[-46.944956,-4.435487],[-46.945721,-4.435474],[-46.946071,-4.435283],[-46.946354,-4.435024],[-46.946136,-4.434628],[-46.946207,-4.434283],[-46.946866,-4.433985],[-46.947344,-4.434013],[-46.947609,-4.434281],[-46.94771,-4.434724],[-46.948213,-4.434845],[-46.948925,-4.434317],[-46.949343,-4.433687],[-46.950387,-4.43328],[-46.951303,-4.432654],[-46.952277,-4.432708],[-46.952792,-4.432559],[-46.953897,-4.43279],[-46.954464,-4.432462],[-46.955237,-4.432488],[-46.955649,-4.432168],[-46.955627,-4.431797],[-46.955875,-4.431364],[-46.956769,-4.431539],[-46.95779,-4.431046],[-46.958081,-4.430737],[-46.958803,-4.430548],[-46.959231,-4.430067],[-46.95997,-4.429965],[-46.961057,-4.429164],[-46.961152,-4.42882],[-46.962067,-4.428148],[-46.962413,-4.427559],[-46.962777,-4.427504],[-46.963639,-4.426816],[-46.963741,-4.426333],[-46.964267,-4.425761],[-46.964435,-4.425634],[-46.964641,-4.425731],[-46.965251,-4.425265],[-46.965561,-4.425529],[-46.966354,-4.425479],[-46.967225,-4.425819],[-46.96769,-4.425463],[-46.967924,-4.425553],[-46.968356,-4.425434],[-46.968767,-4.425736],[-46.969433,-4.425743],[-46.969854,-4.42543],[-46.970398,-4.42549],[-46.970781,-4.425832],[-46.971346,-4.425543],[-46.971376,-4.425742],[-46.971793,-4.425942],[-46.972712,-4.425728],[-46.973197,-4.425999],[-46.97385,-4.425574],[-46.975099,-4.425559],[-46.975867,-4.425325],[-46.976062,-4.425479],[-46.976985,-4.425449],[-46.977726,-4.425778],[-46.978263,-4.425775],[-46.978565,-4.425534],[-46.979267,-4.425532],[-46.979824,-4.424846],[-46.980348,-4.424973],[-46.981551,-4.424471],[-46.983852,-4.424896],[-46.984759,-4.4246],[-46.986035,-4.425941],[-46.986876,-4.426317],[-46.987849,-4.425371],[-46.98819,-4.425345],[-46.988438,-4.425097],[-46.98867,-4.424493],[-46.988996,-4.424387],[-46.988891,-4.42412],[-46.989098,-4.423969],[-46.989042,-4.423766],[-46.989231,-4.423426],[-46.989706,-4.423184],[-46.989755,-4.423648],[-46.989977,-4.423444],[-46.990154,-4.42359],[-46.990196,-4.423814],[-46.990664,-4.424248],[-46.990828,-4.424863],[-46.991197,-4.425039],[-46.991782,-4.425055],[-46.992326,-4.425335],[-46.992468,-4.425146],[-46.99271,-4.425192],[-46.992529,-4.425549],[-46.992657,-4.426036],[-46.993062,-4.425764],[-46.993416,-4.426319],[-46.994134,-4.426099],[-46.994681,-4.426411],[-46.995068,-4.426134],[-46.995417,-4.426314],[-46.995867,-4.426084],[-46.996203,-4.425279],[-46.996712,-4.424958],[-46.997452,-4.425462],[-46.997617,-4.425927],[-46.998068,-4.42609],[-46.998856,-4.427092],[-46.999614,-4.427173],[-46.999865,-4.427397],[-47.000104,-4.427152],[-47.001239,-4.426789],[-47.001456,-4.426341],[-47.001776,-4.426091],[-47.002378,-4.425899],[-47.002815,-4.426045],[-47.0031,-4.425646],[-47.003805,-4.42547],[-47.00509,-4.423793],[-47.005722,-4.423339],[-47.006174,-4.42233],[-47.007092,-4.4222],[-47.007269,-4.422447],[-47.007525,-4.422416],[-47.007995,-4.421723],[-47.009185,-4.421164],[-47.010644,-4.421524],[-47.011113,-4.421302],[-47.01172,-4.421319],[-47.011718,-4.421066],[-47.012114,-4.420964],[-47.012629,-4.420403],[-47.013156,-4.420205],[-47.013354,-4.420285],[-47.013503,-4.420053],[-47.013669,-4.42025],[-47.014603,-4.419925],[-47.01552,-4.420232],[-47.016602,-4.420329],[-47.017266,-4.419985],[-47.017529,-4.419582],[-47.017361,-4.418866],[-47.016322,-4.418537],[-47.015926,-4.418062],[-47.015748,-4.415269],[-47.01591,-4.414641],[-47.016634,-4.413792],[-47.01685,-4.413095],[-47.017221,-4.413085],[-47.017809,-4.412382],[-47.018494,-4.412067],[-47.020057,-4.411931],[-47.020494,-4.411638],[-47.020884,-4.409767],[-47.020561,-4.407995],[-47.020763,-4.406063],[-47.022739,-4.403902],[-47.024022,-4.403156],[-47.025686,-4.401279],[-47.027052,-4.400347],[-47.027416,-4.399292],[-47.028373,-4.398533],[-47.029035,-4.396306],[-47.029784,-4.395697],[-47.02934,-4.394408],[-47.029869,-4.393525],[-47.029882,-4.392235],[-47.030519,-4.391352],[-47.030369,-4.389713],[-47.031446,-4.388255],[-47.032103,-4.387987],[-47.032998,-4.388271],[-47.034224,-4.387374],[-47.034915,-4.387533],[-47.035259,-4.387193],[-47.035646,-4.387285],[-47.037245,-4.386571],[-47.037542,-4.386177],[-47.037461,-4.385629],[-47.038129,-4.385025],[-47.038277,-4.384703],[-47.038856,-4.382863],[-47.039712,-4.382149],[-47.040332,-4.38207],[-47.040782,-4.381604],[-47.041291,-4.381487],[-47.041549,-4.38118],[-47.042313,-4.380989],[-47.042362,-4.38006],[-47.042121,-4.379492],[-47.042049,-4.378734],[-47.0423,-4.377671],[-47.041539,-4.377041],[-47.041724,-4.376347],[-47.042619,-4.375431],[-47.042605,-4.374948],[-47.042817,-4.374697],[-47.043457,-4.374545],[-47.044053,-4.374739],[-47.045074,-4.37467],[-47.045795,-4.374204],[-47.046492,-4.37323],[-47.047112,-4.372927],[-47.047664,-4.37351],[-47.048216,-4.373517],[-47.048377,-4.373265],[-47.048441,-4.37252],[-47.048948,-4.371924],[-47.049295,-4.371897],[-47.050206,-4.372383],[-47.050778,-4.372055],[-47.05099,-4.371362],[-47.052021,-4.371025],[-47.052224,-4.370437],[-47.052192,-4.369701],[-47.052573,-4.369529],[-47.052913,-4.3691],[-47.053362,-4.368381],[-47.053334,-4.368034],[-47.053838,-4.367504],[-47.054305,-4.367614],[-47.054867,-4.368209],[-47.055559,-4.36859],[-47.055923,-4.368169],[-47.057285,-4.368198],[-47.057735,-4.367318],[-47.058278,-4.366783],[-47.058729,-4.366661],[-47.058968,-4.366417],[-47.059609,-4.366405],[-47.059881,-4.366231],[-47.059998,-4.365454],[-47.059836,-4.364924],[-47.058821,-4.363758],[-47.058584,-4.36319],[-47.0585,-4.362332],[-47.058768,-4.361648],[-47.059838,-4.361598],[-47.060296,-4.361336],[-47.060455,-4.361041],[-47.060244,-4.359226],[-47.059717,-4.358588],[-47.059728,-4.35819],[-47.060181,-4.357543],[-47.060782,-4.357698],[-47.061093,-4.357606],[-47.061208,-4.357103],[-47.060951,-4.356534],[-47.060543,-4.356111],[-47.060606,-4.355636],[-47.062022,-4.354987],[-47.061912,-4.354092],[-47.062742,-4.353313],[-47.062055,-4.352494],[-47.061952,-4.351819],[-47.062151,-4.351168],[-47.061966,-4.350931],[-47.061788,-4.349861],[-47.062422,-4.348306],[-47.061957,-4.347548],[-47.06259,-4.346022],[-47.062658,-4.344812],[-47.06297,-4.344515],[-47.063631,-4.344473],[-47.06398,-4.344277],[-47.064913,-4.344274],[-47.06565,-4.344013],[-47.066148,-4.343668],[-47.066481,-4.34287],[-47.067053,-4.342409],[-47.067526,-4.342442],[-47.067697,-4.342705],[-47.068064,-4.342857],[-47.069031,-4.342309],[-47.070657,-4.342588],[-47.071048,-4.342465],[-47.071127,-4.341991],[-47.070154,-4.341021],[-47.069948,-4.340564],[-47.069986,-4.339922],[-47.069696,-4.339409],[-47.069317,-4.339169],[-47.069341,-4.338575],[-47.068643,-4.33825],[-47.068508,-4.337964],[-47.068567,-4.337675],[-47.070045,-4.336741],[-47.069999,-4.335166],[-47.070122,-4.334768],[-47.069907,-4.333389],[-47.070279,-4.332449],[-47.071672,-4.330919],[-47.071929,-4.330402],[-47.071806,-4.329771],[-47.072255,-4.329522],[-47.072446,-4.329198],[-47.072383,-4.328337],[-47.072808,-4.32815],[-47.072735,-4.326648],[-47.07246,-4.326001],[-47.073094,-4.324572],[-47.073041,-4.3237],[-47.073603,-4.323079],[-47.073716,-4.322262],[-47.074079,-4.32187],[-47.074934,-4.321774],[-47.075207,-4.321427],[-47.076458,-4.320988],[-47.077186,-4.321303],[-47.077618,-4.321888],[-47.077812,-4.32189],[-47.077926,-4.321698],[-47.078207,-4.321644],[-47.078319,-4.320744],[-47.079297,-4.320279],[-47.07931,-4.319597],[-47.079902,-4.318809],[-47.080025,-4.318257],[-47.079734,-4.317815],[-47.079595,-4.316844],[-47.079979,-4.315675],[-47.080392,-4.315366],[-47.081003,-4.314218],[-47.081654,-4.313878],[-47.081816,-4.313139],[-47.082246,-4.312663],[-47.0836,-4.313117],[-47.084277,-4.312997],[-47.084987,-4.312638],[-47.085388,-4.312228],[-47.085024,-4.311387],[-47.085102,-4.310436],[-47.086301,-4.310399],[-47.08675,-4.310098],[-47.087462,-4.309222],[-47.086926,-4.308515],[-47.087042,-4.307816],[-47.087458,-4.306838],[-47.087435,-4.306501],[-47.087156,-4.306074],[-47.087384,-4.305597],[-47.087897,-4.305414],[-47.088189,-4.305101],[-47.088405,-4.303591]]]}},{"type":"Feature","properties":{"CD_MUN":"2102036","NM_MUN":"Bom Jesus das Selvas"},"geometry":{"type":"Polygon","coordinates":[[[-46.464982,-4.850967],[-46.930318,-4.850575],[-46.930256,-4.849898],[-46.929596,-4.849672],[-46.929342,-4.8493],[-46.929249,-4.848763],[-46.929074,-4.848691],[-46.928698,-4.848939],[-46.928553,-4.848594],[-46.928309,-4.848455],[-46.928194,-4.848081],[-46.928465,-4.84804],[-46.928375,-4.847492],[-46.92816,-4.84738],[-46.927531,-4.847524],[-46.926741,-4.846316],[-46.926644,-4.845722],[-46.926093,-4.845607],[-46.926172,-4.845128],[-46.92682,-4.844685],[-46.926587,-4.844404],[-46.926735,-4.84382],[-46.925996,-4.843049],[-46.926052,-4.842533],[-46.925871,-4.841917],[-46.925575,-4.841853],[-46.925519,-4.842394],[-46.925212,-4.842289],[-46.925393,-4.841615],[-46.925332,-4.841339],[-46.925049,-4.841143],[-46.925543,-4.839649],[-46.925488,-4.839441],[-46.925312,-4.839369],[-46.925191,-4.839603],[-46.924797,-4.839659],[-46.924405,-4.839573],[-46.924573,-4.839203],[-46.923483,-4.837991],[-46.923506,-4.837469],[-46.923697,-4.837169],[-46.923609,-4.83672],[-46.924101,-4.836397],[-46.924551,-4.83576],[-46.924658,-4.834872],[-46.924265,-4.83459],[-46.924124,-4.833895],[-46.923658,-4.833599],[-46.923434,-4.83305],[-46.92281,-4.832447],[-46.922773,-4.832112],[-46.922174,-4.832342],[-46.922242,-4.831794],[-46.92207,-4.831737],[-46.921636,-4.831983],[-46.921227,-4.831698],[-46.921217,-4.830867],[-46.920806,-4.830362],[-46.920807,-4.830029],[-46.920262,-4.829565],[-46.920325,-4.828815],[-46.92129,-4.828289],[-46.921025,-4.827906],[-46.921509,-4.826704],[-46.921425,-4.826061],[-46.921736,-4.825842],[-46.921704,-4.825489],[-46.921923,-4.825114],[-46.921775,-4.824756],[-46.921215,-4.824661],[-46.921255,-4.824278],[-46.920894,-4.823209],[-46.921047,-4.822677],[-46.921477,-4.822385],[-46.92135,-4.821903],[-46.921478,-4.820779],[-46.921098,-4.820585],[-46.921279,-4.820087],[-46.920763,-4.817688],[-46.920481,-4.817644],[-46.920207,-4.817807],[-46.919945,-4.817524],[-46.919354,-4.817615],[-46.919175,-4.81719],[-46.918812,-4.816932],[-46.918959,-4.816429],[-46.918459,-4.816193],[-46.918409,-4.815988],[-46.918723,-4.815818],[-46.918661,-4.815418],[-46.919052,-4.815088],[-46.919016,-4.814291],[-46.919381,-4.814476],[-46.919553,-4.814236],[-46.919991,-4.814168],[-46.920539,-4.813715],[-46.920524,-4.813493],[-46.920213,-4.813358],[-46.920132,-4.813036],[-46.92065,-4.812375],[-46.920636,-4.81216],[-46.920407,-4.812102],[-46.920468,-4.811509],[-46.921142,-4.811132],[-46.92123,-4.810919],[-46.921089,-4.809908],[-46.920704,-4.81003],[-46.920294,-4.809242],[-46.920622,-4.808964],[-46.920396,-4.808515],[-46.920455,-4.80799],[-46.919728,-4.807414],[-46.91963,-4.807061],[-46.91928,-4.806721],[-46.919487,-4.806009],[-46.919342,-4.805278],[-46.919785,-4.80462],[-46.919621,-4.804117],[-46.919796,-4.803043],[-46.919797,-4.801143],[-46.920243,-4.80084],[-46.92076,-4.801013],[-46.920938,-4.801209],[-46.920981,-4.801786],[-46.921278,-4.801949],[-46.922231,-4.801378],[-46.922528,-4.800641],[-46.922916,-4.800418],[-46.922997,-4.800129],[-46.923592,-4.799561],[-46.923625,-4.799239],[-46.923391,-4.798952],[-46.923387,-4.798672],[-46.924117,-4.798],[-46.924087,-4.797826],[-46.923703,-4.797644],[-46.924209,-4.797287],[-46.925315,-4.795992],[-46.925272,-4.795584],[-46.924951,-4.795503],[-46.924579,-4.794932],[-46.92459,-4.794201],[-46.924869,-4.793718],[-46.925399,-4.793643],[-46.925587,-4.793468],[-46.925692,-4.792599],[-46.926305,-4.79245],[-46.926795,-4.791945],[-46.9266,-4.791636],[-46.926309,-4.791956],[-46.926182,-4.791779],[-46.926352,-4.791369],[-46.926982,-4.790841],[-46.926938,-4.789947],[-46.927153,-4.7899],[-46.927407,-4.790174],[-46.927597,-4.79006],[-46.927274,-4.789037],[-46.927708,-4.788834],[-46.927898,-4.788417],[-46.92883,-4.787782],[-46.928975,-4.787175],[-46.929049,-4.786554],[-46.928518,-4.785915],[-46.928134,-4.785808],[-46.928743,-4.785199],[-46.928339,-4.784847],[-46.928385,-4.784396],[-46.92874,-4.783618],[-46.929167,-4.783445],[-46.92932,-4.782844],[-46.929199,-4.78261],[-46.92875,-4.782493],[-46.928739,-4.782302],[-46.929491,-4.782066],[-46.929616,-4.781481],[-46.928865,-4.780461],[-46.928727,-4.779938],[-46.928234,-4.779725],[-46.928537,-4.779276],[-46.928336,-4.779051],[-46.928407,-4.778551],[-46.928131,-4.778049],[-46.927802,-4.778215],[-46.927848,-4.77765],[-46.927387,-4.777338],[-46.927371,-4.777041],[-46.927643,-4.776773],[-46.927506,-4.776545],[-46.92761,-4.775376],[-46.92745,-4.775142],[-46.927048,-4.775111],[-46.927166,-4.774294],[-46.926735,-4.773597],[-46.92657,-4.772955],[-46.926568,-4.771639],[-46.926771,-4.771285],[-46.926312,-4.770949],[-46.926249,-4.770621],[-46.925663,-4.770089],[-46.925212,-4.76912],[-46.925327,-4.76861],[-46.92509,-4.768112],[-46.926472,-4.767438],[-46.92688,-4.767478],[-46.927308,-4.767787],[-46.928017,-4.767099],[-46.928577,-4.766865],[-46.9284,-4.76579],[-46.927724,-4.765419],[-46.927051,-4.764766],[-46.927499,-4.763106],[-46.927875,-4.763037],[-46.927994,-4.762766],[-46.928761,-4.762137],[-46.93035,-4.762363],[-46.931899,-4.762162],[-46.932685,-4.761911],[-46.9328,-4.761676],[-46.933307,-4.761698],[-46.933958,-4.760635],[-46.934215,-4.759225],[-46.933155,-4.756554],[-46.933578,-4.755831],[-46.933986,-4.755673],[-46.93444,-4.755187],[-46.934872,-4.754069],[-46.935311,-4.754048],[-46.93574,-4.753554],[-46.936155,-4.753533],[-46.936998,-4.753102],[-46.937379,-4.752308],[-46.937639,-4.750692],[-46.937614,-4.749813],[-46.9366,-4.748479],[-46.936306,-4.747518],[-46.936423,-4.744762],[-46.937363,-4.74433],[-46.937726,-4.743801],[-46.938203,-4.74103],[-46.938731,-4.740345],[-46.939508,-4.738606],[-46.939127,-4.7374],[-46.938929,-4.735555],[-46.939167,-4.734964],[-46.939246,-4.734098],[-46.938826,-4.733499],[-46.938708,-4.733033],[-46.938702,-4.732827],[-46.939163,-4.732733],[-46.938662,-4.732217],[-46.938772,-4.731838],[-46.939095,-4.731539],[-46.938528,-4.730812],[-46.938092,-4.729823],[-46.937986,-4.729113],[-46.938116,-4.72879],[-46.937896,-4.728682],[-46.937809,-4.728243],[-46.937426,-4.728164],[-46.9375,-4.727925],[-46.937887,-4.727861],[-46.937948,-4.727719],[-46.937138,-4.726734],[-46.936634,-4.726734],[-46.936292,-4.72605],[-46.936498,-4.725771],[-46.936466,-4.72551],[-46.936135,-4.72549],[-46.936065,-4.72516],[-46.93561,-4.725065],[-46.935454,-4.724876],[-46.935398,-4.724271],[-46.935859,-4.724163],[-46.936022,-4.723869],[-46.935749,-4.723605],[-46.935913,-4.723405],[-46.935729,-4.723084],[-46.935036,-4.722877],[-46.934602,-4.722454],[-46.934476,-4.720355],[-46.934073,-4.720244],[-46.933483,-4.719538],[-46.932542,-4.719577],[-46.932007,-4.719255],[-46.932131,-4.718262],[-46.932479,-4.718323],[-46.933073,-4.717802],[-46.933628,-4.717663],[-46.934164,-4.717096],[-46.934069,-4.71652],[-46.933559,-4.716046],[-46.933617,-4.715875],[-46.934024,-4.715854],[-46.934172,-4.7154],[-46.934003,-4.714425],[-46.934097,-4.714201],[-46.933869,-4.713737],[-46.934341,-4.713327],[-46.935184,-4.713034],[-46.93555,-4.711987],[-46.936305,-4.711481],[-46.936078,-4.710828],[-46.936602,-4.71033],[-46.936584,-4.710157],[-46.935716,-4.709605],[-46.935504,-4.709077],[-46.935225,-4.70895],[-46.935273,-4.70817],[-46.934903,-4.707747],[-46.935029,-4.707313],[-46.934961,-4.706724],[-46.93454,-4.70584],[-46.933714,-4.704854],[-46.934252,-4.703155],[-46.934808,-4.702645],[-46.935066,-4.70167],[-46.935027,-4.700639],[-46.935242,-4.700392],[-46.935172,-4.700133],[-46.935455,-4.69942],[-46.935322,-4.698774],[-46.934695,-4.698317],[-46.934655,-4.697644],[-46.934446,-4.697253],[-46.93461,-4.696929],[-46.9346,-4.6963],[-46.933907,-4.695359],[-46.934116,-4.695039],[-46.93451,-4.695093],[-46.934733,-4.694908],[-46.935066,-4.694083],[-46.9345,-4.694058],[-46.93445,-4.693704],[-46.934183,-4.693957],[-46.933857,-4.693965],[-46.933792,-4.693788],[-46.934083,-4.693412],[-46.933733,-4.693253],[-46.933611,-4.692973],[-46.933349,-4.693077],[-46.933445,-4.693538],[-46.932296,-4.693692],[-46.932312,-4.69344],[-46.932776,-4.693191],[-46.932683,-4.692428],[-46.932163,-4.692481],[-46.931999,-4.692393],[-46.931988,-4.69203],[-46.93151,-4.6921],[-46.931013,-4.691781],[-46.930501,-4.691928],[-46.9299,-4.691599],[-46.929742,-4.691982],[-46.929297,-4.6922],[-46.928352,-4.692448],[-46.927688,-4.692385],[-46.928041,-4.691759],[-46.927441,-4.690817],[-46.927683,-4.690509],[-46.927788,-4.689954],[-46.928276,-4.689656],[-46.928352,-4.689454],[-46.927791,-4.689066],[-46.927591,-4.688366],[-46.926635,-4.687031],[-46.92654,-4.686425],[-46.926988,-4.686046],[-46.926889,-4.685039],[-46.926536,-4.684451],[-46.925949,-4.684067],[-46.925959,-4.683309],[-46.926104,-4.682422],[-46.926599,-4.681958],[-46.926817,-4.681381],[-46.927316,-4.680846],[-46.928066,-4.680615],[-46.928356,-4.680274],[-46.929313,-4.680351],[-46.930234,-4.680695],[-46.930738,-4.680532],[-46.93098,-4.679753],[-46.930551,-4.679093],[-46.930064,-4.678725],[-46.930067,-4.678401],[-46.930368,-4.678139],[-46.931111,-4.678099],[-46.931321,-4.677178],[-46.931489,-4.677473],[-46.93169,-4.677475],[-46.931689,-4.677088],[-46.931951,-4.67685],[-46.931961,-4.676238],[-46.933833,-4.675624],[-46.933984,-4.674943],[-46.934569,-4.674195],[-46.934678,-4.673128],[-46.934104,-4.671502],[-46.934205,-4.671394],[-46.934579,-4.671723],[-46.934693,-4.671601],[-46.934597,-4.671112],[-46.934756,-4.670933],[-46.934518,-4.670613],[-46.934497,-4.670084],[-46.935555,-4.668698],[-46.935627,-4.668285],[-46.936534,-4.666501],[-46.936427,-4.665782],[-46.936986,-4.665306],[-46.937062,-4.665055],[-46.936985,-4.664752],[-46.936452,-4.664501],[-46.936202,-4.664105],[-46.935661,-4.664292],[-46.935804,-4.663793],[-46.935416,-4.663076],[-46.936175,-4.662259],[-46.935945,-4.661716],[-46.935654,-4.661502],[-46.935643,-4.661256],[-46.935698,-4.661057],[-46.936113,-4.660968],[-46.936961,-4.659978],[-46.937405,-4.658649],[-46.937155,-4.65814],[-46.937555,-4.658015],[-46.937876,-4.657385],[-46.937719,-4.657233],[-46.936858,-4.657507],[-46.9367,-4.657117],[-46.936366,-4.656854],[-46.936671,-4.656326],[-46.936374,-4.655945],[-46.936327,-4.655444],[-46.936718,-4.654797],[-46.936229,-4.654497],[-46.936194,-4.653972],[-46.935957,-4.65366],[-46.93602,-4.653507],[-46.936463,-4.653504],[-46.935394,-4.652878],[-46.935706,-4.652556],[-46.935102,-4.651876],[-46.935211,-4.651744],[-46.935624,-4.651862],[-46.935733,-4.651749],[-46.935423,-4.650868],[-46.935583,-4.650618],[-46.935497,-4.649676],[-46.935693,-4.649361],[-46.935533,-4.648939],[-46.936003,-4.648623],[-46.935788,-4.648258],[-46.936218,-4.647779],[-46.936454,-4.646686],[-46.939043,-4.645406],[-46.939237,-4.64484],[-46.93907,-4.644346],[-46.939178,-4.644068],[-46.939685,-4.643995],[-46.939826,-4.644491],[-46.939978,-4.644547],[-46.940596,-4.644],[-46.940672,-4.643128],[-46.940922,-4.642843],[-46.941173,-4.64195],[-46.941061,-4.641516],[-46.940568,-4.641224],[-46.940569,-4.640793],[-46.940151,-4.640566],[-46.940285,-4.640212],[-46.940191,-4.639874],[-46.940473,-4.639245],[-46.939908,-4.63897],[-46.938983,-4.639013],[-46.938938,-4.638105],[-46.939172,-4.63756],[-46.938596,-4.636897],[-46.939066,-4.636576],[-46.939438,-4.637076],[-46.939821,-4.636808],[-46.940909,-4.636499],[-46.940756,-4.636203],[-46.939961,-4.636097],[-46.939859,-4.635862],[-46.939969,-4.635543],[-46.940351,-4.635139],[-46.940649,-4.634286],[-46.94101,-4.634188],[-46.941308,-4.634672],[-46.941548,-4.63471],[-46.941901,-4.633644],[-46.942363,-4.633129],[-46.941973,-4.631948],[-46.942309,-4.630305],[-46.942115,-4.630117],[-46.941624,-4.630028],[-46.941073,-4.629067],[-46.941163,-4.628608],[-46.942034,-4.628341],[-46.942299,-4.627811],[-46.942057,-4.62732],[-46.941297,-4.62667],[-46.941314,-4.626519],[-46.941443,-4.626361],[-46.941993,-4.626463],[-46.942253,-4.626256],[-46.942425,-4.62534],[-46.942215,-4.624873],[-46.94236,-4.624546],[-46.942858,-4.624124],[-46.942491,-4.623145],[-46.943728,-4.622716],[-46.943338,-4.622224],[-46.943351,-4.621815],[-46.943689,-4.620988],[-46.944693,-4.62046],[-46.944792,-4.62017],[-46.944422,-4.619671],[-46.944814,-4.619057],[-46.944741,-4.618155],[-46.945205,-4.61763],[-46.945029,-4.61733],[-46.941036,-4.613824],[-46.939186,-4.61245],[-46.938634,-4.611752],[-46.936301,-4.609728],[-46.935729,-4.609061],[-46.935804,-4.608],[-46.93551,-4.607336],[-46.934409,-4.6068],[-46.934211,-4.606484],[-46.933951,-4.60442],[-46.934223,-4.604336],[-46.934639,-4.604555],[-46.935243,-4.604609],[-46.935534,-4.604266],[-46.935451,-4.604039],[-46.934877,-4.603847],[-46.934784,-4.603526],[-46.934902,-4.602955],[-46.934491,-4.602082],[-46.934815,-4.601613],[-46.935363,-4.601583],[-46.935829,-4.600711],[-46.935862,-4.600315],[-46.935594,-4.599372],[-46.936422,-4.598621],[-46.937319,-4.598608],[-46.937927,-4.597727],[-46.937697,-4.597176],[-46.937875,-4.596432],[-46.938345,-4.596553],[-46.939,-4.595843],[-46.939264,-4.59405],[-46.938906,-4.593549],[-46.938067,-4.593271],[-46.937919,-4.592617],[-46.938114,-4.592195],[-46.939117,-4.591696],[-46.939273,-4.591345],[-46.938977,-4.59002],[-46.939198,-4.589667],[-46.938975,-4.58937],[-46.938776,-4.588403],[-46.939226,-4.588076],[-46.938975,-4.587393],[-46.939306,-4.586841],[-46.939081,-4.586062],[-46.939201,-4.58531],[-46.938448,-4.584668],[-46.938061,-4.583695],[-46.937737,-4.583615],[-46.937488,-4.58311],[-46.936611,-4.582386],[-46.936709,-4.581459],[-46.936468,-4.580848],[-46.935587,-4.580511],[-46.934848,-4.58001],[-46.934573,-4.5801],[-46.93349,-4.579834],[-46.93321,-4.579336],[-46.933068,-4.57961],[-46.932739,-4.57955],[-46.932663,-4.579142],[-46.932322,-4.578955],[-46.932053,-4.578316],[-46.931885,-4.578344],[-46.93144,-4.577943],[-46.931256,-4.578052],[-46.930883,-4.577758],[-46.930872,-4.577243],[-46.931099,-4.576994],[-46.931005,-4.576727],[-46.930642,-4.576517],[-46.930206,-4.576635],[-46.929718,-4.575927],[-46.92929,-4.575645],[-46.928782,-4.575705],[-46.928852,-4.575284],[-46.928712,-4.575003],[-46.928088,-4.574649],[-46.927692,-4.573457],[-46.928133,-4.57275],[-46.928086,-4.572281],[-46.929264,-4.57189],[-46.92915,-4.571386],[-46.929328,-4.570675],[-46.928769,-4.569908],[-46.929059,-4.568966],[-46.928685,-4.568475],[-46.928492,-4.567646],[-46.928572,-4.567394],[-46.928946,-4.567137],[-46.928946,-4.566935],[-46.92846,-4.566617],[-46.927904,-4.565766],[-46.926956,-4.565819],[-46.926817,-4.565141],[-46.926506,-4.564735],[-46.925739,-4.564845],[-46.925225,-4.564257],[-46.924578,-4.563947],[-46.924678,-4.562607],[-46.924473,-4.562476],[-46.924336,-4.561972],[-46.92473,-4.561783],[-46.92454,-4.561227],[-46.924308,-4.560951],[-46.923758,-4.561117],[-46.923229,-4.560933],[-46.923143,-4.560476],[-46.923377,-4.559877],[-46.923279,-4.559711],[-46.922967,-4.559739],[-46.922784,-4.560083],[-46.922443,-4.55995],[-46.922191,-4.560028],[-46.922002,-4.559852],[-46.921925,-4.559346],[-46.921455,-4.559089],[-46.921357,-4.558898],[-46.921856,-4.558775],[-46.921994,-4.558558],[-46.922122,-4.558316],[-46.922035,-4.558015],[-46.921531,-4.557806],[-46.921526,-4.557327],[-46.92131,-4.556836],[-46.92057,-4.556828],[-46.920435,-4.556429],[-46.920606,-4.556033],[-46.920303,-4.555836],[-46.920234,-4.555495],[-46.919786,-4.555547],[-46.919071,-4.554755],[-46.919068,-4.554239],[-46.918763,-4.55382],[-46.918812,-4.552768],[-46.918031,-4.552739],[-46.917778,-4.552435],[-46.917974,-4.551766],[-46.917735,-4.551163],[-46.917412,-4.551056],[-46.916983,-4.551295],[-46.91655,-4.551267],[-46.915891,-4.550913],[-46.915369,-4.549379],[-46.914021,-4.548614],[-46.914079,-4.548273],[-46.914684,-4.548201],[-46.915412,-4.547881],[-46.915705,-4.547228],[-46.915601,-4.546622],[-46.915096,-4.546031],[-46.914766,-4.544818],[-46.914397,-4.544295],[-46.913815,-4.543996],[-46.913525,-4.543395],[-46.91288,-4.543281],[-46.912261,-4.542918],[-46.91172,-4.543128],[-46.911602,-4.5436],[-46.911139,-4.54349],[-46.910975,-4.542929],[-46.909875,-4.541959],[-46.908923,-4.540695],[-46.908977,-4.539716],[-46.909217,-4.539435],[-46.909366,-4.538709],[-46.909013,-4.538142],[-46.908474,-4.537999],[-46.908084,-4.537396],[-46.90807,-4.53712],[-46.908522,-4.536888],[-46.908386,-4.536613],[-46.907458,-4.536197],[-46.907265,-4.535231],[-46.907016,-4.535196],[-46.90647,-4.535462],[-46.906104,-4.535343],[-46.905975,-4.534266],[-46.905786,-4.534009],[-46.904582,-4.533919],[-46.90361,-4.533232],[-46.904122,-4.531053],[-46.903964,-4.530091],[-46.904324,-4.529809],[-46.90435,-4.529604],[-46.904181,-4.529439],[-46.90376,-4.529497],[-46.90274,-4.529279],[-46.902964,-4.528646],[-46.902463,-4.528304],[-46.902676,-4.527757],[-46.902324,-4.527332],[-46.902862,-4.527148],[-46.902379,-4.526837],[-46.902303,-4.526073],[-46.901729,-4.525533],[-46.901614,-4.524906],[-46.90086,-4.524828],[-46.900687,-4.524665],[-46.900878,-4.524217],[-46.900514,-4.523589],[-46.900848,-4.523091],[-46.900873,-4.52274],[-46.90051,-4.52186],[-46.899847,-4.5182],[-46.899366,-4.517567],[-46.898299,-4.517762],[-46.897577,-4.517251],[-46.896788,-4.516976],[-46.896869,-4.516367],[-46.89769,-4.516359],[-46.897613,-4.515561],[-46.897753,-4.514593],[-46.89741,-4.513947],[-46.897485,-4.51347],[-46.896952,-4.512742],[-46.897093,-4.512285],[-46.897894,-4.511536],[-46.897901,-4.510896],[-46.898735,-4.510425],[-46.899606,-4.510299],[-46.89972,-4.509743],[-46.899926,-4.509633],[-46.900363,-4.509872],[-46.900547,-4.509405],[-46.900875,-4.509455],[-46.901181,-4.509899],[-46.901951,-4.509928],[-46.902407,-4.509765],[-46.902842,-4.509231],[-46.902499,-4.508273],[-46.902597,-4.508027],[-46.902714,-4.507972],[-46.903017,-4.508342],[-46.903349,-4.508393],[-46.903722,-4.508061],[-46.903276,-4.50603],[-46.903368,-4.505753],[-46.903975,-4.505246],[-46.903453,-4.504336],[-46.903488,-4.503172],[-46.903118,-4.502645],[-46.902859,-4.501279],[-46.9022,-4.500394],[-46.902535,-4.499926],[-46.902128,-4.49943],[-46.901972,-4.498434],[-46.902058,-4.497895],[-46.901901,-4.497513],[-46.902135,-4.497124],[-46.901944,-4.496743],[-46.901535,-4.496311],[-46.900897,-4.496527],[-46.900278,-4.495978],[-46.899905,-4.495275],[-46.899797,-4.494614],[-46.899375,-4.494262],[-46.89924,-4.49386],[-46.898782,-4.493825],[-46.898469,-4.493604],[-46.897963,-4.493834],[-46.897673,-4.493637],[-46.897699,-4.493044],[-46.898015,-4.492845],[-46.898088,-4.492551],[-46.897395,-4.492341],[-46.897306,-4.492133],[-46.897424,-4.491858],[-46.897906,-4.491559],[-46.897849,-4.491141],[-46.898434,-4.490527],[-46.898422,-4.490146],[-46.898068,-4.489664],[-46.898778,-4.489017],[-46.898705,-4.487918],[-46.898189,-4.486456],[-46.897862,-4.486066],[-46.897164,-4.485966],[-46.897074,-4.485651],[-46.896077,-4.485093],[-46.895824,-4.484648],[-46.894553,-4.483841],[-46.894191,-4.483275],[-46.893572,-4.48279],[-46.892415,-4.482899],[-46.891967,-4.482754],[-46.89174,-4.481557],[-46.891531,-4.481381],[-46.890907,-4.481388],[-46.890582,-4.48102],[-46.890898,-4.480594],[-46.890807,-4.479614],[-46.89024,-4.479716],[-46.889466,-4.479346],[-46.888282,-4.479369],[-46.88657,-4.478322],[-46.886169,-4.47883],[-46.885841,-4.478873],[-46.885238,-4.477824],[-46.884306,-4.4778],[-46.884207,-4.477539],[-46.884329,-4.477065],[-46.884049,-4.4764],[-46.88421,-4.475598],[-46.884061,-4.475416],[-46.883653,-4.475382],[-46.882836,-4.474947],[-46.880935,-4.475833],[-46.879579,-4.475564],[-46.877901,-4.476026],[-46.877571,-4.475643],[-46.876979,-4.473768],[-46.876707,-4.473567],[-46.875543,-4.473405],[-46.8753,-4.473074],[-46.875241,-4.472361],[-46.874986,-4.472116],[-46.874657,-4.472089],[-46.874102,-4.472339],[-46.873406,-4.472177],[-46.873272,-4.471577],[-46.873672,-4.471209],[-46.873662,-4.470882],[-46.873027,-4.470605],[-46.872606,-4.470617],[-46.872319,-4.470254],[-46.871589,-4.470431],[-46.871477,-4.470151],[-46.87156,-4.469707],[-46.871309,-4.469188],[-46.87003,-4.469865],[-46.868632,-4.469294],[-46.867058,-4.468049],[-46.866868,-4.467601],[-46.866876,-4.46689],[-46.866607,-4.466903],[-46.86634,-4.467156],[-46.865954,-4.466926],[-46.865923,-4.466568],[-46.866199,-4.465969],[-46.865539,-4.464728],[-46.866003,-4.463304],[-46.865848,-4.463147],[-46.865379,-4.46323],[-46.865109,-4.462979],[-46.865567,-4.462215],[-46.865222,-4.461851],[-46.864547,-4.461753],[-46.864129,-4.461453],[-46.863971,-4.460324],[-46.863472,-4.459402],[-46.862394,-4.458782],[-46.861766,-4.458619],[-46.861083,-4.458687],[-46.860717,-4.458479],[-46.860483,-4.458164],[-46.860272,-4.457026],[-46.859581,-4.456535],[-46.859496,-4.456298],[-46.859318,-4.456229],[-46.858749,-4.456607],[-46.858418,-4.456443],[-46.858684,-4.455912],[-46.858409,-4.455661],[-46.858857,-4.454941],[-46.858824,-4.454429],[-46.858579,-4.454148],[-46.858558,-4.453577],[-46.858232,-4.453329],[-46.858756,-4.452632],[-46.858524,-4.45206],[-46.858879,-4.451827],[-46.859139,-4.451977],[-46.859335,-4.451837],[-46.859567,-4.451983],[-46.859806,-4.451901],[-46.859074,-4.450445],[-46.859472,-4.449831],[-46.859455,-4.449371],[-46.858838,-4.449137],[-46.858632,-4.448862],[-46.858655,-4.448312],[-46.859001,-4.448145],[-46.85916,-4.447805],[-46.85899,-4.447047],[-46.85926,-4.446425],[-46.859279,-4.445769],[-46.859165,-4.445474],[-46.858456,-4.444979],[-46.859043,-4.44484],[-46.858575,-4.444299],[-46.858726,-4.443762],[-46.859221,-4.443757],[-46.860075,-4.443249],[-46.859684,-4.442378],[-46.860057,-4.441856],[-46.86013,-4.441369],[-46.859709,-4.440403],[-46.859215,-4.44002],[-46.859338,-4.439358],[-46.859768,-4.438929],[-46.859732,-4.438313],[-46.859164,-4.4379],[-46.858929,-4.437268],[-46.858232,-4.437248],[-46.857646,-4.436688],[-46.85767,-4.436074],[-46.857415,-4.435503],[-46.857428,-4.435136],[-46.85768,-4.434665],[-46.858093,-4.434632],[-46.858084,-4.434347],[-46.858303,-4.434026],[-46.858171,-4.433622],[-46.85849,-4.433656],[-46.858543,-4.433509],[-46.857951,-4.43314],[-46.857901,-4.432799],[-46.85697,-4.43242],[-46.857152,-4.431884],[-46.856721,-4.43169],[-46.856617,-4.431403],[-46.85638,-4.431408],[-46.856292,-4.431099],[-46.855871,-4.430692],[-46.855815,-4.430108],[-46.855177,-4.429788],[-46.854804,-4.428534],[-46.854514,-4.428433],[-46.853873,-4.428704],[-46.852861,-4.428732],[-46.852109,-4.428338],[-46.852115,-4.427902],[-46.851669,-4.427715],[-46.851495,-4.427094],[-46.850703,-4.42719],[-46.850614,-4.42648],[-46.850223,-4.42597],[-46.850675,-4.425414],[-46.850643,-4.424829],[-46.850345,-4.424762],[-46.850047,-4.424974],[-46.849613,-4.424947],[-46.849192,-4.42438],[-46.848494,-4.424377],[-46.84777,-4.423998],[-46.847625,-4.423102],[-46.8478,-4.422962],[-46.848011,-4.42176],[-46.848356,-4.421397],[-46.848637,-4.421577],[-46.848795,-4.421409],[-46.848001,-4.420516],[-46.848173,-4.41973],[-46.848036,-4.419179],[-46.846815,-4.418078],[-46.847085,-4.417863],[-46.846819,-4.417183],[-46.846204,-4.41646],[-46.845352,-4.416354],[-46.845024,-4.416782],[-46.84473,-4.416772],[-46.84445,-4.41636],[-46.844428,-4.416045],[-46.844118,-4.415945],[-46.84381,-4.415563],[-46.843672,-4.414945],[-46.843762,-4.414569],[-46.843529,-4.414405],[-46.843408,-4.413955],[-46.843569,-4.413152],[-46.843048,-4.41283],[-46.843959,-4.412337],[-46.844038,-4.412058],[-46.843824,-4.411536],[-46.84408,-4.411104],[-46.843385,-4.410282],[-46.843187,-4.409788],[-46.84257,-4.409594],[-46.842528,-4.409077],[-46.842035,-4.409308],[-46.841964,-4.40907],[-46.842166,-4.408703],[-46.841878,-4.408467],[-46.842151,-4.407789],[-46.842747,-4.407191],[-46.842556,-4.406522],[-46.842906,-4.405529],[-46.842751,-4.40517],[-46.842469,-4.405081],[-46.842328,-4.404631],[-46.842416,-4.404323],[-46.842062,-4.404001],[-46.841754,-4.403274],[-46.841803,-4.403049],[-46.842026,-4.402977],[-46.841737,-4.402465],[-46.841558,-4.402435],[-46.841403,-4.402794],[-46.840861,-4.402754],[-46.83963,-4.401622],[-46.839991,-4.401199],[-46.839954,-4.400472],[-46.839098,-4.39944],[-46.838891,-4.398826],[-46.839754,-4.396914],[-46.84023,-4.396661],[-46.840511,-4.396222],[-46.84104,-4.396342],[-46.841382,-4.396036],[-46.841413,-4.395756],[-46.84106,-4.395153],[-46.841161,-4.394823],[-46.841496,-4.394705],[-46.841644,-4.394397],[-46.842104,-4.394326],[-46.842234,-4.394076],[-46.841895,-4.393731],[-46.84177,-4.39281],[-46.841889,-4.391448],[-46.841642,-4.39146],[-46.841324,-4.390957],[-46.841379,-4.390618],[-46.84167,-4.390691],[-46.841873,-4.390534],[-46.841495,-4.390259],[-46.840949,-4.390237],[-46.840959,-4.389628],[-46.840333,-4.38933],[-46.840379,-4.389032],[-46.839825,-4.388837],[-46.84009,-4.38863],[-46.83993,-4.388399],[-46.840069,-4.38799],[-46.839385,-4.387966],[-46.839709,-4.387673],[-46.839554,-4.387305],[-46.839773,-4.386699],[-46.839426,-4.386631],[-46.839023,-4.386189],[-46.838797,-4.386605],[-46.838637,-4.386366],[-46.838325,-4.386549],[-46.837885,-4.386248],[-46.83755,-4.386265],[-46.837162,-4.385208],[-46.836614,-4.385226],[-46.836034,-4.384715],[-46.83633,-4.384501],[-46.836069,-4.38393],[-46.835808,-4.384092],[-46.835515,-4.383962],[-46.835571,-4.384353],[-46.835435,-4.384449],[-46.835137,-4.384459],[-46.83518,-4.384064],[-46.835038,-4.38396],[-46.834089,-4.384511],[-46.833878,-4.384347],[-46.833752,-4.38382],[-46.833236,-4.384086],[-46.832538,-4.383511],[-46.83191,-4.383527],[-46.831147,-4.382725],[-46.830792,-4.382707],[-46.829565,-4.382136],[-46.828801,-4.380916],[-46.82838,-4.380972],[-46.828125,-4.380762],[-46.827858,-4.381154],[-46.827506,-4.381056],[-46.827188,-4.380375],[-46.826473,-4.380613],[-46.826071,-4.380161],[-46.826006,-4.379652],[-46.825517,-4.379549],[-46.825084,-4.378761],[-46.823563,-4.378284],[-46.822722,-4.377228],[-46.822164,-4.37767],[-46.821317,-4.377633],[-46.821246,-4.377069],[-46.820784,-4.376663],[-46.819643,-4.376972],[-46.819372,-4.377628],[-46.818926,-4.377653],[-46.818533,-4.3783],[-46.818011,-4.378686],[-46.817677,-4.378711],[-46.817306,-4.378433],[-46.816384,-4.378235],[-46.816158,-4.378338],[-46.816084,-4.378679],[-46.815842,-4.378751],[-46.815612,-4.378675],[-46.814994,-4.377938],[-46.815556,-4.3774],[-46.814939,-4.377117],[-46.814935,-4.376942],[-46.815194,-4.376785],[-46.815146,-4.37659],[-46.81475,-4.376588],[-46.814524,-4.376207],[-46.813119,-4.375576],[-46.812726,-4.375706],[-46.812654,-4.376116],[-46.812361,-4.376256],[-46.811994,-4.376034],[-46.812041,-4.375649],[-46.811406,-4.3756],[-46.811312,-4.375191],[-46.809233,-4.375599],[-46.808753,-4.375614],[-46.808432,-4.375446],[-46.808114,-4.375713],[-46.807741,-4.375575],[-46.807333,-4.376446],[-46.806661,-4.376477],[-46.806052,-4.376741],[-46.804917,-4.376228],[-46.803647,-4.376235],[-46.802918,-4.375976],[-46.802667,-4.375762],[-46.80203,-4.374404],[-46.800615,-4.373758],[-46.800143,-4.373729],[-46.799088,-4.374062],[-46.795528,-4.375775],[-46.795153,-4.375639],[-46.795553,-4.375102],[-46.795213,-4.374751],[-46.793292,-4.374692],[-46.791641,-4.374315],[-46.789096,-4.375068],[-46.788629,-4.375059],[-46.788233,-4.375424],[-46.78788,-4.375382],[-46.787498,-4.375586],[-46.787123,-4.37622],[-46.786906,-4.376288],[-46.786794,-4.375894],[-46.78653,-4.375635],[-46.786686,-4.375507],[-46.786441,-4.37483],[-46.785939,-4.374467],[-46.785582,-4.37454],[-46.785229,-4.37441],[-46.784795,-4.374723],[-46.784528,-4.374557],[-46.784246,-4.374886],[-46.78394,-4.374796],[-46.783522,-4.375065],[-46.783184,-4.374918],[-46.782782,-4.375172],[-46.782139,-4.375192],[-46.781953,-4.375529],[-46.781718,-4.375305],[-46.781251,-4.375401],[-46.780384,-4.375266],[-46.780199,-4.375362],[-46.780152,-4.375632],[-46.779928,-4.375353],[-46.779573,-4.375418],[-46.779314,-4.37501],[-46.779185,-4.375425],[-46.778929,-4.375308],[-46.77871,-4.3754],[-46.778387,-4.374818],[-46.778055,-4.374747],[-46.77796,-4.374564],[-46.777648,-4.374579],[-46.777496,-4.374342],[-46.777251,-4.374441],[-46.776906,-4.374006],[-46.776414,-4.373906],[-46.776336,-4.373735],[-46.776604,-4.373623],[-46.77644,-4.373308],[-46.776207,-4.373167],[-46.775953,-4.373323],[-46.775794,-4.372983],[-46.775506,-4.373088],[-46.775247,-4.372987],[-46.774443,-4.373246],[-46.774315,-4.373178],[-46.77433,-4.372892],[-46.773884,-4.372599],[-46.773163,-4.37254],[-46.772716,-4.372741],[-46.772695,-4.373222],[-46.772118,-4.373098],[-46.771873,-4.373409],[-46.77122,-4.373578],[-46.77086,-4.37285],[-46.770208,-4.372857],[-46.770054,-4.372439],[-46.769483,-4.372611],[-46.76912,-4.372402],[-46.768459,-4.372882],[-46.768114,-4.372257],[-46.767765,-4.372183],[-46.767157,-4.372424],[-46.766932,-4.372839],[-46.7672,-4.373058],[-46.767087,-4.373339],[-46.76673,-4.373607],[-46.766306,-4.3734],[-46.766038,-4.373467],[-46.765283,-4.374333],[-46.765245,-4.374753],[-46.765052,-4.374952],[-46.764124,-4.374908],[-46.763553,-4.375178],[-46.763544,-4.375784],[-46.76294,-4.375896],[-46.762674,-4.376456],[-46.762267,-4.37661],[-46.762078,-4.377013],[-46.761554,-4.376927],[-46.76205,-4.377307],[-46.761559,-4.3774],[-46.761125,-4.377739],[-46.760718,-4.377753],[-46.76021,-4.377424],[-46.759572,-4.377455],[-46.75885,-4.377228],[-46.75798,-4.377332],[-46.757513,-4.377041],[-46.757233,-4.376021],[-46.756906,-4.375917],[-46.754419,-4.376277],[-46.752907,-4.376366],[-46.752605,-4.376243],[-46.751906,-4.376521],[-46.751578,-4.376404],[-46.751529,-4.377549],[-46.751345,-4.37786],[-46.750306,-4.377875],[-46.750231,-4.377636],[-46.749941,-4.377915],[-46.749635,-4.377956],[-46.749366,-4.378438],[-46.748981,-4.378205],[-46.748492,-4.378157],[-46.747481,-4.378547],[-46.748011,-4.378786],[-46.74808,-4.37926],[-46.747888,-4.379428],[-46.748058,-4.379884],[-46.747561,-4.380554],[-46.747044,-4.380495],[-46.746733,-4.38015],[-46.7464,-4.380415],[-46.745808,-4.381839],[-46.746447,-4.382024],[-46.746035,-4.382027],[-46.745692,-4.38245],[-46.745452,-4.382378],[-46.745508,-4.382691],[-46.745052,-4.382742],[-46.744612,-4.383111],[-46.744125,-4.382791],[-46.743805,-4.38299],[-46.743077,-4.382594],[-46.742783,-4.383158],[-46.742394,-4.382815],[-46.742014,-4.382785],[-46.741239,-4.382097],[-46.740741,-4.38257],[-46.740386,-4.382674],[-46.739719,-4.382293],[-46.739504,-4.382761],[-46.738925,-4.382945],[-46.738655,-4.382562],[-46.737988,-4.382222],[-46.737119,-4.381472],[-46.737099,-4.38085],[-46.736688,-4.380652],[-46.737169,-4.380188],[-46.737315,-4.37968],[-46.736703,-4.379094],[-46.736499,-4.378606],[-46.736356,-4.378582],[-46.736207,-4.378897],[-46.735585,-4.378855],[-46.735607,-4.379115],[-46.73534,-4.37891],[-46.735076,-4.379114],[-46.734498,-4.378577],[-46.734149,-4.378745],[-46.733638,-4.378123],[-46.733021,-4.378469],[-46.732961,-4.377915],[-46.732799,-4.377801],[-46.732467,-4.377781],[-46.731811,-4.377407],[-46.731081,-4.377327],[-46.731489,-4.376922],[-46.731472,-4.376727],[-46.731214,-4.376497],[-46.730777,-4.376426],[-46.730713,-4.376254],[-46.730999,-4.375945],[-46.730855,-4.375531],[-46.731216,-4.375074],[-46.73129,-4.374418],[-46.731483,-4.374235],[-46.732007,-4.374331],[-46.732467,-4.373958],[-46.732836,-4.374021],[-46.732835,-4.372656],[-46.732585,-4.372228],[-46.73224,-4.372089],[-46.731323,-4.372394],[-46.729988,-4.372265],[-46.729633,-4.372383],[-46.729584,-4.372646],[-46.73012,-4.373222],[-46.730613,-4.373421],[-46.730569,-4.373647],[-46.729412,-4.374008],[-46.729162,-4.374397],[-46.729189,-4.375148],[-46.728393,-4.375012],[-46.727845,-4.375681],[-46.72749,-4.375549],[-46.726826,-4.375707],[-46.726183,-4.375147],[-46.724811,-4.375037],[-46.724538,-4.374863],[-46.7244,-4.374458],[-46.723594,-4.374004],[-46.722794,-4.37394],[-46.722577,-4.374131],[-46.722488,-4.374608],[-46.72191,-4.374206],[-46.721188,-4.374859],[-46.720273,-4.374352],[-46.720232,-4.373802],[-46.719713,-4.373851],[-46.718785,-4.373256],[-46.718425,-4.372168],[-46.718997,-4.371576],[-46.718697,-4.370947],[-46.718243,-4.37061],[-46.718033,-4.370057],[-46.71776,-4.370668],[-46.717347,-4.370492],[-46.716947,-4.369793],[-46.716555,-4.369602],[-46.71666,-4.369049],[-46.716085,-4.368969],[-46.715423,-4.367977],[-46.71461,-4.368352],[-46.71417,-4.368305],[-46.71321,-4.367656],[-46.712901,-4.367174],[-46.712472,-4.367021],[-46.711932,-4.367074],[-46.711523,-4.366867],[-46.711288,-4.366384],[-46.71066,-4.366218],[-46.710182,-4.365649],[-46.709106,-4.366111],[-46.708744,-4.366041],[-46.708519,-4.365572],[-46.708011,-4.365063],[-46.708782,-4.364844],[-46.708186,-4.36398],[-46.708065,-4.36389],[-46.707704,-4.364164],[-46.707481,-4.364073],[-46.70748,-4.363387],[-46.706914,-4.363082],[-46.70661,-4.362561],[-46.706214,-4.362534],[-46.705996,-4.362733],[-46.705676,-4.362662],[-46.705544,-4.361796],[-46.704993,-4.361686],[-46.704832,-4.3615],[-46.704774,-4.360719],[-46.70459,-4.360565],[-46.703773,-4.360503],[-46.704065,-4.359947],[-46.703842,-4.359555],[-46.702155,-4.358811],[-46.701782,-4.358011],[-46.70103,-4.357254],[-46.700294,-4.357294],[-46.700166,-4.357049],[-46.700237,-4.356397],[-46.699293,-4.355694],[-46.698631,-4.355492],[-46.697972,-4.355596],[-46.696883,-4.356139],[-46.696236,-4.355764],[-46.696039,-4.356034],[-46.695275,-4.356071],[-46.694897,-4.356505],[-46.694537,-4.356386],[-46.694719,-4.356108],[-46.69405,-4.355879],[-46.693505,-4.356291],[-46.693257,-4.356301],[-46.692962,-4.35602],[-46.692238,-4.356148],[-46.691731,-4.356648],[-46.690616,-4.35637],[-46.690492,-4.356445],[-46.690675,-4.35668],[-46.690592,-4.356801],[-46.689528,-4.356386],[-46.689537,-4.356789],[-46.689013,-4.356621],[-46.688626,-4.356865],[-46.688578,-4.356473],[-46.688199,-4.355803],[-46.688048,-4.355819],[-46.687921,-4.356241],[-46.687728,-4.356268],[-46.686755,-4.355805],[-46.686751,-4.355621],[-46.687216,-4.35509],[-46.687143,-4.354939],[-46.686504,-4.355197],[-46.685931,-4.355197],[-46.685259,-4.354941],[-46.684639,-4.354315],[-46.684316,-4.353701],[-46.683335,-4.353331],[-46.683355,-4.352962],[-46.68306,-4.352673],[-46.683034,-4.352251],[-46.682601,-4.351804],[-46.682994,-4.351455],[-46.68271,-4.350849],[-46.683144,-4.350216],[-46.68299,-4.349684],[-46.683163,-4.349549],[-46.683411,-4.349615],[-46.683458,-4.349434],[-46.683116,-4.348927],[-46.682167,-4.348979],[-46.682133,-4.348599],[-46.681808,-4.348559],[-46.68176,-4.348225],[-46.681054,-4.347451],[-46.681326,-4.347087],[-46.680858,-4.346687],[-46.680847,-4.345705],[-46.681069,-4.345005],[-46.68096,-4.344225],[-46.680621,-4.343885],[-46.68009,-4.343671],[-46.679609,-4.343066],[-46.678052,-4.341771],[-46.677605,-4.341734],[-46.676812,-4.342308],[-46.676658,-4.342192],[-46.677035,-4.341853],[-46.676825,-4.341614],[-46.675039,-4.342208],[-46.67485,-4.342307],[-46.674872,-4.342913],[-46.674293,-4.342971],[-46.673999,-4.343355],[-46.673485,-4.343586],[-46.673153,-4.343193],[-46.672547,-4.343177],[-46.672081,-4.343541],[-46.672009,-4.343013],[-46.671086,-4.343365],[-46.670777,-4.343687],[-46.670024,-4.343678],[-46.669313,-4.34343],[-46.668601,-4.341917],[-46.668155,-4.34173],[-46.667922,-4.341718],[-46.667702,-4.34207],[-46.667327,-4.341834],[-46.66661,-4.341895],[-46.6665,-4.342051],[-46.666865,-4.342408],[-46.666646,-4.342553],[-46.665932,-4.342463],[-46.665997,-4.341897],[-46.665228,-4.341876],[-46.665145,-4.342072],[-46.66549,-4.342414],[-46.6653,-4.342573],[-46.664647,-4.342115],[-46.663773,-4.342115],[-46.663659,-4.341746],[-46.66269,-4.340977],[-46.662148,-4.340835],[-46.661276,-4.341118],[-46.660753,-4.340897],[-46.660233,-4.341062],[-46.66011,-4.341424],[-46.658262,-4.340617],[-46.657549,-4.340987],[-46.655517,-4.33963],[-46.655159,-4.339786],[-46.65528,-4.340536],[-46.655167,-4.340877],[-46.65473,-4.340878],[-46.654154,-4.34037],[-46.654152,-4.340836],[-46.65388,-4.341561],[-46.653469,-4.341511],[-46.653301,-4.341143],[-46.652871,-4.34112],[-46.652631,-4.34088],[-46.652297,-4.341313],[-46.652012,-4.34131],[-46.651854,-4.341767],[-46.651474,-4.342046],[-46.650875,-4.342013],[-46.650678,-4.342239],[-46.649861,-4.342235],[-46.649015,-4.34181],[-46.648428,-4.340811],[-46.647993,-4.340404],[-46.647662,-4.339684],[-46.647257,-4.3395],[-46.646825,-4.338679],[-46.647036,-4.338349],[-46.646914,-4.338134],[-46.64643,-4.337889],[-46.645911,-4.337213],[-46.645246,-4.337246],[-46.645032,-4.336724],[-46.644437,-4.33644],[-46.64397,-4.336431],[-46.643814,-4.336092],[-46.643963,-4.33565],[-46.643247,-4.335598],[-46.642554,-4.334948],[-46.641621,-4.334983],[-46.640905,-4.334654],[-46.640389,-4.334835],[-46.640132,-4.334602],[-46.639503,-4.334758],[-46.638861,-4.334269],[-46.63813,-4.334843],[-46.637367,-4.334952],[-46.636782,-4.334705],[-46.635939,-4.334939],[-46.63532,-4.334562],[-46.634675,-4.334397],[-46.632678,-4.335015],[-46.632161,-4.335116],[-46.63172,-4.334978],[-46.631357,-4.334473],[-46.631418,-4.333989],[-46.630938,-4.333348],[-46.631112,-4.332567],[-46.630625,-4.332034],[-46.62984,-4.331874],[-46.629656,-4.331619],[-46.629867,-4.330381],[-46.629225,-4.329906],[-46.62775,-4.330213],[-46.62633,-4.328175],[-46.625286,-4.327992],[-46.624834,-4.327703],[-46.624587,-4.327466],[-46.624261,-4.326592],[-46.623303,-4.326703],[-46.622633,-4.325953],[-46.621928,-4.325974],[-46.62128,-4.325248],[-46.620367,-4.324995],[-46.620114,-4.324265],[-46.620366,-4.323925],[-46.620339,-4.323681],[-46.619481,-4.322927],[-46.619549,-4.322583],[-46.619943,-4.32238],[-46.619724,-4.322044],[-46.618915,-4.321777],[-46.61832,-4.322008],[-46.618246,-4.321472],[-46.618024,-4.321291],[-46.616692,-4.321924],[-46.616422,-4.321792],[-46.615969,-4.321071],[-46.615612,-4.320912],[-46.615005,-4.321372],[-46.614407,-4.321388],[-46.613522,-4.320433],[-46.613572,-4.32015],[-46.613887,-4.320094],[-46.613975,-4.319926],[-46.613884,-4.319525],[-46.613608,-4.319334],[-46.613166,-4.319687],[-46.612988,-4.319624],[-46.612546,-4.318746],[-46.61249,-4.318114],[-46.611864,-4.318199],[-46.611946,-4.317271],[-46.611398,-4.317215],[-46.61113,-4.316857],[-46.610237,-4.316402],[-46.610072,-4.316081],[-46.608923,-4.316193],[-46.607299,-4.316843],[-46.606906,-4.316659],[-46.606757,-4.31637],[-46.606758,-4.315978],[-46.606963,-4.315881],[-46.606691,-4.315501],[-46.606042,-4.315452],[-46.605804,-4.315217],[-46.605526,-4.315385],[-46.605247,-4.315292],[-46.605075,-4.314923],[-46.60449,-4.314484],[-46.603797,-4.314575],[-46.603397,-4.314316],[-46.603102,-4.314316],[-46.602757,-4.314624],[-46.602328,-4.314733],[-46.602128,-4.314277],[-46.601541,-4.313661],[-46.601369,-4.313745],[-46.6013,-4.314254],[-46.60076,-4.314296],[-46.600198,-4.313819],[-46.600194,-4.313365],[-46.599387,-4.312976],[-46.599556,-4.312577],[-46.599052,-4.311849],[-46.598952,-4.311377],[-46.59824,-4.31124],[-46.597957,-4.311375],[-46.597798,-4.311011],[-46.597493,-4.310818],[-46.59722,-4.310977],[-46.596796,-4.31086],[-46.596658,-4.310525],[-46.596288,-4.310475],[-46.595997,-4.310028],[-46.594959,-4.309606],[-46.594714,-4.309161],[-46.592849,-4.309269],[-46.592605,-4.308337],[-46.591859,-4.30775],[-46.591941,-4.307308],[-46.591581,-4.307095],[-46.59201,-4.306906],[-46.591568,-4.306289],[-46.591653,-4.305917],[-46.591122,-4.305672],[-46.59104,-4.305308],[-46.590718,-4.305435],[-46.590508,-4.305082],[-46.590673,-4.304637],[-46.592099,-4.304742],[-46.592087,-4.304456],[-46.592471,-4.303962],[-46.59177,-4.303439],[-46.592068,-4.302574],[-46.591945,-4.302343],[-46.591217,-4.301892],[-46.590734,-4.302349],[-46.58999,-4.302567],[-46.589959,-4.302084],[-46.590181,-4.301726],[-46.588902,-4.300785],[-46.588806,-4.300528],[-46.589081,-4.299713],[-46.588897,-4.298627],[-46.589025,-4.298276],[-46.5877,-4.297959],[-46.587374,-4.297691],[-46.586455,-4.297621],[-46.58584,-4.297309],[-46.585207,-4.297549],[-46.58474,-4.297442],[-46.584582,-4.297249],[-46.584712,-4.296933],[-46.584544,-4.296695],[-46.584568,-4.296266],[-46.584166,-4.295957],[-46.583613,-4.295874],[-46.582561,-4.296023],[-46.582331,-4.295228],[-46.581187,-4.2949],[-46.580676,-4.295005],[-46.580255,-4.294773],[-46.580176,-4.29458],[-46.580333,-4.294133],[-46.580029,-4.293451],[-46.579052,-4.293401],[-46.578573,-4.292872],[-46.578375,-4.292886],[-46.578181,-4.293295],[-46.577849,-4.293537],[-46.577607,-4.293316],[-46.577509,-4.292933],[-46.576932,-4.292788],[-46.576413,-4.292097],[-46.576092,-4.292146],[-46.5752,-4.291888],[-46.574924,-4.291099],[-46.574983,-4.290927],[-46.575291,-4.290824],[-46.575008,-4.290359],[-46.57502,-4.289263],[-46.575401,-4.288855],[-46.574902,-4.288595],[-46.574447,-4.288558],[-46.573857,-4.287905],[-46.572915,-4.28757],[-46.572292,-4.286817],[-46.571608,-4.28674],[-46.571495,-4.286883],[-46.570992,-4.286901],[-46.570674,-4.286745],[-46.569961,-4.287016],[-46.569626,-4.286542],[-46.569636,-4.286098],[-46.569452,-4.285876],[-46.569652,-4.285635],[-46.569621,-4.285344],[-46.568398,-4.284814],[-46.567977,-4.284986],[-46.567723,-4.284909],[-46.56738,-4.284174],[-46.567469,-4.283557],[-46.567349,-4.283312],[-46.566591,-4.283241],[-46.565676,-4.282894],[-46.564985,-4.282125],[-46.56428,-4.282193],[-46.563882,-4.281457],[-46.564212,-4.281419],[-46.564234,-4.281257],[-46.563795,-4.280876],[-46.563029,-4.27973],[-46.562306,-4.279304],[-46.562222,-4.278799],[-46.562437,-4.27801],[-46.562272,-4.277565],[-46.561982,-4.277245],[-46.561069,-4.276934],[-46.560805,-4.276074],[-46.560231,-4.275991],[-46.559911,-4.275779],[-46.560019,-4.27496],[-46.559019,-4.272887],[-46.557823,-4.273499],[-46.557431,-4.273548],[-46.557149,-4.273403],[-46.556341,-4.272397],[-46.555572,-4.272193],[-46.555363,-4.272335],[-46.555456,-4.272788],[-46.554488,-4.2733],[-46.554504,-4.273778],[-46.553579,-4.273888],[-46.553057,-4.274355],[-46.552211,-4.274436],[-46.551433,-4.275243],[-46.550467,-4.275327],[-46.549734,-4.275054],[-46.549299,-4.275067],[-46.548606,-4.27464],[-46.54809,-4.274573],[-46.547923,-4.274296],[-46.548059,-4.273673],[-46.547423,-4.273322],[-46.546797,-4.273425],[-46.546437,-4.273294],[-46.545784,-4.273643],[-46.545255,-4.27325],[-46.544709,-4.273165],[-46.544368,-4.27272],[-46.543856,-4.272594],[-46.543548,-4.272043],[-46.543033,-4.272068],[-46.542814,-4.271488],[-46.543066,-4.271226],[-46.542822,-4.270976],[-46.542518,-4.271053],[-46.542109,-4.270887],[-46.541684,-4.27035],[-46.540754,-4.27051],[-46.540531,-4.269665],[-46.540256,-4.269668],[-46.539958,-4.269948],[-46.539252,-4.269569],[-46.539339,-4.268805],[-46.538849,-4.268443],[-46.538043,-4.266897],[-46.537455,-4.266147],[-46.537382,-4.265257],[-46.536482,-4.261255],[-46.536863,-4.259467],[-46.53661,-4.259032],[-46.536265,-4.258796],[-46.535529,-4.25895],[-46.535303,-4.258864],[-46.5343,-4.257315],[-46.53374,-4.256895],[-46.533353,-4.256235],[-46.532773,-4.256042],[-46.532256,-4.255338],[-46.53201,-4.254537],[-46.531232,-4.253785],[-46.531181,-4.253214],[-46.531728,-4.252839],[-46.532105,-4.251924],[-46.532121,-4.251473],[-46.532723,-4.251054],[-46.532946,-4.250589],[-46.532888,-4.250321],[-46.532254,-4.249735],[-46.53231,-4.249317],[-46.531767,-4.248674],[-46.53199,-4.248213],[-46.531274,-4.247817],[-46.531171,-4.247134],[-46.532056,-4.246419],[-46.532295,-4.245908],[-46.532816,-4.245919],[-46.533605,-4.244902],[-46.533698,-4.244573],[-46.533649,-4.244304],[-46.533297,-4.244318],[-46.533115,-4.2441],[-46.533524,-4.24374],[-46.533502,-4.243531],[-46.532887,-4.243097],[-46.533004,-4.242313],[-46.5329,-4.241848],[-46.533224,-4.241738],[-46.533213,-4.241302],[-46.533401,-4.240908],[-46.532829,-4.239815],[-46.532742,-4.239277],[-46.532268,-4.23907],[-46.531908,-4.239482],[-46.531542,-4.23949],[-46.530886,-4.238279],[-46.53078,-4.237732],[-46.53065,-4.237557],[-46.530175,-4.2375],[-46.529794,-4.236647],[-46.529432,-4.236323],[-46.528924,-4.236224],[-46.528473,-4.236663],[-46.528027,-4.236688],[-46.526972,-4.236245],[-46.526824,-4.236043],[-46.52688,-4.235813],[-46.527578,-4.235294],[-46.527337,-4.234829],[-46.527582,-4.234199],[-46.527503,-4.23377],[-46.524618,-4.231293],[-46.523952,-4.231157],[-46.523453,-4.230296],[-46.522448,-4.230021],[-46.522133,-4.230255],[-46.522043,-4.230568],[-46.521505,-4.230792],[-46.521247,-4.231479],[-46.520856,-4.231637],[-46.520527,-4.231472],[-46.520109,-4.230779],[-46.519104,-4.230711],[-46.518685,-4.23033],[-46.518053,-4.230563],[-46.517978,-4.230259],[-46.518157,-4.229722],[-46.517513,-4.229419],[-46.517322,-4.228752],[-46.517372,-4.228298],[-46.517022,-4.228259],[-46.516071,-4.228733],[-46.515848,-4.228689],[-46.515749,-4.228455],[-46.516117,-4.227997],[-46.515927,-4.227569],[-46.51516,-4.227994],[-46.51435,-4.227689],[-46.51333,-4.22804],[-46.512939,-4.227794],[-46.512375,-4.227818],[-46.512176,-4.227358],[-46.512188,-4.226618],[-46.512037,-4.226493],[-46.511494,-4.226576],[-46.51128,-4.226274],[-46.511412,-4.225743],[-46.511304,-4.225539],[-46.510544,-4.22506],[-46.51067,-4.224471],[-46.510989,-4.22464],[-46.511336,-4.224359],[-46.511342,-4.223797],[-46.509056,-4.222986],[-46.508266,-4.222315],[-46.507598,-4.222297],[-46.507325,-4.222956],[-46.506334,-4.222723],[-46.505726,-4.221139],[-46.505785,-4.220343],[-46.505625,-4.219609],[-46.505079,-4.219053],[-46.504409,-4.219076],[-46.502441,-4.220098],[-46.502178,-4.219828],[-46.502453,-4.219392],[-46.502214,-4.21896],[-46.500962,-4.218394],[-46.500046,-4.218325],[-46.499769,-4.217461],[-46.499179,-4.21653],[-46.498622,-4.214757],[-46.498221,-4.214585],[-46.497542,-4.214895],[-46.497238,-4.214843],[-46.496414,-4.213861],[-46.495602,-4.213559],[-46.495269,-4.212969],[-46.494647,-4.209723],[-46.495538,-4.208711],[-46.495506,-4.208241],[-46.494651,-4.207769],[-46.493794,-4.206972],[-46.492913,-4.206995],[-46.492803,-4.206766],[-46.492987,-4.206314],[-46.492596,-4.205782],[-46.492139,-4.205532],[-46.492173,-4.205117],[-46.491921,-4.204825],[-46.49134,-4.204702],[-46.491165,-4.205117],[-46.490832,-4.205179],[-46.490365,-4.205001],[-46.490504,-4.204636],[-46.490179,-4.204108],[-46.489558,-4.204099],[-46.489182,-4.204353],[-46.48901,-4.204301],[-46.48864,-4.203138],[-46.487784,-4.20283],[-46.487637,-4.202236],[-46.487119,-4.201889],[-46.487222,-4.200455],[-46.486491,-4.200359],[-46.48601,-4.201222],[-46.485521,-4.200786],[-46.484824,-4.201104],[-46.484243,-4.20108],[-46.483797,-4.201787],[-46.482707,-4.201323],[-46.482091,-4.201628],[-46.481784,-4.201603],[-46.480664,-4.201003],[-46.479131,-4.19927],[-46.478925,-4.198768],[-46.477016,-4.203986],[-46.477127,-4.207082],[-46.478338,-4.209216],[-46.480256,-4.211279],[-46.48026,-4.213484],[-46.479412,-4.214696],[-46.478031,-4.215589],[-46.477609,-4.217087],[-46.478039,-4.218937],[-46.479886,-4.22228],[-46.480635,-4.224308],[-46.478381,-4.231281],[-46.478705,-4.233961],[-46.479774,-4.237517],[-46.481838,-4.241717],[-46.483899,-4.244703],[-46.485358,-4.247585],[-46.485436,-4.251286],[-46.485229,-4.25442],[-46.484027,-4.255918],[-46.482221,-4.257025],[-46.480664,-4.258807],[-46.479254,-4.262939],[-46.475901,-4.270388],[-46.47513,-4.274236],[-46.475348,-4.27701],[-46.476786,-4.27817],[-46.478365,-4.278608],[-46.480137,-4.279459],[-46.480848,-4.280525],[-46.48234,-4.282159],[-46.484432,-4.282549],[-46.486913,-4.282545],[-46.489325,-4.283963],[-46.491528,-4.286094],[-46.493896,-4.288067],[-46.494065,-4.288731],[-46.493816,-4.289997],[-46.494007,-4.290679],[-46.493524,-4.291683],[-46.493495,-4.293204],[-46.493224,-4.295134],[-46.493461,-4.295944],[-46.493528,-4.297712],[-46.493902,-4.298436],[-46.49456,-4.299052],[-46.494771,-4.299686],[-46.494632,-4.300319],[-46.493986,-4.301412],[-46.493286,-4.303216],[-46.489438,-4.305609],[-46.48838,-4.30789],[-46.488065,-4.309921],[-46.488645,-4.315614],[-46.488436,-4.318535],[-46.489116,-4.321774],[-46.490328,-4.325189],[-46.491609,-4.327251],[-46.49541,-4.331978],[-46.498256,-4.336102],[-46.498541,-4.338666],[-46.49798,-4.34059],[-46.496424,-4.342659],[-46.495191,-4.346683],[-46.493992,-4.34932],[-46.493716,-4.352882],[-46.494037,-4.35498],[-46.495247,-4.357043],[-46.497708,-4.364694],[-46.500198,-4.369317],[-46.500631,-4.372947],[-46.50276,-4.373657],[-46.503662,-4.375321],[-46.504998,-4.376536],[-46.5055,-4.378669],[-46.505149,-4.380522],[-46.505119,-4.383621],[-46.504838,-4.385116],[-46.503496,-4.38697],[-46.503285,-4.388608],[-46.501202,-4.39235],[-46.501275,-4.39354],[-46.501067,-4.396318],[-46.500364,-4.398812],[-46.500477,-4.401907],[-46.501974,-4.406034],[-46.501694,-4.40867],[-46.500281,-4.410168],[-46.495924,-4.412077],[-46.494438,-4.414],[-46.492825,-4.417861],[-46.493197,-4.426593],[-46.494774,-4.428644],[-46.496192,-4.428721],[-46.498709,-4.428401],[-46.500244,-4.428516],[-46.500581,-4.439501],[-46.502471,-4.440839],[-46.505702,-4.442651],[-46.506848,-4.444518],[-46.505986,-4.446652],[-46.503864,-4.448475],[-46.502059,-4.450294],[-46.50031,-4.450919],[-46.500239,-4.465086],[-46.497918,-4.466072],[-46.495079,-4.468195],[-46.492578,-4.470901],[-46.490873,-4.473972],[-46.490696,-4.476982],[-46.491217,-4.478301],[-46.49275,-4.480077],[-46.494893,-4.481854],[-46.496853,-4.484426],[-46.497377,-4.485869],[-46.497142,-4.490534],[-46.497757,-4.492374],[-46.49825,-4.494522],[-46.4981,-4.495718],[-46.497248,-4.497746],[-46.496824,-4.49928],[-46.496464,-4.502781],[-46.493448,-4.507729],[-46.492575,-4.515127],[-46.491848,-4.518074],[-46.491245,-4.521757],[-46.491652,-4.52627],[-46.491596,-4.52854],[-46.490436,-4.529893],[-46.485951,-4.533493],[-46.484734,-4.535891],[-46.484129,-4.538714],[-46.483888,-4.541047],[-46.482456,-4.543168],[-46.481543,-4.544887],[-46.480999,-4.547775],[-46.480822,-4.551151],[-46.481895,-4.552898],[-46.483486,-4.553631],[-46.489172,-4.554109],[-46.493117,-4.55499],[-46.494342,-4.556339],[-46.495817,-4.55965],[-46.496039,-4.564163],[-46.495373,-4.566619],[-46.49434,-4.569504],[-46.492756,-4.57264],[-46.492302,-4.574943],[-46.492372,-4.578072],[-46.49317,-4.580711],[-46.492928,-4.582307],[-46.491804,-4.585349],[-46.49132,-4.587558],[-46.491506,-4.588846],[-46.492181,-4.590257],[-46.492246,-4.591853],[-46.4917,-4.59394],[-46.490632,-4.595262],[-46.489472,-4.596309],[-46.489112,-4.597612],[-46.490191,-4.603274],[-46.490198,-4.607448],[-46.490632,-4.60935],[-46.490819,-4.611865],[-46.490554,-4.616378],[-46.489707,-4.62043],[-46.486824,-4.630411],[-46.48591,-4.632255],[-46.484086,-4.637108],[-46.482744,-4.638889],[-46.481159,-4.640613],[-46.48,-4.640982],[-46.479602,-4.641567],[-46.479669,-4.644206],[-46.479489,-4.646356],[-46.478699,-4.648934],[-46.476137,-4.650658],[-46.476047,-4.65161],[-46.476662,-4.653265],[-46.482633,-4.658565],[-46.484412,-4.660768],[-46.486494,-4.662729],[-46.490717,-4.665545],[-46.492159,-4.667168],[-46.492775,-4.669681],[-46.492967,-4.673119],[-46.491235,-4.678677],[-46.490813,-4.681622],[-46.490142,-4.681871],[-46.488494,-4.683717],[-46.488224,-4.685836],[-46.487617,-4.688169],[-46.486522,-4.68989],[-46.484506,-4.691613],[-46.48249,-4.691923],[-46.481359,-4.691896],[-46.480889,-4.692428],[-46.48104,-4.700213],[-46.480189,-4.702978],[-46.479464,-4.706231],[-46.479836,-4.709177],[-46.481032,-4.711354],[-46.483486,-4.714847],[-46.486063,-4.718893],[-46.486556,-4.721101],[-46.4861,-4.722667],[-46.484147,-4.723838],[-46.481458,-4.724826],[-46.478222,-4.726736],[-46.476483,-4.728304],[-46.473562,-4.734571],[-46.472279,-4.735863],[-46.469958,-4.736541],[-46.467911,-4.737376],[-46.467183,-4.739772],[-46.467187,-4.74278],[-46.467932,-4.74646],[-46.467967,-4.749621],[-46.466265,-4.753921],[-46.461991,-4.757552],[-46.460437,-4.759182],[-46.460624,-4.761637],[-46.461729,-4.763537],[-46.466844,-4.768161],[-46.470285,-4.77564],[-46.471451,-4.777418],[-46.475095,-4.779651],[-46.477972,-4.781795],[-46.479691,-4.784553],[-46.479877,-4.786209],[-46.479059,-4.789015],[-46.479245,-4.790671],[-46.481516,-4.794223],[-46.482831,-4.797032],[-46.484249,-4.803978],[-46.484352,-4.808766],[-46.482262,-4.81539],[-46.480772,-4.81821],[-46.474229,-4.820477],[-46.47381,-4.822028],[-46.474938,-4.82456],[-46.475131,-4.826623],[-46.473919,-4.828506],[-46.471443,-4.830623],[-46.470606,-4.832315],[-46.471269,-4.835694],[-46.472683,-4.840855],[-46.472264,-4.842311],[-46.471048,-4.842689],[-46.467119,-4.841851],[-46.463844,-4.841671],[-46.462302,-4.842396],[-46.461907,-4.84448],[-46.463368,-4.847811],[-46.464982,-4.850967]]]}},{"type":"Feature","properties":{"CD_MUN":"2102325","NM_MUN":"Buriticupu"},"geometry":{"type":"Polygon","coordinates":[[[-46.10254,-4.829251],[-46.102678,-4.831985],[-46.100111,-4.832953],[-46.09637,-4.83554],[-46.095731,-4.837044],[-46.095681,-4.838772],[-46.094827,-4.84],[-46.091938,-4.840541],[-46.089384,-4.850322],[-46.089393,-4.854617],[-46.464982,-4.850967],[-46.463368,-4.847811],[-46.461907,-4.84448],[-46.462302,-4.842396],[-46.463844,-4.841671],[-46.467119,-4.841851],[-46.471048,-4.842689],[-46.472264,-4.842311],[-46.472683,-4.840855],[-46.471269,-4.835694],[-46.470606,-4.832315],[-46.471443,-4.830623],[-46.473919,-4.828506],[-46.475131,-4.826623],[-46.474938,-4.82456],[-46.47381,-4.822028],[-46.474229,-4.820477],[-46.480772,-4.81821],[-46.482262,-4.81539],[-46.484352,-4.808766],[-46.484249,-4.803978],[-46.482831,-4.797032],[-46.481516,-4.794223],[-46.479245,-4.790671],[-46.479059,-4.789015],[-46.479877,-4.786209],[-46.479691,-4.784553],[-46.477972,-4.781795],[-46.475095,-4.779651],[-46.471451,-4.777418],[-46.470285,-4.77564],[-46.466844,-4.768161],[-46.461729,-4.763537],[-46.460624,-4.761637],[-46.460437,-4.759182],[-46.461991,-4.757552],[-46.466265,-4.753921],[-46.467967,-4.749621],[-46.467932,-4.74646],[-46.467187,-4.74278],[-46.467183,-4.739772],[-46.467911,-4.737376],[-46.469958,-4.736541],[-46.472279,-4.735863],[-46.473562,-4.734571],[-46.476483,-4.728304],[-46.478222,-4.726736],[-46.481458,-4.724826],[-46.484147,-4.723838],[-46.4861,-4.722667],[-46.486556,-4.721101],[-46.486063,-4.718893],[-46.483486,-4.714847],[-46.481032,-4.711354],[-46.479836,-4.709177],[-46.479464,-4.706231],[-46.480189,-4.702978],[-46.48104,-4.700213],[-46.480889,-4.692428],[-46.481359,-4.691896],[-46.48249,-4.691923],[-46.484506,-4.691613],[-46.486522,-4.68989],[-46.487617,-4.688169],[-46.488224,-4.685836],[-46.488494,-4.683717],[-46.490142,-4.681871],[-46.490813,-4.681622],[-46.491235,-4.678677],[-46.492967,-4.673119],[-46.492775,-4.669681],[-46.492159,-4.667168],[-46.490717,-4.665545],[-46.486494,-4.662729],[-46.484412,-4.660768],[-46.482633,-4.658565],[-46.476662,-4.653265],[-46.476047,-4.65161],[-46.476137,-4.650658],[-46.478699,-4.648934],[-46.479489,-4.646356],[-46.479669,-4.644206],[-46.479602,-4.641567],[-46.48,-4.640982],[-46.481159,-4.640613],[-46.482744,-4.638889],[-46.484086,-4.637108],[-46.48591,-4.632255],[-46.486824,-4.630411],[-46.489707,-4.62043],[-46.490554,-4.616378],[-46.490819,-4.611865],[-46.490632,-4.60935],[-46.490198,-4.607448],[-46.490191,-4.603274],[-46.489112,-4.597612],[-46.489472,-4.596309],[-46.490632,-4.595262],[-46.4917,-4.59394],[-46.492246,-4.591853],[-46.492181,-4.590257],[-46.491506,-4.588846],[-46.49132,-4.587558],[-46.491804,-4.585349],[-46.492928,-4.582307],[-46.49317,-4.580711],[-46.492372,-4.578072],[-46.492302,-4.574943],[-46.492756,-4.57264],[-46.49434,-4.569504],[-46.495373,-4.566619],[-46.496039,-4.564163],[-46.495817,-4.55965],[-46.494342,-4.556339],[-46.493117,-4.55499],[-46.489172,-4.554109],[-46.483486,-4.553631],[-46.481895,-4.552898],[-46.480822,-4.551151],[-46.480999,-4.547775],[-46.481543,-4.544887],[-46.482456,-4.543168],[-46.483888,-4.541047],[-46.484129,-4.538714],[-46.484734,-4.535891],[-46.485951,-4.533493],[-46.490436,-4.529893],[-46.491596,-4.52854],[-46.491652,-4.52627],[-46.491245,-4.521757],[-46.491848,-4.518074],[-46.492575,-4.515127],[-46.493448,-4.507729],[-46.496464,-4.502781],[-46.496824,-4.49928],[-46.497248,-4.497746],[-46.4981,-4.495718],[-46.49825,-4.494522],[-46.497757,-4.492374],[-46.497142,-4.490534],[-46.497377,-4.485869],[-46.496853,-4.484426],[-46.494893,-4.481854],[-46.49275,-4.480077],[-46.491217,-4.478301],[-46.490696,-4.476982],[-46.490873,-4.473972],[-46.492578,-4.470901],[-46.495079,-4.468195],[-46.497918,-4.466072],[-46.500239,-4.465086],[-46.50031,-4.450919],[-46.502059,-4.450294],[-46.503864,-4.448475],[-46.505986,-4.446652],[-46.506848,-4.444518],[-46.505702,-4.442651],[-46.502471,-4.440839],[-46.500581,-4.439501],[-46.500244,-4.428516],[-46.498709,-4.428401],[-46.496192,-4.428721],[-46.494774,-4.428644],[-46.493197,-4.426593],[-46.492825,-4.417861],[-46.494438,-4.414],[-46.495924,-4.412077],[-46.500281,-4.410168],[-46.501694,-4.40867],[-46.501974,-4.406034],[-46.500477,-4.401907],[-46.500364,-4.398812],[-46.501067,-4.396318],[-46.501275,-4.39354],[-46.501202,-4.39235],[-46.503285,-4.388608],[-46.503496,-4.38697],[-46.504838,-4.385116],[-46.505119,-4.383621],[-46.505149,-4.380522],[-46.5055,-4.378669],[-46.504998,-4.376536],[-46.503662,-4.375321],[-46.50276,-4.373657],[-46.500631,-4.372947],[-46.500198,-4.369317],[-46.497708,-4.364694],[-46.495247,-4.357043],[-46.494037,-4.35498],[-46.493716,-4.352882],[-46.493992,-4.34932],[-46.495191,-4.346683],[-46.496424,-4.342659],[-46.49798,-4.34059],[-46.498541,-4.338666],[-46.498256,-4.336102],[-46.49541,-4.331978],[-46.491609,-4.327251],[-46.490328,-4.325189],[-46.489116,-4.321774],[-46.488436,-4.318535],[-46.488645,-4.315614],[-46.488065,-4.309921],[-46.48838,-4.30789],[-46.489438,-4.305609],[-46.493286,-4.303216],[-46.493986,-4.301412],[-46.494632,-4.300319],[-46.494771,-4.299686],[-46.49456,-4.299052],[-46.493902,-4.298436],[-46.493528,-4.297712],[-46.493461,-4.295944],[-46.493224,-4.295134],[-46.493495,-4.293204],[-46.493524,-4.291683],[-46.494007,-4.290679],[-46.493816,-4.289997],[-46.494065,-4.288731],[-46.493896,-4.288067],[-46.491528,-4.286094],[-46.489325,-4.283963],[-46.486913,-4.282545],[-46.484432,-4.282549],[-46.48234,-4.282159],[-46.480848,-4.280525],[-46.480137,-4.279459],[-46.478365,-4.278608],[-46.476786,-4.27817],[-46.475348,-4.27701],[-46.47513,-4.274236],[-46.475901,-4.270388],[-46.479254,-4.262939],[-46.480664,-4.258807],[-46.482221,-4.257025],[-46.484027,-4.255918],[-46.485229,-4.25442],[-46.485436,-4.251286],[-46.485358,-4.247585],[-46.483899,-4.244703],[-46.481838,-4.241717],[-46.479774,-4.237517],[-46.478705,-4.233961],[-46.478381,-4.231281],[-46.480635,-4.224308],[-46.479886,-4.22228],[-46.478039,-4.218937],[-46.477609,-4.217087],[-46.478031,-4.215589],[-46.479412,-4.214696],[-46.48026,-4.213484],[-46.480256,-4.211279],[-46.478338,-4.209216],[-46.477127,-4.207082],[-46.477016,-4.203986],[-46.478925,-4.198768],[-46.478137,-4.196128],[-46.478148,-4.193853],[-46.47786,-4.193163],[-46.477043,-4.19255],[-46.47675,-4.192064],[-46.47682,-4.191008],[-46.477763,-4.189577],[-46.477794,-4.188916],[-46.477396,-4.18818],[-46.476334,-4.187594],[-46.476209,-4.187302],[-46.476421,-4.187045],[-46.47722,-4.186823],[-46.47781,-4.186012],[-46.478095,-4.185973],[-46.47854,-4.186178],[-46.478795,-4.186066],[-46.478913,-4.185862],[-46.478672,-4.18533],[-46.479317,-4.185255],[-46.47948,-4.184861],[-46.479009,-4.184243],[-46.477744,-4.183514],[-46.475619,-4.182684],[-46.473543,-4.182313],[-46.47272,-4.181894],[-46.472539,-4.182515],[-46.472857,-4.183263],[-46.473236,-4.183461],[-46.47316,-4.183702],[-46.472897,-4.183988],[-46.472525,-4.183934],[-46.472376,-4.184524],[-46.472135,-4.184734],[-46.471186,-4.184048],[-46.470766,-4.184522],[-46.470687,-4.184956],[-46.470397,-4.184997],[-46.470146,-4.184545],[-46.469134,-4.184082],[-46.469228,-4.183104],[-46.468823,-4.18246],[-46.466887,-4.182787],[-46.466614,-4.182441],[-46.466519,-4.181947],[-46.466793,-4.181085],[-46.466659,-4.180663],[-46.46639,-4.180545],[-46.466023,-4.180792],[-46.465758,-4.180573],[-46.465602,-4.180054],[-46.465003,-4.180014],[-46.464633,-4.179479],[-46.464064,-4.179291],[-46.464028,-4.179029],[-46.464293,-4.178787],[-46.464222,-4.178642],[-46.463678,-4.178786],[-46.463551,-4.179243],[-46.462897,-4.179065],[-46.46237,-4.179668],[-46.462231,-4.179648],[-46.461593,-4.178754],[-46.461835,-4.177941],[-46.461636,-4.177293],[-46.460994,-4.176575],[-46.460776,-4.17568],[-46.460355,-4.175126],[-46.460148,-4.174395],[-46.458664,-4.173248],[-46.458588,-4.172541],[-46.458229,-4.172367],[-46.457409,-4.172324],[-46.457129,-4.171929],[-46.45639,-4.171694],[-46.456101,-4.171311],[-46.455961,-4.170758],[-46.455558,-4.170635],[-46.454871,-4.169829],[-46.454487,-4.169847],[-46.453803,-4.1705],[-46.453872,-4.169675],[-46.453272,-4.170115],[-46.452841,-4.169671],[-46.452262,-4.169702],[-46.451886,-4.169452],[-46.451432,-4.169772],[-46.450156,-4.168804],[-46.450074,-4.168126],[-46.449594,-4.16701],[-46.44884,-4.16626],[-46.448547,-4.165531],[-46.448492,-4.164855],[-46.448103,-4.164279],[-46.448093,-4.164004],[-46.448684,-4.163247],[-46.44905,-4.162061],[-46.448433,-4.160656],[-46.448623,-4.159341],[-46.447909,-4.158178],[-46.448063,-4.157378],[-46.447206,-4.155702],[-46.446993,-4.155545],[-46.446457,-4.155535],[-46.446037,-4.155087],[-46.445138,-4.154678],[-46.445102,-4.154004],[-46.444884,-4.153764],[-46.443765,-4.154142],[-46.443373,-4.154562],[-46.442859,-4.154443],[-46.442006,-4.153808],[-46.441462,-4.152731],[-46.440247,-4.152442],[-46.43936,-4.151338],[-46.438511,-4.151257],[-46.438204,-4.150974],[-46.43779,-4.150138],[-46.437191,-4.150105],[-46.436822,-4.149325],[-46.436671,-4.148526],[-46.436305,-4.147959],[-46.436284,-4.147524],[-46.436734,-4.147439],[-46.437304,-4.146613],[-46.437273,-4.145351],[-46.437616,-4.144669],[-46.437699,-4.144089],[-46.438326,-4.14365],[-46.438384,-4.143256],[-46.438048,-4.142141],[-46.438766,-4.140441],[-46.438598,-4.139835],[-46.437864,-4.139007],[-46.436455,-4.138488],[-46.436199,-4.13825],[-46.436352,-4.137149],[-46.436038,-4.135135],[-46.436413,-4.134283],[-46.437011,-4.133578],[-46.437093,-4.133146],[-46.436975,-4.132872],[-46.436427,-4.132662],[-46.435493,-4.133105],[-46.435086,-4.133043],[-46.435114,-4.132051],[-46.435082,-4.131833],[-46.434898,-4.131778],[-46.434262,-4.132743],[-46.433828,-4.132822],[-46.433436,-4.131753],[-46.432822,-4.131153],[-46.432665,-4.130694],[-46.432714,-4.129725],[-46.432373,-4.129144],[-46.432056,-4.129039],[-46.431853,-4.129138],[-46.431601,-4.129855],[-46.431154,-4.129759],[-46.431096,-4.129097],[-46.430812,-4.128454],[-46.429691,-4.127978],[-46.429719,-4.127134],[-46.429477,-4.127125],[-46.429313,-4.127387],[-46.428699,-4.127474],[-46.428731,-4.128164],[-46.428341,-4.128895],[-46.427142,-4.128764],[-46.427014,-4.12826],[-46.426366,-4.12753],[-46.427139,-4.126674],[-46.426777,-4.125634],[-46.42706,-4.125134],[-46.427019,-4.124789],[-46.42688,-4.124316],[-46.426404,-4.123656],[-46.426659,-4.122789],[-46.427435,-4.122073],[-46.427464,-4.121699],[-46.427049,-4.121398],[-46.426525,-4.121685],[-46.426283,-4.121652],[-46.426029,-4.120906],[-46.425461,-4.120047],[-46.424379,-4.119439],[-46.42381,-4.119419],[-46.422617,-4.119925],[-46.422566,-4.119233],[-46.421914,-4.118712],[-46.421988,-4.11808],[-46.421474,-4.11772],[-46.421705,-4.11684],[-46.420406,-4.115539],[-46.419719,-4.115209],[-46.416507,-4.114461],[-46.416088,-4.114532],[-46.415387,-4.115103],[-46.415032,-4.114949],[-46.41433,-4.11444],[-46.413736,-4.112611],[-46.411302,-4.111211],[-46.409825,-4.110777],[-46.408224,-4.109822],[-46.407473,-4.10814],[-46.403156,-4.10582],[-46.402445,-4.104245],[-46.398891,-4.103034],[-46.39652,-4.101352],[-46.395654,-4.100324],[-46.394176,-4.099307],[-46.391514,-4.097078],[-46.389524,-4.096234],[-46.388123,-4.095256],[-46.385818,-4.094424],[-46.384861,-4.093443],[-46.384805,-4.091621],[-46.384559,-4.091274],[-46.383966,-4.09113],[-46.382303,-4.091212],[-46.382011,-4.091081],[-46.381706,-4.090477],[-46.381577,-4.089545],[-46.380701,-4.088855],[-46.379929,-4.086878],[-46.379699,-4.086748],[-46.379189,-4.08681],[-46.37877,-4.087284],[-46.378367,-4.087338],[-46.377162,-4.086887],[-46.376679,-4.086471],[-46.376268,-4.085739],[-46.375799,-4.085477],[-46.375516,-4.085572],[-46.375003,-4.086311],[-46.374626,-4.086498],[-46.372984,-4.085809],[-46.37228,-4.083952],[-46.372255,-4.082454],[-46.371688,-4.081736],[-46.371191,-4.079762],[-46.371938,-4.077366],[-46.371911,-4.077079],[-46.371066,-4.076244],[-46.370579,-4.074622],[-46.369555,-4.073306],[-46.369171,-4.071884],[-46.368806,-4.071856],[-46.368183,-4.072634],[-46.367467,-4.071762],[-46.367831,-4.07092],[-46.367689,-4.070201],[-46.368051,-4.06949],[-46.368017,-4.06803],[-46.367202,-4.067444],[-46.365642,-4.06729],[-46.36519,-4.06703],[-46.364323,-4.065304],[-46.364209,-4.06352],[-46.363995,-4.0631],[-46.363534,-4.063058],[-46.362796,-4.063289],[-46.362382,-4.063133],[-46.36193,-4.062319],[-46.361434,-4.060589],[-46.361117,-4.060029],[-46.360235,-4.059829],[-46.359206,-4.060211],[-46.358903,-4.060127],[-46.35873,-4.059255],[-46.359678,-4.058071],[-46.359686,-4.057872],[-46.358814,-4.05717],[-46.358498,-4.055096],[-46.356739,-4.053899],[-46.355805,-4.053619],[-46.355283,-4.053693],[-46.354348,-4.054312],[-46.353883,-4.054202],[-46.353748,-4.053939],[-46.35413,-4.0531],[-46.354076,-4.052238],[-46.352837,-4.051297],[-46.351115,-4.050392],[-46.346952,-4.050535],[-46.345065,-4.050278],[-46.344397,-4.049612],[-46.344144,-4.048881],[-46.344182,-4.047844],[-46.344672,-4.047239],[-46.344797,-4.046793],[-46.344543,-4.045928],[-46.344075,-4.045343],[-46.343301,-4.045179],[-46.342238,-4.045869],[-46.341951,-4.045835],[-46.340391,-4.044313],[-46.339332,-4.043629],[-46.33822,-4.042385],[-46.336948,-4.042745],[-46.336405,-4.042364],[-46.335057,-4.042658],[-46.334127,-4.042557],[-46.333581,-4.042281],[-46.332658,-4.041589],[-46.33207,-4.040554],[-46.331976,-4.038286],[-46.331787,-4.037722],[-46.330064,-4.036607],[-46.329168,-4.035768],[-46.325905,-4.035521],[-46.324042,-4.034886],[-46.323614,-4.035037],[-46.323092,-4.035601],[-46.322629,-4.03559],[-46.32232,-4.035152],[-46.322044,-4.03403],[-46.319657,-4.031691],[-46.318314,-4.030662],[-46.317252,-4.03035],[-46.315464,-4.030457],[-46.31395,-4.030032],[-46.313652,-4.02974],[-46.313038,-4.028338],[-46.31245,-4.027521],[-46.311403,-4.0273],[-46.310143,-4.026093],[-46.308631,-4.026156],[-46.308091,-4.025989],[-46.307448,-4.025108],[-46.306521,-4.024305],[-46.305574,-4.02316],[-46.305068,-4.023007],[-46.3042,-4.023151],[-46.303889,-4.02306],[-46.303007,-4.020217],[-46.302689,-4.019856],[-46.300054,-4.019375],[-46.298808,-4.018543],[-46.296974,-4.017802],[-46.295406,-4.018682],[-46.294837,-4.01972],[-46.294623,-4.019813],[-46.293599,-4.019375],[-46.293254,-4.019375],[-46.291546,-4.020278],[-46.291288,-4.020214],[-46.290303,-4.019243],[-46.289821,-4.01926],[-46.28935,-4.019591],[-46.289033,-4.019492],[-46.288098,-4.018638],[-46.288289,-4.017418],[-46.287362,-4.01748],[-46.285956,-4.016432],[-46.284409,-4.015076],[-46.283057,-4.013414],[-46.281299,-4.01168],[-46.280473,-4.011273],[-46.279237,-4.011123],[-46.278737,-4.010833],[-46.277792,-4.008395],[-46.27742,-4.007993],[-46.276509,-4.007509],[-46.276346,-4.007],[-46.276478,-4.006621],[-46.278272,-4.006008],[-46.278232,-4.005435],[-46.278015,-4.00504],[-46.277779,-4.004997],[-46.277063,-4.005323],[-46.276649,-4.005028],[-46.276485,-4.004616],[-46.276679,-4.004265],[-46.277477,-4.004178],[-46.277426,-4.003415],[-46.278091,-4.002993],[-46.278366,-4.002465],[-46.277669,-4.002072],[-46.27686,-4.001105],[-46.276395,-3.999573],[-46.273746,-3.997991],[-46.273803,-3.997678],[-46.274384,-3.997562],[-46.274685,-3.997137],[-46.274611,-3.996755],[-46.274031,-3.99616],[-46.274375,-3.994417],[-46.272949,-3.991934],[-46.272668,-3.991718],[-46.271005,-3.991363],[-46.269821,-3.991826],[-46.269718,-3.991394],[-46.269924,-3.990036],[-46.268878,-3.990092],[-46.267727,-3.989217],[-46.267622,-3.988908],[-46.265493,-3.988122],[-46.262313,-3.988895],[-46.260663,-3.990813],[-46.257548,-3.992672],[-46.256022,-3.992291],[-46.25347,-3.989096],[-46.251709,-3.988407],[-46.248621,-3.988277],[-46.246743,-3.989358],[-46.245604,-3.990507],[-46.244667,-3.99253],[-46.245082,-3.999949],[-46.243606,-4.001841],[-46.240053,-4.00407],[-46.231869,-4.007051],[-46.225745,-4.010103],[-46.224933,-4.011808],[-46.225006,-4.015558],[-46.22596,-4.017535],[-46.22586,-4.018784],[-46.225249,-4.019399],[-46.222262,-4.018926],[-46.221313,-4.019473],[-46.2205,-4.020976],[-46.220096,-4.023706],[-46.219724,-4.024696],[-46.218366,-4.024834],[-46.217687,-4.025242],[-46.217551,-4.025857],[-46.218031,-4.027836],[-46.217967,-4.030292],[-46.217358,-4.032272],[-46.216038,-4.034286],[-46.213869,-4.036608],[-46.213802,-4.038178],[-46.212651,-4.039817],[-46.212279,-4.040875],[-46.21269,-4.04265],[-46.213438,-4.044013],[-46.213102,-4.046059],[-46.212695,-4.047356],[-46.212835,-4.04954],[-46.214166,-4.052304],[-46.219063,-4.06007],[-46.224749,-4.070125],[-46.226993,-4.071759],[-46.228216,-4.073395],[-46.22866,-4.075066],[-46.228732,-4.07725],[-46.229347,-4.078477],[-46.23186,-4.080383],[-46.232339,-4.082633],[-46.232512,-4.08485],[-46.232991,-4.087033],[-46.234487,-4.088326],[-46.238835,-4.089753],[-46.239549,-4.09074],[-46.240164,-4.092854],[-46.24445,-4.097829],[-46.245572,-4.099566],[-46.246051,-4.101816],[-46.246733,-4.103726],[-46.247482,-4.104886],[-46.249793,-4.106041],[-46.250914,-4.10696],[-46.251187,-4.107711],[-46.25119,-4.109621],[-46.251533,-4.110916],[-46.252416,-4.111938],[-46.253234,-4.113234],[-46.253168,-4.114392],[-46.253882,-4.115177],[-46.255241,-4.116063],[-46.256126,-4.117017],[-46.256671,-4.118788],[-46.257215,-4.119334],[-46.258847,-4.119672],[-46.259934,-4.120556],[-46.260512,-4.121204],[-46.260716,-4.122159],[-46.261194,-4.123044],[-46.261941,-4.123725],[-46.261399,-4.124478],[-46.260858,-4.125638],[-46.260659,-4.127139],[-46.261201,-4.127957],[-46.262595,-4.12874],[-46.263953,-4.12826],[-46.265989,-4.128257],[-46.267484,-4.129005],[-46.267689,-4.129619],[-46.267693,-4.131937],[-46.26739,-4.134019],[-46.266441,-4.135044],[-46.266511,-4.135726],[-46.26767,-4.138658],[-46.268893,-4.139885],[-46.268997,-4.141147],[-46.271176,-4.144281],[-46.271722,-4.145714],[-46.271524,-4.150421],[-46.272309,-4.152363],[-46.273194,-4.153726],[-46.274215,-4.154406],[-46.276188,-4.157406],[-46.276258,-4.158839],[-46.275075,-4.161264],[-46.275146,-4.163854],[-46.275964,-4.165423],[-46.277867,-4.166579],[-46.281502,-4.168041],[-46.282863,-4.169607],[-46.284498,-4.171992],[-46.284501,-4.173357],[-46.283584,-4.174619],[-46.283182,-4.177759],[-46.284621,-4.185875],[-46.285442,-4.189215],[-46.285346,-4.192799],[-46.287945,-4.203232],[-46.288186,-4.206405],[-46.287851,-4.208998],[-46.286836,-4.210363],[-46.284191,-4.213029],[-46.282395,-4.215862],[-46.282126,-4.217568],[-46.282536,-4.219683],[-46.283254,-4.222035],[-46.282782,-4.223675],[-46.28292,-4.225311],[-46.284282,-4.22756],[-46.286458,-4.228923],[-46.292067,-4.233311],[-46.294656,-4.237127],[-46.295813,-4.239513],[-46.298436,-4.242477],[-46.299114,-4.243772],[-46.299393,-4.24766],[-46.298377,-4.249573],[-46.297736,-4.251517],[-46.296528,-4.260524],[-46.295586,-4.265917],[-46.295555,-4.268066],[-46.29522,-4.270181],[-46.293391,-4.272299],[-46.292712,-4.273868],[-46.291937,-4.277589],[-46.292007,-4.278817],[-46.2914,-4.279499],[-46.290175,-4.27957],[-46.289159,-4.2808],[-46.287502,-4.284451],[-46.286755,-4.285478],[-46.285194,-4.28623],[-46.283097,-4.288343],[-46.281026,-4.291593],[-46.280286,-4.295688],[-46.279202,-4.297669],[-46.276899,-4.299922],[-46.2713,-4.303105],[-46.268653,-4.305225],[-46.264577,-4.307694],[-46.240938,-4.373777],[-46.234587,-4.379857],[-46.233627,-4.381578],[-46.22834,-4.384219],[-46.225987,-4.385617],[-46.225135,-4.387554],[-46.223374,-4.390402],[-46.223807,-4.39373],[-46.225311,-4.396737],[-46.228308,-4.39931],[-46.229971,-4.402583],[-46.228391,-4.416012],[-46.227592,-4.419184],[-46.228345,-4.421115],[-46.229844,-4.422295],[-46.230707,-4.425946],[-46.23223,-4.441518],[-46.232929,-4.445331],[-46.217248,-4.469848],[-46.203081,-4.471643],[-46.195589,-4.500497],[-46.194582,-4.506997],[-46.193201,-4.511727],[-46.189573,-4.516996],[-46.188131,-4.518662],[-46.165701,-4.550501],[-46.159105,-4.560496],[-46.164309,-4.570316],[-46.167264,-4.577455],[-46.171552,-4.584645],[-46.173595,-4.591302],[-46.178051,-4.600263],[-46.183512,-4.604658],[-46.20927,-4.623681],[-46.223069,-4.623335],[-46.228043,-4.623489],[-46.228902,-4.624991],[-46.226786,-4.637883],[-46.22111,-4.665877],[-46.215153,-4.692393],[-46.202693,-4.750284],[-46.201789,-4.752489],[-46.193987,-4.757013],[-46.169399,-4.77016],[-46.140697,-4.786052],[-46.131983,-4.790202],[-46.131449,-4.790953],[-46.1314,-4.793373],[-46.132261,-4.796379],[-46.132048,-4.797561],[-46.13066,-4.798208],[-46.127126,-4.797031],[-46.119156,-4.798496],[-46.115093,-4.800436],[-46.112851,-4.803447],[-46.110455,-4.80952],[-46.107996,-4.811135],[-46.105641,-4.811462],[-46.104093,-4.813882],[-46.102715,-4.822048],[-46.10254,-4.829251]]]}},{"type":"Feature","properties":{"CD_MUN":"2102150","NM_MUN":"Brejo de Areia"},"geometry":{"type":"Polygon","coordinates":[[[-45.593509,-4.52471],[-45.593755,-4.531876],[-45.638272,-4.483927],[-45.637926,-4.485938],[-45.698371,-4.501198],[-45.712238,-4.553195],[-45.712981,-4.552858],[-45.715815,-4.549406],[-45.717893,-4.547662],[-45.719123,-4.547035],[-45.719935,-4.546271],[-45.720624,-4.546231],[-45.721368,-4.545927],[-45.722315,-4.544926],[-45.724212,-4.543378],[-45.726384,-4.542858],[-45.728237,-4.542745],[-45.729428,-4.542389],[-45.731607,-4.54083],[-45.731824,-4.540427],[-45.733593,-4.539473],[-45.734397,-4.53931],[-45.735622,-4.538775],[-45.737758,-4.537639],[-45.738973,-4.537566],[-45.739457,-4.537392],[-45.740443,-4.536421],[-45.74096,-4.536294],[-45.741974,-4.535337],[-45.743322,-4.53531],[-45.744834,-4.534856],[-45.745411,-4.534453],[-45.74594,-4.53365],[-45.746025,-4.532501],[-45.746929,-4.531747],[-45.747303,-4.531809],[-45.748143,-4.531381],[-45.749216,-4.531255],[-45.753339,-4.531441],[-45.755202,-4.531378],[-45.756894,-4.530638],[-45.758213,-4.530288],[-45.759661,-4.529527],[-45.760586,-4.528683],[-45.760658,-4.526426],[-45.760824,-4.525746],[-45.760703,-4.523728],[-45.761091,-4.520897],[-45.759131,-4.519586],[-45.758036,-4.517513],[-45.757975,-4.516697],[-45.758219,-4.516137],[-45.75826,-4.51554],[-45.758665,-4.514899],[-45.759241,-4.51446],[-45.760114,-4.514178],[-45.762712,-4.513949],[-45.766832,-4.514569],[-45.769066,-4.514004],[-45.770248,-4.513088],[-45.771223,-4.511584],[-45.771549,-4.510178],[-45.771533,-4.509318],[-45.772398,-4.507954],[-45.775899,-4.506892],[-45.776928,-4.505251],[-45.777039,-4.504557],[-45.777547,-4.503662],[-45.77774,-4.502841],[-45.777742,-4.500746],[-45.778774,-4.498582],[-45.778785,-4.498147],[-45.779378,-4.496589],[-45.779291,-4.494796],[-45.779852,-4.49378],[-45.780728,-4.492691],[-45.781252,-4.49239],[-45.78444,-4.491355],[-45.785205,-4.490903],[-45.786732,-4.489421],[-45.78676,-4.488748],[-45.786419,-4.487736],[-45.786417,-4.48598],[-45.787217,-4.484394],[-45.787982,-4.483588],[-45.788604,-4.482433],[-45.788839,-4.481183],[-45.788895,-4.475073],[-45.789056,-4.473029],[-45.790143,-4.471312],[-45.790317,-4.467753],[-45.79107,-4.466785],[-45.791417,-4.465774],[-45.79126,-4.46347],[-45.79095,-4.462302],[-45.78982,-4.460061],[-45.789506,-4.459069],[-45.789566,-4.458006],[-45.790544,-4.456007],[-45.790687,-4.455262],[-45.79052,-4.454416],[-45.789979,-4.453377],[-45.790654,-4.452223],[-45.790678,-4.451561],[-45.791885,-4.450477],[-45.793372,-4.448345],[-45.793294,-4.44705],[-45.793404,-4.446452],[-45.793743,-4.44589],[-45.795342,-4.444316],[-45.798512,-4.442737],[-45.799686,-4.441857],[-45.799819,-4.441454],[-45.799797,-4.440131],[-45.799158,-4.437943],[-45.799805,-4.437318],[-45.803114,-4.43589],[-45.803408,-4.435578],[-45.803623,-4.435002],[-45.80352,-4.433444],[-45.80414,-4.432871],[-45.805137,-4.432469],[-45.805475,-4.432017],[-45.805722,-4.431448],[-45.805774,-4.430443],[-45.806137,-4.429907],[-45.806787,-4.429533],[-45.807266,-4.429541],[-45.809502,-4.428924],[-45.810434,-4.428504],[-45.811258,-4.427887],[-45.811587,-4.427385],[-45.811667,-4.425937],[-45.812193,-4.425576],[-45.813266,-4.4252],[-45.81938,-4.425332],[-45.820427,-4.42553],[-45.820828,-4.425861],[-45.821372,-4.427015],[-45.822286,-4.427648],[-45.822888,-4.426933],[-45.822772,-4.426435],[-45.822887,-4.426291],[-45.824339,-4.425597],[-45.824555,-4.424993],[-45.824626,-4.424043],[-45.824966,-4.42375],[-45.825719,-4.423493],[-45.825803,-4.422835],[-45.825645,-4.422335],[-45.826361,-4.421835],[-45.826348,-4.421347],[-45.826056,-4.421055],[-45.825946,-4.420653],[-45.826359,-4.420129],[-45.826334,-4.4198],[-45.825653,-4.419045],[-45.825677,-4.418545],[-45.825992,-4.418177],[-45.826111,-4.417682],[-45.82453,-4.415782],[-45.82453,-4.415442],[-45.825009,-4.414895],[-45.825008,-4.414622],[-45.824391,-4.414153],[-45.824044,-4.414119],[-45.823331,-4.413416],[-45.823012,-4.413364],[-45.822254,-4.413656],[-45.821623,-4.413639],[-45.821339,-4.413448],[-45.821333,-4.412994],[-45.821579,-4.412495],[-45.820543,-4.411576],[-45.819707,-4.410508],[-45.819544,-4.409708],[-45.819177,-4.409106],[-45.816412,-4.407636],[-45.815735,-4.406167],[-45.81521,-4.405745],[-45.814718,-4.404869],[-45.81466,-4.403121],[-45.81536,-4.400416],[-45.815488,-4.398699],[-45.816037,-4.398002],[-45.816141,-4.396106],[-45.817482,-4.390696],[-45.816468,-4.388821],[-45.807586,-4.383927],[-45.806207,-4.38357],[-45.804377,-4.382145],[-45.803972,-4.381266],[-45.803712,-4.380003],[-45.803768,-4.379034],[-45.803979,-4.378298],[-45.805877,-4.374521],[-45.805883,-4.372733],[-45.805375,-4.371541],[-45.803987,-4.37013],[-45.803779,-4.369626],[-45.803768,-4.369013],[-45.804083,-4.368049],[-45.803709,-4.366988],[-45.803184,-4.366259],[-45.801548,-4.365087],[-45.798734,-4.363486],[-45.798193,-4.362927],[-45.798159,-4.362546],[-45.798445,-4.361563],[-45.800097,-4.358508],[-45.799915,-4.357668],[-45.798853,-4.355723],[-45.798962,-4.354635],[-45.798843,-4.353151],[-45.799399,-4.35176],[-45.802641,-4.3486],[-45.802779,-4.348332],[-45.802683,-4.347901],[-45.801846,-4.346336],[-45.801284,-4.345659],[-45.800265,-4.34542],[-45.798567,-4.345402],[-45.798137,-4.345041],[-45.798026,-4.34442],[-45.796457,-4.343289],[-45.796137,-4.342868],[-45.796091,-4.341101],[-45.795356,-4.339623],[-45.792161,-4.33768],[-45.791472,-4.336921],[-45.791229,-4.336347],[-45.791008,-4.331933],[-45.791153,-4.330931],[-45.79099,-4.329482],[-45.790628,-4.328549],[-45.79065,-4.327811],[-45.79088,-4.327088],[-45.790314,-4.325872],[-45.790143,-4.324465],[-45.790351,-4.323853],[-45.7907,-4.323509],[-45.79262,-4.322744],[-45.793221,-4.321925],[-45.793231,-4.320268],[-45.793048,-4.319849],[-45.792905,-4.317491],[-45.793085,-4.315329],[-45.793754,-4.313067],[-45.794145,-4.312646],[-45.795282,-4.312032],[-45.79553,-4.311553],[-45.795269,-4.310649],[-45.794939,-4.31016],[-45.793482,-4.308936],[-45.791678,-4.307886],[-45.791354,-4.307533],[-45.791363,-4.306922],[-45.791601,-4.306282],[-45.792415,-4.305263],[-45.794365,-4.30409],[-45.79527,-4.30335],[-45.796086,-4.302382],[-45.796415,-4.301656],[-45.79641,-4.301042],[-45.79597,-4.299676],[-45.795967,-4.299207],[-45.797029,-4.297284],[-45.797926,-4.296923],[-45.799081,-4.296803],[-45.799423,-4.296561],[-45.799847,-4.295433],[-45.800417,-4.2953],[-45.800933,-4.294918],[-45.801127,-4.294288],[-45.80041,-4.293437],[-45.800189,-4.292932],[-45.798422,-4.291917],[-45.798198,-4.291108],[-45.798875,-4.289987],[-45.798883,-4.289384],[-45.798418,-4.288885],[-45.798315,-4.288291],[-45.798778,-4.287661],[-45.799456,-4.287293],[-45.799736,-4.286946],[-45.799703,-4.285919],[-45.800381,-4.285107],[-45.800243,-4.283791],[-45.800959,-4.282297],[-45.800798,-4.280876],[-45.79724,-4.271892],[-45.797219,-4.27055],[-45.796386,-4.266912],[-45.795799,-4.26577],[-45.793245,-4.264364],[-45.792698,-4.263668],[-45.792494,-4.263182],[-45.792485,-4.261248],[-45.792243,-4.260695],[-45.791267,-4.259468],[-45.79096,-4.25809],[-45.790156,-4.256736],[-45.786881,-4.254401],[-45.786703,-4.253281],[-45.786083,-4.253023],[-45.785948,-4.252342],[-45.78487,-4.252335],[-45.784576,-4.252197],[-45.783299,-4.250841],[-45.782421,-4.25032],[-45.780317,-4.250412],[-45.779585,-4.249738],[-45.779182,-4.248953],[-45.778611,-4.248578],[-45.778353,-4.248583],[-45.777958,-4.248995],[-45.776707,-4.251267],[-45.776222,-4.251727],[-45.775331,-4.251844],[-45.774037,-4.251025],[-45.77331,-4.249028],[-45.772536,-4.248767],[-45.771815,-4.247539],[-45.770136,-4.246574],[-45.769147,-4.245421],[-45.768461,-4.245307],[-45.766459,-4.246346],[-45.764453,-4.24677],[-45.761045,-4.246009],[-45.760624,-4.245383],[-45.760367,-4.243686],[-45.760127,-4.242807],[-45.759841,-4.242361],[-45.758492,-4.241646],[-45.756402,-4.241356],[-45.755566,-4.240609],[-45.754572,-4.239093],[-45.753833,-4.238584],[-45.752645,-4.238609],[-45.751745,-4.238888],[-45.750027,-4.239932],[-45.748839,-4.240153],[-45.748296,-4.240014],[-45.746752,-4.238895],[-45.744582,-4.238054],[-45.742181,-4.238011],[-45.740762,-4.238147],[-45.739523,-4.238456],[-45.738362,-4.238462],[-45.737688,-4.238186],[-45.736961,-4.237561],[-45.735229,-4.234374],[-45.734252,-4.233386],[-45.73303,-4.232687],[-45.731391,-4.230319],[-45.730778,-4.230369],[-45.722724,-4.227691],[-45.672093,-4.209242],[-45.670639,-4.209595],[-45.670172,-4.209565],[-45.669653,-4.208984],[-45.668085,-4.206076],[-45.666877,-4.204273],[-45.66605,-4.202109],[-45.665131,-4.200461],[-45.664937,-4.199687],[-45.664473,-4.198817],[-45.6632,-4.197812],[-45.66173,-4.1971],[-45.660697,-4.196997],[-45.659503,-4.197606],[-45.65884,-4.197635],[-45.656735,-4.196116],[-45.656451,-4.196078],[-45.655848,-4.195526],[-45.654435,-4.195167],[-45.654201,-4.194941],[-45.653999,-4.193294],[-45.65368,-4.192707],[-45.651989,-4.191053],[-45.651631,-4.189797],[-45.650466,-4.18959],[-45.649779,-4.189272],[-45.648846,-4.186998],[-45.647057,-4.185003],[-45.646552,-4.184528],[-45.643937,-4.1832],[-45.64328,-4.182544],[-45.643058,-4.182853],[-45.642559,-4.183065],[-45.642137,-4.183759],[-45.641535,-4.185743],[-45.641587,-4.18876],[-45.642329,-4.191548],[-45.642093,-4.191907],[-45.641695,-4.192091],[-45.640239,-4.192121],[-45.639785,-4.192229],[-45.639464,-4.192527],[-45.639359,-4.194435],[-45.63971,-4.194947],[-45.64029,-4.195196],[-45.640165,-4.195758],[-45.639793,-4.196132],[-45.638724,-4.196656],[-45.638109,-4.19681],[-45.637858,-4.196356],[-45.634237,-4.194304],[-45.633472,-4.194115],[-45.631891,-4.194064],[-45.63033,-4.19419],[-45.627635,-4.192815],[-45.626286,-4.192357],[-45.621586,-4.192636],[-45.620745,-4.192875],[-45.619686,-4.193407],[-45.618031,-4.19505],[-45.616049,-4.194914],[-45.615464,-4.19464],[-45.613421,-4.193102],[-45.61164,-4.19324],[-45.609444,-4.193875],[-45.607153,-4.194778],[-45.603727,-4.197724],[-45.603284,-4.197925],[-45.602038,-4.197939],[-45.598257,-4.196203],[-45.59701,-4.195804],[-45.594973,-4.195969],[-45.595076,-4.199558],[-45.591963,-4.206506],[-45.592539,-4.208887],[-45.593124,-4.210233],[-45.594376,-4.212371],[-45.594512,-4.212876],[-45.594628,-4.214245],[-45.595316,-4.216605],[-45.595514,-4.217962],[-45.595533,-4.219041],[-45.595162,-4.221252],[-45.596409,-4.223409],[-45.597684,-4.224968],[-45.599283,-4.226339],[-45.60028,-4.22668],[-45.60087,-4.226537],[-45.601285,-4.226245],[-45.601932,-4.224335],[-45.602479,-4.223713],[-45.603379,-4.223261],[-45.604007,-4.223323],[-45.605389,-4.224561],[-45.606472,-4.226607],[-45.606815,-4.22699],[-45.607461,-4.227347],[-45.608093,-4.227439],[-45.609319,-4.227306],[-45.609965,-4.227398],[-45.61036,-4.227662],[-45.612838,-4.230413],[-45.613337,-4.231134],[-45.61346,-4.231782],[-45.614057,-4.23238],[-45.615651,-4.232615],[-45.618036,-4.233328],[-45.618801,-4.2339],[-45.619268,-4.234497],[-45.61936,-4.235447],[-45.618997,-4.236071],[-45.618207,-4.236501],[-45.617793,-4.236696],[-45.614994,-4.236802],[-45.613368,-4.237664],[-45.612536,-4.238516],[-45.611549,-4.239879],[-45.611434,-4.241164],[-45.611536,-4.241611],[-45.611981,-4.24224],[-45.612629,-4.242462],[-45.614055,-4.242512],[-45.61506,-4.242186],[-45.617454,-4.240841],[-45.618639,-4.240444],[-45.620685,-4.240467],[-45.621261,-4.241011],[-45.622019,-4.242388],[-45.622048,-4.244384],[-45.622264,-4.245471],[-45.62387,-4.247561],[-45.624223,-4.249053],[-45.62417,-4.250121],[-45.623715,-4.251555],[-45.622706,-4.252557],[-45.622591,-4.25366],[-45.62176,-4.254718],[-45.621139,-4.255865],[-45.620946,-4.25702],[-45.621032,-4.258454],[-45.622207,-4.259012],[-45.622825,-4.259522],[-45.62348,-4.260895],[-45.624688,-4.26198],[-45.626066,-4.262408],[-45.62562,-4.263735],[-45.62422,-4.266597],[-45.624663,-4.270213],[-45.622622,-4.271677],[-45.622117,-4.272386],[-45.621598,-4.273496],[-45.620947,-4.275703],[-45.619948,-4.276584],[-45.619792,-4.277534],[-45.619362,-4.278219],[-45.618469,-4.278253],[-45.617828,-4.27862],[-45.616781,-4.279794],[-45.615975,-4.280107],[-45.615621,-4.280432],[-45.615317,-4.281488],[-45.614506,-4.282342],[-45.61354,-4.282978],[-45.61073,-4.283799],[-45.609353,-4.284509],[-45.607296,-4.286883],[-45.606141,-4.287728],[-45.605199,-4.287678],[-45.603062,-4.286289],[-45.60124,-4.28565],[-45.600361,-4.28417],[-45.599831,-4.283669],[-45.598134,-4.282873],[-45.597369,-4.282874],[-45.596475,-4.283465],[-45.595863,-4.284129],[-45.595447,-4.284252],[-45.592606,-4.28391],[-45.591792,-4.283305],[-45.589823,-4.282384],[-45.589314,-4.281874],[-45.588772,-4.280985],[-45.588066,-4.280841],[-45.587422,-4.281199],[-45.587053,-4.281185],[-45.586557,-4.2806],[-45.586014,-4.280614],[-45.585658,-4.280863],[-45.584968,-4.281698],[-45.584081,-4.28367],[-45.583304,-4.284484],[-45.583026,-4.284501],[-45.582443,-4.284357],[-45.581598,-4.28346],[-45.581192,-4.283299],[-45.580931,-4.283299],[-45.580365,-4.283927],[-45.57949,-4.284014],[-45.579104,-4.282346],[-45.578746,-4.282044],[-45.57837,-4.282044],[-45.577628,-4.282366],[-45.577158,-4.282375],[-45.576679,-4.282121],[-45.576633,-4.280653],[-45.576388,-4.280302],[-45.575934,-4.280086],[-45.575182,-4.280245],[-45.57392,-4.281575],[-45.573588,-4.281566],[-45.573227,-4.281316],[-45.573116,-4.280676],[-45.572921,-4.280509],[-45.572423,-4.280556],[-45.57136,-4.281067],[-45.570583,-4.281834],[-45.560148,-4.283902],[-45.557337,-4.283249],[-45.555938,-4.283745],[-45.554505,-4.283356],[-45.553763,-4.282745],[-45.552778,-4.282523],[-45.551571,-4.282909],[-45.549821,-4.282901],[-45.547262,-4.28263],[-45.546085,-4.283488],[-45.543086,-4.283167],[-45.542217,-4.282943],[-45.540689,-4.281946],[-45.540081,-4.28173],[-45.532725,-4.280468],[-45.531317,-4.28016],[-45.530426,-4.279708],[-45.529988,-4.279083],[-45.529975,-4.277235],[-45.529549,-4.276487],[-45.528941,-4.276049],[-45.528215,-4.273934],[-45.527589,-4.272815],[-45.526993,-4.272262],[-45.525877,-4.27183],[-45.523197,-4.271936],[-45.522488,-4.271802],[-45.521142,-4.270865],[-45.519586,-4.270859],[-45.518808,-4.270171],[-45.51855,-4.27054],[-45.517715,-4.270802],[-45.517621,-4.271031],[-45.518024,-4.272469],[-45.517732,-4.272517],[-45.517196,-4.272288],[-45.516952,-4.272462],[-45.517241,-4.274851],[-45.516258,-4.276001],[-45.516237,-4.276684],[-45.516976,-4.277806],[-45.517516,-4.27958],[-45.517612,-4.280351],[-45.51719,-4.281527],[-45.515942,-4.28311],[-45.515212,-4.284556],[-45.514085,-4.285109],[-45.512621,-4.285269],[-45.511766,-4.285783],[-45.505509,-4.284361],[-45.50465,-4.284763],[-45.503621,-4.286028],[-45.501448,-4.286835],[-45.498357,-4.286031],[-45.497556,-4.284768],[-45.495781,-4.283102],[-45.493033,-4.280921],[-45.491202,-4.279887],[-45.489314,-4.279715],[-45.48691,-4.279143],[-45.485881,-4.279947],[-45.483934,-4.279718],[-45.481245,-4.278743],[-45.47816,-4.278286],[-45.477011,-4.278977],[-45.47478,-4.278576],[-45.471119,-4.278463],[-45.468886,-4.276567],[-45.467741,-4.276454],[-45.465454,-4.278178],[-45.464081,-4.278984],[-45.461508,-4.280078],[-45.459905,-4.281113],[-45.458304,-4.281459],[-45.457274,-4.281115],[-45.455958,-4.27876],[-45.455498,-4.276345],[-45.455039,-4.275886],[-45.45401,-4.276462],[-45.453037,-4.277323],[-45.449946,-4.273416],[-45.448114,-4.27227],[-45.447255,-4.270489],[-45.446339,-4.26911],[-45.444393,-4.267731],[-45.443705,-4.266813],[-45.442388,-4.266641],[-45.440673,-4.265722],[-45.438153,-4.264805],[-45.434775,-4.260151],[-45.432039,-4.257291],[-45.430139,-4.254808],[-45.429222,-4.25297],[-45.428649,-4.252281],[-45.427734,-4.251591],[-45.426254,-4.252297],[-45.426021,-4.265344],[-45.427558,-4.266652],[-45.435662,-4.279757],[-45.439581,-4.283818],[-45.446244,-4.289058],[-45.448204,-4.291548],[-45.449382,-4.296004],[-45.449123,-4.299281],[-45.447691,-4.307541],[-45.443776,-4.31187],[-45.42067,-4.326172],[-45.418711,-4.326959],[-45.421324,-4.327744],[-45.422107,-4.328399],[-45.422891,-4.329579],[-45.42486,-4.330672],[-45.42668,-4.331281],[-45.428645,-4.33109],[-45.431568,-4.33185],[-45.432328,-4.332554],[-45.432212,-4.334901],[-45.433265,-4.336426],[-45.434258,-4.33625],[-45.434785,-4.335839],[-45.434783,-4.333667],[-45.435485,-4.332846],[-45.436595,-4.332199],[-45.437295,-4.33126],[-45.43788,-4.330791],[-45.438114,-4.331142],[-45.43806,-4.332268],[-45.439044,-4.332787],[-45.439484,-4.333228],[-45.440778,-4.334032],[-45.441167,-4.335071],[-45.441633,-4.335434],[-45.442332,-4.335719],[-45.444297,-4.335796],[-45.446187,-4.336288],[-45.447585,-4.338599],[-45.449009,-4.340313],[-45.44919,-4.340962],[-45.448985,-4.343404],[-45.449141,-4.344105],[-45.44984,-4.345065],[-45.450487,-4.345454],[-45.451548,-4.345272],[-45.452893,-4.345427],[-45.453152,-4.345557],[-45.45336,-4.346154],[-45.454033,-4.346855],[-45.45442,-4.346854],[-45.454731,-4.346542],[-45.455817,-4.3461],[-45.457601,-4.344879],[-45.458585,-4.344826],[-45.459852,-4.343358],[-45.461456,-4.343565],[-45.461784,-4.344143],[-45.462065,-4.345174],[-45.462438,-4.345361],[-45.463513,-4.346626],[-45.464541,-4.347329],[-45.465849,-4.347517],[-45.46795,-4.34728],[-45.469024,-4.346811],[-45.469678,-4.34681],[-45.470192,-4.347372],[-45.470427,-4.348497],[-45.471549,-4.350699],[-45.471876,-4.351919],[-45.472391,-4.352575],[-45.47524,-4.353089],[-45.475987,-4.353369],[-45.476314,-4.354025],[-45.476035,-4.354822],[-45.475101,-4.355151],[-45.474907,-4.355902],[-45.475251,-4.357839],[-45.476092,-4.35937],[-45.475937,-4.360808],[-45.476031,-4.361464],[-45.476436,-4.362026],[-45.478679,-4.363274],[-45.479395,-4.363993],[-45.479676,-4.364556],[-45.479645,-4.365493],[-45.47893,-4.366837],[-45.478744,-4.367525],[-45.478868,-4.368306],[-45.479835,-4.369524],[-45.480644,-4.369867],[-45.482668,-4.369522],[-45.484381,-4.369584],[-45.485751,-4.370426],[-45.486156,-4.371114],[-45.486344,-4.372239],[-45.487467,-4.374551],[-45.489054,-4.375331],[-45.490333,-4.377956],[-45.490645,-4.379706],[-45.491207,-4.380487],[-45.491581,-4.380737],[-45.492172,-4.381611],[-45.493792,-4.382204],[-45.495131,-4.383328],[-45.495785,-4.383421],[-45.49647,-4.383296],[-45.500299,-4.381793],[-45.502385,-4.382541],[-45.502604,-4.383042],[-45.502792,-4.385292],[-45.503665,-4.386979],[-45.504382,-4.387854],[-45.504197,-4.39026],[-45.50538,-4.390915],[-45.506439,-4.39129],[-45.507219,-4.392009],[-45.508277,-4.39382],[-45.510863,-4.395006],[-45.511736,-4.396005],[-45.490106,-4.411224],[-45.482263,-4.417231],[-45.469566,-4.42799],[-45.422825,-4.417098],[-45.422005,-4.440827],[-45.452424,-4.43859],[-45.49248,-4.432491],[-45.526153,-4.427842],[-45.588377,-4.469815],[-45.590119,-4.478808],[-45.589993,-4.480109],[-45.591629,-4.523248],[-45.593509,-4.52471]]]}},{"type":"Feature","properties":{"CD_MUN":"2109908","NM_MUN":"Santa Inês"},"geometry":{"type":"Polygon","coordinates":[[[-45.487648,-4.063595],[-45.548792,-3.988868],[-45.549354,-3.988466],[-45.550187,-3.987038],[-45.577998,-3.987461],[-45.581254,-3.947198],[-45.598158,-3.915344],[-45.591758,-3.909999],[-45.584202,-3.90338],[-45.563831,-3.87849],[-45.552341,-3.869659],[-45.537731,-3.859325],[-45.528273,-3.852219],[-45.528324,-3.851886],[-45.493628,-3.827292],[-45.490826,-3.824324],[-45.48413,-3.813545],[-45.475255,-3.799953],[-45.470895,-3.793548],[-45.466436,-3.786037],[-45.454701,-3.768395],[-45.450188,-3.762616],[-45.447072,-3.75746],[-45.441159,-3.749304],[-45.439482,-3.746235],[-45.437707,-3.744057],[-45.432873,-3.736633],[-45.42725,-3.728812],[-45.4236,-3.722475],[-45.420442,-3.715545],[-45.416396,-3.707327],[-45.414732,-3.698863],[-45.408343,-3.657638],[-45.407827,-3.657169],[-45.406085,-3.654891],[-45.405091,-3.654294],[-45.404167,-3.653019],[-45.404024,-3.651878],[-45.403386,-3.65054],[-45.402178,-3.649871],[-45.401006,-3.650008],[-45.400437,-3.649139],[-45.398377,-3.647403],[-45.396459,-3.646327],[-45.396246,-3.645124],[-45.395712,-3.644327],[-45.393583,-3.645198],[-45.392519,-3.644121],[-45.390138,-3.642855],[-45.388646,-3.642459],[-45.387013,-3.641519],[-45.386162,-3.640513],[-45.384349,-3.637837],[-45.383567,-3.63496],[-45.383777,-3.632592],[-45.383708,-3.631016],[-45.382039,-3.630275],[-45.378629,-3.630612],[-45.373056,-3.63236],[-45.371707,-3.632025],[-45.360135,-3.638988],[-45.357934,-3.639595],[-45.353945,-3.639398],[-45.346896,-3.640593],[-45.34462,-3.640666],[-45.340962,-3.638525],[-45.340465,-3.63525],[-45.339044,-3.633912],[-45.331551,-3.63358],[-45.329138,-3.634177],[-45.327681,-3.634053],[-45.324629,-3.634252],[-45.322854,-3.635791],[-45.321788,-3.636188],[-45.320866,-3.636261],[-45.318466,-3.637712],[-45.321192,-3.648008],[-45.322203,-3.65014],[-45.323337,-3.652075],[-45.324567,-3.655023],[-45.325417,-3.656036],[-45.323662,-3.660999],[-45.324117,-3.664072],[-45.326279,-3.667942],[-45.330718,-3.673292],[-45.323434,-3.684787],[-45.323743,-3.695722],[-45.328608,-3.693115],[-45.342935,-3.68407],[-45.333341,-3.716015],[-45.328375,-3.730025],[-45.328548,-3.73025],[-45.322546,-3.747531],[-45.323017,-3.748456],[-45.324353,-3.752478],[-45.324531,-3.753248],[-45.324513,-3.754527],[-45.324176,-3.756075],[-45.323606,-3.757677],[-45.322604,-3.764065],[-45.322213,-3.765575],[-45.321923,-3.766484],[-45.320455,-3.768457],[-45.319944,-3.770155],[-45.319995,-3.771151],[-45.319654,-3.772472],[-45.318613,-3.775096],[-45.318341,-3.777103],[-45.317863,-3.779059],[-45.317922,-3.781322],[-45.31845,-3.782091],[-45.32101,-3.78474],[-45.322569,-3.78686],[-45.322991,-3.787655],[-45.323335,-3.789537],[-45.324232,-3.790835],[-45.325816,-3.792267],[-45.326477,-3.793962],[-45.326927,-3.798865],[-45.327957,-3.802285],[-45.328354,-3.805412],[-45.328039,-3.80679],[-45.32643,-3.810767],[-45.326299,-3.812464],[-45.32659,-3.814266],[-45.326986,-3.815008],[-45.327567,-3.815618],[-45.32828,-3.816041],[-45.330275,-3.81666],[-45.331217,-3.817187],[-45.332716,-3.818971],[-45.333797,-3.819846],[-45.336692,-3.82079],[-45.337773,-3.821945],[-45.338227,-3.825587],[-45.338854,-3.826498],[-45.340563,-3.827933],[-45.341332,-3.829789],[-45.341474,-3.833781],[-45.341928,-3.835742],[-45.342416,-3.837072],[-45.342555,-3.838438],[-45.342207,-3.839768],[-45.342208,-3.840783],[-45.342382,-3.841449],[-45.343254,-3.84313],[-45.343255,-3.844776],[-45.342733,-3.847333],[-45.342071,-3.848173],[-45.341235,-3.848804],[-45.339387,-3.849295],[-45.337818,-3.849155],[-45.335762,-3.84842],[-45.33461,-3.847721],[-45.333738,-3.846916],[-45.331576,-3.846041],[-45.328368,-3.843976],[-45.326415,-3.844048],[-45.325564,-3.845068],[-45.325922,-3.845331],[-45.326899,-3.846719],[-45.326995,-3.848712],[-45.330559,-3.85166],[-45.331504,-3.853194],[-45.330595,-3.854205],[-45.32882,-3.854884],[-45.328562,-3.855963],[-45.329674,-3.857096],[-45.331035,-3.857949],[-45.33371,-3.85734],[-45.334957,-3.857744],[-45.336432,-3.858659],[-45.339145,-3.85657],[-45.340271,-3.856381],[-45.341097,-3.856664],[-45.34139,-3.858751],[-45.34037,-3.861073],[-45.340078,-3.862115],[-45.340467,-3.863345],[-45.33901,-3.866],[-45.339011,-3.867707],[-45.33985,-3.869963],[-45.342311,-3.870098],[-45.342852,-3.870845],[-45.3438,-3.871185],[-45.345222,-3.871252],[-45.346441,-3.871592],[-45.347185,-3.872679],[-45.347659,-3.874107],[-45.34739,-3.877167],[-45.348,-3.878459],[-45.34861,-3.879478],[-45.349896,-3.880156],[-45.350776,-3.880905],[-45.351522,-3.8824],[-45.352741,-3.884168],[-45.354501,-3.88607],[-45.356939,-3.887021],[-45.358429,-3.887835],[-45.35958,-3.888991],[-45.362289,-3.89239],[-45.362696,-3.892594],[-45.365268,-3.893002],[-45.366691,-3.894428],[-45.368385,-3.900818],[-45.370147,-3.904013],[-45.37272,-3.907751],[-45.372249,-3.912035],[-45.37137,-3.915911],[-45.371236,-3.917882],[-45.37056,-3.920602],[-45.369207,-3.923458],[-45.369479,-3.92611],[-45.370429,-3.928625],[-45.371039,-3.930936],[-45.371378,-3.933452],[-45.371242,-3.9342],[-45.370499,-3.93556],[-45.369349,-3.936988],[-45.36874,-3.938757],[-45.369081,-3.943788],[-45.369082,-3.946984],[-45.367864,-3.948751],[-45.363939,-3.952493],[-45.362654,-3.955009],[-45.361708,-3.957526],[-45.36137,-3.960109],[-45.361575,-3.962488],[-45.361305,-3.9648],[-45.361305,-3.9665],[-45.358533,-3.97364],[-45.358466,-3.976019],[-45.359077,-3.979623],[-45.357657,-3.984927],[-45.358809,-3.985742],[-45.361246,-3.985945],[-45.363141,-3.986624],[-45.364293,-3.987576],[-45.365715,-3.987642],[-45.367476,-3.988526],[-45.369237,-3.989953],[-45.370998,-3.990496],[-45.372825,-3.991515],[-45.374044,-3.99131],[-45.375736,-3.990765],[-45.378445,-3.9909],[-45.380341,-3.993823],[-45.381763,-3.994978],[-45.383456,-3.99559],[-45.386571,-3.996064],[-45.387045,-3.998171],[-45.387926,-3.999735],[-45.389146,-4.000822],[-45.389281,-4.001569],[-45.390298,-4.003201],[-45.390569,-4.004697],[-45.391179,-4.005444],[-45.392669,-4.006395],[-45.394837,-4.008502],[-45.396732,-4.009113],[-45.398561,-4.010404],[-45.398967,-4.011763],[-45.399848,-4.01353],[-45.40046,-4.015706],[-45.400189,-4.01761],[-45.400258,-4.019378],[-45.400665,-4.020873],[-45.401749,-4.022233],[-45.402563,-4.024544],[-45.402631,-4.026515],[-45.402293,-4.027739],[-45.40209,-4.029439],[-45.401415,-4.031003],[-45.401482,-4.032091],[-45.402703,-4.034624],[-45.401721,-4.036357],[-45.401485,-4.037412],[-45.40274,-4.041184],[-45.402638,-4.042238],[-45.402233,-4.042885],[-45.40216,-4.043509],[-45.403555,-4.047068],[-45.404316,-4.050693],[-45.404001,-4.051965],[-45.403368,-4.053555],[-45.403116,-4.055018],[-45.403496,-4.056352],[-45.404004,-4.057306],[-45.405333,-4.058704],[-45.405841,-4.059594],[-45.40638,-4.060095],[-45.407551,-4.060364],[-45.407521,-4.061716],[-45.407948,-4.062351],[-45.410699,-4.062581],[-45.411414,-4.0637],[-45.412043,-4.06545],[-45.414788,-4.067199],[-45.415216,-4.067256],[-45.415817,-4.066998],[-45.416587,-4.066108],[-45.41813,-4.065275],[-45.419101,-4.065188],[-45.419674,-4.066164],[-45.420103,-4.066307],[-45.42116,-4.066162],[-45.421744,-4.066295],[-45.422347,-4.067389],[-45.427856,-4.06781],[-45.427993,-4.068733],[-45.429698,-4.069738],[-45.43112,-4.0694],[-45.433382,-4.071333],[-45.436813,-4.070406],[-45.437901,-4.069481],[-45.43832,-4.069566],[-45.438823,-4.070153],[-45.44058,-4.069479],[-45.441418,-4.0699],[-45.442255,-4.070823],[-45.444852,-4.072588],[-45.445521,-4.073343],[-45.446359,-4.07494],[-45.44728,-4.075192],[-45.448619,-4.074603],[-45.449624,-4.074686],[-45.450607,-4.073897],[-45.452072,-4.071486],[-45.452904,-4.070607],[-45.453779,-4.070315],[-45.454529,-4.070522],[-45.45528,-4.071275],[-45.456321,-4.071525],[-45.459278,-4.071566],[-45.460778,-4.071105],[-45.463277,-4.069974],[-45.465151,-4.070265],[-45.467483,-4.069595],[-45.468358,-4.069803],[-45.469025,-4.069594],[-45.470066,-4.069593],[-45.47069,-4.070137],[-45.472151,-4.070454],[-45.472425,-4.070134],[-45.487648,-4.063595]]]}},{"type":"Feature","properties":{"CD_MUN":"2110005","NM_MUN":"Santa Luzia"},"geometry":{"type":"Polygon","coordinates":[[[-46.036454,-4.805094],[-46.030051,-4.804689],[-46.028354,-4.805499],[-46.02833,-4.807901],[-46.028552,-4.810175],[-46.029841,-4.815953],[-46.029386,-4.817883],[-46.026187,-4.825013],[-46.026301,-4.829739],[-46.027168,-4.836828],[-46.026101,-4.83887],[-46.02263,-4.84355],[-46.020568,-4.850564],[-46.018332,-4.852932],[-46.017372,-4.853706],[-46.089393,-4.854617],[-46.089384,-4.850322],[-46.091938,-4.840541],[-46.094827,-4.84],[-46.095681,-4.838772],[-46.095731,-4.837044],[-46.09637,-4.83554],[-46.100111,-4.832953],[-46.102678,-4.831985],[-46.102514,-4.830319],[-46.102715,-4.822048],[-46.104093,-4.813882],[-46.105641,-4.811462],[-46.107996,-4.811135],[-46.110455,-4.80952],[-46.112851,-4.803447],[-46.115093,-4.800436],[-46.119156,-4.798496],[-46.127126,-4.797031],[-46.13066,-4.798208],[-46.132048,-4.797561],[-46.132261,-4.796379],[-46.1314,-4.793373],[-46.131449,-4.790953],[-46.131983,-4.790202],[-46.140697,-4.786052],[-46.169399,-4.77016],[-46.193987,-4.757013],[-46.201789,-4.752489],[-46.202693,-4.750284],[-46.215153,-4.692393],[-46.22111,-4.665877],[-46.226786,-4.637883],[-46.228902,-4.624991],[-46.228043,-4.623489],[-46.223069,-4.623335],[-46.20927,-4.623681],[-46.183512,-4.604658],[-46.178051,-4.600263],[-46.173595,-4.591302],[-46.171552,-4.584645],[-46.167264,-4.577455],[-46.164309,-4.570316],[-46.159105,-4.560496],[-46.165701,-4.550501],[-46.188131,-4.518662],[-46.189573,-4.516996],[-46.193201,-4.511727],[-46.194582,-4.506997],[-46.195589,-4.500497],[-46.203081,-4.471643],[-46.217248,-4.469848],[-46.232929,-4.445331],[-46.23223,-4.441518],[-46.230707,-4.425946],[-46.229844,-4.422295],[-46.228345,-4.421115],[-46.227592,-4.419184],[-46.228391,-4.416012],[-46.229971,-4.402583],[-46.228308,-4.39931],[-46.225311,-4.396737],[-46.223807,-4.39373],[-46.223374,-4.390402],[-46.225135,-4.387554],[-46.225987,-4.385617],[-46.22834,-4.384219],[-46.233627,-4.381578],[-46.234587,-4.379857],[-46.240938,-4.373777],[-46.264577,-4.307694],[-46.268653,-4.305225],[-46.2713,-4.303105],[-46.273788,-4.301691],[-46.093225,-4.034704],[-46.089388,-4.033123],[-46.08702,-4.033353],[-46.086172,-4.031938],[-46.086843,-4.027516],[-46.088754,-4.024],[-46.087965,-4.023323],[-46.085819,-4.021964],[-46.082945,-4.022704],[-46.050447,-4.0],[-46.042719,-3.997688],[-46.029804,-3.995945],[-46.016889,-3.995113],[-46.000554,-3.990373],[-45.997056,-3.988675],[-45.992712,-3.987379],[-45.98425,-3.984328],[-45.979172,-3.9815],[-45.97426,-3.976576],[-45.971663,-3.973631],[-45.967374,-3.97035],[-45.961564,-3.969055],[-45.955586,-3.968608],[-45.950848,-3.966798],[-45.944812,-3.963575],[-45.93218,-3.953852],[-45.927939,-3.951977],[-45.923194,-3.945295],[-45.92043,-3.945129],[-45.912758,-3.94151],[-45.911854,-3.939357],[-45.910557,-3.939404],[-45.905368,-3.938062],[-45.907167,-3.933866],[-45.909702,-3.931652],[-45.909814,-3.930293],[-45.908687,-3.929614],[-45.908794,-3.9261],[-45.908004,-3.924513],[-45.906479,-3.922758],[-45.906027,-3.920264],[-45.903318,-3.918795],[-45.902978,-3.917208],[-45.905118,-3.914258],[-45.904494,-3.911711],[-45.901441,-3.903551],[-45.898447,-3.899758],[-45.894838,-3.897494],[-45.89382,-3.896022],[-45.891452,-3.895233],[-45.888349,-3.894838],[-45.884628,-3.893935],[-45.882821,-3.89099],[-45.88158,-3.890878],[-45.880452,-3.891217],[-45.879831,-3.890029],[-45.879154,-3.889804],[-45.877352,-3.891394],[-45.875775,-3.892525],[-45.87188,-3.888735],[-45.868609,-3.888285],[-45.865001,-3.888629],[-45.862971,-3.887384],[-45.860827,-3.886933],[-45.858062,-3.885746],[-45.855357,-3.886315],[-45.854269,-3.887169],[-45.853229,-3.887421],[-45.852378,-3.88698],[-45.851425,-3.885341],[-45.849865,-3.884262],[-45.848636,-3.883781],[-45.848345,-3.882355],[-45.846386,-3.88003],[-45.846384,-3.878673],[-45.847059,-3.876633],[-45.847169,-3.874479],[-45.845647,-3.874083],[-45.844971,-3.87329],[-45.846208,-3.871247],[-45.847558,-3.867959],[-45.847161,-3.865524],[-45.84434,-3.860651],[-45.846137,-3.857023],[-45.844837,-3.853907],[-45.84269,-3.849829],[-45.841787,-3.846309],[-45.842753,-3.838976],[-45.846314,-3.834907],[-45.843688,-3.831377],[-45.84149,-3.827313],[-45.843904,-3.823297],[-45.843008,-3.819816],[-45.844971,-3.817863],[-45.84283,-3.817583],[-45.838994,-3.81668],[-45.836288,-3.816682],[-45.833526,-3.817762],[-45.829805,-3.818333],[-45.826761,-3.819127],[-45.823041,-3.819133],[-45.818925,-3.820438],[-45.817122,-3.819987],[-45.809343,-3.819315],[-45.807538,-3.822604],[-45.808836,-3.823],[-45.808949,-3.823792],[-45.80726,-3.825155],[-45.806358,-3.825268],[-45.805906,-3.823343],[-45.80455,-3.821758],[-45.803027,-3.82136],[-45.802353,-3.822609],[-45.799424,-3.8259],[-45.796042,-3.827148],[-45.791813,-3.827208],[-45.789335,-3.829477],[-45.786746,-3.833109],[-45.785394,-3.833109],[-45.783192,-3.831467],[-45.780484,-3.829771],[-45.777325,-3.827394],[-45.774953,-3.824561],[-45.772415,-3.823145],[-45.772301,-3.82122],[-45.770719,-3.81748],[-45.7688,-3.815329],[-45.768911,-3.814083],[-45.769531,-3.813003],[-45.76874,-3.809265],[-45.770312,-3.803936],[-45.770705,-3.798631],[-45.769017,-3.797279],[-45.768303,-3.796362],[-45.766597,-3.79565],[-45.766274,-3.795137],[-45.7664,-3.794185],[-45.765831,-3.794223],[-45.765057,-3.792491],[-45.756999,-3.792046],[-45.751022,-3.794205],[-45.749558,-3.796359],[-45.749731,-3.799817],[-45.749394,-3.802652],[-45.748043,-3.804807],[-45.749511,-3.807525],[-45.750924,-3.811322],[-45.750476,-3.816082],[-45.750027,-3.817103],[-45.749349,-3.816423],[-45.74619,-3.814044],[-45.745624,-3.812345],[-45.744892,-3.812403],[-45.74354,-3.813424],[-45.741623,-3.813651],[-45.739704,-3.813087],[-45.736322,-3.81309],[-45.733898,-3.812356],[-45.730177,-3.811904],[-45.72544,-3.811683],[-45.718278,-3.809478],[-45.718163,-3.807777],[-45.715568,-3.804606],[-45.710944,-3.804043],[-45.704347,-3.802858],[-45.699045,-3.799576],[-45.697464,-3.797878],[-45.695262,-3.794082],[-45.690862,-3.790458],[-45.687929,-3.790008],[-45.685785,-3.788308],[-45.685727,-3.784511],[-45.684259,-3.781903],[-45.683467,-3.777938],[-45.683405,-3.770989],[-45.682161,-3.766914],[-45.678551,-3.762439],[-45.678292,-3.757933],[-45.674741,-3.755389],[-45.672623,-3.749524],[-45.670253,-3.746637],[-45.666024,-3.74562],[-45.658285,-3.745679],[-45.657173,-3.746147],[-45.656385,-3.74589],[-45.655908,-3.746263],[-45.654044,-3.745195],[-45.652946,-3.745289],[-45.65199,-3.744683],[-45.651249,-3.743962],[-45.650245,-3.742426],[-45.648764,-3.741402],[-45.646806,-3.741636],[-45.646185,-3.741543],[-45.645516,-3.741125],[-45.644632,-3.740171],[-45.642148,-3.738172],[-45.641573,-3.737054],[-45.640857,-3.737148],[-45.640952,-3.738034],[-45.639736,-3.739641],[-45.637298,-3.736476],[-45.636652,-3.735009],[-45.637079,-3.731702],[-45.637078,-3.730305],[-45.636601,-3.730166],[-45.635861,-3.729631],[-45.632611,-3.729727],[-45.631991,-3.730379],[-45.631564,-3.731312],[-45.628961,-3.731569],[-45.628005,-3.731896],[-45.627242,-3.732361],[-45.626764,-3.733155],[-45.625619,-3.733387],[-45.624257,-3.732863],[-45.598158,-3.915344],[-45.581254,-3.947198],[-45.577998,-3.987461],[-45.561361,-3.987208],[-45.564645,-3.990034],[-45.564646,-3.991955],[-45.563307,-3.99311],[-45.563594,-3.994359],[-45.564744,-3.995704],[-45.564745,-3.997435],[-45.565131,-4.000316],[-45.566659,-4.001661],[-45.567906,-4.004062],[-45.567913,-4.013865],[-45.569061,-4.015788],[-45.572029,-4.018957],[-45.573368,-4.019919],[-45.572987,-4.021841],[-45.570692,-4.023188],[-45.569929,-4.024918],[-45.570983,-4.028281],[-45.569073,-4.033665],[-45.567355,-4.036934],[-45.568313,-4.039816],[-45.56755,-4.042124],[-45.564967,-4.041836],[-45.561145,-4.045684],[-45.561147,-4.049529],[-45.560099,-4.056354],[-45.55838,-4.060199],[-45.55532,-4.060395],[-45.55379,-4.059433],[-45.552639,-4.057511],[-45.551302,-4.057513],[-45.550824,-4.058956],[-45.551594,-4.064913],[-45.554654,-4.066064],[-45.558289,-4.065678],[-45.560872,-4.066541],[-45.560874,-4.069617],[-45.561261,-4.076921],[-45.562222,-4.080765],[-45.563847,-4.08009],[-45.565377,-4.080859],[-45.568252,-4.088162],[-45.570834,-4.089216],[-45.570836,-4.091332],[-45.570453,-4.092676],[-45.572179,-4.096519],[-45.571415,-4.098251],[-45.570173,-4.098732],[-45.569025,-4.100656],[-45.571131,-4.102769],[-45.576777,-4.106513],[-45.580988,-4.109777],[-45.580798,-4.11266],[-45.578694,-4.11247],[-45.576782,-4.114394],[-45.578219,-4.116988],[-45.579559,-4.117177],[-45.581089,-4.117754],[-45.578222,-4.120832],[-45.579467,-4.122849],[-45.58272,-4.124],[-45.585398,-4.126305],[-45.583871,-4.127844],[-45.581287,-4.129098],[-45.57995,-4.130443],[-45.579765,-4.136593],[-45.580244,-4.139957],[-45.581202,-4.141687],[-45.579863,-4.142072],[-45.576038,-4.142459],[-45.572786,-4.142077],[-45.573073,-4.142749],[-45.574414,-4.144478],[-45.578052,-4.150243],[-45.580348,-4.151204],[-45.58188,-4.151587],[-45.582551,-4.152258],[-45.586952,-4.155523],[-45.591353,-4.158594],[-45.590017,-4.161863],[-45.588393,-4.164267],[-45.588209,-4.174263],[-45.585917,-4.17907],[-45.587257,-4.180606],[-45.589839,-4.18051],[-45.59099,-4.181854],[-45.592139,-4.185505],[-45.592141,-4.188389],[-45.594686,-4.190185],[-45.594973,-4.195969],[-45.59701,-4.195804],[-45.598257,-4.196203],[-45.602038,-4.197939],[-45.603284,-4.197925],[-45.603727,-4.197724],[-45.607153,-4.194778],[-45.609444,-4.193875],[-45.61164,-4.19324],[-45.613421,-4.193102],[-45.615464,-4.19464],[-45.616049,-4.194914],[-45.618031,-4.19505],[-45.619686,-4.193407],[-45.620745,-4.192875],[-45.621586,-4.192636],[-45.626286,-4.192357],[-45.627635,-4.192815],[-45.63033,-4.19419],[-45.631891,-4.194064],[-45.633472,-4.194115],[-45.634237,-4.194304],[-45.637858,-4.196356],[-45.638109,-4.19681],[-45.638724,-4.196656],[-45.639793,-4.196132],[-45.640165,-4.195758],[-45.64029,-4.195196],[-45.63971,-4.194947],[-45.639359,-4.194435],[-45.639464,-4.192527],[-45.639785,-4.192229],[-45.640239,-4.192121],[-45.641695,-4.192091],[-45.642093,-4.191907],[-45.642329,-4.191548],[-45.641587,-4.18876],[-45.641535,-4.185743],[-45.642137,-4.183759],[-45.642559,-4.183065],[-45.643058,-4.182853],[-45.64328,-4.182544],[-45.643937,-4.1832],[-45.646552,-4.184528],[-45.647057,-4.185003],[-45.648846,-4.186998],[-45.649779,-4.189272],[-45.650466,-4.18959],[-45.651631,-4.189797],[-45.651989,-4.191053],[-45.65368,-4.192707],[-45.653999,-4.193294],[-45.654201,-4.194941],[-45.654435,-4.195167],[-45.655848,-4.195526],[-45.656451,-4.196078],[-45.656735,-4.196116],[-45.65884,-4.197635],[-45.659503,-4.197606],[-45.660697,-4.196997],[-45.66173,-4.1971],[-45.6632,-4.197812],[-45.664473,-4.198817],[-45.664937,-4.199687],[-45.665131,-4.200461],[-45.66605,-4.202109],[-45.666877,-4.204273],[-45.668085,-4.206076],[-45.669653,-4.208984],[-45.670172,-4.209565],[-45.670639,-4.209595],[-45.672093,-4.209242],[-45.722724,-4.227691],[-45.730778,-4.230369],[-45.731391,-4.230319],[-45.73303,-4.232687],[-45.734252,-4.233386],[-45.735229,-4.234374],[-45.736961,-4.237561],[-45.737688,-4.238186],[-45.738362,-4.238462],[-45.739523,-4.238456],[-45.740762,-4.238147],[-45.742181,-4.238011],[-45.744582,-4.238054],[-45.746752,-4.238895],[-45.748296,-4.240014],[-45.748839,-4.240153],[-45.750027,-4.239932],[-45.751745,-4.238888],[-45.752645,-4.238609],[-45.753833,-4.238584],[-45.754572,-4.239093],[-45.755566,-4.240609],[-45.756402,-4.241356],[-45.758492,-4.241646],[-45.759841,-4.242361],[-45.760127,-4.242807],[-45.760367,-4.243686],[-45.760624,-4.245383],[-45.761045,-4.246009],[-45.764453,-4.24677],[-45.766459,-4.246346],[-45.768461,-4.245307],[-45.769147,-4.245421],[-45.770136,-4.246574],[-45.771815,-4.247539],[-45.772536,-4.248767],[-45.77331,-4.249028],[-45.774037,-4.251025],[-45.775331,-4.251844],[-45.776222,-4.251727],[-45.776707,-4.251267],[-45.777958,-4.248995],[-45.778353,-4.248583],[-45.778611,-4.248578],[-45.779182,-4.248953],[-45.779585,-4.249738],[-45.780317,-4.250412],[-45.782421,-4.25032],[-45.783299,-4.250841],[-45.784576,-4.252197],[-45.78487,-4.252335],[-45.785948,-4.252342],[-45.786083,-4.253023],[-45.786703,-4.253281],[-45.786881,-4.254401],[-45.790156,-4.256736],[-45.79096,-4.25809],[-45.791267,-4.259468],[-45.792243,-4.260695],[-45.792485,-4.261248],[-45.792494,-4.263182],[-45.792698,-4.263668],[-45.793245,-4.264364],[-45.795799,-4.26577],[-45.796386,-4.266912],[-45.797219,-4.27055],[-45.79724,-4.271892],[-45.800798,-4.280876],[-45.800959,-4.282297],[-45.800243,-4.283791],[-45.800381,-4.285107],[-45.799703,-4.285919],[-45.799736,-4.286946],[-45.799456,-4.287293],[-45.798778,-4.287661],[-45.798315,-4.288291],[-45.798418,-4.288885],[-45.798883,-4.289384],[-45.798875,-4.289987],[-45.798198,-4.291108],[-45.798422,-4.291917],[-45.800189,-4.292932],[-45.80041,-4.293437],[-45.801127,-4.294288],[-45.800933,-4.294918],[-45.800417,-4.2953],[-45.799847,-4.295433],[-45.799423,-4.296561],[-45.799081,-4.296803],[-45.797926,-4.296923],[-45.797029,-4.297284],[-45.795967,-4.299207],[-45.79597,-4.299676],[-45.79641,-4.301042],[-45.796415,-4.301656],[-45.796086,-4.302382],[-45.79527,-4.30335],[-45.794365,-4.30409],[-45.792415,-4.305263],[-45.791601,-4.306282],[-45.791363,-4.306922],[-45.791354,-4.307533],[-45.791678,-4.307886],[-45.793482,-4.308936],[-45.794939,-4.31016],[-45.795269,-4.310649],[-45.79553,-4.311553],[-45.795282,-4.312032],[-45.794145,-4.312646],[-45.793754,-4.313067],[-45.793085,-4.315329],[-45.792905,-4.317491],[-45.793048,-4.319849],[-45.793231,-4.320268],[-45.793221,-4.321925],[-45.79262,-4.322744],[-45.7907,-4.323509],[-45.790351,-4.323853],[-45.790143,-4.324465],[-45.790314,-4.325872],[-45.79088,-4.327088],[-45.79065,-4.327811],[-45.790628,-4.328549],[-45.79099,-4.329482],[-45.791153,-4.330931],[-45.791008,-4.331933],[-45.791229,-4.336347],[-45.791472,-4.336921],[-45.792161,-4.33768],[-45.795356,-4.339623],[-45.796091,-4.341101],[-45.796137,-4.342868],[-45.796457,-4.343289],[-45.798026,-4.34442],[-45.798137,-4.345041],[-45.798567,-4.345402],[-45.800265,-4.34542],[-45.801284,-4.345659],[-45.801846,-4.346336],[-45.802683,-4.347901],[-45.802779,-4.348332],[-45.802641,-4.3486],[-45.799399,-4.35176],[-45.798843,-4.353151],[-45.798962,-4.354635],[-45.798853,-4.355723],[-45.799915,-4.357668],[-45.800097,-4.358508],[-45.798445,-4.361563],[-45.798159,-4.362546],[-45.798193,-4.362927],[-45.798734,-4.363486],[-45.801548,-4.365087],[-45.803184,-4.366259],[-45.803709,-4.366988],[-45.804083,-4.368049],[-45.803768,-4.369013],[-45.803779,-4.369626],[-45.803987,-4.37013],[-45.805375,-4.371541],[-45.805883,-4.372733],[-45.805877,-4.374521],[-45.803979,-4.378298],[-45.803768,-4.379034],[-45.803712,-4.380003],[-45.803972,-4.381266],[-45.804377,-4.382145],[-45.806207,-4.38357],[-45.807586,-4.383927],[-45.816468,-4.388821],[-45.817482,-4.390696],[-45.816141,-4.396106],[-45.816037,-4.398002],[-45.815488,-4.398699],[-45.81536,-4.400416],[-45.81466,-4.403121],[-45.814718,-4.404869],[-45.81521,-4.405745],[-45.815735,-4.406167],[-45.816412,-4.407636],[-45.819177,-4.409106],[-45.819544,-4.409708],[-45.819707,-4.410508],[-45.820543,-4.411576],[-45.821579,-4.412495],[-45.821333,-4.412994],[-45.821339,-4.413448],[-45.821623,-4.413639],[-45.822254,-4.413656],[-45.823012,-4.413364],[-45.823331,-4.413416],[-45.824044,-4.414119],[-45.824391,-4.414153],[-45.825008,-4.414622],[-45.825009,-4.414895],[-45.82453,-4.415442],[-45.82453,-4.415782],[-45.826111,-4.417682],[-45.825992,-4.418177],[-45.825677,-4.418545],[-45.825653,-4.419045],[-45.826334,-4.4198],[-45.826359,-4.420129],[-45.825946,-4.420653],[-45.826056,-4.421055],[-45.826348,-4.421347],[-45.826361,-4.421835],[-45.825645,-4.422335],[-45.825803,-4.422835],[-45.825719,-4.423493],[-45.824966,-4.42375],[-45.824626,-4.424043],[-45.824555,-4.424993],[-45.824339,-4.425597],[-45.822887,-4.426291],[-45.822772,-4.426435],[-45.822888,-4.426933],[-45.822286,-4.427648],[-45.821372,-4.427015],[-45.820828,-4.425861],[-45.820427,-4.42553],[-45.81938,-4.425332],[-45.813266,-4.4252],[-45.812193,-4.425576],[-45.811667,-4.425937],[-45.811587,-4.427385],[-45.811258,-4.427887],[-45.810434,-4.428504],[-45.809502,-4.428924],[-45.807266,-4.429541],[-45.806787,-4.429533],[-45.806137,-4.429907],[-45.805774,-4.430443],[-45.805722,-4.431448],[-45.805475,-4.432017],[-45.805137,-4.432469],[-45.80414,-4.432871],[-45.80352,-4.433444],[-45.803623,-4.435002],[-45.803408,-4.435578],[-45.803114,-4.43589],[-45.799805,-4.437318],[-45.799158,-4.437943],[-45.799797,-4.440131],[-45.799819,-4.441454],[-45.799686,-4.441857],[-45.798512,-4.442737],[-45.795342,-4.444316],[-45.793743,-4.44589],[-45.793404,-4.446452],[-45.793294,-4.44705],[-45.793372,-4.448345],[-45.791885,-4.450477],[-45.790678,-4.451561],[-45.790654,-4.452223],[-45.789979,-4.453377],[-45.79052,-4.454416],[-45.790687,-4.455262],[-45.790544,-4.456007],[-45.789566,-4.458006],[-45.789506,-4.459069],[-45.78982,-4.460061],[-45.79095,-4.462302],[-45.79126,-4.46347],[-45.791417,-4.465774],[-45.79107,-4.466785],[-45.790317,-4.467753],[-45.790143,-4.471312],[-45.789056,-4.473029],[-45.788895,-4.475073],[-45.788839,-4.481183],[-45.788604,-4.482433],[-45.787982,-4.483588],[-45.787217,-4.484394],[-45.786417,-4.48598],[-45.786419,-4.487736],[-45.78676,-4.488748],[-45.786732,-4.489421],[-45.785205,-4.490903],[-45.78444,-4.491355],[-45.781252,-4.49239],[-45.780728,-4.492691],[-45.779852,-4.49378],[-45.779291,-4.494796],[-45.779378,-4.496589],[-45.778785,-4.498147],[-45.778774,-4.498582],[-45.777742,-4.500746],[-45.77774,-4.502841],[-45.777547,-4.503662],[-45.777039,-4.504557],[-45.776928,-4.505251],[-45.775899,-4.506892],[-45.772398,-4.507954],[-45.771533,-4.509318],[-45.771549,-4.510178],[-45.771223,-4.511584],[-45.770248,-4.513088],[-45.769066,-4.514004],[-45.766832,-4.514569],[-45.762712,-4.513949],[-45.760114,-4.514178],[-45.759241,-4.51446],[-45.758665,-4.514899],[-45.75826,-4.51554],[-45.758219,-4.516137],[-45.757975,-4.516697],[-45.758036,-4.517513],[-45.759131,-4.519586],[-45.761091,-4.520897],[-45.760703,-4.523728],[-45.760824,-4.525746],[-45.760658,-4.526426],[-45.760586,-4.528683],[-45.759661,-4.529527],[-45.758213,-4.530288],[-45.756894,-4.530638],[-45.755202,-4.531378],[-45.753339,-4.531441],[-45.749216,-4.531255],[-45.748143,-4.531381],[-45.747303,-4.531809],[-45.746929,-4.531747],[-45.746025,-4.532501],[-45.74594,-4.53365],[-45.745411,-4.534453],[-45.744834,-4.534856],[-45.743322,-4.53531],[-45.741974,-4.535337],[-45.74096,-4.536294],[-45.740443,-4.536421],[-45.739457,-4.537392],[-45.738973,-4.537566],[-45.737758,-4.537639],[-45.735622,-4.538775],[-45.734397,-4.53931],[-45.733593,-4.539473],[-45.731824,-4.540427],[-45.731607,-4.54083],[-45.729428,-4.542389],[-45.728237,-4.542745],[-45.726384,-4.542858],[-45.724212,-4.543378],[-45.722315,-4.544926],[-45.721368,-4.545927],[-45.720624,-4.546231],[-45.719935,-4.546271],[-45.719123,-4.547035],[-45.717893,-4.547662],[-45.715815,-4.549406],[-45.712981,-4.552858],[-45.711723,-4.553429],[-45.708534,-4.559048],[-45.838812,-4.5591],[-45.920063,-4.558623],[-45.922131,-4.615674],[-45.923226,-4.6192],[-45.924403,-4.62142],[-45.925634,-4.623125],[-45.926001,-4.624478],[-45.925924,-4.627674],[-45.925318,-4.629218],[-45.924755,-4.632849],[-45.925382,-4.636855],[-45.92591,-4.637831],[-45.926386,-4.640348],[-45.926499,-4.643868],[-45.927627,-4.649391],[-45.927587,-4.650962],[-45.926906,-4.655621],[-45.927138,-4.658031],[-45.927559,-4.660143],[-45.928277,-4.661685],[-45.929264,-4.662551],[-45.930305,-4.663173],[-45.931346,-4.663551],[-45.934019,-4.663844],[-45.935653,-4.664628],[-45.936749,-4.665709],[-45.938347,-4.668821],[-45.941077,-4.67001],[-45.94544,-4.670789],[-45.946939,-4.670706],[-45.948411,-4.670839],[-45.949749,-4.671569],[-45.952291,-4.673975],[-45.955513,-4.675582],[-45.95675,-4.676609],[-45.958422,-4.678602],[-45.959394,-4.681247],[-45.959561,-4.684648],[-45.959992,-4.68616],[-45.960209,-4.688051],[-45.959944,-4.689509],[-45.959353,-4.690482],[-45.958762,-4.690644],[-45.958173,-4.693829],[-45.958499,-4.695667],[-45.958179,-4.696964],[-45.958289,-4.698691],[-45.960227,-4.700416],[-45.962651,-4.70306],[-45.963405,-4.704355],[-45.964372,-4.707165],[-45.966275,-4.704499],[-45.968091,-4.705225],[-45.970065,-4.706783],[-45.970584,-4.707874],[-45.97048,-4.710367],[-45.971415,-4.712029],[-45.97209,-4.71421],[-45.972988,-4.715317],[-45.97499,-4.72345],[-45.975819,-4.72492],[-45.976896,-4.725987],[-45.978131,-4.727037],[-45.978973,-4.727457],[-45.982215,-4.728035],[-45.982992,-4.728389],[-45.984508,-4.728392],[-45.98535,-4.728616],[-45.986383,-4.729704],[-45.98651,-4.730657],[-45.987348,-4.731946],[-45.989137,-4.733036],[-45.993405,-4.734097],[-45.994819,-4.733829],[-45.995494,-4.733195],[-45.997666,-4.73359],[-45.999983,-4.734342],[-46.005737,-4.741717],[-46.008817,-4.74196],[-46.011897,-4.741879],[-46.013356,-4.743581],[-46.013031,-4.746417],[-46.013275,-4.749092],[-46.017165,-4.751928],[-46.019596,-4.755332],[-46.021379,-4.757521],[-46.021865,-4.759952],[-46.022595,-4.76214],[-46.026809,-4.766598],[-46.029241,-4.767489],[-46.028349,-4.769758],[-46.028511,-4.771217],[-46.029565,-4.773568],[-46.031105,-4.776404],[-46.034914,-4.782401],[-46.036616,-4.784509],[-46.036859,-4.789209],[-46.039533,-4.789939],[-46.040425,-4.792127],[-46.041397,-4.799421],[-46.036454,-4.805094]]]}},{"type":"Feature","properties":{"CD_MUN":"2101772","NM_MUN":"Bela Vista do Maranhão"},"geometry":{"type":"Polygon","coordinates":[[[-45.343255,-3.844776],[-45.343254,-3.84313],[-45.342382,-3.841449],[-45.342208,-3.840783],[-45.342207,-3.839768],[-45.342555,-3.838438],[-45.342416,-3.837072],[-45.341928,-3.835742],[-45.341474,-3.833781],[-45.341332,-3.829789],[-45.340563,-3.827933],[-45.338854,-3.826498],[-45.338227,-3.825587],[-45.337773,-3.821945],[-45.336692,-3.82079],[-45.333797,-3.819846],[-45.332716,-3.818971],[-45.331217,-3.817187],[-45.330275,-3.81666],[-45.32828,-3.816041],[-45.327567,-3.815618],[-45.326986,-3.815008],[-45.32659,-3.814266],[-45.326299,-3.812464],[-45.32643,-3.810767],[-45.328039,-3.80679],[-45.328354,-3.805412],[-45.327957,-3.802285],[-45.326927,-3.798865],[-45.326477,-3.793962],[-45.325816,-3.792267],[-45.324232,-3.790835],[-45.323335,-3.789537],[-45.322991,-3.787655],[-45.322569,-3.78686],[-45.32101,-3.78474],[-45.31845,-3.782091],[-45.317922,-3.781322],[-45.317863,-3.779059],[-45.318341,-3.777103],[-45.318613,-3.775096],[-45.319654,-3.772472],[-45.319995,-3.771151],[-45.319944,-3.770155],[-45.320455,-3.768457],[-45.321923,-3.766484],[-45.322213,-3.765575],[-45.322604,-3.764065],[-45.323606,-3.757677],[-45.324176,-3.756075],[-45.324513,-3.754527],[-45.324531,-3.753248],[-45.324353,-3.752478],[-45.323017,-3.748456],[-45.322546,-3.747531],[-45.328548,-3.73025],[-45.328375,-3.730025],[-45.333341,-3.716015],[-45.342935,-3.68407],[-45.328608,-3.693115],[-45.323743,-3.695722],[-45.288221,-3.718201],[-45.154589,-3.729495],[-45.15381,-3.729195],[-45.152525,-3.728993],[-45.15125,-3.729855],[-45.149383,-3.729952],[-45.148206,-3.729473],[-45.146316,-3.731311],[-45.146475,-3.731577],[-45.147785,-3.730488],[-45.149245,-3.730203],[-45.150802,-3.730677],[-45.152454,-3.729445],[-45.154008,-3.729918],[-45.155273,-3.731056],[-45.156101,-3.73205],[-45.155711,-3.734419],[-45.155711,-3.736503],[-45.156392,-3.738495],[-45.157365,-3.740484],[-45.159163,-3.741574],[-45.163052,-3.742804],[-45.166698,-3.748633],[-45.168254,-3.749958],[-45.169907,-3.750622],[-45.170783,-3.752518],[-45.172726,-3.753653],[-45.174186,-3.754034],[-45.175692,-3.755503],[-45.17754,-3.755691],[-45.178804,-3.755311],[-45.181042,-3.757112],[-45.181818,-3.759007],[-45.180547,-3.759092],[-45.179339,-3.758487],[-45.17827,-3.759339],[-45.178464,-3.761899],[-45.179728,-3.763036],[-45.181478,-3.763982],[-45.182646,-3.765025],[-45.1825,-3.766495],[-45.182891,-3.768294],[-45.18396,-3.76981],[-45.185807,-3.771517],[-45.186585,-3.772464],[-45.188237,-3.772938],[-45.18994,-3.7745],[-45.189163,-3.775637],[-45.188092,-3.776395],[-45.18819,-3.777534],[-45.19062,-3.777153],[-45.192564,-3.776584],[-45.193779,-3.775209],[-45.194459,-3.773315],[-45.195821,-3.772651],[-45.197278,-3.77303],[-45.199613,-3.77445],[-45.201887,-3.775124],[-45.2018,-3.776298],[-45.19976,-3.777152],[-45.199077,-3.778668],[-45.200148,-3.781417],[-45.201655,-3.78317],[-45.203892,-3.784969],[-45.207586,-3.785727],[-45.210016,-3.784494],[-45.210557,-3.780752],[-45.212398,-3.778665],[-45.215603,-3.776104],[-45.217357,-3.77421],[-45.21964,-3.77236],[-45.223994,-3.774453],[-45.224792,-3.77615],[-45.225668,-3.777003],[-45.227028,-3.777002],[-45.228194,-3.776527],[-45.229605,-3.77686],[-45.230383,-3.778375],[-45.230578,-3.779702],[-45.231259,-3.781786],[-45.233204,-3.782641],[-45.23578,-3.784959],[-45.237426,-3.784488],[-45.238404,-3.783729],[-45.239668,-3.783444],[-45.241321,-3.783728],[-45.242682,-3.784865],[-45.24419,-3.786711],[-45.245454,-3.78747],[-45.247399,-3.788133],[-45.249053,-3.789457],[-45.249053,-3.791827],[-45.249636,-3.793153],[-45.251046,-3.79358],[-45.252555,-3.793581],[-45.252784,-3.793701],[-45.254255,-3.79576],[-45.254938,-3.797559],[-45.256103,-3.798981],[-45.258195,-3.798741],[-45.259943,-3.799502],[-45.262277,-3.799974],[-45.264301,-3.798003],[-45.265581,-3.795614],[-45.2667,-3.795092],[-45.268451,-3.795091],[-45.270393,-3.795945],[-45.272047,-3.795848],[-45.27506,-3.79651],[-45.275962,-3.797473],[-45.277346,-3.798548],[-45.278804,-3.799022],[-45.281429,-3.79845],[-45.283471,-3.798547],[-45.284637,-3.799303],[-45.284004,-3.800962],[-45.284397,-3.802953],[-45.285757,-3.803994],[-45.286436,-3.803678],[-45.28687,-3.803734],[-45.287262,-3.803293],[-45.287994,-3.802951],[-45.290373,-3.799586],[-45.295138,-3.799583],[-45.299124,-3.799772],[-45.302186,-3.802568],[-45.306368,-3.807304],[-45.308169,-3.808964],[-45.30893,-3.810323],[-45.308948,-3.812848],[-45.308365,-3.813795],[-45.308559,-3.814648],[-45.308559,-3.815786],[-45.30788,-3.817492],[-45.307929,-3.819244],[-45.309485,-3.821422],[-45.309583,-3.822371],[-45.310701,-3.824032],[-45.311962,-3.824259],[-45.312597,-3.824645],[-45.312792,-3.825685],[-45.312066,-3.82744],[-45.312258,-3.828672],[-45.313329,-3.830284],[-45.315079,-3.831989],[-45.317121,-3.831988],[-45.317898,-3.832841],[-45.317802,-3.833598],[-45.318337,-3.835161],[-45.319796,-3.835162],[-45.321741,-3.836107],[-45.323201,-3.838193],[-45.325621,-3.840805],[-45.327237,-3.840724],[-45.328101,-3.841189],[-45.328014,-3.841933],[-45.327334,-3.842409],[-45.325389,-3.842787],[-45.324417,-3.843546],[-45.324689,-3.843876],[-45.324767,-3.844483],[-45.325564,-3.845068],[-45.326415,-3.844048],[-45.328368,-3.843976],[-45.331576,-3.846041],[-45.333738,-3.846916],[-45.33461,-3.847721],[-45.335762,-3.84842],[-45.337818,-3.849155],[-45.339387,-3.849295],[-45.341235,-3.848804],[-45.342071,-3.848173],[-45.342733,-3.847333],[-45.343255,-3.844776]]]}},{"type":"Feature","properties":{"CD_MUN":"2100956","NM_MUN":"Arame"},"geometry":{"type":"Polygon","coordinates":[[[-46.211241,-5.328244],[-46.214944,-5.333236],[-46.217819,-5.335001],[-46.224346,-5.340418],[-46.229212,-5.342846],[-46.23352,-5.344055],[-46.236508,-5.346266],[-46.249661,-5.351112],[-46.256175,-5.351212],[-46.267883,-5.350965],[-46.27672,-5.351058],[-46.277826,-5.352052],[-46.281769,-5.35911],[-46.307868,-5.361504],[-46.308452,-5.360322],[-46.309452,-5.358885],[-46.309011,-5.355842],[-46.309884,-5.353878],[-46.309886,-5.352211],[-46.309618,-5.351341],[-46.309783,-5.350321],[-46.310764,-5.349196],[-46.312427,-5.348062],[-46.312643,-5.346927],[-46.313078,-5.345905],[-46.314747,-5.344501],[-46.317758,-5.341223],[-46.318499,-5.339996],[-46.32122,-5.336934],[-46.322258,-5.335339],[-46.323267,-5.335259],[-46.326515,-5.335432],[-46.327082,-5.33505],[-46.327638,-5.334374],[-46.327833,-5.333518],[-46.329583,-5.332985],[-46.329755,-5.332977],[-46.329969,-5.334049],[-46.347977,-5.296293],[-46.344876,-5.295716],[-46.340752,-5.282935],[-46.338752,-5.27792],[-46.330611,-5.269667],[-46.321276,-5.264301],[-46.320395,-5.255953],[-46.31728,-5.243959],[-46.31322,-5.220977],[-46.30633,-5.215005],[-46.300284,-5.20786],[-46.292245,-5.205682],[-46.286805,-5.200725],[-46.286246,-5.193735],[-46.284442,-5.18493],[-46.277937,-5.178324],[-46.270164,-5.171707],[-46.259586,-5.16396],[-46.249781,-5.153688],[-46.244583,-5.148642],[-46.2368,-5.142571],[-46.228865,-5.140835],[-46.220085,-5.135287],[-46.214052,-5.1257],[-46.211362,-5.116246],[-46.20336,-5.10518],[-46.201302,-5.096901],[-46.196309,-5.091682],[-46.194114,-5.080144],[-46.190778,-5.071767],[-46.183803,-5.06543],[-46.177999,-5.060458],[-46.167057,-5.053982],[-46.151247,-5.053239],[-46.146886,-5.055176],[-46.14381,-5.056044],[-46.140472,-5.054553],[-46.137577,-5.055333],[-46.123887,-5.050356],[-46.120058,-5.046872],[-46.113997,-5.046072],[-46.111446,-5.042224],[-46.107946,-5.039468],[-46.104336,-5.032348],[-46.099943,-5.027949],[-46.094052,-5.022886],[-46.090699,-5.01759],[-46.083802,-5.012155],[-46.079225,-5.009558],[-46.076805,-5.007441],[-46.070469,-5.000627],[-46.069195,-5.000085],[-46.068747,-4.998271],[-46.068748,-4.996694],[-46.068078,-4.995557],[-46.06761,-4.993976],[-46.067385,-4.992395],[-46.06628,-4.990593],[-46.066024,-4.987873],[-46.064699,-4.985608],[-46.064003,-4.983574],[-46.062892,-4.981313],[-46.060831,-4.978826],[-46.058808,-4.976795],[-46.05748,-4.975024],[-46.056438,-4.969529],[-46.054584,-4.967303],[-46.047541,-4.96434],[-46.043645,-4.959328],[-46.041971,-4.955242],[-46.041778,-4.950406],[-46.040474,-4.946317],[-46.034721,-4.938709],[-46.032682,-4.937223],[-46.029716,-4.936111],[-46.026009,-4.933701],[-46.025535,-4.931966],[-46.025532,-4.929199],[-46.026169,-4.927729],[-46.027723,-4.925616],[-46.027994,-4.924421],[-46.027898,-4.92176],[-46.026792,-4.915345],[-46.024594,-4.912501],[-46.024407,-4.911118],[-46.023857,-4.909563],[-46.022119,-4.907822],[-46.021269,-4.903741],[-46.021106,-4.901367],[-46.022514,-4.898345],[-46.021594,-4.895594],[-46.020456,-4.893381],[-46.019387,-4.891951],[-46.019712,-4.891169],[-46.019468,-4.890252],[-46.017929,-4.889243],[-46.017173,-4.886222],[-46.017119,-4.884118],[-46.014617,-4.881514],[-46.014293,-4.880596],[-46.015645,-4.877953],[-46.016131,-4.874824],[-46.01586,-4.871856],[-46.014995,-4.868295],[-46.013967,-4.866352],[-46.012507,-4.865111],[-46.011369,-4.86333],[-46.012814,-4.861146],[-46.013166,-4.85977],[-46.013817,-4.859106],[-46.015096,-4.858645],[-46.015642,-4.857269],[-46.015912,-4.854882],[-46.018332,-4.852932],[-46.020568,-4.850564],[-46.02263,-4.84355],[-46.026101,-4.83887],[-46.027168,-4.836828],[-46.026301,-4.829739],[-46.026187,-4.825013],[-46.029386,-4.817883],[-46.029841,-4.815953],[-46.028552,-4.810175],[-46.02833,-4.807901],[-46.028354,-4.805499],[-46.030051,-4.804689],[-46.036454,-4.805094],[-46.041397,-4.799421],[-46.040425,-4.792127],[-46.039533,-4.789939],[-46.036859,-4.789209],[-46.036616,-4.784509],[-46.034914,-4.782401],[-46.031105,-4.776404],[-46.029565,-4.773568],[-46.028511,-4.771217],[-46.028349,-4.769758],[-46.029241,-4.767489],[-46.026809,-4.766598],[-46.022595,-4.76214],[-46.021865,-4.759952],[-46.021379,-4.757521],[-46.019596,-4.755332],[-46.017165,-4.751928],[-46.013275,-4.749092],[-46.013031,-4.746417],[-46.013356,-4.743581],[-46.011897,-4.741879],[-46.008817,-4.74196],[-46.005737,-4.741717],[-45.999983,-4.734342],[-45.997666,-4.73359],[-45.995494,-4.733195],[-45.994819,-4.733829],[-45.993405,-4.734097],[-45.989137,-4.733036],[-45.987348,-4.731946],[-45.98651,-4.730657],[-45.986383,-4.729704],[-45.98535,-4.728616],[-45.984508,-4.728392],[-45.982992,-4.728389],[-45.982215,-4.728035],[-45.978973,-4.727457],[-45.977678,-4.726715],[-45.975819,-4.72492],[-45.97499,-4.72345],[-45.972988,-4.715317],[-45.97209,-4.71421],[-45.971415,-4.712029],[-45.97048,-4.710367],[-45.970584,-4.707874],[-45.970065,-4.706783],[-45.968091,-4.705225],[-45.966275,-4.704499],[-45.964372,-4.707165],[-45.963405,-4.704355],[-45.962651,-4.70306],[-45.960227,-4.700416],[-45.958289,-4.698691],[-45.958179,-4.696964],[-45.958499,-4.695667],[-45.958173,-4.693829],[-45.958762,-4.690644],[-45.959353,-4.690482],[-45.959944,-4.689509],[-45.960209,-4.688051],[-45.959992,-4.68616],[-45.959561,-4.684648],[-45.959394,-4.681247],[-45.958422,-4.678602],[-45.95675,-4.676609],[-45.955513,-4.675582],[-45.952291,-4.673975],[-45.949749,-4.671569],[-45.948411,-4.670839],[-45.946939,-4.670706],[-45.94544,-4.670789],[-45.942522,-4.670305],[-45.941077,-4.67001],[-45.938347,-4.668821],[-45.936749,-4.665709],[-45.935653,-4.664628],[-45.934019,-4.663844],[-45.931346,-4.663551],[-45.930305,-4.663173],[-45.929264,-4.662551],[-45.928277,-4.661685],[-45.927559,-4.660143],[-45.927138,-4.658031],[-45.926906,-4.655621],[-45.927587,-4.650962],[-45.927627,-4.649391],[-45.926499,-4.643868],[-45.926386,-4.640348],[-45.92591,-4.637831],[-45.925382,-4.636855],[-45.924755,-4.632849],[-45.925318,-4.629218],[-45.925924,-4.627674],[-45.926001,-4.624478],[-45.925634,-4.623125],[-45.924403,-4.62142],[-45.923226,-4.6192],[-45.922131,-4.615674],[-45.923005,-4.639775],[-45.917992,-4.640332],[-45.914279,-4.63996],[-45.91168,-4.63829],[-45.907596,-4.637361],[-45.902584,-4.635876],[-45.898871,-4.63402],[-45.894601,-4.633463],[-45.892188,-4.631792],[-45.888104,-4.631421],[-45.885319,-4.629936],[-45.881049,-4.631049],[-45.878822,-4.630492],[-45.875851,-4.631049],[-45.872138,-4.630678],[-45.869725,-4.630121],[-45.867497,-4.627522],[-45.849039,-4.743947],[-45.712249,-4.775166],[-45.707021,-4.833577],[-45.662659,-4.857206],[-45.609583,-4.887448],[-45.608262,-4.888649],[-45.600612,-4.892486],[-45.598093,-4.894034],[-45.595055,-4.893575],[-45.593731,-4.893599],[-45.59181,-4.894408],[-45.590879,-4.895816],[-45.590154,-4.895887],[-45.589543,-4.896533],[-45.589509,-4.89711],[-45.588995,-4.898079],[-45.587269,-4.899604],[-45.58712,-4.900526],[-45.586303,-4.901356],[-45.586017,-4.902557],[-45.585293,-4.903873],[-45.58427,-4.905051],[-45.583132,-4.905859],[-45.583558,-4.907196],[-45.581719,-4.909943],[-45.58012,-4.910684],[-45.578635,-4.91186],[-45.576108,-4.915392],[-45.574511,-4.917978],[-45.573234,-4.919202],[-45.572233,-4.919664],[-45.571901,-4.920864],[-45.573018,-4.921971],[-45.574228,-4.924276],[-45.57477,-4.92596],[-45.576741,-4.92882],[-45.577352,-4.929973],[-45.578668,-4.93477],[-45.579209,-4.935346],[-45.58051,-4.9356],[-45.581604,-4.936889],[-45.582168,-4.937189],[-45.582964,-4.938341],[-45.57996,-4.938207],[-45.579995,-4.938967],[-45.578167,-4.940446],[-45.577742,-4.942107],[-45.576811,-4.943446],[-45.57588,-4.944278],[-45.574855,-4.943955],[-45.57367,-4.944002],[-45.573313,-4.943632],[-45.572725,-4.943542],[-45.571459,-4.944103],[-45.572039,-4.944871],[-45.573002,-4.945037],[-45.574266,-4.946684],[-45.575238,-4.946296],[-45.576114,-4.946781],[-45.576211,-4.94775],[-45.575821,-4.948623],[-45.57407,-4.949593],[-45.574073,-4.950668],[-45.574751,-4.951631],[-45.575626,-4.952016],[-45.576598,-4.95221],[-45.577101,-4.953781],[-45.577099,-4.955286],[-45.57731,-4.955661],[-45.579052,-4.956506],[-45.579964,-4.957653],[-45.58013,-4.957584],[-45.580391,-4.956928],[-45.58091,-4.9566],[-45.581766,-4.956837],[-45.58321,-4.957826],[-45.583565,-4.958508],[-45.58368,-4.959134],[-45.583763,-4.960829],[-45.584276,-4.961593],[-45.584275,-4.96244],[-45.584958,-4.964053],[-45.586666,-4.964651],[-45.587092,-4.96533],[-45.586497,-4.966093],[-45.585814,-4.966601],[-45.58573,-4.967451],[-45.58641,-4.968044],[-45.587259,-4.968127],[-45.587598,-4.969059],[-45.587512,-4.970925],[-45.587172,-4.971688],[-45.586491,-4.972282],[-45.586405,-4.97313],[-45.586405,-4.974063],[-45.586889,-4.975734],[-45.586923,-4.976532],[-45.587343,-4.977289],[-45.587305,-4.978011],[-45.588255,-4.978029],[-45.588271,-4.977111],[-45.588875,-4.97644],[-45.589641,-4.976695],[-45.589635,-4.977622],[-45.590145,-4.978301],[-45.591172,-4.976864],[-45.592026,-4.976951],[-45.592776,-4.979142],[-45.593536,-4.978883],[-45.594307,-4.978378],[-45.595158,-4.978209],[-45.595925,-4.978464],[-45.597287,-4.979737],[-45.59814,-4.979738],[-45.599845,-4.979317],[-45.600612,-4.978895],[-45.601127,-4.978222],[-45.601807,-4.978814],[-45.601887,-4.980505],[-45.602567,-4.981014],[-45.60427,-4.981184],[-45.605034,-4.981691],[-45.605545,-4.982285],[-45.604694,-4.98254],[-45.604354,-4.983473],[-45.604524,-4.984236],[-45.606141,-4.984915],[-45.605971,-4.985594],[-45.605289,-4.986101],[-45.604948,-4.986949],[-45.604953,-4.991446],[-45.605292,-4.992293],[-45.606009,-4.992984],[-45.607417,-4.9931],[-45.608714,-4.992882],[-45.609685,-4.992014],[-45.610545,-4.990282],[-45.611677,-4.989086],[-45.613242,-4.98849],[-45.615832,-4.987784],[-45.618476,-4.987618],[-45.619933,-4.98778],[-45.623444,-4.990053],[-45.624093,-4.990863],[-45.626956,-4.992214],[-45.629493,-4.994648],[-45.630034,-4.996274],[-45.63009,-4.997954],[-45.630038,-4.999849],[-45.629445,-5.000446],[-45.629393,-5.001542],[-45.63004,-5.002233],[-45.631875,-5.002231],[-45.633161,-5.003692],[-45.634127,-5.004094],[-45.634448,-5.003006],[-45.63533,-5.002601],[-45.636294,-5.002719],[-45.637338,-5.002278],[-45.638021,-5.002235],[-45.638425,-5.003929],[-45.639632,-5.003529],[-45.639951,-5.00425],[-45.640554,-5.00445],[-45.641316,-5.003805],[-45.64224,-5.00332],[-45.644169,-5.00328],[-45.645054,-5.003922],[-45.64413,-5.00473],[-45.64409,-5.005212],[-45.644415,-5.00549],[-45.645014,-5.005415],[-45.647102,-5.004082],[-45.647505,-5.004767],[-45.647344,-5.005896],[-45.64803,-5.006822],[-45.648912,-5.007305],[-45.649276,-5.007789],[-45.649235,-5.008272],[-45.648675,-5.008758],[-45.648716,-5.009402],[-45.649077,-5.009805],[-45.649881,-5.010046],[-45.651728,-5.010045],[-45.653093,-5.010446],[-45.653658,-5.01081],[-45.653256,-5.011334],[-45.652575,-5.012906],[-45.652777,-5.013349],[-45.653661,-5.013429],[-45.654544,-5.013105],[-45.655749,-5.013105],[-45.655469,-5.014233],[-45.654385,-5.015566],[-45.655071,-5.017057],[-45.654308,-5.017945],[-45.654308,-5.01859],[-45.654833,-5.019275],[-45.655275,-5.02113],[-45.65624,-5.023386],[-45.657086,-5.024031],[-45.658123,-5.02535],[-45.659256,-5.025963],[-45.660302,-5.026284],[-45.660945,-5.026041],[-45.661787,-5.025075],[-45.66239,-5.024954],[-45.665406,-5.027612],[-45.668307,-5.029544],[-45.670431,-5.030468],[-45.670954,-5.030307],[-45.670592,-5.02954],[-45.670791,-5.028856],[-45.671434,-5.028854],[-45.672158,-5.029176],[-45.672921,-5.029175],[-45.673563,-5.028851],[-45.674408,-5.029254],[-45.674449,-5.029779],[-45.675011,-5.030343],[-45.674931,-5.030908],[-45.67445,-5.03123],[-45.67429,-5.031713],[-45.674491,-5.032197],[-45.675735,-5.031834],[-45.676299,-5.03127],[-45.677181,-5.031267],[-45.677423,-5.031832],[-45.678347,-5.032112],[-45.678388,-5.032638],[-45.677786,-5.033241],[-45.677827,-5.033726],[-45.678511,-5.03421],[-45.679115,-5.034894],[-45.679354,-5.03453],[-45.679434,-5.033441],[-45.680037,-5.033281],[-45.680923,-5.034248],[-45.681644,-5.03469],[-45.681645,-5.035416],[-45.682168,-5.03594],[-45.683054,-5.03606],[-45.683536,-5.036664],[-45.683577,-5.038438],[-45.68394,-5.038962],[-45.685306,-5.039203],[-45.68615,-5.039686],[-45.687998,-5.039844],[-45.688561,-5.040166],[-45.689003,-5.040166],[-45.690128,-5.039359],[-45.691093,-5.039358],[-45.692096,-5.03988],[-45.694106,-5.039757],[-45.695151,-5.041287],[-45.695634,-5.04149],[-45.696036,-5.041449],[-45.69716,-5.040037],[-45.698084,-5.039995],[-45.699734,-5.041767],[-45.700416,-5.042008],[-45.702465,-5.041966],[-45.70307,-5.043334],[-45.703913,-5.043578],[-45.704957,-5.04273],[-45.708009,-5.042444],[-45.708492,-5.042847],[-45.708293,-5.043371],[-45.708333,-5.043974],[-45.708894,-5.044499],[-45.708536,-5.046032],[-45.709661,-5.046999],[-45.710426,-5.046997],[-45.710504,-5.046029],[-45.711026,-5.04494],[-45.711908,-5.044294],[-45.712753,-5.044214],[-45.713395,-5.044574],[-45.71376,-5.046591],[-45.714447,-5.047718],[-45.715811,-5.046952],[-45.716491,-5.046025],[-45.71617,-5.045661],[-45.715405,-5.045379],[-45.714521,-5.044614],[-45.714239,-5.043723],[-45.714358,-5.042518],[-45.714959,-5.041791],[-45.716885,-5.041669],[-45.718538,-5.042313],[-45.719662,-5.042391],[-45.720102,-5.042834],[-45.719541,-5.043118],[-45.719341,-5.043883],[-45.719341,-5.044407],[-45.719665,-5.044769],[-45.722193,-5.044404],[-45.722918,-5.044927],[-45.722718,-5.045693],[-45.722961,-5.04634],[-45.724689,-5.047506],[-45.724289,-5.04859],[-45.722561,-5.048676],[-45.7222,-5.049084],[-45.722162,-5.050209],[-45.722844,-5.050289],[-45.723446,-5.049847],[-45.725054,-5.050451],[-45.725499,-5.050972],[-45.725055,-5.051295],[-45.72409,-5.051297],[-45.723768,-5.051661],[-45.723812,-5.052266],[-45.724534,-5.052466],[-45.725741,-5.054158],[-45.726344,-5.054197],[-45.726628,-5.055084],[-45.727471,-5.056455],[-45.727472,-5.057261],[-45.727191,-5.057785],[-45.726068,-5.058835],[-45.726068,-5.059682],[-45.727597,-5.061494],[-45.72824,-5.062381],[-45.728483,-5.063025],[-45.729007,-5.063549],[-45.729688,-5.063547],[-45.730453,-5.0627],[-45.732703,-5.063867],[-45.733426,-5.064875],[-45.733468,-5.06564],[-45.733225,-5.066124],[-45.732668,-5.066447],[-45.732507,-5.067093],[-45.732708,-5.067696],[-45.733672,-5.06818],[-45.734396,-5.068139],[-45.735282,-5.068862],[-45.735963,-5.069872],[-45.737654,-5.070716],[-45.737894,-5.071158],[-45.73677,-5.071643],[-45.73649,-5.072173],[-45.73649,-5.072975],[-45.736612,-5.073741],[-45.737214,-5.074144],[-45.737499,-5.07608],[-45.738102,-5.077006],[-45.73979,-5.078214],[-45.740312,-5.078212],[-45.740593,-5.077728],[-45.740271,-5.077245],[-45.73931,-5.076964],[-45.738663,-5.076319],[-45.738823,-5.075634],[-45.739264,-5.074948],[-45.740068,-5.074663],[-45.740952,-5.074623],[-45.742721,-5.074904],[-45.744608,-5.074901],[-45.744809,-5.075505],[-45.743646,-5.076475],[-45.743246,-5.077403],[-45.743246,-5.077846],[-45.743647,-5.078088],[-45.74425,-5.077766],[-45.74485,-5.076434],[-45.74682,-5.07643],[-45.747583,-5.076188],[-45.747944,-5.075463],[-45.747702,-5.074615],[-45.747139,-5.074133],[-45.746295,-5.073932],[-45.746214,-5.073125],[-45.749345,-5.072074],[-45.749468,-5.072637],[-45.749307,-5.073243],[-45.749509,-5.073888],[-45.75164,-5.075215],[-45.752244,-5.075779],[-45.752811,-5.07969],[-45.752649,-5.080738],[-45.753142,-5.081429],[-45.755547,-5.083155],[-45.755869,-5.084001],[-45.755709,-5.084606],[-45.753459,-5.08473],[-45.752978,-5.085294],[-45.754707,-5.086622],[-45.755633,-5.088558],[-45.755715,-5.089484],[-45.755595,-5.089928],[-45.75419,-5.090536],[-45.753868,-5.091341],[-45.754506,-5.092786],[-45.755755,-5.093072],[-45.757121,-5.092748],[-45.757925,-5.093191],[-45.758287,-5.093995],[-45.757967,-5.09448],[-45.757807,-5.095368],[-45.758009,-5.096377],[-45.759134,-5.096458],[-45.759938,-5.096293],[-45.760702,-5.096814],[-45.761548,-5.098953],[-45.762394,-5.100242],[-45.763199,-5.102096],[-45.765012,-5.105037],[-45.765494,-5.107012],[-45.766019,-5.10822],[-45.767508,-5.110274],[-45.768515,-5.112008],[-45.768837,-5.112976],[-45.769481,-5.113418],[-45.770847,-5.113335],[-45.771651,-5.113658],[-45.772456,-5.113496],[-45.773056,-5.112688],[-45.774182,-5.112848],[-45.774383,-5.114218],[-45.774024,-5.11555],[-45.774709,-5.116073],[-45.775069,-5.115548],[-45.775711,-5.115184],[-45.776554,-5.115183],[-45.776596,-5.11611],[-45.776033,-5.116917],[-45.776398,-5.118046],[-45.776921,-5.119014],[-45.777766,-5.119536],[-45.778006,-5.119133],[-45.777965,-5.118327],[-45.778446,-5.118125],[-45.778849,-5.118205],[-45.77885,-5.118769],[-45.779172,-5.119253],[-45.780056,-5.11909],[-45.780055,-5.118161],[-45.780295,-5.11804],[-45.780898,-5.11792],[-45.782063,-5.11808],[-45.782586,-5.118362],[-45.782105,-5.118604],[-45.781381,-5.118604],[-45.78098,-5.119048],[-45.78118,-5.119653],[-45.78295,-5.120255],[-45.78291,-5.120982],[-45.78259,-5.121466],[-45.782672,-5.122111],[-45.783675,-5.12211],[-45.78392,-5.122472],[-45.784039,-5.123077],[-45.784601,-5.123602],[-45.785044,-5.123681],[-45.785726,-5.123478],[-45.786327,-5.122065],[-45.788336,-5.121822],[-45.789061,-5.120975],[-45.789218,-5.119562],[-45.789738,-5.118796],[-45.790295,-5.1186],[-45.791024,-5.118714],[-45.791991,-5.119479],[-45.794847,-5.122054],[-45.79553,-5.123588],[-45.797058,-5.12439],[-45.796859,-5.124998],[-45.795974,-5.125402],[-45.795735,-5.126167],[-45.796179,-5.126529],[-45.798628,-5.126888],[-45.799433,-5.12822],[-45.798751,-5.12822],[-45.798512,-5.129709],[-45.797629,-5.129591],[-45.797387,-5.129754],[-45.797347,-5.130439],[-45.797148,-5.130882],[-45.796504,-5.131246],[-45.796105,-5.131691],[-45.796129,-5.132234],[-45.796991,-5.132859],[-45.797465,-5.133527],[-45.797571,-5.135605],[-45.797473,-5.135968],[-45.796563,-5.136098],[-45.79627,-5.136228],[-45.796237,-5.136492],[-45.796498,-5.136818],[-45.797313,-5.137275],[-45.797834,-5.138058],[-45.797836,-5.138616],[-45.797478,-5.138843],[-45.796858,-5.13878],[-45.795817,-5.138388],[-45.79549,-5.138618],[-45.795326,-5.139534],[-45.795581,-5.140072],[-45.79761,-5.141199],[-45.797775,-5.141786],[-45.797515,-5.142394],[-45.796016,-5.142789],[-45.794974,-5.143509],[-45.793834,-5.144969],[-45.793354,-5.146118],[-45.793231,-5.146928],[-45.793406,-5.147243],[-45.794621,-5.147647],[-45.795665,-5.149215],[-45.795698,-5.149705],[-45.795472,-5.150357],[-45.794039,-5.15131],[-45.793583,-5.151865],[-45.79339,-5.152748],[-45.793519,-5.153271],[-45.794106,-5.153402],[-45.795311,-5.152386],[-45.795898,-5.152255],[-45.796234,-5.152451],[-45.796517,-5.152777],[-45.795282,-5.1534],[-45.79505,-5.153761],[-45.795086,-5.154055],[-45.795564,-5.154026],[-45.795996,-5.153726],[-45.796681,-5.153726],[-45.796974,-5.153922],[-45.796683,-5.156309],[-45.797174,-5.156586],[-45.798444,-5.156028],[-45.799226,-5.156354],[-45.799553,-5.157009],[-45.799783,-5.158447],[-45.800174,-5.15928],[-45.801122,-5.160586],[-45.801155,-5.161076],[-45.801416,-5.161501],[-45.801839,-5.161599],[-45.801937,-5.161435],[-45.802034,-5.160225],[-45.802946,-5.159798],[-45.803368,-5.160028],[-45.803696,-5.161303],[-45.804121,-5.161792],[-45.804969,-5.162118],[-45.805653,-5.162019],[-45.805881,-5.161398],[-45.805324,-5.160091],[-45.805747,-5.159666],[-45.806562,-5.159597],[-45.80692,-5.15973],[-45.807313,-5.160349],[-45.807054,-5.161853],[-45.807769,-5.161951],[-45.808129,-5.161754],[-45.808327,-5.161043],[-45.808845,-5.160576],[-45.809431,-5.160608],[-45.809888,-5.160804],[-45.810215,-5.16208],[-45.81253,-5.16309],[-45.813248,-5.163694],[-45.813378,-5.164152],[-45.813281,-5.164607],[-45.813054,-5.165003],[-45.8125,-5.165133],[-45.812108,-5.165525],[-45.812046,-5.166049],[-45.812275,-5.166506],[-45.813219,-5.16693],[-45.813968,-5.167059],[-45.814261,-5.167355],[-45.814394,-5.168236],[-45.813384,-5.168565],[-45.813191,-5.169022],[-45.814658,-5.17033],[-45.814919,-5.171016],[-45.814855,-5.171636],[-45.814204,-5.172498],[-45.813462,-5.173908],[-45.813524,-5.17482],[-45.814502,-5.175341],[-45.815055,-5.175308],[-45.815445,-5.174817],[-45.815705,-5.174032],[-45.816324,-5.173705],[-45.817041,-5.17377],[-45.817986,-5.174193],[-45.818931,-5.174192],[-45.819681,-5.174583],[-45.819911,-5.175121],[-45.819747,-5.175711],[-45.817903,-5.176722],[-45.817405,-5.178265],[-45.817667,-5.179443],[-45.819364,-5.181761],[-45.81953,-5.183003],[-45.820149,-5.183993],[-45.820639,-5.18432],[-45.821226,-5.184318],[-45.821713,-5.183795],[-45.822431,-5.183696],[-45.823183,-5.183925],[-45.82315,-5.185362],[-45.821979,-5.186933],[-45.821654,-5.187914],[-45.821819,-5.188731],[-45.822177,-5.189417],[-45.823026,-5.189906],[-45.82423,-5.190036],[-45.82625,-5.188775],[-45.828239,-5.189524],[-45.829217,-5.189523],[-45.830129,-5.189879],[-45.830945,-5.190437],[-45.831239,-5.190826],[-45.83049,-5.191548],[-45.830491,-5.192169],[-45.833002,-5.193735],[-45.833461,-5.194406],[-45.833463,-5.195305],[-45.834894,-5.196186],[-45.835418,-5.196675],[-45.835061,-5.19759],[-45.835159,-5.197742],[-45.836559,-5.19785],[-45.837049,-5.198438],[-45.836591,-5.200186],[-45.83672,-5.200548],[-45.83734,-5.200597],[-45.83799,-5.199974],[-45.838347,-5.199125],[-45.839097,-5.199026],[-45.839813,-5.199121],[-45.841978,-5.201108],[-45.842098,-5.20144],[-45.841935,-5.201735],[-45.84073,-5.201768],[-45.840176,-5.202065],[-45.840179,-5.203961],[-45.839463,-5.205138],[-45.839465,-5.205661],[-45.83966,-5.205922],[-45.84008,-5.205857],[-45.840602,-5.205074],[-45.841352,-5.204679],[-45.842265,-5.204709],[-45.843179,-5.205493],[-45.843768,-5.206441],[-45.844355,-5.206996],[-45.845529,-5.206897],[-45.848135,-5.207334],[-45.848428,-5.207987],[-45.848076,-5.210799],[-45.848628,-5.211387],[-45.849379,-5.211517],[-45.850974,-5.209454],[-45.851946,-5.206577],[-45.852732,-5.205724],[-45.854259,-5.204678],[-45.854878,-5.204873],[-45.855465,-5.205428],[-45.857493,-5.210918],[-45.859584,-5.215754],[-45.860766,-5.22019],[-45.862498,-5.224857],[-45.863155,-5.227845],[-45.863385,-5.230876],[-45.865509,-5.234176],[-45.866619,-5.234534],[-45.868051,-5.234075],[-45.869028,-5.233616],[-45.869418,-5.232945],[-45.870069,-5.232617],[-45.870722,-5.232976],[-45.870788,-5.23376],[-45.870343,-5.23453],[-45.870367,-5.235493],[-45.871246,-5.235819],[-45.872644,-5.231927],[-45.872576,-5.23062],[-45.872901,-5.230357],[-45.873684,-5.230583],[-45.874795,-5.231989],[-45.874957,-5.23267],[-45.874666,-5.233331],[-45.874961,-5.233985],[-45.875775,-5.234505],[-45.875419,-5.235845],[-45.877473,-5.236759],[-45.87816,-5.238132],[-45.879593,-5.237917],[-45.879593,-5.237637],[-45.87894,-5.236872],[-45.878939,-5.236316],[-45.87946,-5.236184],[-45.881659,-5.236669],[-45.882394,-5.236998],[-45.88271,-5.237313],[-45.882787,-5.237683],[-45.882493,-5.237846],[-45.881319,-5.238008],[-45.88067,-5.238406],[-45.880702,-5.239008],[-45.881247,-5.239255],[-45.883799,-5.239644],[-45.884158,-5.239578],[-45.884254,-5.238695],[-45.884646,-5.23827],[-45.885166,-5.238236],[-45.885786,-5.238496],[-45.886668,-5.239933],[-45.887614,-5.240619],[-45.888429,-5.240978],[-45.88856,-5.24124],[-45.88762,-5.242221],[-45.887946,-5.244656],[-45.887396,-5.247241],[-45.887267,-5.248287],[-45.887366,-5.248713],[-45.887854,-5.249104],[-45.888766,-5.249103],[-45.889319,-5.248511],[-45.890005,-5.248479],[-45.890887,-5.249457],[-45.891665,-5.24949],[-45.895446,-5.247652],[-45.895869,-5.247686],[-45.896165,-5.248699],[-45.89743,-5.249458],[-45.898023,-5.250006],[-45.89871,-5.251016],[-45.899313,-5.251293],[-45.900324,-5.251388],[-45.901106,-5.251845],[-45.901891,-5.252905],[-45.903261,-5.253852],[-45.905574,-5.254798],[-45.906099,-5.255682],[-45.906034,-5.256759],[-45.905058,-5.257553],[-45.905059,-5.257967],[-45.90584,-5.259551],[-45.905969,-5.261116],[-45.906721,-5.262293],[-45.906968,-5.26367],[-45.907243,-5.263763],[-45.907776,-5.263347],[-45.908418,-5.263205],[-45.90969,-5.264054],[-45.910992,-5.264313],[-45.911221,-5.264606],[-45.910995,-5.264967],[-45.909435,-5.26585],[-45.909464,-5.266129],[-45.910606,-5.26675],[-45.910574,-5.267305],[-45.90797,-5.269076],[-45.907709,-5.2695],[-45.907873,-5.26999],[-45.909961,-5.271917],[-45.910877,-5.27355],[-45.912096,-5.274634],[-45.913955,-5.275776],[-45.914198,-5.276416],[-45.914048,-5.277741],[-45.914206,-5.278328],[-45.915829,-5.279092],[-45.916011,-5.280062],[-45.915924,-5.281983],[-45.917413,-5.282619],[-45.917797,-5.283703],[-45.918023,-5.283884],[-45.918382,-5.283883],[-45.918697,-5.283476],[-45.918942,-5.281712],[-45.919348,-5.28171],[-45.920296,-5.283225],[-45.92111,-5.283789],[-45.921851,-5.283697],[-45.922346,-5.28329],[-45.923156,-5.283289],[-45.923855,-5.283762],[-45.923969,-5.284259],[-45.923883,-5.286654],[-45.924289,-5.2874],[-45.924608,-5.28735],[-45.925863,-5.285929],[-45.926608,-5.285927],[-45.927354,-5.28694],[-45.927988,-5.287403],[-45.929083,-5.287402],[-45.92966,-5.287169],[-45.930294,-5.286645],[-45.930755,-5.286606],[-45.93151,-5.286847],[-45.932371,-5.288339],[-45.931968,-5.288456],[-45.930009,-5.288344],[-45.929606,-5.288862],[-45.929607,-5.289326],[-45.930759,-5.289789],[-45.931687,-5.292505],[-45.931285,-5.293259],[-45.930592,-5.293259],[-45.928805,-5.293724],[-45.928811,-5.296675],[-45.928639,-5.298526],[-45.928352,-5.299337],[-45.928468,-5.300377],[-45.930259,-5.302168],[-45.931011,-5.303585],[-45.930786,-5.307114],[-45.931035,-5.309475],[-45.931657,-5.311392],[-45.932461,-5.312698],[-45.931963,-5.311123],[-45.931795,-5.309552],[-45.931807,-5.308266],[-45.932,-5.307209],[-45.932958,-5.306859],[-45.933835,-5.307021],[-45.934214,-5.306945],[-45.936278,-5.304979],[-45.938353,-5.304022],[-45.938805,-5.303892],[-45.939662,-5.30703],[-45.94096,-5.310078],[-45.94137,-5.310574],[-45.94252,-5.311071],[-45.942685,-5.311422],[-45.942546,-5.311948],[-45.94425,-5.31192],[-45.944938,-5.312251],[-45.945928,-5.312394],[-45.948177,-5.31162],[-45.948689,-5.311204],[-45.949398,-5.30945],[-45.950391,-5.307933],[-45.950816,-5.306696],[-45.952545,-5.304757],[-45.954277,-5.303514],[-45.955693,-5.30319],[-45.95627,-5.302454],[-45.959565,-5.301615],[-45.960446,-5.301598],[-45.96235,-5.30268],[-45.963256,-5.303014],[-45.965021,-5.303071],[-45.966129,-5.302853],[-45.966503,-5.302589],[-45.969439,-5.301592],[-45.973403,-5.298994],[-45.975995,-5.297551],[-45.976873,-5.296693],[-45.97846,-5.295642],[-45.97911,-5.295389],[-45.979802,-5.294822],[-45.980533,-5.294601],[-45.981397,-5.294608],[-45.982064,-5.294281],[-45.982488,-5.293958],[-45.982957,-5.29321],[-45.98366,-5.291523],[-45.984725,-5.29056],[-45.985252,-5.289594],[-45.98564,-5.289381],[-45.987333,-5.290272],[-45.990827,-5.293403],[-45.992094,-5.292812],[-45.995414,-5.293188],[-45.997658,-5.29291],[-45.998412,-5.293611],[-45.998717,-5.293668],[-45.99935,-5.292888],[-45.999883,-5.294845],[-45.9996,-5.295009],[-45.998631,-5.296598],[-45.997521,-5.29759],[-45.996735,-5.299248],[-45.996511,-5.301296],[-45.996327,-5.301716],[-45.995482,-5.302326],[-45.995452,-5.302564],[-45.995886,-5.302796],[-45.996046,-5.303278],[-45.996414,-5.303705],[-45.997014,-5.30533],[-46.000228,-5.305195],[-46.001528,-5.304579],[-46.002425,-5.304457],[-46.004565,-5.303427],[-46.00505,-5.303354],[-46.007743,-5.30368],[-46.008953,-5.304043],[-46.010176,-5.304737],[-46.010626,-5.304786],[-46.011919,-5.303891],[-46.013747,-5.30165],[-46.014689,-5.300784],[-46.01572,-5.300163],[-46.017168,-5.299568],[-46.018125,-5.29888],[-46.019125,-5.296991],[-46.020104,-5.296069],[-46.020987,-5.295655],[-46.021832,-5.295725],[-46.022804,-5.296028],[-46.023377,-5.296492],[-46.02375,-5.297324],[-46.025021,-5.298051],[-46.026311,-5.29916],[-46.027415,-5.299802],[-46.027966,-5.299866],[-46.029116,-5.29963],[-46.029984,-5.299818],[-46.03106,-5.299786],[-46.032703,-5.299191],[-46.034522,-5.300529],[-46.036746,-5.301855],[-46.037097,-5.302446],[-46.037777,-5.302892],[-46.040001,-5.302871],[-46.04175,-5.302345],[-46.043338,-5.302963],[-46.044279,-5.303001],[-46.044876,-5.303221],[-46.046412,-5.303263],[-46.047697,-5.302774],[-46.048258,-5.301929],[-46.05092,-5.30119],[-46.052124,-5.301101],[-46.05358,-5.301427],[-46.056832,-5.301339],[-46.05841,-5.300323],[-46.058934,-5.299713],[-46.059197,-5.298943],[-46.061144,-5.296807],[-46.061893,-5.295052],[-46.064555,-5.293772],[-46.065029,-5.293823],[-46.066672,-5.295033],[-46.067111,-5.295084],[-46.068965,-5.294733],[-46.071303,-5.296122],[-46.072207,-5.296087],[-46.073007,-5.295768],[-46.074756,-5.293624],[-46.076035,-5.293327],[-46.076997,-5.293399],[-46.078072,-5.293623],[-46.078744,-5.293961],[-46.079724,-5.295109],[-46.081661,-5.295268],[-46.082727,-5.295866],[-46.083095,-5.295671],[-46.083904,-5.294061],[-46.084393,-5.293486],[-46.085006,-5.293105],[-46.086963,-5.292945],[-46.093135,-5.291512],[-46.095377,-5.291368],[-46.095955,-5.291465],[-46.096442,-5.29174],[-46.096835,-5.292267],[-46.09745,-5.292252],[-46.098345,-5.291172],[-46.099122,-5.290874],[-46.099417,-5.290552],[-46.099292,-5.289929],[-46.099873,-5.288155],[-46.101232,-5.285807],[-46.102942,-5.284644],[-46.104489,-5.28394],[-46.105323,-5.283118],[-46.10676,-5.282148],[-46.108708,-5.281134],[-46.111807,-5.278339],[-46.113043,-5.277563],[-46.113399,-5.277568],[-46.114126,-5.27802],[-46.114957,-5.279052],[-46.117194,-5.280183],[-46.119212,-5.280131],[-46.120595,-5.27983],[-46.122146,-5.279939],[-46.123801,-5.28031],[-46.126057,-5.281074],[-46.127197,-5.281751],[-46.127861,-5.281916],[-46.128289,-5.281931],[-46.130317,-5.281028],[-46.132164,-5.28067],[-46.133947,-5.281257],[-46.135168,-5.281132],[-46.135789,-5.281363],[-46.136552,-5.282033],[-46.137034,-5.282198],[-46.138486,-5.282547],[-46.139426,-5.282442],[-46.140116,-5.282732],[-46.140783,-5.283241],[-46.141407,-5.284237],[-46.141899,-5.284379],[-46.142311,-5.284291],[-46.142476,-5.283928],[-46.142016,-5.281769],[-46.142417,-5.280446],[-46.14328,-5.279718],[-46.144366,-5.279209],[-46.145785,-5.277918],[-46.146062,-5.277832],[-46.14763,-5.277829],[-46.14884,-5.278134],[-46.151198,-5.279544],[-46.153601,-5.280092],[-46.155307,-5.28009],[-46.156395,-5.279725],[-46.158051,-5.27885],[-46.159149,-5.278658],[-46.160974,-5.278706],[-46.163349,-5.279261],[-46.165721,-5.278954],[-46.166725,-5.279321],[-46.169683,-5.279424],[-46.171277,-5.278579],[-46.173812,-5.27862],[-46.177305,-5.277946],[-46.179436,-5.276522],[-46.182094,-5.275632],[-46.187154,-5.270757],[-46.189835,-5.274042],[-46.195354,-5.279173],[-46.195987,-5.281178],[-46.195678,-5.283955],[-46.195527,-5.287452],[-46.195593,-5.294548],[-46.195917,-5.299072],[-46.196765,-5.303441],[-46.1984,-5.308631],[-46.200404,-5.313306],[-46.202039,-5.318034],[-46.204517,-5.324199],[-46.205304,-5.325766],[-46.209078,-5.326601],[-46.211241,-5.328244]]]}},{"type":"Feature","properties":{"CD_MUN":"2101004","NM_MUN":"Arari"},"geometry":{"type":"Polygon","coordinates":[[[-44.818545,-3.673332],[-44.817629,-3.672332],[-44.814933,-3.671956],[-44.813577,-3.672399],[-44.810847,-3.6743],[-44.80938,-3.67683],[-44.809214,-3.678194],[-44.808299,-3.679641],[-44.80685,-3.681357],[-44.805207,-3.679894],[-44.804599,-3.678718],[-44.804238,-3.676982],[-44.804356,-3.675448],[-44.805263,-3.672813],[-44.807433,-3.671103],[-44.810188,-3.665756],[-44.808379,-3.664844],[-44.806542,-3.665825],[-44.804821,-3.667729],[-44.80354,-3.669536],[-44.802571,-3.670347],[-44.799019,-3.671608],[-44.797686,-3.671781],[-44.795765,-3.671135],[-44.795152,-3.668674],[-44.794631,-3.665044],[-44.793572,-3.66123],[-44.793211,-3.657869],[-44.793489,-3.656149],[-44.794317,-3.654515],[-44.7966,-3.653074],[-44.798402,-3.652716],[-44.800211,-3.652091],[-44.804016,-3.651478],[-44.805467,-3.650484],[-44.807908,-3.646955],[-44.808462,-3.645416],[-44.808658,-3.643963],[-44.810378,-3.641157],[-44.811466,-3.640524],[-44.812827,-3.640174],[-44.813905,-3.639542],[-44.81418,-3.638089],[-44.813854,-3.635728],[-44.814131,-3.633185],[-44.815152,-3.628385],[-44.815157,-3.626206],[-44.813904,-3.624657],[-44.810738,-3.622553],[-44.807519,-3.619629],[-44.805431,-3.616892],[-44.803819,-3.61434],[-44.803131,-3.610433],[-44.803406,-3.6088],[-44.804877,-3.605815],[-44.807236,-3.602197],[-44.808186,-3.59467],[-44.809825,-3.592765],[-44.813604,-3.591973],[-44.814961,-3.592977],[-44.815682,-3.594065],[-44.817493,-3.595529],[-44.81813,-3.594268],[-44.81877,-3.592174],[-44.823571,-3.588847],[-44.826459,-3.587315],[-44.829463,-3.584058],[-44.832186,-3.583531],[-44.836127,-3.586631],[-44.837404,-3.58728],[-44.840941,-3.587553],[-44.844572,-3.578965],[-44.845408,-3.578152],[-44.84666,-3.576433],[-44.849489,-3.574176],[-44.853298,-3.570471],[-44.853742,-3.569296],[-44.852928,-3.567841],[-44.849962,-3.568366],[-44.848159,-3.569447],[-44.843514,-3.573151],[-44.842158,-3.57387],[-44.839709,-3.573943],[-44.838907,-3.573123],[-44.837764,-3.569488],[-44.836599,-3.567127],[-44.835352,-3.563033],[-44.835186,-3.561665],[-44.834295,-3.558942],[-44.832765,-3.556935],[-44.832404,-3.555388],[-44.831877,-3.551391],[-44.832071,-3.548946],[-44.83146,-3.547037],[-44.830105,-3.545845],[-44.828486,-3.544838],[-44.824627,-3.540827],[-44.823628,-3.539094],[-44.823097,-3.537275],[-44.823377,-3.535368],[-44.823848,-3.534197],[-44.825852,-3.531839],[-44.827907,-3.531493],[-44.83018,-3.532774],[-44.832878,-3.535784],[-44.833857,-3.537874],[-44.83529,-3.539422],[-44.836911,-3.540162],[-44.838907,-3.539529],[-44.839909,-3.53745],[-44.840016,-3.535728],[-44.836963,-3.528723],[-44.835989,-3.526079],[-44.837515,-3.525728],[-44.839771,-3.52692],[-44.840959,-3.527744],[-44.843742,-3.528485],[-44.845658,-3.527584],[-44.847649,-3.524604],[-44.849404,-3.518343],[-44.850323,-3.512717],[-44.851597,-3.508371],[-44.851908,-3.505285],[-44.852269,-3.503376],[-44.852742,-3.501837],[-44.853521,-3.500452],[-44.853938,-3.498354],[-44.853854,-3.496846],[-44.853486,-3.495691],[-44.85146,-3.492763],[-44.845764,-3.488437],[-44.845434,-3.486326],[-44.844657,-3.484773],[-44.839987,-3.483604],[-44.837789,-3.483246],[-44.833384,-3.483012],[-44.831523,-3.482619],[-44.830875,-3.481308],[-44.831153,-3.478039],[-44.831155,-3.46757],[-44.83069,-3.466448],[-44.830038,-3.465886],[-44.82911,-3.466355],[-44.824121,-3.47072],[-44.819349,-3.473549],[-44.830415,-3.445137],[-44.856921,-3.371699],[-44.863712,-3.346361],[-44.862057,-3.330192],[-44.862204,-3.32916],[-44.86629,-3.320641],[-44.868915,-3.31477],[-44.871687,-3.310212],[-44.875189,-3.302873],[-44.877673,-3.30008],[-44.878548,-3.298315],[-44.874173,-3.293617],[-44.872567,-3.292876],[-44.871107,-3.292587],[-44.872567,-3.287884],[-44.872714,-3.283696],[-44.871686,-3.283449],[-44.870267,-3.282019],[-44.869351,-3.280922],[-44.868153,-3.278946],[-44.868434,-3.277805],[-44.870714,-3.277416],[-44.872321,-3.277841],[-44.873878,-3.276819],[-44.873213,-3.274929],[-44.871493,-3.27402],[-44.87113,-3.272284],[-44.87202,-3.270415],[-44.874903,-3.26795],[-44.875568,-3.266198],[-44.875522,-3.264259],[-44.875327,-3.263024],[-44.874351,-3.262418],[-44.873192,-3.261999],[-44.871124,-3.262129],[-44.869266,-3.262567],[-44.863629,-3.26426],[-44.862351,-3.264926],[-44.860353,-3.266346],[-44.859656,-3.267411],[-44.858958,-3.269968],[-44.858656,-3.272546],[-44.858103,-3.274005],[-44.856712,-3.275582],[-44.855327,-3.276446],[-44.853294,-3.277175],[-44.849487,-3.277553],[-44.847689,-3.277332],[-44.845186,-3.276701],[-44.842767,-3.276342],[-44.841238,-3.276372],[-44.839239,-3.27746],[-44.839182,-3.279629],[-44.83991,-3.280834],[-44.842295,-3.282427],[-44.845459,-3.283991],[-44.848349,-3.285785],[-44.850519,-3.286753],[-44.852656,-3.28903],[-44.85352,-3.29019],[-44.854185,-3.292168],[-44.854434,-3.293441],[-44.853822,-3.295453],[-44.851684,-3.296022],[-44.850321,-3.295592],[-44.84682,-3.292504],[-44.844352,-3.290867],[-44.843021,-3.290855],[-44.83952,-3.29184],[-44.836936,-3.291915],[-44.834657,-3.291554],[-44.832069,-3.290898],[-44.828686,-3.289151],[-44.826326,-3.287292],[-44.823937,-3.284832],[-44.821293,-3.282815],[-44.817127,-3.278814],[-44.816326,-3.277859],[-44.8156,-3.276557],[-44.813572,-3.272102],[-44.812378,-3.270073],[-44.810547,-3.269352],[-44.808131,-3.269855],[-44.807047,-3.270293],[-44.801791,-3.273289],[-44.798657,-3.279699],[-44.796431,-3.283759],[-44.795401,-3.28608],[-44.793352,-3.292094],[-44.792378,-3.293883],[-44.791238,-3.29548],[-44.789457,-3.296437],[-44.785738,-3.297651],[-44.776758,-3.301907],[-44.770152,-3.304391],[-44.76807,-3.304918],[-44.766071,-3.305031],[-44.761401,-3.304911],[-44.757928,-3.303896],[-44.755904,-3.303118],[-44.75404,-3.302189],[-44.752546,-3.301168],[-44.749378,-3.299399],[-44.748019,-3.297876],[-44.746278,-3.299998],[-44.691932,-3.379309],[-44.633609,-3.425542],[-44.594065,-3.445855],[-44.595901,-3.448235],[-44.596844,-3.450247],[-44.600478,-3.460177],[-44.601723,-3.46258],[-44.611062,-3.482676],[-44.612946,-3.48364],[-44.615622,-3.483933],[-44.61724,-3.484962],[-44.622183,-3.487495],[-44.625771,-3.490272],[-44.623875,-3.534424],[-44.610407,-3.659009],[-44.609929,-3.839024],[-44.611905,-3.83776],[-44.612091,-3.836218],[-44.613185,-3.83541],[-44.614737,-3.835694],[-44.622326,-3.835822],[-44.625294,-3.835291],[-44.627405,-3.833305],[-44.628486,-3.834039],[-44.632712,-3.83397],[-44.634433,-3.832891],[-44.63626,-3.831269],[-44.636631,-3.829539],[-44.636378,-3.827091],[-44.637208,-3.822826],[-44.637846,-3.8212],[-44.638407,-3.818565],[-44.639764,-3.818758],[-44.641292,-3.818133],[-44.642297,-3.816044],[-44.64393,-3.815687],[-44.645009,-3.81742],[-44.6461,-3.818156],[-44.64899,-3.818981],[-44.648713,-3.820433],[-44.649603,-3.822344],[-44.65538,-3.820836],[-44.65693,-3.819933],[-44.657214,-3.817946],[-44.655149,-3.814843],[-44.65235,-3.812288],[-44.652462,-3.811103],[-44.653626,-3.810114],[-44.654907,-3.810574],[-44.657434,-3.810861],[-44.660407,-3.809787],[-44.662236,-3.807976],[-44.662514,-3.806436],[-44.661632,-3.804802],[-44.659268,-3.803784],[-44.656932,-3.804047],[-44.654576,-3.803851],[-44.653577,-3.802939],[-44.65288,-3.800753],[-44.650708,-3.800113],[-44.651354,-3.798666],[-44.653434,-3.798671],[-44.654514,-3.797861],[-44.655521,-3.796327],[-44.657629,-3.792067],[-44.657546,-3.789798],[-44.656819,-3.78689],[-44.657016,-3.785527],[-44.658654,-3.785534],[-44.661178,-3.785187],[-44.663519,-3.786017],[-44.665041,-3.786755],[-44.66632,-3.786759],[-44.667489,-3.785218],[-44.668069,-3.78168],[-44.671047,-3.781793],[-44.669517,-3.779055],[-44.66971,-3.777244],[-44.671518,-3.777434],[-44.672519,-3.778079],[-44.673405,-3.779355],[-44.674854,-3.77945],[-44.674602,-3.776903],[-44.675875,-3.775007],[-44.677325,-3.774015],[-44.678763,-3.774207],[-44.679405,-3.773118],[-44.678603,-3.771484],[-44.677152,-3.769113],[-44.677907,-3.767576],[-44.680263,-3.765316],[-44.684043,-3.764794],[-44.686216,-3.766976],[-44.68774,-3.76826],[-44.687649,-3.769981],[-44.688457,-3.77108],[-44.689791,-3.770997],[-44.689632,-3.769092],[-44.690103,-3.76791],[-44.691713,-3.768917],[-44.693264,-3.768834],[-44.69479,-3.767387],[-44.696516,-3.769309],[-44.697322,-3.76804],[-44.697688,-3.766679],[-44.699408,-3.766589],[-44.700847,-3.767605],[-44.702101,-3.768242],[-44.702494,-3.766881],[-44.702568,-3.763981],[-44.702511,-3.76098],[-44.702155,-3.759709],[-44.701992,-3.758074],[-44.702181,-3.756355],[-44.703348,-3.755091],[-44.705266,-3.75419],[-44.706988,-3.753021],[-44.70871,-3.749398],[-44.710543,-3.748132],[-44.712432,-3.747329],[-44.713068,-3.744426],[-44.71191,-3.743146],[-44.7091,-3.743135],[-44.708295,-3.741036],[-44.709849,-3.739867],[-44.711849,-3.739511],[-44.71382,-3.737979],[-44.714737,-3.736355],[-44.716459,-3.735999],[-44.718099,-3.735094],[-44.719544,-3.734656],[-44.72243,-3.735757],[-44.724408,-3.737035],[-44.725242,-3.735502],[-44.725797,-3.731597],[-44.726516,-3.729249],[-44.726097,-3.728147],[-44.72293,-3.727863],[-44.724739,-3.72524],[-44.726736,-3.724617],[-44.727351,-3.72607],[-44.730321,-3.728628],[-44.731962,-3.729358],[-44.733679,-3.729555],[-44.737631,-3.732301],[-44.738903,-3.732661],[-44.739987,-3.731584],[-44.739462,-3.729401],[-44.741353,-3.727323],[-44.741824,-3.725507],[-44.741018,-3.724329],[-44.741571,-3.722968],[-44.743263,-3.72388],[-44.7449,-3.726157],[-44.745687,-3.728886],[-44.747567,-3.729807],[-44.749488,-3.730362],[-44.751824,-3.730101],[-44.751652,-3.728287],[-44.749763,-3.726367],[-44.749153,-3.72527],[-44.748713,-3.723543],[-44.749235,-3.721915],[-44.750237,-3.720825],[-44.75135,-3.720294],[-44.754013,-3.719401],[-44.751354,-3.719025],[-44.749549,-3.718559],[-44.747904,-3.717276],[-44.746018,-3.716175],[-44.746764,-3.712735],[-44.745683,-3.711182],[-44.744236,-3.710176],[-44.742821,-3.709447],[-44.739628,-3.710887],[-44.738658,-3.709877],[-44.738853,-3.708513],[-44.741576,-3.706265],[-44.743099,-3.705271],[-44.742292,-3.704263],[-44.741851,-3.702544],[-44.74232,-3.697918],[-44.740709,-3.696365],[-44.737907,-3.697256],[-44.736627,-3.69725],[-44.735382,-3.697604],[-44.733458,-3.697414],[-44.731851,-3.69795],[-44.73066,-3.698126],[-44.7286,-3.697025],[-44.730404,-3.695124],[-44.731596,-3.694592],[-44.733855,-3.692241],[-44.735042,-3.691431],[-44.736216,-3.692069],[-44.737014,-3.693076],[-44.739012,-3.692267],[-44.742542,-3.690475],[-44.744186,-3.690027],[-44.745434,-3.690396],[-44.750241,-3.689419],[-44.751958,-3.688793],[-44.753571,-3.687802],[-44.756578,-3.687091],[-44.758378,-3.686101],[-44.755206,-3.685542],[-44.752792,-3.683892],[-44.751714,-3.682802],[-44.751353,-3.681252],[-44.752353,-3.67963],[-44.753541,-3.678543],[-44.754822,-3.676734],[-44.757346,-3.675386],[-44.758708,-3.675035],[-44.761048,-3.675218],[-44.764127,-3.676055],[-44.765288,-3.676879],[-44.767632,-3.679162],[-44.769436,-3.679714],[-44.772071,-3.679278],[-44.773792,-3.678099],[-44.775236,-3.677658],[-44.77685,-3.679211],[-44.776717,-3.686833],[-44.776988,-3.688381],[-44.777158,-3.691919],[-44.776602,-3.693548],[-44.775326,-3.695998],[-44.77424,-3.697352],[-44.77774,-3.700185],[-44.779792,-3.703459],[-44.78124,-3.704648],[-44.782491,-3.704563],[-44.78532,-3.703485],[-44.787046,-3.703264],[-44.786868,-3.701881],[-44.790387,-3.701152],[-44.792229,-3.700131],[-44.792458,-3.699534],[-44.792327,-3.698911],[-44.790849,-3.697215],[-44.790463,-3.696371],[-44.790071,-3.694741],[-44.790081,-3.693541],[-44.790373,-3.692053],[-44.790944,-3.691128],[-44.791911,-3.690626],[-44.793366,-3.690422],[-44.795027,-3.690722],[-44.79819,-3.692188],[-44.799124,-3.692793],[-44.799633,-3.69356],[-44.799455,-3.694716],[-44.799066,-3.695427],[-44.796456,-3.69648],[-44.794861,-3.698205],[-44.794062,-3.699562],[-44.794055,-3.700067],[-44.794296,-3.700581],[-44.794747,-3.700893],[-44.795452,-3.701092],[-44.79824,-3.701095],[-44.799715,-3.701415],[-44.801707,-3.702221],[-44.804601,-3.704111],[-44.805498,-3.704431],[-44.806195,-3.704469],[-44.806714,-3.704103],[-44.807315,-3.703077],[-44.808064,-3.700387],[-44.809137,-3.697867],[-44.810347,-3.696297],[-44.812024,-3.694578],[-44.812651,-3.693536],[-44.812923,-3.692557],[-44.812731,-3.691639],[-44.812091,-3.69078],[-44.811201,-3.690187],[-44.808068,-3.688863],[-44.80761,-3.688394],[-44.807652,-3.687809],[-44.807961,-3.687392],[-44.80856,-3.687138],[-44.812911,-3.687346],[-44.813981,-3.687097],[-44.814601,-3.686646],[-44.815032,-3.685607],[-44.815451,-3.682356],[-44.815743,-3.681265],[-44.8165,-3.679549],[-44.817791,-3.6776],[-44.818269,-3.675697],[-44.818545,-3.673332]]]}},{"type":"Feature","properties":{"CD_MUN":"2100477","NM_MUN":"Alto Alegre do Pindaré"},"geometry":{"type":"Polygon","coordinates":[[[-46.299393,-4.24766],[-46.299114,-4.243772],[-46.298436,-4.242477],[-46.295813,-4.239513],[-46.294656,-4.237127],[-46.292067,-4.233311],[-46.286458,-4.228923],[-46.284282,-4.22756],[-46.28292,-4.225311],[-46.282782,-4.223675],[-46.283254,-4.222035],[-46.282536,-4.219683],[-46.282126,-4.217568],[-46.282395,-4.215862],[-46.284191,-4.213029],[-46.286836,-4.210363],[-46.287851,-4.208998],[-46.288186,-4.206405],[-46.287945,-4.203232],[-46.285346,-4.192799],[-46.285442,-4.189215],[-46.284621,-4.185875],[-46.283182,-4.177759],[-46.283584,-4.174619],[-46.284501,-4.173357],[-46.284498,-4.171992],[-46.282863,-4.169607],[-46.281502,-4.168041],[-46.277867,-4.166579],[-46.275964,-4.165423],[-46.275146,-4.163854],[-46.275075,-4.161264],[-46.276258,-4.158839],[-46.276188,-4.157406],[-46.274215,-4.154406],[-46.273194,-4.153726],[-46.272309,-4.152363],[-46.271524,-4.150421],[-46.271722,-4.145714],[-46.271176,-4.144281],[-46.268997,-4.141147],[-46.268893,-4.139885],[-46.26767,-4.138658],[-46.266511,-4.135726],[-46.266441,-4.135044],[-46.26739,-4.134019],[-46.267693,-4.131937],[-46.267689,-4.129619],[-46.267484,-4.129005],[-46.265989,-4.128257],[-46.263953,-4.12826],[-46.262595,-4.12874],[-46.261201,-4.127957],[-46.260659,-4.127139],[-46.260858,-4.125638],[-46.261399,-4.124478],[-46.261941,-4.123725],[-46.261194,-4.123044],[-46.260716,-4.122159],[-46.260512,-4.121204],[-46.259934,-4.120556],[-46.258847,-4.119672],[-46.257215,-4.119334],[-46.256671,-4.118788],[-46.256126,-4.117017],[-46.255241,-4.116063],[-46.253882,-4.115177],[-46.253168,-4.114392],[-46.253234,-4.113234],[-46.252416,-4.111938],[-46.251533,-4.110916],[-46.25119,-4.109621],[-46.251187,-4.107711],[-46.250914,-4.10696],[-46.249793,-4.106041],[-46.247482,-4.104886],[-46.246733,-4.103726],[-46.246051,-4.101816],[-46.245572,-4.099566],[-46.24445,-4.097829],[-46.240164,-4.092854],[-46.239549,-4.09074],[-46.238835,-4.089753],[-46.234487,-4.088326],[-46.232991,-4.087033],[-46.232512,-4.08485],[-46.232339,-4.082633],[-46.23186,-4.080383],[-46.229347,-4.078477],[-46.228732,-4.07725],[-46.22866,-4.075066],[-46.228216,-4.073395],[-46.226993,-4.071759],[-46.224749,-4.070125],[-46.219063,-4.06007],[-46.214166,-4.052304],[-46.212835,-4.04954],[-46.212695,-4.047356],[-46.213102,-4.046059],[-46.213438,-4.044013],[-46.21269,-4.04265],[-46.212279,-4.040875],[-46.212651,-4.039817],[-46.213802,-4.038178],[-46.213869,-4.036608],[-46.216038,-4.034286],[-46.217358,-4.032272],[-46.217967,-4.030292],[-46.218031,-4.027836],[-46.217551,-4.025857],[-46.217687,-4.025242],[-46.218366,-4.024834],[-46.219724,-4.024696],[-46.220096,-4.023706],[-46.2205,-4.020976],[-46.221313,-4.019473],[-46.222262,-4.018926],[-46.225249,-4.019399],[-46.22586,-4.018784],[-46.22596,-4.017535],[-46.225006,-4.015558],[-46.224933,-4.011808],[-46.225745,-4.010103],[-46.231869,-4.007051],[-46.240053,-4.00407],[-46.243606,-4.001841],[-46.245082,-3.999949],[-46.244667,-3.99253],[-46.245604,-3.990507],[-46.246743,-3.989358],[-46.248621,-3.988277],[-46.251709,-3.988407],[-46.25347,-3.989096],[-46.256022,-3.992291],[-46.257548,-3.992672],[-46.260663,-3.990813],[-46.262313,-3.988895],[-46.265493,-3.988122],[-46.267622,-3.988908],[-46.267675,-3.988766],[-46.268269,-3.988621],[-46.268336,-3.988247],[-46.267706,-3.988068],[-46.267252,-3.987652],[-46.26619,-3.984506],[-46.265433,-3.983815],[-46.264212,-3.983754],[-46.263855,-3.983555],[-46.263128,-3.981178],[-46.262905,-3.980825],[-46.261961,-3.980336],[-46.261763,-3.980089],[-46.261556,-3.97919],[-46.261165,-3.978431],[-46.261479,-3.977768],[-46.261453,-3.977363],[-46.260659,-3.977157],[-46.260263,-3.976044],[-46.25973,-3.975652],[-46.259288,-3.974313],[-46.25926,-3.972673],[-46.258779,-3.971251],[-46.258412,-3.970678],[-46.258206,-3.969359],[-46.256971,-3.967831],[-46.257123,-3.967332],[-46.258204,-3.96746],[-46.258573,-3.967268],[-46.258694,-3.967026],[-46.258668,-3.96672],[-46.258058,-3.966045],[-46.25759,-3.965043],[-46.257225,-3.964619],[-46.256294,-3.964202],[-46.256015,-3.963859],[-46.255979,-3.962925],[-46.256916,-3.962211],[-46.256916,-3.961835],[-46.255937,-3.961315],[-46.25586,-3.96082],[-46.256176,-3.960404],[-46.255921,-3.95995],[-46.254715,-3.959953],[-46.254532,-3.959769],[-46.254487,-3.958884],[-46.254105,-3.958834],[-46.253877,-3.959357],[-46.253448,-3.959322],[-46.252404,-3.958261],[-46.251721,-3.957892],[-46.251486,-3.957553],[-46.25164,-3.957053],[-46.251581,-3.956379],[-46.251192,-3.955765],[-46.250365,-3.955188],[-46.250291,-3.954438],[-46.250664,-3.953526],[-46.25063,-3.952823],[-46.251394,-3.951418],[-46.251296,-3.951164],[-46.251028,-3.950988],[-46.249841,-3.950841],[-46.247681,-3.949922],[-46.24633,-3.94909],[-46.245534,-3.948989],[-46.244496,-3.949391],[-46.244076,-3.949205],[-46.243786,-3.948396],[-46.243499,-3.948076],[-46.242689,-3.947816],[-46.24231,-3.947351],[-46.241754,-3.947054],[-46.240115,-3.94683],[-46.238594,-3.946856],[-46.238034,-3.947079],[-46.237235,-3.947892],[-46.23682,-3.94796],[-46.236411,-3.94771],[-46.236339,-3.947016],[-46.236145,-3.946759],[-46.234495,-3.945988],[-46.234033,-3.946265],[-46.23432,-3.947638],[-46.234128,-3.947959],[-46.233852,-3.947981],[-46.23197,-3.9465],[-46.230634,-3.946353],[-46.230233,-3.945182],[-46.229896,-3.944706],[-46.229048,-3.943937],[-46.228239,-3.943679],[-46.227584,-3.942974],[-46.226003,-3.94217],[-46.225371,-3.942323],[-46.224843,-3.942987],[-46.223647,-3.942262],[-46.222666,-3.941238],[-46.222629,-3.940793],[-46.222901,-3.940144],[-46.222412,-3.939376],[-46.222405,-3.938337],[-46.222158,-3.93802],[-46.221691,-3.938053],[-46.220927,-3.93903],[-46.220606,-3.93902],[-46.2203,-3.938695],[-46.220019,-3.938638],[-46.219257,-3.93935],[-46.218925,-3.939379],[-46.218711,-3.938956],[-46.21884,-3.937881],[-46.218602,-3.93759],[-46.217829,-3.937445],[-46.217489,-3.936917],[-46.217161,-3.936793],[-46.216967,-3.936871],[-46.216856,-3.937447],[-46.216644,-3.937509],[-46.216177,-3.937166],[-46.215563,-3.936974],[-46.215021,-3.93635],[-46.214345,-3.93601],[-46.214013,-3.93566],[-46.213834,-3.935275],[-46.213841,-3.934498],[-46.214591,-3.933724],[-46.214633,-3.933451],[-46.214335,-3.933067],[-46.213566,-3.93267],[-46.213136,-3.932025],[-46.212641,-3.932012],[-46.21232,-3.932968],[-46.211695,-3.933127],[-46.211212,-3.932926],[-46.211014,-3.932658],[-46.211114,-3.931713],[-46.210247,-3.931239],[-46.209818,-3.93124],[-46.209216,-3.931561],[-46.207806,-3.931349],[-46.207391,-3.930823],[-46.207731,-3.93003],[-46.207641,-3.929639],[-46.20737,-3.929419],[-46.206761,-3.929358],[-46.205384,-3.928119],[-46.205227,-3.927567],[-46.205408,-3.926598],[-46.205176,-3.924829],[-46.205975,-3.922363],[-46.205797,-3.921828],[-46.205357,-3.921265],[-46.20484,-3.919873],[-46.204313,-3.919341],[-46.204201,-3.918891],[-46.204756,-3.917607],[-46.204281,-3.916073],[-46.204379,-3.915914],[-46.204808,-3.915871],[-46.205017,-3.91532],[-46.204799,-3.914697],[-46.205261,-3.914244],[-46.205209,-3.913993],[-46.204687,-3.913738],[-46.204679,-3.913236],[-46.205272,-3.912284],[-46.204679,-3.91145],[-46.204555,-3.910876],[-46.204851,-3.908859],[-46.205359,-3.907321],[-46.205712,-3.906635],[-46.206696,-3.905989],[-46.206843,-3.905537],[-46.20682,-3.905318],[-46.205724,-3.904223],[-46.205762,-3.902952],[-46.204873,-3.902691],[-46.204751,-3.902373],[-46.204872,-3.90116],[-46.204433,-3.900305],[-46.204746,-3.899308],[-46.204684,-3.898801],[-46.20413,-3.896883],[-46.204207,-3.895777],[-46.20382,-3.894437],[-46.203878,-3.893199],[-46.203463,-3.892242],[-46.203307,-3.889779],[-46.203458,-3.888505],[-46.203382,-3.887865],[-46.204021,-3.886059],[-46.203406,-3.884252],[-46.203616,-3.882609],[-46.203307,-3.881568],[-46.20407,-3.880046],[-46.203152,-3.879095],[-46.203256,-3.878603],[-46.203913,-3.87804],[-46.203494,-3.876911],[-46.203661,-3.876106],[-46.203487,-3.875432],[-46.203615,-3.874322],[-46.202801,-3.873181],[-46.201527,-3.872961],[-46.199545,-3.871977],[-46.197281,-3.869612],[-46.197168,-3.867654],[-46.197409,-3.867399],[-46.198202,-3.867479],[-46.198464,-3.867231],[-46.19742,-3.865935],[-46.196168,-3.863833],[-46.195856,-3.862843],[-46.195669,-3.860564],[-46.195959,-3.859999],[-46.196608,-3.859443],[-46.196623,-3.858006],[-46.196111,-3.857018],[-46.194213,-3.854806],[-46.193691,-3.854385],[-46.192987,-3.854291],[-46.191827,-3.854881],[-46.191524,-3.854915],[-46.191193,-3.854711],[-46.190681,-3.853047],[-46.190683,-3.852417],[-46.189361,-3.850927],[-46.189363,-3.850125],[-46.189924,-3.848949],[-46.18982,-3.848673],[-46.189133,-3.848241],[-46.188965,-3.847915],[-46.189014,-3.847366],[-46.189349,-3.846783],[-46.189245,-3.846479],[-46.188424,-3.845742],[-46.187948,-3.844933],[-46.187431,-3.84465],[-46.18641,-3.844911],[-46.185075,-3.845536],[-46.183693,-3.845459],[-46.183314,-3.845269],[-46.182973,-3.844811],[-46.183274,-3.840265],[-46.182332,-3.839305],[-46.182005,-3.838549],[-46.182619,-3.837239],[-46.182619,-3.836953],[-46.18216,-3.836576],[-46.180959,-3.836835],[-46.180567,-3.836494],[-46.180645,-3.836027],[-46.180989,-3.835589],[-46.182583,-3.834752],[-46.182475,-3.834138],[-46.181839,-3.833553],[-46.181714,-3.833235],[-46.181875,-3.832966],[-46.182486,-3.832755],[-46.182735,-3.832433],[-46.181743,-3.829763],[-46.181256,-3.829727],[-46.180954,-3.829901],[-46.18057,-3.830726],[-46.18017,-3.830776],[-46.179996,-3.830574],[-46.180015,-3.829376],[-46.180879,-3.828539],[-46.181137,-3.827848],[-46.180963,-3.827533],[-46.179918,-3.827032],[-46.179768,-3.826579],[-46.179975,-3.826273],[-46.180959,-3.82561],[-46.181197,-3.824914],[-46.181052,-3.824213],[-46.180308,-3.822981],[-46.179682,-3.82126],[-46.180129,-3.819014],[-46.179581,-3.817315],[-46.17934,-3.815865],[-46.178195,-3.814999],[-46.177164,-3.814609],[-46.176446,-3.81464],[-46.175469,-3.815223],[-46.174647,-3.81507],[-46.174109,-3.814484],[-46.173606,-3.813045],[-46.17316,-3.812729],[-46.171874,-3.812401],[-46.171038,-3.812847],[-46.170522,-3.8127],[-46.17033,-3.811886],[-46.17061,-3.810225],[-46.17032,-3.809951],[-46.169605,-3.809866],[-46.16981,-3.809109],[-46.169703,-3.808916],[-46.16885,-3.808868],[-46.168633,-3.808578],[-46.168695,-3.808119],[-46.169203,-3.807386],[-46.169042,-3.806252],[-46.169304,-3.80492],[-46.168897,-3.804491],[-46.168012,-3.804394],[-46.167688,-3.804199],[-46.167604,-3.803036],[-46.166645,-3.801453],[-46.16616,-3.79956],[-46.164379,-3.797124],[-46.163091,-3.794851],[-46.163025,-3.791646],[-46.163398,-3.790818],[-46.163713,-3.79058],[-46.164504,-3.790552],[-46.165665,-3.791413],[-46.166033,-3.79136],[-46.166253,-3.790906],[-46.166281,-3.79036],[-46.165977,-3.789826],[-46.165941,-3.789385],[-46.166811,-3.787814],[-46.166288,-3.786376],[-46.165451,-3.785065],[-46.16512,-3.783883],[-46.162353,-3.782034],[-46.161884,-3.781326],[-46.16155,-3.779823],[-46.159091,-3.77795],[-46.158209,-3.777672],[-46.156586,-3.778236],[-46.156123,-3.778086],[-46.156112,-3.777597],[-46.156628,-3.776749],[-46.156884,-3.775813],[-46.157615,-3.774658],[-46.157488,-3.774169],[-46.15555,-3.773519],[-46.154572,-3.773395],[-46.154169,-3.772881],[-46.154093,-3.771834],[-46.153175,-3.770959],[-46.15239,-3.769868],[-46.150675,-3.768995],[-46.149551,-3.769071],[-46.149166,-3.768905],[-46.14889,-3.768265],[-46.149364,-3.767629],[-46.148203,-3.766395],[-46.14701,-3.765743],[-46.146593,-3.765672],[-46.146343,-3.766151],[-46.146413,-3.767101],[-46.145198,-3.767804],[-46.144176,-3.767113],[-46.143361,-3.766207],[-46.142241,-3.766155],[-46.142156,-3.765765],[-46.142521,-3.764798],[-46.142237,-3.764379],[-46.140462,-3.764094],[-46.13901,-3.764183],[-46.13728,-3.762061],[-46.137297,-3.761286],[-46.137818,-3.760252],[-46.137885,-3.759757],[-46.137694,-3.759428],[-46.136871,-3.759112],[-46.136417,-3.758022],[-46.136255,-3.756711],[-46.135553,-3.755704],[-46.135219,-3.755565],[-46.134771,-3.755663],[-46.1343,-3.756237],[-46.133911,-3.756307],[-46.131659,-3.755393],[-46.131613,-3.754585],[-46.131391,-3.754026],[-46.130275,-3.753244],[-46.130018,-3.752885],[-46.129927,-3.751309],[-46.129709,-3.75077],[-46.129154,-3.750325],[-46.12775,-3.749991],[-46.127342,-3.748253],[-46.125792,-3.74821],[-46.124195,-3.747351],[-46.123014,-3.747424],[-46.122615,-3.747038],[-46.122235,-3.746376],[-46.120933,-3.742912],[-46.120097,-3.742127],[-46.1195,-3.741123],[-46.11943,-3.738672],[-46.119237,-3.738232],[-46.117493,-3.737683],[-46.113045,-3.735798],[-46.112087,-3.735812],[-46.111213,-3.736733],[-46.110729,-3.736562],[-46.110315,-3.736197],[-46.110025,-3.735779],[-46.10993,-3.7353],[-46.110237,-3.734025],[-46.110001,-3.73356],[-46.108865,-3.732416],[-46.106877,-3.731606],[-46.105892,-3.729449],[-46.105305,-3.728718],[-46.104604,-3.728436],[-46.103561,-3.728571],[-46.103273,-3.728225],[-46.102326,-3.725875],[-46.102377,-3.723627],[-46.102664,-3.722885],[-46.103947,-3.721911],[-46.104182,-3.720698],[-46.103698,-3.719893],[-46.102276,-3.718977],[-46.101551,-3.717535],[-46.101342,-3.717429],[-46.100827,-3.717518],[-46.098251,-3.718376],[-46.095574,-3.718797],[-46.094663,-3.719301],[-46.093513,-3.720584],[-46.089831,-3.72103],[-46.088535,-3.720959],[-46.08605,-3.72123],[-46.084705,-3.721086],[-46.084463,-3.72086],[-46.083914,-3.718113],[-46.082834,-3.716761],[-46.082663,-3.715097],[-46.081331,-3.714659],[-46.080393,-3.714473],[-46.079021,-3.714542],[-46.078507,-3.715418],[-46.078175,-3.715692],[-46.077076,-3.716232],[-46.076076,-3.716458],[-46.075018,-3.716246],[-46.072679,-3.71506],[-46.071953,-3.715057],[-46.071584,-3.715349],[-46.07138,-3.715881],[-46.07181,-3.716874],[-46.071665,-3.717308],[-46.071015,-3.717462],[-46.069727,-3.716856],[-46.068322,-3.71737],[-46.067727,-3.716914],[-46.065936,-3.71479],[-46.064852,-3.714517],[-46.064286,-3.714174],[-46.063107,-3.712083],[-46.061929,-3.709521],[-46.061892,-3.707638],[-46.060918,-3.706219],[-46.061057,-3.705642],[-46.061513,-3.705058],[-46.06152,-3.704799],[-46.061261,-3.704536],[-46.060403,-3.704365],[-46.059144,-3.703463],[-46.057641,-3.703146],[-46.055349,-3.701872],[-46.054317,-3.701628],[-46.053521,-3.701807],[-46.052105,-3.702803],[-46.050419,-3.703095],[-46.049704,-3.702555],[-46.049511,-3.702128],[-46.049525,-3.701011],[-46.049022,-3.700683],[-46.046467,-3.701778],[-46.04627,-3.702268],[-46.046323,-3.703104],[-46.046137,-3.703564],[-46.045719,-3.70342],[-46.045115,-3.702779],[-46.044631,-3.701805],[-46.04411,-3.701276],[-46.043412,-3.701187],[-46.042208,-3.700718],[-46.04142,-3.700688],[-46.040034,-3.701221],[-46.038377,-3.701345],[-46.038001,-3.701575],[-46.037384,-3.702523],[-46.037056,-3.702706],[-46.035027,-3.702312],[-46.034345,-3.702371],[-46.033361,-3.70277],[-46.032347,-3.703646],[-46.029843,-3.704409],[-46.029438,-3.704365],[-46.027435,-3.702143],[-46.024757,-3.701537],[-46.023304,-3.702464],[-46.022034,-3.702274],[-46.019009,-3.703234],[-46.017823,-3.704244],[-46.017353,-3.705901],[-46.016422,-3.705981],[-46.015386,-3.705638],[-46.013554,-3.70593],[-46.01316,-3.705627],[-46.01332,-3.704624],[-46.013203,-3.70416],[-46.012904,-3.704098],[-46.012525,-3.704405],[-46.01216,-3.704471],[-46.011528,-3.704197],[-46.011193,-3.703668],[-46.011109,-3.70311],[-46.01155,-3.701933],[-46.011434,-3.701132],[-46.011193,-3.701022],[-46.010576,-3.701135],[-46.01008,-3.701756],[-46.009817,-3.702741],[-46.00943,-3.702814],[-46.008905,-3.701905],[-46.008861,-3.70123],[-46.008492,-3.700763],[-46.007704,-3.700537],[-46.005697,-3.700785],[-46.00508,-3.700427],[-46.003949,-3.697037],[-46.003176,-3.696614],[-46.002044,-3.696556],[-46.001628,-3.695968],[-46.001661,-3.695673],[-46.00234,-3.694863],[-46.002169,-3.694456],[-46.000769,-3.694248],[-45.999935,-3.693512],[-45.998116,-3.693868],[-45.997689,-3.693562],[-45.997259,-3.692303],[-45.997001,-3.692193],[-45.99662,-3.692281],[-45.996018,-3.692772],[-45.995387,-3.692731],[-45.993889,-3.691109],[-45.993648,-3.690215],[-45.994077,-3.689728],[-45.995305,-3.689382],[-45.995748,-3.689039],[-45.995782,-3.68855],[-45.995355,-3.686952],[-45.995869,-3.685339],[-45.995627,-3.684267],[-45.995021,-3.683887],[-45.994627,-3.68386],[-45.993642,-3.68415],[-45.991528,-3.683093],[-45.990905,-3.683409],[-45.989652,-3.684674],[-45.98912,-3.68488],[-45.988331,-3.684712],[-45.988076,-3.684501],[-45.987229,-3.682939],[-45.983004,-3.682548],[-45.980482,-3.683544],[-45.97811,-3.684836],[-45.976694,-3.685311],[-45.975523,-3.686033],[-45.974476,-3.687613],[-45.972797,-3.68865],[-45.971213,-3.690722],[-45.971159,-3.691806],[-45.971523,-3.692561],[-45.972684,-3.692605],[-45.972928,-3.692802],[-45.972764,-3.693463],[-45.97195,-3.694572],[-45.970949,-3.695361],[-45.968429,-3.695726],[-45.964247,-3.697101],[-45.963065,-3.697809],[-45.960269,-3.700132],[-45.958879,-3.700094],[-45.958044,-3.699867],[-45.957599,-3.699393],[-45.956978,-3.69751],[-45.956701,-3.69713],[-45.956029,-3.696984],[-45.955613,-3.697123],[-45.954847,-3.697707],[-45.953511,-3.699217],[-45.952446,-3.702509],[-45.952088,-3.703129],[-45.949738,-3.705647],[-45.948811,-3.706063],[-45.948133,-3.706136],[-45.947468,-3.706092],[-45.945717,-3.70553],[-45.944206,-3.70572],[-45.943578,-3.705647],[-45.941608,-3.704618],[-45.940404,-3.70437],[-45.939222,-3.703509],[-45.939105,-3.702969],[-45.939499,-3.702093],[-45.940988,-3.701075],[-45.940878,-3.70033],[-45.940389,-3.699871],[-45.940097,-3.699739],[-45.938068,-3.699878],[-45.93655,-3.699732],[-45.934405,-3.700673],[-45.933989,-3.700637],[-45.933135,-3.700075],[-45.932405,-3.697659],[-45.931894,-3.697214],[-45.930128,-3.696769],[-45.927501,-3.694499],[-45.924475,-3.692242],[-45.923867,-3.692082],[-45.922426,-3.692117],[-45.9191,-3.692519],[-45.918013,-3.692213],[-45.915604,-3.691177],[-45.913561,-3.690932],[-45.912368,-3.690385],[-45.911773,-3.689688],[-45.910547,-3.687163],[-45.907226,-3.683908],[-45.906204,-3.68266],[-45.905204,-3.679551],[-45.904277,-3.677481],[-45.90377,-3.676836],[-45.903219,-3.676376],[-45.901752,-3.675887],[-45.901289,-3.675588],[-45.899618,-3.673373],[-45.89884,-3.672741],[-45.897315,-3.672606],[-45.895728,-3.671946],[-45.895341,-3.670632],[-45.895454,-3.668917],[-45.895169,-3.66772],[-45.893305,-3.665615],[-45.892451,-3.662929],[-45.8921,-3.662662],[-45.89171,-3.662677],[-45.890473,-3.663502],[-45.888641,-3.665169],[-45.887889,-3.665226],[-45.886972,-3.664631],[-45.887287,-3.663292],[-45.888961,-3.66249],[-45.889412,-3.661839],[-45.889436,-3.661173],[-45.889198,-3.660687],[-45.888112,-3.659847],[-45.885104,-3.659257],[-45.882805,-3.658308],[-45.882031,-3.658089],[-45.881564,-3.658155],[-45.876222,-3.660388],[-45.873835,-3.66087],[-45.868208,-3.662607],[-45.864873,-3.663213],[-45.862684,-3.662957],[-45.858991,-3.661753],[-45.857283,-3.662082],[-45.856203,-3.662549],[-45.855378,-3.662315],[-45.854568,-3.661753],[-45.853676,-3.659769],[-45.853043,-3.659031],[-45.852517,-3.658958],[-45.850685,-3.659885],[-45.850153,-3.659943],[-45.848547,-3.659659],[-45.846502,-3.658283],[-45.845168,-3.658126],[-45.84435,-3.658308],[-45.843577,-3.658746],[-45.842803,-3.659702],[-45.842504,-3.660826],[-45.842931,-3.662589],[-45.843026,-3.663815],[-45.842756,-3.664289],[-45.841946,-3.664727],[-45.841479,-3.664866],[-45.841063,-3.664786],[-45.839968,-3.663399],[-45.837532,-3.661228],[-45.836487,-3.66002],[-45.834815,-3.657794],[-45.834144,-3.65648],[-45.834253,-3.655232],[-45.834626,-3.654393],[-45.836012,-3.652765],[-45.836122,-3.651999],[-45.835655,-3.650853],[-45.83429,-3.648875],[-45.833808,-3.648511],[-45.833356,-3.648394],[-45.83202,-3.648824],[-45.831013,-3.648299],[-45.830546,-3.647635],[-45.829364,-3.644577],[-45.828882,-3.643927],[-45.827233,-3.642559],[-45.820489,-3.639508],[-45.819409,-3.639129],[-45.816416,-3.638501],[-45.814993,-3.63764],[-45.813509,-3.636318],[-45.811747,-3.635949],[-45.809906,-3.635669],[-45.8069,-3.635509],[-45.805024,-3.635713],[-45.804367,-3.6361],[-45.803798,-3.636698],[-45.802725,-3.638545],[-45.802054,-3.639092],[-45.801411,-3.639253],[-45.799966,-3.638764],[-45.796558,-3.638618],[-45.794646,-3.637976],[-45.793901,-3.637246],[-45.793278,-3.636337],[-45.790273,-3.636423],[-45.788473,-3.636894],[-45.787728,-3.63731],[-45.785349,-3.640361],[-45.784218,-3.641441],[-45.782707,-3.642112],[-45.781656,-3.642309],[-45.780196,-3.642127],[-45.779342,-3.641696],[-45.777489,-3.640346],[-45.776321,-3.639806],[-45.775292,-3.639981],[-45.773387,-3.640813],[-45.77284,-3.640894],[-45.772081,-3.640813],[-45.770894,-3.640132],[-45.768877,-3.639708],[-45.768381,-3.639751],[-45.767028,-3.641087],[-45.765394,-3.644584],[-45.765126,-3.644841],[-45.764086,-3.644696],[-45.761686,-3.64304],[-45.760567,-3.64271],[-45.757462,-3.642704],[-45.756147,-3.642889],[-45.753725,-3.644002],[-45.753154,-3.644125],[-45.751057,-3.643616],[-45.748271,-3.641188],[-45.747292,-3.640534],[-45.745563,-3.639974],[-45.744898,-3.640052],[-45.743975,-3.640494],[-45.742889,-3.641803],[-45.742285,-3.642245],[-45.741267,-3.642257],[-45.740853,-3.641994],[-45.740389,-3.641093],[-45.740618,-3.639521],[-45.74012,-3.638251],[-45.739673,-3.63777],[-45.739225,-3.637591],[-45.737071,-3.637529],[-45.735952,-3.637255],[-45.734347,-3.636069],[-45.733318,-3.635532],[-45.732506,-3.635353],[-45.728665,-3.63629],[-45.724533,-3.636164],[-45.721811,-3.637058],[-45.721075,-3.637154],[-45.719666,-3.637188],[-45.718189,-3.636597],[-45.717361,-3.636509],[-45.716911,-3.636772],[-45.715918,-3.637791],[-45.715436,-3.638877],[-45.715008,-3.639383],[-45.713508,-3.64039],[-45.712461,-3.640417],[-45.71051,-3.639938],[-45.709243,-3.639982],[-45.708364,-3.640257],[-45.706162,-3.641643],[-45.705071,-3.641773],[-45.703047,-3.640887],[-45.702271,-3.640232],[-45.70195,-3.639804],[-45.70121,-3.63711],[-45.700288,-3.636885],[-45.698194,-3.637102],[-45.697251,-3.636802],[-45.696816,-3.636424],[-45.696303,-3.635371],[-45.695842,-3.635032],[-45.692953,-3.633722],[-45.691394,-3.634516],[-45.689183,-3.635281],[-45.688307,-3.636017],[-45.687635,-3.636799],[-45.687362,-3.637624],[-45.687275,-3.639212],[-45.686862,-3.639862],[-45.686621,-3.639935],[-45.683208,-3.639558],[-45.682579,-3.639365],[-45.681177,-3.638393],[-45.68056,-3.637386],[-45.679534,-3.63639],[-45.676891,-3.635306],[-45.673597,-3.633672],[-45.672476,-3.633553],[-45.669449,-3.634161],[-45.668875,-3.634137],[-45.666819,-3.633755],[-45.666082,-3.632937],[-45.665506,-3.632663],[-45.663561,-3.633207],[-45.662435,-3.633228],[-45.661586,-3.632503],[-45.660159,-3.630449],[-45.659704,-3.629528],[-45.65904,-3.626885],[-45.658664,-3.626231],[-45.658219,-3.625838],[-45.654288,-3.62506],[-45.653382,-3.625126],[-45.650242,-3.62717],[-45.649903,-3.627355],[-45.649361,-3.627355],[-45.648634,-3.627044],[-45.647917,-3.626217],[-45.647059,-3.624653],[-45.646281,-3.62253],[-45.645449,-3.621586],[-45.644998,-3.621426],[-45.644192,-3.621487],[-45.643284,-3.621988],[-45.643027,-3.622501],[-45.643441,-3.623779],[-45.643482,-3.625506],[-45.643308,-3.625869],[-45.642793,-3.62621],[-45.641872,-3.626058],[-45.660899,-3.745659],[-45.666024,-3.74562],[-45.670253,-3.746637],[-45.672623,-3.749524],[-45.674741,-3.755389],[-45.678292,-3.757933],[-45.678551,-3.762439],[-45.682161,-3.766914],[-45.683405,-3.770989],[-45.683467,-3.777938],[-45.684259,-3.781903],[-45.685727,-3.784511],[-45.685785,-3.788308],[-45.687929,-3.790008],[-45.690862,-3.790458],[-45.695262,-3.794082],[-45.697464,-3.797878],[-45.699045,-3.799576],[-45.704347,-3.802858],[-45.710944,-3.804043],[-45.715568,-3.804606],[-45.718163,-3.807777],[-45.718278,-3.809478],[-45.72544,-3.811683],[-45.730177,-3.811904],[-45.733898,-3.812356],[-45.736322,-3.81309],[-45.739704,-3.813087],[-45.741623,-3.813651],[-45.74354,-3.813424],[-45.744892,-3.812403],[-45.745624,-3.812345],[-45.74619,-3.814044],[-45.749349,-3.816423],[-45.750027,-3.817103],[-45.750476,-3.816082],[-45.750924,-3.811322],[-45.749511,-3.807525],[-45.748043,-3.804807],[-45.749394,-3.802652],[-45.749731,-3.799817],[-45.749558,-3.796359],[-45.751022,-3.794205],[-45.756999,-3.792046],[-45.765057,-3.792491],[-45.765831,-3.794223],[-45.7664,-3.794185],[-45.766274,-3.795137],[-45.766597,-3.79565],[-45.768303,-3.796362],[-45.769017,-3.797279],[-45.770705,-3.798631],[-45.770312,-3.803936],[-45.76874,-3.809265],[-45.769531,-3.813003],[-45.768911,-3.814083],[-45.7688,-3.815329],[-45.770719,-3.81748],[-45.772301,-3.82122],[-45.772415,-3.823145],[-45.774953,-3.824561],[-45.777325,-3.827394],[-45.780484,-3.829771],[-45.783192,-3.831467],[-45.785394,-3.833109],[-45.786746,-3.833109],[-45.789335,-3.829477],[-45.791813,-3.827208],[-45.796042,-3.827148],[-45.799424,-3.8259],[-45.802353,-3.822609],[-45.803027,-3.82136],[-45.80455,-3.821758],[-45.805906,-3.823343],[-45.806358,-3.825268],[-45.80726,-3.825155],[-45.808949,-3.823792],[-45.808836,-3.823],[-45.807538,-3.822604],[-45.809343,-3.819315],[-45.817122,-3.819987],[-45.818925,-3.820438],[-45.823041,-3.819133],[-45.826761,-3.819127],[-45.829805,-3.818333],[-45.833526,-3.817762],[-45.836288,-3.816682],[-45.838994,-3.81668],[-45.84283,-3.817583],[-45.844971,-3.817863],[-45.843008,-3.819816],[-45.843904,-3.823297],[-45.84149,-3.827313],[-45.843688,-3.831377],[-45.846314,-3.834907],[-45.842753,-3.838976],[-45.841787,-3.846309],[-45.84269,-3.849829],[-45.844837,-3.853907],[-45.846137,-3.857023],[-45.84434,-3.860651],[-45.847161,-3.865524],[-45.847558,-3.867959],[-45.846208,-3.871247],[-45.844971,-3.87329],[-45.845647,-3.874083],[-45.847169,-3.874479],[-45.847059,-3.876633],[-45.846384,-3.878673],[-45.846386,-3.88003],[-45.848345,-3.882355],[-45.848636,-3.883781],[-45.849865,-3.884262],[-45.851425,-3.885341],[-45.852378,-3.88698],[-45.853229,-3.887421],[-45.854269,-3.887169],[-45.855357,-3.886315],[-45.858062,-3.885746],[-45.860827,-3.886933],[-45.862971,-3.887384],[-45.865001,-3.888629],[-45.868609,-3.888285],[-45.87188,-3.888735],[-45.875775,-3.892525],[-45.877352,-3.891394],[-45.879154,-3.889804],[-45.879831,-3.890029],[-45.880452,-3.891217],[-45.88158,-3.890878],[-45.882821,-3.89099],[-45.884628,-3.893935],[-45.888349,-3.894838],[-45.891452,-3.895233],[-45.89382,-3.896022],[-45.894838,-3.897494],[-45.898447,-3.899758],[-45.901441,-3.903551],[-45.904494,-3.911711],[-45.905118,-3.914258],[-45.902978,-3.917208],[-45.903318,-3.918795],[-45.906027,-3.920264],[-45.906479,-3.922758],[-45.908004,-3.924513],[-45.908794,-3.9261],[-45.908687,-3.929614],[-45.909814,-3.930293],[-45.909702,-3.931652],[-45.907167,-3.933866],[-45.905368,-3.938062],[-45.910557,-3.939404],[-45.911854,-3.939357],[-45.912758,-3.94151],[-45.92043,-3.945129],[-45.923194,-3.945295],[-45.927939,-3.951977],[-45.93218,-3.953852],[-45.944812,-3.963575],[-45.950848,-3.966798],[-45.955586,-3.968608],[-45.961564,-3.969055],[-45.967374,-3.97035],[-45.971663,-3.973631],[-45.97426,-3.976576],[-45.979172,-3.9815],[-45.98425,-3.984328],[-45.992712,-3.987379],[-45.997056,-3.988675],[-46.000554,-3.990373],[-46.016889,-3.995113],[-46.029804,-3.995945],[-46.042719,-3.997688],[-46.050447,-4.0],[-46.082945,-4.022704],[-46.085819,-4.021964],[-46.087965,-4.023323],[-46.088754,-4.024],[-46.086843,-4.027516],[-46.086172,-4.031938],[-46.08702,-4.033353],[-46.089388,-4.033123],[-46.093225,-4.034704],[-46.273788,-4.301691],[-46.276899,-4.299922],[-46.279202,-4.297669],[-46.280286,-4.295688],[-46.281026,-4.291593],[-46.283097,-4.288343],[-46.285194,-4.28623],[-46.286755,-4.285478],[-46.287502,-4.284451],[-46.289159,-4.2808],[-46.290175,-4.27957],[-46.2914,-4.279499],[-46.292007,-4.278817],[-46.291937,-4.277589],[-46.292712,-4.273868],[-46.293391,-4.272299],[-46.29522,-4.270181],[-46.295555,-4.268066],[-46.295586,-4.265917],[-46.296528,-4.260524],[-46.297736,-4.251517],[-46.298377,-4.249573],[-46.299393,-4.24766]]]}},{"type":"Feature","properties":{"CD_MUN":"2108504","NM_MUN":"Pindaré-Mirim"},"geometry":{"type":"Polygon","coordinates":[[[-45.48413,-3.813545],[-45.490826,-3.824324],[-45.493628,-3.827292],[-45.528324,-3.851886],[-45.530848,-3.834969],[-45.528385,-3.794035],[-45.527636,-3.792464],[-45.527234,-3.791106],[-45.527059,-3.78943],[-45.527835,-3.787421],[-45.528638,-3.786227],[-45.531371,-3.780099],[-45.531828,-3.778363],[-45.532745,-3.776416],[-45.535249,-3.726096],[-45.534064,-3.715633],[-45.538426,-3.709234],[-45.538045,-3.706513],[-45.537918,-3.703156],[-45.537336,-3.701203],[-45.530251,-3.700348],[-45.526106,-3.700349],[-45.521754,-3.700118],[-45.520761,-3.699417],[-45.519764,-3.69942],[-45.518524,-3.700201],[-45.51583,-3.700982],[-45.514921,-3.701532],[-45.514089,-3.701607],[-45.510323,-3.704732],[-45.505925,-3.697005],[-45.499274,-3.698157],[-45.49834,-3.697973],[-45.496608,-3.696385],[-45.49522,-3.694685],[-45.494885,-3.693626],[-45.49499,-3.691753],[-45.494565,-3.689696],[-45.49405,-3.688648],[-45.492945,-3.687419],[-45.491481,-3.687002],[-45.484189,-3.685843],[-45.483801,-3.685614],[-45.482572,-3.683989],[-45.481251,-3.683008],[-45.480202,-3.682589],[-45.478743,-3.682388],[-45.476894,-3.681561],[-45.475499,-3.680322],[-45.475255,-3.679752],[-45.473625,-3.678529],[-45.473152,-3.677846],[-45.472516,-3.67501],[-45.472651,-3.674335],[-45.472936,-3.673992],[-45.475012,-3.673259],[-45.475785,-3.67212],[-45.477578,-3.670646],[-45.478715,-3.670279],[-45.479754,-3.670587],[-45.480202,-3.670567],[-45.480712,-3.670243],[-45.481062,-3.669127],[-45.480878,-3.668558],[-45.480574,-3.668396],[-45.480125,-3.668375],[-45.478781,-3.668779],[-45.478191,-3.668434],[-45.477033,-3.666585],[-45.474674,-3.664594],[-45.47392,-3.663755],[-45.471928,-3.663213],[-45.466993,-3.659352],[-45.465598,-3.658614],[-45.462759,-3.657529],[-45.461997,-3.656912],[-45.461536,-3.656284],[-45.461328,-3.65523],[-45.461555,-3.654268],[-45.462562,-3.653314],[-45.464779,-3.651816],[-45.466117,-3.648885],[-45.466537,-3.647462],[-45.466257,-3.646711],[-45.465344,-3.646029],[-45.463301,-3.646178],[-45.46132,-3.646928],[-45.461044,-3.64689],[-45.460735,-3.646458],[-45.461534,-3.645142],[-45.46129,-3.643154],[-45.461503,-3.642075],[-45.463025,-3.640031],[-45.463602,-3.638713],[-45.463733,-3.637805],[-45.463595,-3.636978],[-45.463182,-3.636207],[-45.460968,-3.633239],[-45.46014,-3.63281],[-45.458393,-3.633011],[-45.456986,-3.632512],[-45.455489,-3.630375],[-45.4546,-3.629679],[-45.452886,-3.629408],[-45.449776,-3.629625],[-45.448404,-3.62928],[-45.447335,-3.628105],[-45.446174,-3.625306],[-45.445642,-3.624604],[-45.445019,-3.624204],[-45.443164,-3.623668],[-45.441761,-3.621989],[-45.440267,-3.621063],[-45.43975,-3.62093],[-45.436897,-3.620895],[-45.436324,-3.620698],[-45.435462,-3.619583],[-45.434887,-3.618516],[-45.434182,-3.618048],[-45.432954,-3.618066],[-45.432369,-3.618261],[-45.431453,-3.619018],[-45.429907,-3.621526],[-45.429422,-3.623984],[-45.42896,-3.624844],[-45.428116,-3.625212],[-45.426715,-3.625376],[-45.425195,-3.626558],[-45.424555,-3.626745],[-45.423532,-3.626694],[-45.422497,-3.626154],[-45.4212,-3.624958],[-45.419935,-3.624264],[-45.41917,-3.6234],[-45.418855,-3.622522],[-45.419484,-3.619942],[-45.419679,-3.61777],[-45.419548,-3.617147],[-45.418611,-3.616188],[-45.417407,-3.614164],[-45.416165,-3.61308],[-45.415209,-3.612618],[-45.412261,-3.612059],[-45.407724,-3.610043],[-45.406678,-3.609157],[-45.40574,-3.607946],[-45.405028,-3.607402],[-45.40467,-3.607315],[-45.404297,-3.607314],[-45.403749,-3.607662],[-45.403474,-3.608038],[-45.402806,-3.609802],[-45.40195,-3.610517],[-45.400146,-3.611066],[-45.399554,-3.611042],[-45.398726,-3.610735],[-45.398267,-3.610099],[-45.397878,-3.608995],[-45.397178,-3.607759],[-45.395036,-3.605544],[-45.394892,-3.605075],[-45.394968,-3.604708],[-45.395554,-3.604434],[-45.397127,-3.604375],[-45.398381,-3.604101],[-45.401943,-3.602861],[-45.404342,-3.601791],[-45.405313,-3.601734],[-45.40669,-3.602295],[-45.407522,-3.602366],[-45.408096,-3.601848],[-45.40826,-3.601003],[-45.407933,-3.60024],[-45.405756,-3.598311],[-45.405055,-3.598059],[-45.404176,-3.598099],[-45.400402,-3.597251],[-45.399312,-3.5969],[-45.398616,-3.596408],[-45.398514,-3.596009],[-45.398632,-3.5957],[-45.398925,-3.5955],[-45.401127,-3.595313],[-45.401727,-3.594894],[-45.401887,-3.594514],[-45.401698,-3.593645],[-45.400546,-3.592206],[-45.400296,-3.591279],[-45.400441,-3.590417],[-45.401531,-3.589564],[-45.401709,-3.589181],[-45.401594,-3.588277],[-45.399703,-3.586459],[-45.39915,-3.585197],[-45.399062,-3.584326],[-45.401915,-3.579937],[-45.403438,-3.578064],[-45.404292,-3.576455],[-45.403815,-3.575422],[-45.401836,-3.574518],[-45.400056,-3.574221],[-45.397757,-3.57408],[-45.396961,-3.573732],[-45.396671,-3.573415],[-45.396519,-3.572862],[-45.396631,-3.571523],[-45.396451,-3.570819],[-45.396202,-3.570542],[-45.39551,-3.570251],[-45.39295,-3.56983],[-45.392063,-3.569313],[-45.391902,-3.568461],[-45.392307,-3.566547],[-45.39234,-3.56473],[-45.391924,-3.562054],[-45.391521,-3.561089],[-45.391005,-3.560479],[-45.39049,-3.560286],[-45.38978,-3.560271],[-45.388845,-3.560608],[-45.38752,-3.563019],[-45.387084,-3.564547],[-45.387099,-3.565497],[-45.389066,-3.567494],[-45.389565,-3.56846],[-45.389188,-3.569962],[-45.388527,-3.571145],[-45.387068,-3.572696],[-45.385474,-3.573781],[-45.383333,-3.574364],[-45.382244,-3.574363],[-45.381779,-3.574129],[-45.381211,-3.573121],[-45.380802,-3.572752],[-45.379168,-3.571702],[-45.3786,-3.571507],[-45.376481,-3.57135],[-45.375836,-3.5717],[-45.375699,-3.572088],[-45.375757,-3.572671],[-45.376251,-3.573603],[-45.376491,-3.574527],[-45.376169,-3.575681],[-45.375376,-3.577133],[-45.374122,-3.578568],[-45.373386,-3.579097],[-45.372964,-3.57922],[-45.372172,-3.579153],[-45.370826,-3.577832],[-45.370075,-3.577397],[-45.36929,-3.577212],[-45.368306,-3.577314],[-45.366169,-3.577827],[-45.364247,-3.578509],[-45.363607,-3.578556],[-45.362418,-3.578008],[-45.361549,-3.57695],[-45.360927,-3.576443],[-45.359876,-3.576163],[-45.355594,-3.577212],[-45.353375,-3.578608],[-45.352823,-3.579261],[-45.350778,-3.582881],[-45.347242,-3.586396],[-45.345794,-3.588797],[-45.345613,-3.589512],[-45.345696,-3.590833],[-45.346631,-3.592286],[-45.347316,-3.592809],[-45.347486,-3.593458],[-45.347229,-3.594044],[-45.345677,-3.595367],[-45.345374,-3.596064],[-45.345399,-3.597303],[-45.345921,-3.599556],[-45.345851,-3.601706],[-45.345404,-3.603162],[-45.344738,-3.603604],[-45.343299,-3.603366],[-45.337069,-3.601765],[-45.334704,-3.601552],[-45.328278,-3.601475],[-45.326565,-3.601802],[-45.324349,-3.602709],[-45.323651,-3.602803],[-45.32304,-3.602583],[-45.321626,-3.6014],[-45.320079,-3.5999],[-45.31767,-3.596967],[-45.316374,-3.59614],[-45.313787,-3.595609],[-45.311462,-3.595783],[-45.310402,-3.595334],[-45.309117,-3.594468],[-45.308578,-3.593886],[-45.307921,-3.592572],[-45.307396,-3.591049],[-45.306884,-3.588162],[-45.306066,-3.587359],[-45.304727,-3.587259],[-45.303892,-3.586842],[-45.303727,-3.58605],[-45.303994,-3.585109],[-45.303868,-3.583812],[-45.303475,-3.583473],[-45.303048,-3.583455],[-45.302515,-3.583703],[-45.300653,-3.585281],[-45.300208,-3.58537],[-45.299795,-3.58521],[-45.299418,-3.584838],[-45.298776,-3.583665],[-45.298367,-3.580232],[-45.298352,-3.579201],[-45.298908,-3.57851],[-45.300065,-3.578511],[-45.301434,-3.578759],[-45.303075,-3.578656],[-45.306531,-3.577594],[-45.307546,-3.576917],[-45.307885,-3.576506],[-45.308082,-3.575631],[-45.307834,-3.57469],[-45.306524,-3.573401],[-45.305501,-3.571673],[-45.305462,-3.570721],[-45.306455,-3.567934],[-45.306311,-3.566944],[-45.305743,-3.566008],[-45.304651,-3.564773],[-45.302259,-3.563759],[-45.300118,-3.562527],[-45.297577,-3.561725],[-45.296332,-3.561714],[-45.294956,-3.562128],[-45.294229,-3.562112],[-45.293002,-3.561176],[-45.291493,-3.559323],[-45.290918,-3.559083],[-45.290274,-3.559188],[-45.289731,-3.559984],[-45.289348,-3.561586],[-45.289198,-3.56272],[-45.289374,-3.563276],[-45.290032,-3.563484],[-45.291525,-3.563549],[-45.293142,-3.564049],[-45.294852,-3.565149],[-45.29606,-3.566124],[-45.297237,-3.567526],[-45.297511,-3.56828],[-45.297356,-3.569431],[-45.295322,-3.57341],[-45.294317,-3.574754],[-45.29196,-3.576013],[-45.289926,-3.577607],[-45.289225,-3.577847],[-45.288549,-3.577568],[-45.28715,-3.575686],[-45.285057,-3.574199],[-45.28437,-3.573407],[-45.28439,-3.572099],[-45.285221,-3.570161],[-45.28518,-3.569457],[-45.28489,-3.569043],[-45.283549,-3.568736],[-45.282709,-3.568846],[-45.281637,-3.56985],[-45.280345,-3.570681],[-45.280353,-3.571109],[-45.281092,-3.571529],[-45.281293,-3.571537],[-45.281689,-3.570891],[-45.28216,-3.571219],[-45.282286,-3.57158],[-45.282126,-3.571815],[-45.281764,-3.571806],[-45.281469,-3.57205],[-45.281444,-3.572369],[-45.28189,-3.572579],[-45.281915,-3.572747],[-45.28162,-3.572823],[-45.281442,-3.573118],[-45.281156,-3.573041],[-45.28036,-3.572326],[-45.280091,-3.57246],[-45.280049,-3.572787],[-45.280426,-3.574003],[-45.279898,-3.574842],[-45.279939,-3.575238],[-45.28041,-3.57545],[-45.281513,-3.575276],[-45.281601,-3.575451],[-45.280741,-3.576002],[-45.28054,-3.576342],[-45.280732,-3.577669],[-45.280241,-3.577532],[-45.279962,-3.577776],[-45.280305,-3.57872],[-45.28109,-3.578866],[-45.281206,-3.579161],[-45.280989,-3.57937],[-45.280297,-3.579282],[-45.28003,-3.580009],[-45.280326,-3.580074],[-45.281545,-3.57981],[-45.281645,-3.580107],[-45.281471,-3.580584],[-45.282168,-3.580509],[-45.28251,-3.580662],[-45.283069,-3.581542],[-45.283113,-3.581812],[-45.282479,-3.582044],[-45.281991,-3.582544],[-45.282009,-3.583059],[-45.282219,-3.58341],[-45.281996,-3.583995],[-45.28212,-3.584169],[-45.28288,-3.584014],[-45.283365,-3.584387],[-45.283317,-3.584584],[-45.282765,-3.584697],[-45.282676,-3.585685],[-45.283392,-3.5858],[-45.28352,-3.586539],[-45.283119,-3.587139],[-45.283176,-3.587511],[-45.282837,-3.588111],[-45.282745,-3.589072],[-45.281619,-3.589156],[-45.281643,-3.58864],[-45.281308,-3.588256],[-45.280503,-3.588648],[-45.279489,-3.588365],[-45.278859,-3.588402],[-45.278339,-3.588763],[-45.277883,-3.589396],[-45.277905,-3.590323],[-45.278275,-3.592121],[-45.279054,-3.594469],[-45.279715,-3.597178],[-45.280679,-3.598924],[-45.282728,-3.600069],[-45.285442,-3.601214],[-45.288155,-3.601698],[-45.291351,-3.603024],[-45.295088,-3.605495],[-45.29728,-3.607472],[-45.301156,-3.612748],[-45.302641,-3.615386],[-45.303381,-3.61893],[-45.303709,-3.621567],[-45.303922,-3.627327],[-45.303879,-3.629131],[-45.303457,-3.630893],[-45.303287,-3.633913],[-45.303706,-3.635424],[-45.30463,-3.636767],[-45.30568,-3.637648],[-45.307529,-3.637901],[-45.311985,-3.637905],[-45.316525,-3.637237],[-45.318332,-3.637532],[-45.318466,-3.637712],[-45.320866,-3.636261],[-45.321788,-3.636188],[-45.322854,-3.635791],[-45.324629,-3.634252],[-45.327681,-3.634053],[-45.329138,-3.634177],[-45.331551,-3.63358],[-45.339044,-3.633912],[-45.340465,-3.63525],[-45.340962,-3.638525],[-45.34462,-3.640666],[-45.346896,-3.640593],[-45.353945,-3.639398],[-45.357934,-3.639595],[-45.360135,-3.638988],[-45.371707,-3.632025],[-45.373056,-3.63236],[-45.378629,-3.630612],[-45.382039,-3.630275],[-45.383708,-3.631016],[-45.383777,-3.632592],[-45.383567,-3.63496],[-45.384349,-3.637837],[-45.386162,-3.640513],[-45.387013,-3.641519],[-45.388646,-3.642459],[-45.390138,-3.642855],[-45.392519,-3.644121],[-45.393583,-3.645198],[-45.395712,-3.644327],[-45.396246,-3.645124],[-45.396459,-3.646327],[-45.398377,-3.647403],[-45.400437,-3.649139],[-45.401006,-3.650008],[-45.402178,-3.649871],[-45.403386,-3.65054],[-45.404024,-3.651878],[-45.404167,-3.653019],[-45.405091,-3.654294],[-45.406085,-3.654891],[-45.407827,-3.657169],[-45.408343,-3.657638],[-45.414732,-3.698863],[-45.416396,-3.707327],[-45.420442,-3.715545],[-45.4236,-3.722475],[-45.42725,-3.728812],[-45.432873,-3.736633],[-45.437707,-3.744057],[-45.439482,-3.746235],[-45.441159,-3.749304],[-45.447072,-3.75746],[-45.450188,-3.762616],[-45.454701,-3.768395],[-45.466436,-3.786037],[-45.470895,-3.793548],[-45.475255,-3.799953],[-45.48413,-3.813545]]]}}]}